/*--------------------------------*- C++ -*----------------------------------*\
| =========                 |                                                 |
| \\      /  F ield         | OpenFOAM: The Open Source CFD Toolbox           |
|  \\    /   O peration     | Version:  2412                                  |
|   \\  /    A nd           | Website:  www.openfoam.com                      |
|    \\/     M anipulation  |                                                 |
\*---------------------------------------------------------------------------*/
FoamFile
{
    version     2.0;
    format      ascii;
    arch        "LSB;label=32;scalar=64";
    class       vectorField;
    location    "constant/polyMesh";
    object      points;
}
// * * * * * * * * * * * * * * * * * * * * * * * * * * * * * * * * * * * * * //


14762
(
(-5e-05 0 -0.004)
(5e-05 0 -0.004)
(-5e-05 6.666666667e-05 -0.004)
(5e-05 6.666666667e-05 -0.004)
(-5e-05 0.0001333333333 -0.004)
(5e-05 0.0001333333333 -0.004)
(-5e-05 0.0002 -0.004)
(5e-05 0.0002 -0.004)
(-5e-05 0.0002666666667 -0.004)
(5e-05 0.0002666666667 -0.004)
(-5e-05 0.0003333333333 -0.004)
(5e-05 0.0003333333333 -0.004)
(-5e-05 0.0004 -0.004)
(5e-05 0.0004 -0.004)
(-5e-05 0.0004666666667 -0.004)
(5e-05 0.0004666666667 -0.004)
(-5e-05 0.0005333333333 -0.004)
(5e-05 0.0005333333333 -0.004)
(-5e-05 0.0006 -0.004)
(5e-05 0.0006 -0.004)
(-5e-05 0.0006666666667 -0.004)
(5e-05 0.0006666666667 -0.004)
(-5e-05 0.0007333333333 -0.004)
(5e-05 0.0007333333333 -0.004)
(-5e-05 0.0008 -0.004)
(5e-05 0.0008 -0.004)
(-5e-05 0.0008666666667 -0.004)
(5e-05 0.0008666666667 -0.004)
(-5e-05 0.0009333333333 -0.004)
(5e-05 0.0009333333333 -0.004)
(-5e-05 0.001 -0.004)
(5e-05 0.001 -0.004)
(-5e-05 0.001066666667 -0.004)
(5e-05 0.001066666667 -0.004)
(-5e-05 0.001133333333 -0.004)
(5e-05 0.001133333333 -0.004)
(-5e-05 0.0012 -0.004)
(5e-05 0.0012 -0.004)
(-5e-05 0.001266666667 -0.004)
(5e-05 0.001266666667 -0.004)
(-5e-05 0.001333333333 -0.004)
(5e-05 0.001333333333 -0.004)
(-5e-05 0.0014 -0.004)
(5e-05 0.0014 -0.004)
(-5e-05 0.001466666667 -0.004)
(5e-05 0.001466666667 -0.004)
(-5e-05 0.001533333333 -0.004)
(5e-05 0.001533333333 -0.004)
(-5e-05 0.0016 -0.004)
(5e-05 0.0016 -0.004)
(-5e-05 0.001666666667 -0.004)
(5e-05 0.001666666667 -0.004)
(-5e-05 0.001733333333 -0.004)
(5e-05 0.001733333333 -0.004)
(-5e-05 0.0018 -0.004)
(5e-05 0.0018 -0.004)
(-5e-05 0.001866666667 -0.004)
(5e-05 0.001866666667 -0.004)
(-5e-05 0.001933333333 -0.004)
(5e-05 0.001933333333 -0.004)
(-5e-05 0.002 -0.004)
(5e-05 0.002 -0.004)
(-5e-05 0.002066666667 -0.004)
(5e-05 0.002066666667 -0.004)
(-5e-05 0.002133333333 -0.004)
(5e-05 0.002133333333 -0.004)
(-5e-05 0.0022 -0.004)
(5e-05 0.0022 -0.004)
(-5e-05 0.002266666667 -0.004)
(5e-05 0.002266666667 -0.004)
(-5e-05 0.002333333333 -0.004)
(5e-05 0.002333333333 -0.004)
(-5e-05 0.0024 -0.004)
(5e-05 0.0024 -0.004)
(-5e-05 0.002466666667 -0.004)
(5e-05 0.002466666667 -0.004)
(-5e-05 0.002533333333 -0.004)
(5e-05 0.002533333333 -0.004)
(-5e-05 0.0026 -0.004)
(5e-05 0.0026 -0.004)
(-5e-05 0.002666666667 -0.004)
(5e-05 0.002666666667 -0.004)
(-5e-05 0.002733333333 -0.004)
(5e-05 0.002733333333 -0.004)
(-5e-05 0.0028 -0.004)
(5e-05 0.0028 -0.004)
(-5e-05 0.002866666667 -0.004)
(5e-05 0.002866666667 -0.004)
(-5e-05 0.002933333333 -0.004)
(5e-05 0.002933333333 -0.004)
(-5e-05 0.003 -0.004)
(5e-05 0.003 -0.004)
(-5e-05 0.003066666667 -0.004)
(5e-05 0.003066666667 -0.004)
(-5e-05 0.003133333333 -0.004)
(5e-05 0.003133333333 -0.004)
(-5e-05 0.0032 -0.004)
(5e-05 0.0032 -0.004)
(-5e-05 0.003266666667 -0.004)
(5e-05 0.003266666667 -0.004)
(-5e-05 0.003333333333 -0.004)
(5e-05 0.003333333333 -0.004)
(-5e-05 0.0034 -0.004)
(5e-05 0.0034 -0.004)
(-5e-05 0.003466666667 -0.004)
(5e-05 0.003466666667 -0.004)
(-5e-05 0.003533333333 -0.004)
(5e-05 0.003533333333 -0.004)
(-5e-05 0.0036 -0.004)
(5e-05 0.0036 -0.004)
(-5e-05 0.003666666667 -0.004)
(5e-05 0.003666666667 -0.004)
(-5e-05 0.003733333333 -0.004)
(5e-05 0.003733333333 -0.004)
(-5e-05 0.0038 -0.004)
(5e-05 0.0038 -0.004)
(-5e-05 0.003866666667 -0.004)
(5e-05 0.003866666667 -0.004)
(-5e-05 0.003933333333 -0.004)
(5e-05 0.003933333333 -0.004)
(-5e-05 0.004 -0.004)
(5e-05 0.004 -0.004)
(-5e-05 0 -0.003933333333)
(5e-05 0 -0.003933333333)
(-5e-05 6.666666667e-05 -0.003933333333)
(5e-05 6.666666667e-05 -0.003933333333)
(-5e-05 0.0001333333333 -0.003933333333)
(5e-05 0.0001333333333 -0.003933333333)
(-5e-05 0.0002 -0.003933333333)
(5e-05 0.0002 -0.003933333333)
(-5e-05 0.0002666666667 -0.003933333333)
(5e-05 0.0002666666667 -0.003933333333)
(-5e-05 0.0003333333333 -0.003933333333)
(5e-05 0.0003333333333 -0.003933333333)
(-5e-05 0.0004 -0.003933333333)
(5e-05 0.0004 -0.003933333333)
(-5e-05 0.0004666666667 -0.003933333333)
(5e-05 0.0004666666667 -0.003933333333)
(-5e-05 0.0005333333333 -0.003933333333)
(5e-05 0.0005333333333 -0.003933333333)
(-5e-05 0.0006 -0.003933333333)
(5e-05 0.0006 -0.003933333333)
(-5e-05 0.0006666666667 -0.003933333333)
(5e-05 0.0006666666667 -0.003933333333)
(-5e-05 0.0007333333333 -0.003933333333)
(5e-05 0.0007333333333 -0.003933333333)
(-5e-05 0.0008 -0.003933333333)
(5e-05 0.0008 -0.003933333333)
(-5e-05 0.0008666666667 -0.003933333333)
(5e-05 0.0008666666667 -0.003933333333)
(-5e-05 0.0009333333333 -0.003933333333)
(5e-05 0.0009333333333 -0.003933333333)
(-5e-05 0.001 -0.003933333333)
(5e-05 0.001 -0.003933333333)
(-5e-05 0.001066666667 -0.003933333333)
(5e-05 0.001066666667 -0.003933333333)
(-5e-05 0.001133333333 -0.003933333333)
(5e-05 0.001133333333 -0.003933333333)
(-5e-05 0.0012 -0.003933333333)
(5e-05 0.0012 -0.003933333333)
(-5e-05 0.001266666667 -0.003933333333)
(5e-05 0.001266666667 -0.003933333333)
(-5e-05 0.001333333333 -0.003933333333)
(5e-05 0.001333333333 -0.003933333333)
(-5e-05 0.0014 -0.003933333333)
(5e-05 0.0014 -0.003933333333)
(-5e-05 0.001466666667 -0.003933333333)
(5e-05 0.001466666667 -0.003933333333)
(-5e-05 0.001533333333 -0.003933333333)
(5e-05 0.001533333333 -0.003933333333)
(-5e-05 0.0016 -0.003933333333)
(5e-05 0.0016 -0.003933333333)
(-5e-05 0.001666666667 -0.003933333333)
(5e-05 0.001666666667 -0.003933333333)
(-5e-05 0.001733333333 -0.003933333333)
(5e-05 0.001733333333 -0.003933333333)
(-5e-05 0.0018 -0.003933333333)
(5e-05 0.0018 -0.003933333333)
(-5e-05 0.001866666667 -0.003933333333)
(5e-05 0.001866666667 -0.003933333333)
(-5e-05 0.001933333333 -0.003933333333)
(5e-05 0.001933333333 -0.003933333333)
(-5e-05 0.002 -0.003933333333)
(5e-05 0.002 -0.003933333333)
(-5e-05 0.002066666667 -0.003933333333)
(5e-05 0.002066666667 -0.003933333333)
(-5e-05 0.002133333333 -0.003933333333)
(5e-05 0.002133333333 -0.003933333333)
(-5e-05 0.0022 -0.003933333333)
(5e-05 0.0022 -0.003933333333)
(-5e-05 0.002266666667 -0.003933333333)
(5e-05 0.002266666667 -0.003933333333)
(-5e-05 0.002333333333 -0.003933333333)
(5e-05 0.002333333333 -0.003933333333)
(-5e-05 0.0024 -0.003933333333)
(5e-05 0.0024 -0.003933333333)
(-5e-05 0.002466666667 -0.003933333333)
(5e-05 0.002466666667 -0.003933333333)
(-5e-05 0.002533333333 -0.003933333333)
(5e-05 0.002533333333 -0.003933333333)
(-5e-05 0.0026 -0.003933333333)
(5e-05 0.0026 -0.003933333333)
(-5e-05 0.002666666667 -0.003933333333)
(5e-05 0.002666666667 -0.003933333333)
(-5e-05 0.002733333333 -0.003933333333)
(5e-05 0.002733333333 -0.003933333333)
(-5e-05 0.0028 -0.003933333333)
(5e-05 0.0028 -0.003933333333)
(-5e-05 0.002866666667 -0.003933333333)
(5e-05 0.002866666667 -0.003933333333)
(-5e-05 0.002933333333 -0.003933333333)
(5e-05 0.002933333333 -0.003933333333)
(-5e-05 0.003 -0.003933333333)
(5e-05 0.003 -0.003933333333)
(-5e-05 0.003066666667 -0.003933333333)
(5e-05 0.003066666667 -0.003933333333)
(-5e-05 0.003133333333 -0.003933333333)
(5e-05 0.003133333333 -0.003933333333)
(-5e-05 0.0032 -0.003933333333)
(5e-05 0.0032 -0.003933333333)
(-5e-05 0.003266666667 -0.003933333333)
(5e-05 0.003266666667 -0.003933333333)
(-5e-05 0.003333333333 -0.003933333333)
(5e-05 0.003333333333 -0.003933333333)
(-5e-05 0.0034 -0.003933333333)
(5e-05 0.0034 -0.003933333333)
(-5e-05 0.003466666667 -0.003933333333)
(5e-05 0.003466666667 -0.003933333333)
(-5e-05 0.003533333333 -0.003933333333)
(5e-05 0.003533333333 -0.003933333333)
(-5e-05 0.0036 -0.003933333333)
(5e-05 0.0036 -0.003933333333)
(-5e-05 0.003666666667 -0.003933333333)
(5e-05 0.003666666667 -0.003933333333)
(-5e-05 0.003733333333 -0.003933333333)
(5e-05 0.003733333333 -0.003933333333)
(-5e-05 0.0038 -0.003933333333)
(5e-05 0.0038 -0.003933333333)
(-5e-05 0.003866666667 -0.003933333333)
(5e-05 0.003866666667 -0.003933333333)
(-5e-05 0.003933333333 -0.003933333333)
(5e-05 0.003933333333 -0.003933333333)
(-5e-05 0.004 -0.003933333333)
(5e-05 0.004 -0.003933333333)
(-5e-05 0 -0.003866666667)
(5e-05 0 -0.003866666667)
(-5e-05 6.666666667e-05 -0.003866666667)
(5e-05 6.666666667e-05 -0.003866666667)
(-5e-05 0.0001333333333 -0.003866666667)
(5e-05 0.0001333333333 -0.003866666667)
(-5e-05 0.0002 -0.003866666667)
(5e-05 0.0002 -0.003866666667)
(-5e-05 0.0002666666667 -0.003866666667)
(5e-05 0.0002666666667 -0.003866666667)
(-5e-05 0.0003333333333 -0.003866666667)
(5e-05 0.0003333333333 -0.003866666667)
(-5e-05 0.0004 -0.003866666667)
(5e-05 0.0004 -0.003866666667)
(-5e-05 0.0004666666667 -0.003866666667)
(5e-05 0.0004666666667 -0.003866666667)
(-5e-05 0.0005333333333 -0.003866666667)
(5e-05 0.0005333333333 -0.003866666667)
(-5e-05 0.0006 -0.003866666667)
(5e-05 0.0006 -0.003866666667)
(-5e-05 0.0006666666667 -0.003866666667)
(5e-05 0.0006666666667 -0.003866666667)
(-5e-05 0.0007333333333 -0.003866666667)
(5e-05 0.0007333333333 -0.003866666667)
(-5e-05 0.0008 -0.003866666667)
(5e-05 0.0008 -0.003866666667)
(-5e-05 0.0008666666667 -0.003866666667)
(5e-05 0.0008666666667 -0.003866666667)
(-5e-05 0.0009333333333 -0.003866666667)
(5e-05 0.0009333333333 -0.003866666667)
(-5e-05 0.001 -0.003866666667)
(5e-05 0.001 -0.003866666667)
(-5e-05 0.001066666667 -0.003866666667)
(5e-05 0.001066666667 -0.003866666667)
(-5e-05 0.001133333333 -0.003866666667)
(5e-05 0.001133333333 -0.003866666667)
(-5e-05 0.0012 -0.003866666667)
(5e-05 0.0012 -0.003866666667)
(-5e-05 0.001266666667 -0.003866666667)
(5e-05 0.001266666667 -0.003866666667)
(-5e-05 0.001333333333 -0.003866666667)
(5e-05 0.001333333333 -0.003866666667)
(-5e-05 0.0014 -0.003866666667)
(5e-05 0.0014 -0.003866666667)
(-5e-05 0.001466666667 -0.003866666667)
(5e-05 0.001466666667 -0.003866666667)
(-5e-05 0.001533333333 -0.003866666667)
(5e-05 0.001533333333 -0.003866666667)
(-5e-05 0.0016 -0.003866666667)
(5e-05 0.0016 -0.003866666667)
(-5e-05 0.001666666667 -0.003866666667)
(5e-05 0.001666666667 -0.003866666667)
(-5e-05 0.001733333333 -0.003866666667)
(5e-05 0.001733333333 -0.003866666667)
(-5e-05 0.0018 -0.003866666667)
(5e-05 0.0018 -0.003866666667)
(-5e-05 0.001866666667 -0.003866666667)
(5e-05 0.001866666667 -0.003866666667)
(-5e-05 0.001933333333 -0.003866666667)
(5e-05 0.001933333333 -0.003866666667)
(-5e-05 0.002 -0.003866666667)
(5e-05 0.002 -0.003866666667)
(-5e-05 0.002066666667 -0.003866666667)
(5e-05 0.002066666667 -0.003866666667)
(-5e-05 0.002133333333 -0.003866666667)
(5e-05 0.002133333333 -0.003866666667)
(-5e-05 0.0022 -0.003866666667)
(5e-05 0.0022 -0.003866666667)
(-5e-05 0.002266666667 -0.003866666667)
(5e-05 0.002266666667 -0.003866666667)
(-5e-05 0.002333333333 -0.003866666667)
(5e-05 0.002333333333 -0.003866666667)
(-5e-05 0.0024 -0.003866666667)
(5e-05 0.0024 -0.003866666667)
(-5e-05 0.002466666667 -0.003866666667)
(5e-05 0.002466666667 -0.003866666667)
(-5e-05 0.002533333333 -0.003866666667)
(5e-05 0.002533333333 -0.003866666667)
(-5e-05 0.0026 -0.003866666667)
(5e-05 0.0026 -0.003866666667)
(-5e-05 0.002666666667 -0.003866666667)
(5e-05 0.002666666667 -0.003866666667)
(-5e-05 0.002733333333 -0.003866666667)
(5e-05 0.002733333333 -0.003866666667)
(-5e-05 0.0028 -0.003866666667)
(5e-05 0.0028 -0.003866666667)
(-5e-05 0.002866666667 -0.003866666667)
(5e-05 0.002866666667 -0.003866666667)
(-5e-05 0.002933333333 -0.003866666667)
(5e-05 0.002933333333 -0.003866666667)
(-5e-05 0.003 -0.003866666667)
(5e-05 0.003 -0.003866666667)
(-5e-05 0.003066666667 -0.003866666667)
(5e-05 0.003066666667 -0.003866666667)
(-5e-05 0.003133333333 -0.003866666667)
(5e-05 0.003133333333 -0.003866666667)
(-5e-05 0.0032 -0.003866666667)
(5e-05 0.0032 -0.003866666667)
(-5e-05 0.003266666667 -0.003866666667)
(5e-05 0.003266666667 -0.003866666667)
(-5e-05 0.003333333333 -0.003866666667)
(5e-05 0.003333333333 -0.003866666667)
(-5e-05 0.0034 -0.003866666667)
(5e-05 0.0034 -0.003866666667)
(-5e-05 0.003466666667 -0.003866666667)
(5e-05 0.003466666667 -0.003866666667)
(-5e-05 0.003533333333 -0.003866666667)
(5e-05 0.003533333333 -0.003866666667)
(-5e-05 0.0036 -0.003866666667)
(5e-05 0.0036 -0.003866666667)
(-5e-05 0.003666666667 -0.003866666667)
(5e-05 0.003666666667 -0.003866666667)
(-5e-05 0.003733333333 -0.003866666667)
(5e-05 0.003733333333 -0.003866666667)
(-5e-05 0.0038 -0.003866666667)
(5e-05 0.0038 -0.003866666667)
(-5e-05 0.003866666667 -0.003866666667)
(5e-05 0.003866666667 -0.003866666667)
(-5e-05 0.003933333333 -0.003866666667)
(5e-05 0.003933333333 -0.003866666667)
(-5e-05 0.004 -0.003866666667)
(5e-05 0.004 -0.003866666667)
(-5e-05 0 -0.0038)
(5e-05 0 -0.0038)
(-5e-05 6.666666667e-05 -0.0038)
(5e-05 6.666666667e-05 -0.0038)
(-5e-05 0.0001333333333 -0.0038)
(5e-05 0.0001333333333 -0.0038)
(-5e-05 0.0002 -0.0038)
(5e-05 0.0002 -0.0038)
(-5e-05 0.0002666666667 -0.0038)
(5e-05 0.0002666666667 -0.0038)
(-5e-05 0.0003333333333 -0.0038)
(5e-05 0.0003333333333 -0.0038)
(-5e-05 0.0004 -0.0038)
(5e-05 0.0004 -0.0038)
(-5e-05 0.0004666666667 -0.0038)
(5e-05 0.0004666666667 -0.0038)
(-5e-05 0.0005333333333 -0.0038)
(5e-05 0.0005333333333 -0.0038)
(-5e-05 0.0006 -0.0038)
(5e-05 0.0006 -0.0038)
(-5e-05 0.0006666666667 -0.0038)
(5e-05 0.0006666666667 -0.0038)
(-5e-05 0.0007333333333 -0.0038)
(5e-05 0.0007333333333 -0.0038)
(-5e-05 0.0008 -0.0038)
(5e-05 0.0008 -0.0038)
(-5e-05 0.0008666666667 -0.0038)
(5e-05 0.0008666666667 -0.0038)
(-5e-05 0.0009333333333 -0.0038)
(5e-05 0.0009333333333 -0.0038)
(-5e-05 0.001 -0.0038)
(5e-05 0.001 -0.0038)
(-5e-05 0.001066666667 -0.0038)
(5e-05 0.001066666667 -0.0038)
(-5e-05 0.001133333333 -0.0038)
(5e-05 0.001133333333 -0.0038)
(-5e-05 0.0012 -0.0038)
(5e-05 0.0012 -0.0038)
(-5e-05 0.001266666667 -0.0038)
(5e-05 0.001266666667 -0.0038)
(-5e-05 0.001333333333 -0.0038)
(5e-05 0.001333333333 -0.0038)
(-5e-05 0.0014 -0.0038)
(5e-05 0.0014 -0.0038)
(-5e-05 0.001466666667 -0.0038)
(5e-05 0.001466666667 -0.0038)
(-5e-05 0.001533333333 -0.0038)
(5e-05 0.001533333333 -0.0038)
(-5e-05 0.0016 -0.0038)
(5e-05 0.0016 -0.0038)
(-5e-05 0.001666666667 -0.0038)
(5e-05 0.001666666667 -0.0038)
(-5e-05 0.001733333333 -0.0038)
(5e-05 0.001733333333 -0.0038)
(-5e-05 0.0018 -0.0038)
(5e-05 0.0018 -0.0038)
(-5e-05 0.001866666667 -0.0038)
(5e-05 0.001866666667 -0.0038)
(-5e-05 0.001933333333 -0.0038)
(5e-05 0.001933333333 -0.0038)
(-5e-05 0.002 -0.0038)
(5e-05 0.002 -0.0038)
(-5e-05 0.002066666667 -0.0038)
(5e-05 0.002066666667 -0.0038)
(-5e-05 0.002133333333 -0.0038)
(5e-05 0.002133333333 -0.0038)
(-5e-05 0.0022 -0.0038)
(5e-05 0.0022 -0.0038)
(-5e-05 0.002266666667 -0.0038)
(5e-05 0.002266666667 -0.0038)
(-5e-05 0.002333333333 -0.0038)
(5e-05 0.002333333333 -0.0038)
(-5e-05 0.0024 -0.0038)
(5e-05 0.0024 -0.0038)
(-5e-05 0.002466666667 -0.0038)
(5e-05 0.002466666667 -0.0038)
(-5e-05 0.002533333333 -0.0038)
(5e-05 0.002533333333 -0.0038)
(-5e-05 0.0026 -0.0038)
(5e-05 0.0026 -0.0038)
(-5e-05 0.002666666667 -0.0038)
(5e-05 0.002666666667 -0.0038)
(-5e-05 0.002733333333 -0.0038)
(5e-05 0.002733333333 -0.0038)
(-5e-05 0.0028 -0.0038)
(5e-05 0.0028 -0.0038)
(-5e-05 0.002866666667 -0.0038)
(5e-05 0.002866666667 -0.0038)
(-5e-05 0.002933333333 -0.0038)
(5e-05 0.002933333333 -0.0038)
(-5e-05 0.003 -0.0038)
(5e-05 0.003 -0.0038)
(-5e-05 0.003066666667 -0.0038)
(5e-05 0.003066666667 -0.0038)
(-5e-05 0.003133333333 -0.0038)
(5e-05 0.003133333333 -0.0038)
(-5e-05 0.0032 -0.0038)
(5e-05 0.0032 -0.0038)
(-5e-05 0.003266666667 -0.0038)
(5e-05 0.003266666667 -0.0038)
(-5e-05 0.003333333333 -0.0038)
(5e-05 0.003333333333 -0.0038)
(-5e-05 0.0034 -0.0038)
(5e-05 0.0034 -0.0038)
(-5e-05 0.003466666667 -0.0038)
(5e-05 0.003466666667 -0.0038)
(-5e-05 0.003533333333 -0.0038)
(5e-05 0.003533333333 -0.0038)
(-5e-05 0.0036 -0.0038)
(5e-05 0.0036 -0.0038)
(-5e-05 0.003666666667 -0.0038)
(5e-05 0.003666666667 -0.0038)
(-5e-05 0.003733333333 -0.0038)
(5e-05 0.003733333333 -0.0038)
(-5e-05 0.0038 -0.0038)
(5e-05 0.0038 -0.0038)
(-5e-05 0.003866666667 -0.0038)
(5e-05 0.003866666667 -0.0038)
(-5e-05 0.003933333333 -0.0038)
(5e-05 0.003933333333 -0.0038)
(-5e-05 0.004 -0.0038)
(5e-05 0.004 -0.0038)
(-5e-05 0 -0.003733333333)
(5e-05 0 -0.003733333333)
(-5e-05 6.666666667e-05 -0.003733333333)
(5e-05 6.666666667e-05 -0.003733333333)
(-5e-05 0.0001333333333 -0.003733333333)
(5e-05 0.0001333333333 -0.003733333333)
(-5e-05 0.0002 -0.003733333333)
(5e-05 0.0002 -0.003733333333)
(-5e-05 0.0002666666667 -0.003733333333)
(5e-05 0.0002666666667 -0.003733333333)
(-5e-05 0.0003333333333 -0.003733333333)
(5e-05 0.0003333333333 -0.003733333333)
(-5e-05 0.0004 -0.003733333333)
(5e-05 0.0004 -0.003733333333)
(-5e-05 0.0004666666667 -0.003733333333)
(5e-05 0.0004666666667 -0.003733333333)
(-5e-05 0.0005333333333 -0.003733333333)
(5e-05 0.0005333333333 -0.003733333333)
(-5e-05 0.0006 -0.003733333333)
(5e-05 0.0006 -0.003733333333)
(-5e-05 0.0006666666667 -0.003733333333)
(5e-05 0.0006666666667 -0.003733333333)
(-5e-05 0.0007333333333 -0.003733333333)
(5e-05 0.0007333333333 -0.003733333333)
(-5e-05 0.0008 -0.003733333333)
(5e-05 0.0008 -0.003733333333)
(-5e-05 0.0008666666667 -0.003733333333)
(5e-05 0.0008666666667 -0.003733333333)
(-5e-05 0.0009333333333 -0.003733333333)
(5e-05 0.0009333333333 -0.003733333333)
(-5e-05 0.001 -0.003733333333)
(5e-05 0.001 -0.003733333333)
(-5e-05 0.001066666667 -0.003733333333)
(5e-05 0.001066666667 -0.003733333333)
(-5e-05 0.001133333333 -0.003733333333)
(5e-05 0.001133333333 -0.003733333333)
(-5e-05 0.0012 -0.003733333333)
(5e-05 0.0012 -0.003733333333)
(-5e-05 0.001266666667 -0.003733333333)
(5e-05 0.001266666667 -0.003733333333)
(-5e-05 0.001333333333 -0.003733333333)
(5e-05 0.001333333333 -0.003733333333)
(-5e-05 0.0014 -0.003733333333)
(5e-05 0.0014 -0.003733333333)
(-5e-05 0.001466666667 -0.003733333333)
(5e-05 0.001466666667 -0.003733333333)
(-5e-05 0.001533333333 -0.003733333333)
(5e-05 0.001533333333 -0.003733333333)
(-5e-05 0.0016 -0.003733333333)
(5e-05 0.0016 -0.003733333333)
(-5e-05 0.001666666667 -0.003733333333)
(5e-05 0.001666666667 -0.003733333333)
(-5e-05 0.001733333333 -0.003733333333)
(5e-05 0.001733333333 -0.003733333333)
(-5e-05 0.0018 -0.003733333333)
(5e-05 0.0018 -0.003733333333)
(-5e-05 0.001866666667 -0.003733333333)
(5e-05 0.001866666667 -0.003733333333)
(-5e-05 0.001933333333 -0.003733333333)
(5e-05 0.001933333333 -0.003733333333)
(-5e-05 0.002 -0.003733333333)
(5e-05 0.002 -0.003733333333)
(-5e-05 0.002066666667 -0.003733333333)
(5e-05 0.002066666667 -0.003733333333)
(-5e-05 0.002133333333 -0.003733333333)
(5e-05 0.002133333333 -0.003733333333)
(-5e-05 0.0022 -0.003733333333)
(5e-05 0.0022 -0.003733333333)
(-5e-05 0.002266666667 -0.003733333333)
(5e-05 0.002266666667 -0.003733333333)
(-5e-05 0.002333333333 -0.003733333333)
(5e-05 0.002333333333 -0.003733333333)
(-5e-05 0.0024 -0.003733333333)
(5e-05 0.0024 -0.003733333333)
(-5e-05 0.002466666667 -0.003733333333)
(5e-05 0.002466666667 -0.003733333333)
(-5e-05 0.002533333333 -0.003733333333)
(5e-05 0.002533333333 -0.003733333333)
(-5e-05 0.0026 -0.003733333333)
(5e-05 0.0026 -0.003733333333)
(-5e-05 0.002666666667 -0.003733333333)
(5e-05 0.002666666667 -0.003733333333)
(-5e-05 0.002733333333 -0.003733333333)
(5e-05 0.002733333333 -0.003733333333)
(-5e-05 0.0028 -0.003733333333)
(5e-05 0.0028 -0.003733333333)
(-5e-05 0.002866666667 -0.003733333333)
(5e-05 0.002866666667 -0.003733333333)
(-5e-05 0.002933333333 -0.003733333333)
(5e-05 0.002933333333 -0.003733333333)
(-5e-05 0.003 -0.003733333333)
(5e-05 0.003 -0.003733333333)
(-5e-05 0.003066666667 -0.003733333333)
(5e-05 0.003066666667 -0.003733333333)
(-5e-05 0.003133333333 -0.003733333333)
(5e-05 0.003133333333 -0.003733333333)
(-5e-05 0.0032 -0.003733333333)
(5e-05 0.0032 -0.003733333333)
(-5e-05 0.003266666667 -0.003733333333)
(5e-05 0.003266666667 -0.003733333333)
(-5e-05 0.003333333333 -0.003733333333)
(5e-05 0.003333333333 -0.003733333333)
(-5e-05 0.0034 -0.003733333333)
(5e-05 0.0034 -0.003733333333)
(-5e-05 0.003466666667 -0.003733333333)
(5e-05 0.003466666667 -0.003733333333)
(-5e-05 0.003533333333 -0.003733333333)
(5e-05 0.003533333333 -0.003733333333)
(-5e-05 0.0036 -0.003733333333)
(5e-05 0.0036 -0.003733333333)
(-5e-05 0.003666666667 -0.003733333333)
(5e-05 0.003666666667 -0.003733333333)
(-5e-05 0.003733333333 -0.003733333333)
(5e-05 0.003733333333 -0.003733333333)
(-5e-05 0.0038 -0.003733333333)
(5e-05 0.0038 -0.003733333333)
(-5e-05 0.003866666667 -0.003733333333)
(5e-05 0.003866666667 -0.003733333333)
(-5e-05 0.003933333333 -0.003733333333)
(5e-05 0.003933333333 -0.003733333333)
(-5e-05 0.004 -0.003733333333)
(5e-05 0.004 -0.003733333333)
(-5e-05 0 -0.003666666667)
(5e-05 0 -0.003666666667)
(-5e-05 6.666666667e-05 -0.003666666667)
(5e-05 6.666666667e-05 -0.003666666667)
(-5e-05 0.0001333333333 -0.003666666667)
(5e-05 0.0001333333333 -0.003666666667)
(-5e-05 0.0002 -0.003666666667)
(5e-05 0.0002 -0.003666666667)
(-5e-05 0.0002666666667 -0.003666666667)
(5e-05 0.0002666666667 -0.003666666667)
(-5e-05 0.0003333333333 -0.003666666667)
(5e-05 0.0003333333333 -0.003666666667)
(-5e-05 0.0004 -0.003666666667)
(5e-05 0.0004 -0.003666666667)
(-5e-05 0.0004666666667 -0.003666666667)
(5e-05 0.0004666666667 -0.003666666667)
(-5e-05 0.0005333333333 -0.003666666667)
(5e-05 0.0005333333333 -0.003666666667)
(-5e-05 0.0006 -0.003666666667)
(5e-05 0.0006 -0.003666666667)
(-5e-05 0.0006666666667 -0.003666666667)
(5e-05 0.0006666666667 -0.003666666667)
(-5e-05 0.0007333333333 -0.003666666667)
(5e-05 0.0007333333333 -0.003666666667)
(-5e-05 0.0008 -0.003666666667)
(5e-05 0.0008 -0.003666666667)
(-5e-05 0.0008666666667 -0.003666666667)
(5e-05 0.0008666666667 -0.003666666667)
(-5e-05 0.0009333333333 -0.003666666667)
(5e-05 0.0009333333333 -0.003666666667)
(-5e-05 0.001 -0.003666666667)
(5e-05 0.001 -0.003666666667)
(-5e-05 0.001066666667 -0.003666666667)
(5e-05 0.001066666667 -0.003666666667)
(-5e-05 0.001133333333 -0.003666666667)
(5e-05 0.001133333333 -0.003666666667)
(-5e-05 0.0012 -0.003666666667)
(5e-05 0.0012 -0.003666666667)
(-5e-05 0.001266666667 -0.003666666667)
(5e-05 0.001266666667 -0.003666666667)
(-5e-05 0.001333333333 -0.003666666667)
(5e-05 0.001333333333 -0.003666666667)
(-5e-05 0.0014 -0.003666666667)
(5e-05 0.0014 -0.003666666667)
(-5e-05 0.001466666667 -0.003666666667)
(5e-05 0.001466666667 -0.003666666667)
(-5e-05 0.001533333333 -0.003666666667)
(5e-05 0.001533333333 -0.003666666667)
(-5e-05 0.0016 -0.003666666667)
(5e-05 0.0016 -0.003666666667)
(-5e-05 0.001666666667 -0.003666666667)
(5e-05 0.001666666667 -0.003666666667)
(-5e-05 0.001733333333 -0.003666666667)
(5e-05 0.001733333333 -0.003666666667)
(-5e-05 0.0018 -0.003666666667)
(5e-05 0.0018 -0.003666666667)
(-5e-05 0.001866666667 -0.003666666667)
(5e-05 0.001866666667 -0.003666666667)
(-5e-05 0.001933333333 -0.003666666667)
(5e-05 0.001933333333 -0.003666666667)
(-5e-05 0.002 -0.003666666667)
(5e-05 0.002 -0.003666666667)
(-5e-05 0.002066666667 -0.003666666667)
(5e-05 0.002066666667 -0.003666666667)
(-5e-05 0.002133333333 -0.003666666667)
(5e-05 0.002133333333 -0.003666666667)
(-5e-05 0.0022 -0.003666666667)
(5e-05 0.0022 -0.003666666667)
(-5e-05 0.002266666667 -0.003666666667)
(5e-05 0.002266666667 -0.003666666667)
(-5e-05 0.002333333333 -0.003666666667)
(5e-05 0.002333333333 -0.003666666667)
(-5e-05 0.0024 -0.003666666667)
(5e-05 0.0024 -0.003666666667)
(-5e-05 0.002466666667 -0.003666666667)
(5e-05 0.002466666667 -0.003666666667)
(-5e-05 0.002533333333 -0.003666666667)
(5e-05 0.002533333333 -0.003666666667)
(-5e-05 0.0026 -0.003666666667)
(5e-05 0.0026 -0.003666666667)
(-5e-05 0.002666666667 -0.003666666667)
(5e-05 0.002666666667 -0.003666666667)
(-5e-05 0.002733333333 -0.003666666667)
(5e-05 0.002733333333 -0.003666666667)
(-5e-05 0.0028 -0.003666666667)
(5e-05 0.0028 -0.003666666667)
(-5e-05 0.002866666667 -0.003666666667)
(5e-05 0.002866666667 -0.003666666667)
(-5e-05 0.002933333333 -0.003666666667)
(5e-05 0.002933333333 -0.003666666667)
(-5e-05 0.003 -0.003666666667)
(5e-05 0.003 -0.003666666667)
(-5e-05 0.003066666667 -0.003666666667)
(5e-05 0.003066666667 -0.003666666667)
(-5e-05 0.003133333333 -0.003666666667)
(5e-05 0.003133333333 -0.003666666667)
(-5e-05 0.0032 -0.003666666667)
(5e-05 0.0032 -0.003666666667)
(-5e-05 0.003266666667 -0.003666666667)
(5e-05 0.003266666667 -0.003666666667)
(-5e-05 0.003333333333 -0.003666666667)
(5e-05 0.003333333333 -0.003666666667)
(-5e-05 0.0034 -0.003666666667)
(5e-05 0.0034 -0.003666666667)
(-5e-05 0.003466666667 -0.003666666667)
(5e-05 0.003466666667 -0.003666666667)
(-5e-05 0.003533333333 -0.003666666667)
(5e-05 0.003533333333 -0.003666666667)
(-5e-05 0.0036 -0.003666666667)
(5e-05 0.0036 -0.003666666667)
(-5e-05 0.003666666667 -0.003666666667)
(5e-05 0.003666666667 -0.003666666667)
(-5e-05 0.003733333333 -0.003666666667)
(5e-05 0.003733333333 -0.003666666667)
(-5e-05 0.0038 -0.003666666667)
(5e-05 0.0038 -0.003666666667)
(-5e-05 0.003866666667 -0.003666666667)
(5e-05 0.003866666667 -0.003666666667)
(-5e-05 0.003933333333 -0.003666666667)
(5e-05 0.003933333333 -0.003666666667)
(-5e-05 0.004 -0.003666666667)
(5e-05 0.004 -0.003666666667)
(-5e-05 0 -0.0036)
(5e-05 0 -0.0036)
(-5e-05 6.666666667e-05 -0.0036)
(5e-05 6.666666667e-05 -0.0036)
(-5e-05 0.0001333333333 -0.0036)
(5e-05 0.0001333333333 -0.0036)
(-5e-05 0.0002 -0.0036)
(5e-05 0.0002 -0.0036)
(-5e-05 0.0002666666667 -0.0036)
(5e-05 0.0002666666667 -0.0036)
(-5e-05 0.0003333333333 -0.0036)
(5e-05 0.0003333333333 -0.0036)
(-5e-05 0.0004 -0.0036)
(5e-05 0.0004 -0.0036)
(-5e-05 0.0004666666667 -0.0036)
(5e-05 0.0004666666667 -0.0036)
(-5e-05 0.0005333333333 -0.0036)
(5e-05 0.0005333333333 -0.0036)
(-5e-05 0.0006 -0.0036)
(5e-05 0.0006 -0.0036)
(-5e-05 0.0006666666667 -0.0036)
(5e-05 0.0006666666667 -0.0036)
(-5e-05 0.0007333333333 -0.0036)
(5e-05 0.0007333333333 -0.0036)
(-5e-05 0.0008 -0.0036)
(5e-05 0.0008 -0.0036)
(-5e-05 0.0008666666667 -0.0036)
(5e-05 0.0008666666667 -0.0036)
(-5e-05 0.0009333333333 -0.0036)
(5e-05 0.0009333333333 -0.0036)
(-5e-05 0.001 -0.0036)
(5e-05 0.001 -0.0036)
(-5e-05 0.001066666667 -0.0036)
(5e-05 0.001066666667 -0.0036)
(-5e-05 0.001133333333 -0.0036)
(5e-05 0.001133333333 -0.0036)
(-5e-05 0.0012 -0.0036)
(5e-05 0.0012 -0.0036)
(-5e-05 0.001266666667 -0.0036)
(5e-05 0.001266666667 -0.0036)
(-5e-05 0.001333333333 -0.0036)
(5e-05 0.001333333333 -0.0036)
(-5e-05 0.0014 -0.0036)
(5e-05 0.0014 -0.0036)
(-5e-05 0.001466666667 -0.0036)
(5e-05 0.001466666667 -0.0036)
(-5e-05 0.001533333333 -0.0036)
(5e-05 0.001533333333 -0.0036)
(-5e-05 0.0016 -0.0036)
(5e-05 0.0016 -0.0036)
(-5e-05 0.001666666667 -0.0036)
(5e-05 0.001666666667 -0.0036)
(-5e-05 0.001733333333 -0.0036)
(5e-05 0.001733333333 -0.0036)
(-5e-05 0.0018 -0.0036)
(5e-05 0.0018 -0.0036)
(-5e-05 0.001866666667 -0.0036)
(5e-05 0.001866666667 -0.0036)
(-5e-05 0.001933333333 -0.0036)
(5e-05 0.001933333333 -0.0036)
(-5e-05 0.002 -0.0036)
(5e-05 0.002 -0.0036)
(-5e-05 0.002066666667 -0.0036)
(5e-05 0.002066666667 -0.0036)
(-5e-05 0.002133333333 -0.0036)
(5e-05 0.002133333333 -0.0036)
(-5e-05 0.0022 -0.0036)
(5e-05 0.0022 -0.0036)
(-5e-05 0.002266666667 -0.0036)
(5e-05 0.002266666667 -0.0036)
(-5e-05 0.002333333333 -0.0036)
(5e-05 0.002333333333 -0.0036)
(-5e-05 0.0024 -0.0036)
(5e-05 0.0024 -0.0036)
(-5e-05 0.002466666667 -0.0036)
(5e-05 0.002466666667 -0.0036)
(-5e-05 0.002533333333 -0.0036)
(5e-05 0.002533333333 -0.0036)
(-5e-05 0.0026 -0.0036)
(5e-05 0.0026 -0.0036)
(-5e-05 0.002666666667 -0.0036)
(5e-05 0.002666666667 -0.0036)
(-5e-05 0.002733333333 -0.0036)
(5e-05 0.002733333333 -0.0036)
(-5e-05 0.0028 -0.0036)
(5e-05 0.0028 -0.0036)
(-5e-05 0.002866666667 -0.0036)
(5e-05 0.002866666667 -0.0036)
(-5e-05 0.002933333333 -0.0036)
(5e-05 0.002933333333 -0.0036)
(-5e-05 0.003 -0.0036)
(5e-05 0.003 -0.0036)
(-5e-05 0.003066666667 -0.0036)
(5e-05 0.003066666667 -0.0036)
(-5e-05 0.003133333333 -0.0036)
(5e-05 0.003133333333 -0.0036)
(-5e-05 0.0032 -0.0036)
(5e-05 0.0032 -0.0036)
(-5e-05 0.003266666667 -0.0036)
(5e-05 0.003266666667 -0.0036)
(-5e-05 0.003333333333 -0.0036)
(5e-05 0.003333333333 -0.0036)
(-5e-05 0.0034 -0.0036)
(5e-05 0.0034 -0.0036)
(-5e-05 0.003466666667 -0.0036)
(5e-05 0.003466666667 -0.0036)
(-5e-05 0.003533333333 -0.0036)
(5e-05 0.003533333333 -0.0036)
(-5e-05 0.0036 -0.0036)
(5e-05 0.0036 -0.0036)
(-5e-05 0.003666666667 -0.0036)
(5e-05 0.003666666667 -0.0036)
(-5e-05 0.003733333333 -0.0036)
(5e-05 0.003733333333 -0.0036)
(-5e-05 0.0038 -0.0036)
(5e-05 0.0038 -0.0036)
(-5e-05 0.003866666667 -0.0036)
(5e-05 0.003866666667 -0.0036)
(-5e-05 0.003933333333 -0.0036)
(5e-05 0.003933333333 -0.0036)
(-5e-05 0.004 -0.0036)
(5e-05 0.004 -0.0036)
(-5e-05 0 -0.003533333333)
(5e-05 0 -0.003533333333)
(-5e-05 6.666666667e-05 -0.003533333333)
(5e-05 6.666666667e-05 -0.003533333333)
(-5e-05 0.0001333333333 -0.003533333333)
(5e-05 0.0001333333333 -0.003533333333)
(-5e-05 0.0002 -0.003533333333)
(5e-05 0.0002 -0.003533333333)
(-5e-05 0.0002666666667 -0.003533333333)
(5e-05 0.0002666666667 -0.003533333333)
(-5e-05 0.0003333333333 -0.003533333333)
(5e-05 0.0003333333333 -0.003533333333)
(-5e-05 0.0004 -0.003533333333)
(5e-05 0.0004 -0.003533333333)
(-5e-05 0.0004666666667 -0.003533333333)
(5e-05 0.0004666666667 -0.003533333333)
(-5e-05 0.0005333333333 -0.003533333333)
(5e-05 0.0005333333333 -0.003533333333)
(-5e-05 0.0006 -0.003533333333)
(5e-05 0.0006 -0.003533333333)
(-5e-05 0.0006666666667 -0.003533333333)
(5e-05 0.0006666666667 -0.003533333333)
(-5e-05 0.0007333333333 -0.003533333333)
(5e-05 0.0007333333333 -0.003533333333)
(-5e-05 0.0008 -0.003533333333)
(5e-05 0.0008 -0.003533333333)
(-5e-05 0.0008666666667 -0.003533333333)
(5e-05 0.0008666666667 -0.003533333333)
(-5e-05 0.0009333333333 -0.003533333333)
(5e-05 0.0009333333333 -0.003533333333)
(-5e-05 0.001 -0.003533333333)
(5e-05 0.001 -0.003533333333)
(-5e-05 0.001066666667 -0.003533333333)
(5e-05 0.001066666667 -0.003533333333)
(-5e-05 0.001133333333 -0.003533333333)
(5e-05 0.001133333333 -0.003533333333)
(-5e-05 0.0012 -0.003533333333)
(5e-05 0.0012 -0.003533333333)
(-5e-05 0.001266666667 -0.003533333333)
(5e-05 0.001266666667 -0.003533333333)
(-5e-05 0.001333333333 -0.003533333333)
(5e-05 0.001333333333 -0.003533333333)
(-5e-05 0.0014 -0.003533333333)
(5e-05 0.0014 -0.003533333333)
(-5e-05 0.001466666667 -0.003533333333)
(5e-05 0.001466666667 -0.003533333333)
(-5e-05 0.001533333333 -0.003533333333)
(5e-05 0.001533333333 -0.003533333333)
(-5e-05 0.0016 -0.003533333333)
(5e-05 0.0016 -0.003533333333)
(-5e-05 0.001666666667 -0.003533333333)
(5e-05 0.001666666667 -0.003533333333)
(-5e-05 0.001733333333 -0.003533333333)
(5e-05 0.001733333333 -0.003533333333)
(-5e-05 0.0018 -0.003533333333)
(5e-05 0.0018 -0.003533333333)
(-5e-05 0.001866666667 -0.003533333333)
(5e-05 0.001866666667 -0.003533333333)
(-5e-05 0.001933333333 -0.003533333333)
(5e-05 0.001933333333 -0.003533333333)
(-5e-05 0.002 -0.003533333333)
(5e-05 0.002 -0.003533333333)
(-5e-05 0.002066666667 -0.003533333333)
(5e-05 0.002066666667 -0.003533333333)
(-5e-05 0.002133333333 -0.003533333333)
(5e-05 0.002133333333 -0.003533333333)
(-5e-05 0.0022 -0.003533333333)
(5e-05 0.0022 -0.003533333333)
(-5e-05 0.002266666667 -0.003533333333)
(5e-05 0.002266666667 -0.003533333333)
(-5e-05 0.002333333333 -0.003533333333)
(5e-05 0.002333333333 -0.003533333333)
(-5e-05 0.0024 -0.003533333333)
(5e-05 0.0024 -0.003533333333)
(-5e-05 0.002466666667 -0.003533333333)
(5e-05 0.002466666667 -0.003533333333)
(-5e-05 0.002533333333 -0.003533333333)
(5e-05 0.002533333333 -0.003533333333)
(-5e-05 0.0026 -0.003533333333)
(5e-05 0.0026 -0.003533333333)
(-5e-05 0.002666666667 -0.003533333333)
(5e-05 0.002666666667 -0.003533333333)
(-5e-05 0.002733333333 -0.003533333333)
(5e-05 0.002733333333 -0.003533333333)
(-5e-05 0.0028 -0.003533333333)
(5e-05 0.0028 -0.003533333333)
(-5e-05 0.002866666667 -0.003533333333)
(5e-05 0.002866666667 -0.003533333333)
(-5e-05 0.002933333333 -0.003533333333)
(5e-05 0.002933333333 -0.003533333333)
(-5e-05 0.003 -0.003533333333)
(5e-05 0.003 -0.003533333333)
(-5e-05 0.003066666667 -0.003533333333)
(5e-05 0.003066666667 -0.003533333333)
(-5e-05 0.003133333333 -0.003533333333)
(5e-05 0.003133333333 -0.003533333333)
(-5e-05 0.0032 -0.003533333333)
(5e-05 0.0032 -0.003533333333)
(-5e-05 0.003266666667 -0.003533333333)
(5e-05 0.003266666667 -0.003533333333)
(-5e-05 0.003333333333 -0.003533333333)
(5e-05 0.003333333333 -0.003533333333)
(-5e-05 0.0034 -0.003533333333)
(5e-05 0.0034 -0.003533333333)
(-5e-05 0.003466666667 -0.003533333333)
(5e-05 0.003466666667 -0.003533333333)
(-5e-05 0.003533333333 -0.003533333333)
(5e-05 0.003533333333 -0.003533333333)
(-5e-05 0.0036 -0.003533333333)
(5e-05 0.0036 -0.003533333333)
(-5e-05 0.003666666667 -0.003533333333)
(5e-05 0.003666666667 -0.003533333333)
(-5e-05 0.003733333333 -0.003533333333)
(5e-05 0.003733333333 -0.003533333333)
(-5e-05 0.0038 -0.003533333333)
(5e-05 0.0038 -0.003533333333)
(-5e-05 0.003866666667 -0.003533333333)
(5e-05 0.003866666667 -0.003533333333)
(-5e-05 0.003933333333 -0.003533333333)
(5e-05 0.003933333333 -0.003533333333)
(-5e-05 0.004 -0.003533333333)
(5e-05 0.004 -0.003533333333)
(-5e-05 0 -0.003466666667)
(5e-05 0 -0.003466666667)
(-5e-05 6.666666667e-05 -0.003466666667)
(5e-05 6.666666667e-05 -0.003466666667)
(-5e-05 0.0001333333333 -0.003466666667)
(5e-05 0.0001333333333 -0.003466666667)
(-5e-05 0.0002 -0.003466666667)
(5e-05 0.0002 -0.003466666667)
(-5e-05 0.0002666666667 -0.003466666667)
(5e-05 0.0002666666667 -0.003466666667)
(-5e-05 0.0003333333333 -0.003466666667)
(5e-05 0.0003333333333 -0.003466666667)
(-5e-05 0.0004 -0.003466666667)
(5e-05 0.0004 -0.003466666667)
(-5e-05 0.0004666666667 -0.003466666667)
(5e-05 0.0004666666667 -0.003466666667)
(-5e-05 0.0005333333333 -0.003466666667)
(5e-05 0.0005333333333 -0.003466666667)
(-5e-05 0.0006 -0.003466666667)
(5e-05 0.0006 -0.003466666667)
(-5e-05 0.0006666666667 -0.003466666667)
(5e-05 0.0006666666667 -0.003466666667)
(-5e-05 0.0007333333333 -0.003466666667)
(5e-05 0.0007333333333 -0.003466666667)
(-5e-05 0.0008 -0.003466666667)
(5e-05 0.0008 -0.003466666667)
(-5e-05 0.0008666666667 -0.003466666667)
(5e-05 0.0008666666667 -0.003466666667)
(-5e-05 0.0009333333333 -0.003466666667)
(5e-05 0.0009333333333 -0.003466666667)
(-5e-05 0.001 -0.003466666667)
(5e-05 0.001 -0.003466666667)
(-5e-05 0.001066666667 -0.003466666667)
(5e-05 0.001066666667 -0.003466666667)
(-5e-05 0.001133333333 -0.003466666667)
(5e-05 0.001133333333 -0.003466666667)
(-5e-05 0.0012 -0.003466666667)
(5e-05 0.0012 -0.003466666667)
(-5e-05 0.001266666667 -0.003466666667)
(5e-05 0.001266666667 -0.003466666667)
(-5e-05 0.001333333333 -0.003466666667)
(5e-05 0.001333333333 -0.003466666667)
(-5e-05 0.0014 -0.003466666667)
(5e-05 0.0014 -0.003466666667)
(-5e-05 0.001466666667 -0.003466666667)
(5e-05 0.001466666667 -0.003466666667)
(-5e-05 0.001533333333 -0.003466666667)
(5e-05 0.001533333333 -0.003466666667)
(-5e-05 0.0016 -0.003466666667)
(5e-05 0.0016 -0.003466666667)
(-5e-05 0.001666666667 -0.003466666667)
(5e-05 0.001666666667 -0.003466666667)
(-5e-05 0.001733333333 -0.003466666667)
(5e-05 0.001733333333 -0.003466666667)
(-5e-05 0.0018 -0.003466666667)
(5e-05 0.0018 -0.003466666667)
(-5e-05 0.001866666667 -0.003466666667)
(5e-05 0.001866666667 -0.003466666667)
(-5e-05 0.001933333333 -0.003466666667)
(5e-05 0.001933333333 -0.003466666667)
(-5e-05 0.002 -0.003466666667)
(5e-05 0.002 -0.003466666667)
(-5e-05 0.002066666667 -0.003466666667)
(5e-05 0.002066666667 -0.003466666667)
(-5e-05 0.002133333333 -0.003466666667)
(5e-05 0.002133333333 -0.003466666667)
(-5e-05 0.0022 -0.003466666667)
(5e-05 0.0022 -0.003466666667)
(-5e-05 0.002266666667 -0.003466666667)
(5e-05 0.002266666667 -0.003466666667)
(-5e-05 0.002333333333 -0.003466666667)
(5e-05 0.002333333333 -0.003466666667)
(-5e-05 0.0024 -0.003466666667)
(5e-05 0.0024 -0.003466666667)
(-5e-05 0.002466666667 -0.003466666667)
(5e-05 0.002466666667 -0.003466666667)
(-5e-05 0.002533333333 -0.003466666667)
(5e-05 0.002533333333 -0.003466666667)
(-5e-05 0.0026 -0.003466666667)
(5e-05 0.0026 -0.003466666667)
(-5e-05 0.002666666667 -0.003466666667)
(5e-05 0.002666666667 -0.003466666667)
(-5e-05 0.002733333333 -0.003466666667)
(5e-05 0.002733333333 -0.003466666667)
(-5e-05 0.0028 -0.003466666667)
(5e-05 0.0028 -0.003466666667)
(-5e-05 0.002866666667 -0.003466666667)
(5e-05 0.002866666667 -0.003466666667)
(-5e-05 0.002933333333 -0.003466666667)
(5e-05 0.002933333333 -0.003466666667)
(-5e-05 0.003 -0.003466666667)
(5e-05 0.003 -0.003466666667)
(-5e-05 0.003066666667 -0.003466666667)
(5e-05 0.003066666667 -0.003466666667)
(-5e-05 0.003133333333 -0.003466666667)
(5e-05 0.003133333333 -0.003466666667)
(-5e-05 0.0032 -0.003466666667)
(5e-05 0.0032 -0.003466666667)
(-5e-05 0.003266666667 -0.003466666667)
(5e-05 0.003266666667 -0.003466666667)
(-5e-05 0.003333333333 -0.003466666667)
(5e-05 0.003333333333 -0.003466666667)
(-5e-05 0.0034 -0.003466666667)
(5e-05 0.0034 -0.003466666667)
(-5e-05 0.003466666667 -0.003466666667)
(5e-05 0.003466666667 -0.003466666667)
(-5e-05 0.003533333333 -0.003466666667)
(5e-05 0.003533333333 -0.003466666667)
(-5e-05 0.0036 -0.003466666667)
(5e-05 0.0036 -0.003466666667)
(-5e-05 0.003666666667 -0.003466666667)
(5e-05 0.003666666667 -0.003466666667)
(-5e-05 0.003733333333 -0.003466666667)
(5e-05 0.003733333333 -0.003466666667)
(-5e-05 0.0038 -0.003466666667)
(5e-05 0.0038 -0.003466666667)
(-5e-05 0.003866666667 -0.003466666667)
(5e-05 0.003866666667 -0.003466666667)
(-5e-05 0.003933333333 -0.003466666667)
(5e-05 0.003933333333 -0.003466666667)
(-5e-05 0.004 -0.003466666667)
(5e-05 0.004 -0.003466666667)
(-5e-05 0 -0.0034)
(5e-05 0 -0.0034)
(-5e-05 6.666666667e-05 -0.0034)
(5e-05 6.666666667e-05 -0.0034)
(-5e-05 0.0001333333333 -0.0034)
(5e-05 0.0001333333333 -0.0034)
(-5e-05 0.0002 -0.0034)
(5e-05 0.0002 -0.0034)
(-5e-05 0.0002666666667 -0.0034)
(5e-05 0.0002666666667 -0.0034)
(-5e-05 0.0003333333333 -0.0034)
(5e-05 0.0003333333333 -0.0034)
(-5e-05 0.0004 -0.0034)
(5e-05 0.0004 -0.0034)
(-5e-05 0.0004666666667 -0.0034)
(5e-05 0.0004666666667 -0.0034)
(-5e-05 0.0005333333333 -0.0034)
(5e-05 0.0005333333333 -0.0034)
(-5e-05 0.0006 -0.0034)
(5e-05 0.0006 -0.0034)
(-5e-05 0.0006666666667 -0.0034)
(5e-05 0.0006666666667 -0.0034)
(-5e-05 0.0007333333333 -0.0034)
(5e-05 0.0007333333333 -0.0034)
(-5e-05 0.0008 -0.0034)
(5e-05 0.0008 -0.0034)
(-5e-05 0.0008666666667 -0.0034)
(5e-05 0.0008666666667 -0.0034)
(-5e-05 0.0009333333333 -0.0034)
(5e-05 0.0009333333333 -0.0034)
(-5e-05 0.001 -0.0034)
(5e-05 0.001 -0.0034)
(-5e-05 0.001066666667 -0.0034)
(5e-05 0.001066666667 -0.0034)
(-5e-05 0.001133333333 -0.0034)
(5e-05 0.001133333333 -0.0034)
(-5e-05 0.0012 -0.0034)
(5e-05 0.0012 -0.0034)
(-5e-05 0.001266666667 -0.0034)
(5e-05 0.001266666667 -0.0034)
(-5e-05 0.001333333333 -0.0034)
(5e-05 0.001333333333 -0.0034)
(-5e-05 0.0014 -0.0034)
(5e-05 0.0014 -0.0034)
(-5e-05 0.001466666667 -0.0034)
(5e-05 0.001466666667 -0.0034)
(-5e-05 0.001533333333 -0.0034)
(5e-05 0.001533333333 -0.0034)
(-5e-05 0.0016 -0.0034)
(5e-05 0.0016 -0.0034)
(-5e-05 0.001666666667 -0.0034)
(5e-05 0.001666666667 -0.0034)
(-5e-05 0.001733333333 -0.0034)
(5e-05 0.001733333333 -0.0034)
(-5e-05 0.0018 -0.0034)
(5e-05 0.0018 -0.0034)
(-5e-05 0.001866666667 -0.0034)
(5e-05 0.001866666667 -0.0034)
(-5e-05 0.001933333333 -0.0034)
(5e-05 0.001933333333 -0.0034)
(-5e-05 0.002 -0.0034)
(5e-05 0.002 -0.0034)
(-5e-05 0.002066666667 -0.0034)
(5e-05 0.002066666667 -0.0034)
(-5e-05 0.002133333333 -0.0034)
(5e-05 0.002133333333 -0.0034)
(-5e-05 0.0022 -0.0034)
(5e-05 0.0022 -0.0034)
(-5e-05 0.002266666667 -0.0034)
(5e-05 0.002266666667 -0.0034)
(-5e-05 0.002333333333 -0.0034)
(5e-05 0.002333333333 -0.0034)
(-5e-05 0.0024 -0.0034)
(5e-05 0.0024 -0.0034)
(-5e-05 0.002466666667 -0.0034)
(5e-05 0.002466666667 -0.0034)
(-5e-05 0.002533333333 -0.0034)
(5e-05 0.002533333333 -0.0034)
(-5e-05 0.0026 -0.0034)
(5e-05 0.0026 -0.0034)
(-5e-05 0.002666666667 -0.0034)
(5e-05 0.002666666667 -0.0034)
(-5e-05 0.002733333333 -0.0034)
(5e-05 0.002733333333 -0.0034)
(-5e-05 0.0028 -0.0034)
(5e-05 0.0028 -0.0034)
(-5e-05 0.002866666667 -0.0034)
(5e-05 0.002866666667 -0.0034)
(-5e-05 0.002933333333 -0.0034)
(5e-05 0.002933333333 -0.0034)
(-5e-05 0.003 -0.0034)
(5e-05 0.003 -0.0034)
(-5e-05 0.003066666667 -0.0034)
(5e-05 0.003066666667 -0.0034)
(-5e-05 0.003133333333 -0.0034)
(5e-05 0.003133333333 -0.0034)
(-5e-05 0.0032 -0.0034)
(5e-05 0.0032 -0.0034)
(-5e-05 0.003266666667 -0.0034)
(5e-05 0.003266666667 -0.0034)
(-5e-05 0.003333333333 -0.0034)
(5e-05 0.003333333333 -0.0034)
(-5e-05 0.0034 -0.0034)
(5e-05 0.0034 -0.0034)
(-5e-05 0.003466666667 -0.0034)
(5e-05 0.003466666667 -0.0034)
(-5e-05 0.003533333333 -0.0034)
(5e-05 0.003533333333 -0.0034)
(-5e-05 0.0036 -0.0034)
(5e-05 0.0036 -0.0034)
(-5e-05 0.003666666667 -0.0034)
(5e-05 0.003666666667 -0.0034)
(-5e-05 0.003733333333 -0.0034)
(5e-05 0.003733333333 -0.0034)
(-5e-05 0.0038 -0.0034)
(5e-05 0.0038 -0.0034)
(-5e-05 0.003866666667 -0.0034)
(5e-05 0.003866666667 -0.0034)
(-5e-05 0.003933333333 -0.0034)
(5e-05 0.003933333333 -0.0034)
(-5e-05 0.004 -0.0034)
(5e-05 0.004 -0.0034)
(-5e-05 0 -0.003333333333)
(5e-05 0 -0.003333333333)
(-5e-05 6.666666667e-05 -0.003333333333)
(5e-05 6.666666667e-05 -0.003333333333)
(-5e-05 0.0001333333333 -0.003333333333)
(5e-05 0.0001333333333 -0.003333333333)
(-5e-05 0.0002 -0.003333333333)
(5e-05 0.0002 -0.003333333333)
(-5e-05 0.0002666666667 -0.003333333333)
(5e-05 0.0002666666667 -0.003333333333)
(-5e-05 0.0003333333333 -0.003333333333)
(5e-05 0.0003333333333 -0.003333333333)
(-5e-05 0.0004 -0.003333333333)
(5e-05 0.0004 -0.003333333333)
(-5e-05 0.0004666666667 -0.003333333333)
(5e-05 0.0004666666667 -0.003333333333)
(-5e-05 0.0005333333333 -0.003333333333)
(5e-05 0.0005333333333 -0.003333333333)
(-5e-05 0.0006 -0.003333333333)
(5e-05 0.0006 -0.003333333333)
(-5e-05 0.0006666666667 -0.003333333333)
(5e-05 0.0006666666667 -0.003333333333)
(-5e-05 0.0007333333333 -0.003333333333)
(5e-05 0.0007333333333 -0.003333333333)
(-5e-05 0.0008 -0.003333333333)
(5e-05 0.0008 -0.003333333333)
(-5e-05 0.0008666666667 -0.003333333333)
(5e-05 0.0008666666667 -0.003333333333)
(-5e-05 0.0009333333333 -0.003333333333)
(5e-05 0.0009333333333 -0.003333333333)
(-5e-05 0.001 -0.003333333333)
(5e-05 0.001 -0.003333333333)
(-5e-05 0.001066666667 -0.003333333333)
(5e-05 0.001066666667 -0.003333333333)
(-5e-05 0.001133333333 -0.003333333333)
(5e-05 0.001133333333 -0.003333333333)
(-5e-05 0.0012 -0.003333333333)
(5e-05 0.0012 -0.003333333333)
(-5e-05 0.001266666667 -0.003333333333)
(5e-05 0.001266666667 -0.003333333333)
(-5e-05 0.001333333333 -0.003333333333)
(5e-05 0.001333333333 -0.003333333333)
(-5e-05 0.0014 -0.003333333333)
(5e-05 0.0014 -0.003333333333)
(-5e-05 0.001466666667 -0.003333333333)
(5e-05 0.001466666667 -0.003333333333)
(-5e-05 0.001533333333 -0.003333333333)
(5e-05 0.001533333333 -0.003333333333)
(-5e-05 0.0016 -0.003333333333)
(5e-05 0.0016 -0.003333333333)
(-5e-05 0.001666666667 -0.003333333333)
(5e-05 0.001666666667 -0.003333333333)
(-5e-05 0.001733333333 -0.003333333333)
(5e-05 0.001733333333 -0.003333333333)
(-5e-05 0.0018 -0.003333333333)
(5e-05 0.0018 -0.003333333333)
(-5e-05 0.001866666667 -0.003333333333)
(5e-05 0.001866666667 -0.003333333333)
(-5e-05 0.001933333333 -0.003333333333)
(5e-05 0.001933333333 -0.003333333333)
(-5e-05 0.002 -0.003333333333)
(5e-05 0.002 -0.003333333333)
(-5e-05 0.002066666667 -0.003333333333)
(5e-05 0.002066666667 -0.003333333333)
(-5e-05 0.002133333333 -0.003333333333)
(5e-05 0.002133333333 -0.003333333333)
(-5e-05 0.0022 -0.003333333333)
(5e-05 0.0022 -0.003333333333)
(-5e-05 0.002266666667 -0.003333333333)
(5e-05 0.002266666667 -0.003333333333)
(-5e-05 0.002333333333 -0.003333333333)
(5e-05 0.002333333333 -0.003333333333)
(-5e-05 0.0024 -0.003333333333)
(5e-05 0.0024 -0.003333333333)
(-5e-05 0.002466666667 -0.003333333333)
(5e-05 0.002466666667 -0.003333333333)
(-5e-05 0.002533333333 -0.003333333333)
(5e-05 0.002533333333 -0.003333333333)
(-5e-05 0.0026 -0.003333333333)
(5e-05 0.0026 -0.003333333333)
(-5e-05 0.002666666667 -0.003333333333)
(5e-05 0.002666666667 -0.003333333333)
(-5e-05 0.002733333333 -0.003333333333)
(5e-05 0.002733333333 -0.003333333333)
(-5e-05 0.0028 -0.003333333333)
(5e-05 0.0028 -0.003333333333)
(-5e-05 0.002866666667 -0.003333333333)
(5e-05 0.002866666667 -0.003333333333)
(-5e-05 0.002933333333 -0.003333333333)
(5e-05 0.002933333333 -0.003333333333)
(-5e-05 0.003 -0.003333333333)
(5e-05 0.003 -0.003333333333)
(-5e-05 0.003066666667 -0.003333333333)
(5e-05 0.003066666667 -0.003333333333)
(-5e-05 0.003133333333 -0.003333333333)
(5e-05 0.003133333333 -0.003333333333)
(-5e-05 0.0032 -0.003333333333)
(5e-05 0.0032 -0.003333333333)
(-5e-05 0.003266666667 -0.003333333333)
(5e-05 0.003266666667 -0.003333333333)
(-5e-05 0.003333333333 -0.003333333333)
(5e-05 0.003333333333 -0.003333333333)
(-5e-05 0.0034 -0.003333333333)
(5e-05 0.0034 -0.003333333333)
(-5e-05 0.003466666667 -0.003333333333)
(5e-05 0.003466666667 -0.003333333333)
(-5e-05 0.003533333333 -0.003333333333)
(5e-05 0.003533333333 -0.003333333333)
(-5e-05 0.0036 -0.003333333333)
(5e-05 0.0036 -0.003333333333)
(-5e-05 0.003666666667 -0.003333333333)
(5e-05 0.003666666667 -0.003333333333)
(-5e-05 0.003733333333 -0.003333333333)
(5e-05 0.003733333333 -0.003333333333)
(-5e-05 0.0038 -0.003333333333)
(5e-05 0.0038 -0.003333333333)
(-5e-05 0.003866666667 -0.003333333333)
(5e-05 0.003866666667 -0.003333333333)
(-5e-05 0.003933333333 -0.003333333333)
(5e-05 0.003933333333 -0.003333333333)
(-5e-05 0.004 -0.003333333333)
(5e-05 0.004 -0.003333333333)
(-5e-05 0 -0.003266666667)
(5e-05 0 -0.003266666667)
(-5e-05 6.666666667e-05 -0.003266666667)
(5e-05 6.666666667e-05 -0.003266666667)
(-5e-05 0.0001333333333 -0.003266666667)
(5e-05 0.0001333333333 -0.003266666667)
(-5e-05 0.0002 -0.003266666667)
(5e-05 0.0002 -0.003266666667)
(-5e-05 0.0002666666667 -0.003266666667)
(5e-05 0.0002666666667 -0.003266666667)
(-5e-05 0.0003333333333 -0.003266666667)
(5e-05 0.0003333333333 -0.003266666667)
(-5e-05 0.0004 -0.003266666667)
(5e-05 0.0004 -0.003266666667)
(-5e-05 0.0004666666667 -0.003266666667)
(5e-05 0.0004666666667 -0.003266666667)
(-5e-05 0.0005333333333 -0.003266666667)
(5e-05 0.0005333333333 -0.003266666667)
(-5e-05 0.0006 -0.003266666667)
(5e-05 0.0006 -0.003266666667)
(-5e-05 0.0006666666667 -0.003266666667)
(5e-05 0.0006666666667 -0.003266666667)
(-5e-05 0.0007333333333 -0.003266666667)
(5e-05 0.0007333333333 -0.003266666667)
(-5e-05 0.0008 -0.003266666667)
(5e-05 0.0008 -0.003266666667)
(-5e-05 0.0008666666667 -0.003266666667)
(5e-05 0.0008666666667 -0.003266666667)
(-5e-05 0.0009333333333 -0.003266666667)
(5e-05 0.0009333333333 -0.003266666667)
(-5e-05 0.001 -0.003266666667)
(5e-05 0.001 -0.003266666667)
(-5e-05 0.001066666667 -0.003266666667)
(5e-05 0.001066666667 -0.003266666667)
(-5e-05 0.001133333333 -0.003266666667)
(5e-05 0.001133333333 -0.003266666667)
(-5e-05 0.0012 -0.003266666667)
(5e-05 0.0012 -0.003266666667)
(-5e-05 0.001266666667 -0.003266666667)
(5e-05 0.001266666667 -0.003266666667)
(-5e-05 0.001333333333 -0.003266666667)
(5e-05 0.001333333333 -0.003266666667)
(-5e-05 0.0014 -0.003266666667)
(5e-05 0.0014 -0.003266666667)
(-5e-05 0.001466666667 -0.003266666667)
(5e-05 0.001466666667 -0.003266666667)
(-5e-05 0.001533333333 -0.003266666667)
(5e-05 0.001533333333 -0.003266666667)
(-5e-05 0.0016 -0.003266666667)
(5e-05 0.0016 -0.003266666667)
(-5e-05 0.001666666667 -0.003266666667)
(5e-05 0.001666666667 -0.003266666667)
(-5e-05 0.001733333333 -0.003266666667)
(5e-05 0.001733333333 -0.003266666667)
(-5e-05 0.0018 -0.003266666667)
(5e-05 0.0018 -0.003266666667)
(-5e-05 0.001866666667 -0.003266666667)
(5e-05 0.001866666667 -0.003266666667)
(-5e-05 0.001933333333 -0.003266666667)
(5e-05 0.001933333333 -0.003266666667)
(-5e-05 0.002 -0.003266666667)
(5e-05 0.002 -0.003266666667)
(-5e-05 0.002066666667 -0.003266666667)
(5e-05 0.002066666667 -0.003266666667)
(-5e-05 0.002133333333 -0.003266666667)
(5e-05 0.002133333333 -0.003266666667)
(-5e-05 0.0022 -0.003266666667)
(5e-05 0.0022 -0.003266666667)
(-5e-05 0.002266666667 -0.003266666667)
(5e-05 0.002266666667 -0.003266666667)
(-5e-05 0.002333333333 -0.003266666667)
(5e-05 0.002333333333 -0.003266666667)
(-5e-05 0.0024 -0.003266666667)
(5e-05 0.0024 -0.003266666667)
(-5e-05 0.002466666667 -0.003266666667)
(5e-05 0.002466666667 -0.003266666667)
(-5e-05 0.002533333333 -0.003266666667)
(5e-05 0.002533333333 -0.003266666667)
(-5e-05 0.0026 -0.003266666667)
(5e-05 0.0026 -0.003266666667)
(-5e-05 0.002666666667 -0.003266666667)
(5e-05 0.002666666667 -0.003266666667)
(-5e-05 0.002733333333 -0.003266666667)
(5e-05 0.002733333333 -0.003266666667)
(-5e-05 0.0028 -0.003266666667)
(5e-05 0.0028 -0.003266666667)
(-5e-05 0.002866666667 -0.003266666667)
(5e-05 0.002866666667 -0.003266666667)
(-5e-05 0.002933333333 -0.003266666667)
(5e-05 0.002933333333 -0.003266666667)
(-5e-05 0.003 -0.003266666667)
(5e-05 0.003 -0.003266666667)
(-5e-05 0.003066666667 -0.003266666667)
(5e-05 0.003066666667 -0.003266666667)
(-5e-05 0.003133333333 -0.003266666667)
(5e-05 0.003133333333 -0.003266666667)
(-5e-05 0.0032 -0.003266666667)
(5e-05 0.0032 -0.003266666667)
(-5e-05 0.003266666667 -0.003266666667)
(5e-05 0.003266666667 -0.003266666667)
(-5e-05 0.003333333333 -0.003266666667)
(5e-05 0.003333333333 -0.003266666667)
(-5e-05 0.0034 -0.003266666667)
(5e-05 0.0034 -0.003266666667)
(-5e-05 0.003466666667 -0.003266666667)
(5e-05 0.003466666667 -0.003266666667)
(-5e-05 0.003533333333 -0.003266666667)
(5e-05 0.003533333333 -0.003266666667)
(-5e-05 0.0036 -0.003266666667)
(5e-05 0.0036 -0.003266666667)
(-5e-05 0.003666666667 -0.003266666667)
(5e-05 0.003666666667 -0.003266666667)
(-5e-05 0.003733333333 -0.003266666667)
(5e-05 0.003733333333 -0.003266666667)
(-5e-05 0.0038 -0.003266666667)
(5e-05 0.0038 -0.003266666667)
(-5e-05 0.003866666667 -0.003266666667)
(5e-05 0.003866666667 -0.003266666667)
(-5e-05 0.003933333333 -0.003266666667)
(5e-05 0.003933333333 -0.003266666667)
(-5e-05 0.004 -0.003266666667)
(5e-05 0.004 -0.003266666667)
(-5e-05 0 -0.0032)
(5e-05 0 -0.0032)
(-5e-05 6.666666667e-05 -0.0032)
(5e-05 6.666666667e-05 -0.0032)
(-5e-05 0.0001333333333 -0.0032)
(5e-05 0.0001333333333 -0.0032)
(-5e-05 0.0002 -0.0032)
(5e-05 0.0002 -0.0032)
(-5e-05 0.0002666666667 -0.0032)
(5e-05 0.0002666666667 -0.0032)
(-5e-05 0.0003333333333 -0.0032)
(5e-05 0.0003333333333 -0.0032)
(-5e-05 0.0004 -0.0032)
(5e-05 0.0004 -0.0032)
(-5e-05 0.0004666666667 -0.0032)
(5e-05 0.0004666666667 -0.0032)
(-5e-05 0.0005333333333 -0.0032)
(5e-05 0.0005333333333 -0.0032)
(-5e-05 0.0006 -0.0032)
(5e-05 0.0006 -0.0032)
(-5e-05 0.0006666666667 -0.0032)
(5e-05 0.0006666666667 -0.0032)
(-5e-05 0.0007333333333 -0.0032)
(5e-05 0.0007333333333 -0.0032)
(-5e-05 0.0008 -0.0032)
(5e-05 0.0008 -0.0032)
(-5e-05 0.0008666666667 -0.0032)
(5e-05 0.0008666666667 -0.0032)
(-5e-05 0.0009333333333 -0.0032)
(5e-05 0.0009333333333 -0.0032)
(-5e-05 0.001 -0.0032)
(5e-05 0.001 -0.0032)
(-5e-05 0.001066666667 -0.0032)
(5e-05 0.001066666667 -0.0032)
(-5e-05 0.001133333333 -0.0032)
(5e-05 0.001133333333 -0.0032)
(-5e-05 0.0012 -0.0032)
(5e-05 0.0012 -0.0032)
(-5e-05 0.001266666667 -0.0032)
(5e-05 0.001266666667 -0.0032)
(-5e-05 0.001333333333 -0.0032)
(5e-05 0.001333333333 -0.0032)
(-5e-05 0.0014 -0.0032)
(5e-05 0.0014 -0.0032)
(-5e-05 0.001466666667 -0.0032)
(5e-05 0.001466666667 -0.0032)
(-5e-05 0.001533333333 -0.0032)
(5e-05 0.001533333333 -0.0032)
(-5e-05 0.0016 -0.0032)
(5e-05 0.0016 -0.0032)
(-5e-05 0.001666666667 -0.0032)
(5e-05 0.001666666667 -0.0032)
(-5e-05 0.001733333333 -0.0032)
(5e-05 0.001733333333 -0.0032)
(-5e-05 0.0018 -0.0032)
(5e-05 0.0018 -0.0032)
(-5e-05 0.001866666667 -0.0032)
(5e-05 0.001866666667 -0.0032)
(-5e-05 0.001933333333 -0.0032)
(5e-05 0.001933333333 -0.0032)
(-5e-05 0.002 -0.0032)
(5e-05 0.002 -0.0032)
(-5e-05 0.002066666667 -0.0032)
(5e-05 0.002066666667 -0.0032)
(-5e-05 0.002133333333 -0.0032)
(5e-05 0.002133333333 -0.0032)
(-5e-05 0.0022 -0.0032)
(5e-05 0.0022 -0.0032)
(-5e-05 0.002266666667 -0.0032)
(5e-05 0.002266666667 -0.0032)
(-5e-05 0.002333333333 -0.0032)
(5e-05 0.002333333333 -0.0032)
(-5e-05 0.0024 -0.0032)
(5e-05 0.0024 -0.0032)
(-5e-05 0.002466666667 -0.0032)
(5e-05 0.002466666667 -0.0032)
(-5e-05 0.002533333333 -0.0032)
(5e-05 0.002533333333 -0.0032)
(-5e-05 0.0026 -0.0032)
(5e-05 0.0026 -0.0032)
(-5e-05 0.002666666667 -0.0032)
(5e-05 0.002666666667 -0.0032)
(-5e-05 0.002733333333 -0.0032)
(5e-05 0.002733333333 -0.0032)
(-5e-05 0.0028 -0.0032)
(5e-05 0.0028 -0.0032)
(-5e-05 0.002866666667 -0.0032)
(5e-05 0.002866666667 -0.0032)
(-5e-05 0.002933333333 -0.0032)
(5e-05 0.002933333333 -0.0032)
(-5e-05 0.003 -0.0032)
(5e-05 0.003 -0.0032)
(-5e-05 0.003066666667 -0.0032)
(5e-05 0.003066666667 -0.0032)
(-5e-05 0.003133333333 -0.0032)
(5e-05 0.003133333333 -0.0032)
(-5e-05 0.0032 -0.0032)
(5e-05 0.0032 -0.0032)
(-5e-05 0.003266666667 -0.0032)
(5e-05 0.003266666667 -0.0032)
(-5e-05 0.003333333333 -0.0032)
(5e-05 0.003333333333 -0.0032)
(-5e-05 0.0034 -0.0032)
(5e-05 0.0034 -0.0032)
(-5e-05 0.003466666667 -0.0032)
(5e-05 0.003466666667 -0.0032)
(-5e-05 0.003533333333 -0.0032)
(5e-05 0.003533333333 -0.0032)
(-5e-05 0.0036 -0.0032)
(5e-05 0.0036 -0.0032)
(-5e-05 0.003666666667 -0.0032)
(5e-05 0.003666666667 -0.0032)
(-5e-05 0.003733333333 -0.0032)
(5e-05 0.003733333333 -0.0032)
(-5e-05 0.0038 -0.0032)
(5e-05 0.0038 -0.0032)
(-5e-05 0.003866666667 -0.0032)
(5e-05 0.003866666667 -0.0032)
(-5e-05 0.003933333333 -0.0032)
(5e-05 0.003933333333 -0.0032)
(-5e-05 0.004 -0.0032)
(5e-05 0.004 -0.0032)
(-5e-05 0 -0.003133333333)
(5e-05 0 -0.003133333333)
(-5e-05 6.666666667e-05 -0.003133333333)
(5e-05 6.666666667e-05 -0.003133333333)
(-5e-05 0.0001333333333 -0.003133333333)
(5e-05 0.0001333333333 -0.003133333333)
(-5e-05 0.0002 -0.003133333333)
(5e-05 0.0002 -0.003133333333)
(-5e-05 0.0002666666667 -0.003133333333)
(5e-05 0.0002666666667 -0.003133333333)
(-5e-05 0.0003333333333 -0.003133333333)
(5e-05 0.0003333333333 -0.003133333333)
(-5e-05 0.0004 -0.003133333333)
(5e-05 0.0004 -0.003133333333)
(-5e-05 0.0004666666667 -0.003133333333)
(5e-05 0.0004666666667 -0.003133333333)
(-5e-05 0.0005333333333 -0.003133333333)
(5e-05 0.0005333333333 -0.003133333333)
(-5e-05 0.0006 -0.003133333333)
(5e-05 0.0006 -0.003133333333)
(-5e-05 0.0006666666667 -0.003133333333)
(5e-05 0.0006666666667 -0.003133333333)
(-5e-05 0.0007333333333 -0.003133333333)
(5e-05 0.0007333333333 -0.003133333333)
(-5e-05 0.0008 -0.003133333333)
(5e-05 0.0008 -0.003133333333)
(-5e-05 0.0008666666667 -0.003133333333)
(5e-05 0.0008666666667 -0.003133333333)
(-5e-05 0.0009333333333 -0.003133333333)
(5e-05 0.0009333333333 -0.003133333333)
(-5e-05 0.001 -0.003133333333)
(5e-05 0.001 -0.003133333333)
(-5e-05 0.001066666667 -0.003133333333)
(5e-05 0.001066666667 -0.003133333333)
(-5e-05 0.001133333333 -0.003133333333)
(5e-05 0.001133333333 -0.003133333333)
(-5e-05 0.0012 -0.003133333333)
(5e-05 0.0012 -0.003133333333)
(-5e-05 0.001266666667 -0.003133333333)
(5e-05 0.001266666667 -0.003133333333)
(-5e-05 0.001333333333 -0.003133333333)
(5e-05 0.001333333333 -0.003133333333)
(-5e-05 0.0014 -0.003133333333)
(5e-05 0.0014 -0.003133333333)
(-5e-05 0.001466666667 -0.003133333333)
(5e-05 0.001466666667 -0.003133333333)
(-5e-05 0.001533333333 -0.003133333333)
(5e-05 0.001533333333 -0.003133333333)
(-5e-05 0.0016 -0.003133333333)
(5e-05 0.0016 -0.003133333333)
(-5e-05 0.001666666667 -0.003133333333)
(5e-05 0.001666666667 -0.003133333333)
(-5e-05 0.001733333333 -0.003133333333)
(5e-05 0.001733333333 -0.003133333333)
(-5e-05 0.0018 -0.003133333333)
(5e-05 0.0018 -0.003133333333)
(-5e-05 0.001866666667 -0.003133333333)
(5e-05 0.001866666667 -0.003133333333)
(-5e-05 0.001933333333 -0.003133333333)
(5e-05 0.001933333333 -0.003133333333)
(-5e-05 0.002 -0.003133333333)
(5e-05 0.002 -0.003133333333)
(-5e-05 0.002066666667 -0.003133333333)
(5e-05 0.002066666667 -0.003133333333)
(-5e-05 0.002133333333 -0.003133333333)
(5e-05 0.002133333333 -0.003133333333)
(-5e-05 0.0022 -0.003133333333)
(5e-05 0.0022 -0.003133333333)
(-5e-05 0.002266666667 -0.003133333333)
(5e-05 0.002266666667 -0.003133333333)
(-5e-05 0.002333333333 -0.003133333333)
(5e-05 0.002333333333 -0.003133333333)
(-5e-05 0.0024 -0.003133333333)
(5e-05 0.0024 -0.003133333333)
(-5e-05 0.002466666667 -0.003133333333)
(5e-05 0.002466666667 -0.003133333333)
(-5e-05 0.002533333333 -0.003133333333)
(5e-05 0.002533333333 -0.003133333333)
(-5e-05 0.0026 -0.003133333333)
(5e-05 0.0026 -0.003133333333)
(-5e-05 0.002666666667 -0.003133333333)
(5e-05 0.002666666667 -0.003133333333)
(-5e-05 0.002733333333 -0.003133333333)
(5e-05 0.002733333333 -0.003133333333)
(-5e-05 0.0028 -0.003133333333)
(5e-05 0.0028 -0.003133333333)
(-5e-05 0.002866666667 -0.003133333333)
(5e-05 0.002866666667 -0.003133333333)
(-5e-05 0.002933333333 -0.003133333333)
(5e-05 0.002933333333 -0.003133333333)
(-5e-05 0.003 -0.003133333333)
(5e-05 0.003 -0.003133333333)
(-5e-05 0.003066666667 -0.003133333333)
(5e-05 0.003066666667 -0.003133333333)
(-5e-05 0.003133333333 -0.003133333333)
(5e-05 0.003133333333 -0.003133333333)
(-5e-05 0.0032 -0.003133333333)
(5e-05 0.0032 -0.003133333333)
(-5e-05 0.003266666667 -0.003133333333)
(5e-05 0.003266666667 -0.003133333333)
(-5e-05 0.003333333333 -0.003133333333)
(5e-05 0.003333333333 -0.003133333333)
(-5e-05 0.0034 -0.003133333333)
(5e-05 0.0034 -0.003133333333)
(-5e-05 0.003466666667 -0.003133333333)
(5e-05 0.003466666667 -0.003133333333)
(-5e-05 0.003533333333 -0.003133333333)
(5e-05 0.003533333333 -0.003133333333)
(-5e-05 0.0036 -0.003133333333)
(5e-05 0.0036 -0.003133333333)
(-5e-05 0.003666666667 -0.003133333333)
(5e-05 0.003666666667 -0.003133333333)
(-5e-05 0.003733333333 -0.003133333333)
(5e-05 0.003733333333 -0.003133333333)
(-5e-05 0.0038 -0.003133333333)
(5e-05 0.0038 -0.003133333333)
(-5e-05 0.003866666667 -0.003133333333)
(5e-05 0.003866666667 -0.003133333333)
(-5e-05 0.003933333333 -0.003133333333)
(5e-05 0.003933333333 -0.003133333333)
(-5e-05 0.004 -0.003133333333)
(5e-05 0.004 -0.003133333333)
(-5e-05 0 -0.003066666667)
(5e-05 0 -0.003066666667)
(-5e-05 6.666666667e-05 -0.003066666667)
(5e-05 6.666666667e-05 -0.003066666667)
(-5e-05 0.0001333333333 -0.003066666667)
(5e-05 0.0001333333333 -0.003066666667)
(-5e-05 0.0002 -0.003066666667)
(5e-05 0.0002 -0.003066666667)
(-5e-05 0.0002666666667 -0.003066666667)
(5e-05 0.0002666666667 -0.003066666667)
(-5e-05 0.0003333333333 -0.003066666667)
(5e-05 0.0003333333333 -0.003066666667)
(-5e-05 0.0004 -0.003066666667)
(5e-05 0.0004 -0.003066666667)
(-5e-05 0.0004666666667 -0.003066666667)
(5e-05 0.0004666666667 -0.003066666667)
(-5e-05 0.0005333333333 -0.003066666667)
(5e-05 0.0005333333333 -0.003066666667)
(-5e-05 0.0006 -0.003066666667)
(5e-05 0.0006 -0.003066666667)
(-5e-05 0.0006666666667 -0.003066666667)
(5e-05 0.0006666666667 -0.003066666667)
(-5e-05 0.0007333333333 -0.003066666667)
(5e-05 0.0007333333333 -0.003066666667)
(-5e-05 0.0008 -0.003066666667)
(5e-05 0.0008 -0.003066666667)
(-5e-05 0.0008666666667 -0.003066666667)
(5e-05 0.0008666666667 -0.003066666667)
(-5e-05 0.0009333333333 -0.003066666667)
(5e-05 0.0009333333333 -0.003066666667)
(-5e-05 0.001 -0.003066666667)
(5e-05 0.001 -0.003066666667)
(-5e-05 0.001066666667 -0.003066666667)
(5e-05 0.001066666667 -0.003066666667)
(-5e-05 0.001133333333 -0.003066666667)
(5e-05 0.001133333333 -0.003066666667)
(-5e-05 0.0012 -0.003066666667)
(5e-05 0.0012 -0.003066666667)
(-5e-05 0.001266666667 -0.003066666667)
(5e-05 0.001266666667 -0.003066666667)
(-5e-05 0.001333333333 -0.003066666667)
(5e-05 0.001333333333 -0.003066666667)
(-5e-05 0.0014 -0.003066666667)
(5e-05 0.0014 -0.003066666667)
(-5e-05 0.001466666667 -0.003066666667)
(5e-05 0.001466666667 -0.003066666667)
(-5e-05 0.001533333333 -0.003066666667)
(5e-05 0.001533333333 -0.003066666667)
(-5e-05 0.0016 -0.003066666667)
(5e-05 0.0016 -0.003066666667)
(-5e-05 0.001666666667 -0.003066666667)
(5e-05 0.001666666667 -0.003066666667)
(-5e-05 0.001733333333 -0.003066666667)
(5e-05 0.001733333333 -0.003066666667)
(-5e-05 0.0018 -0.003066666667)
(5e-05 0.0018 -0.003066666667)
(-5e-05 0.001866666667 -0.003066666667)
(5e-05 0.001866666667 -0.003066666667)
(-5e-05 0.001933333333 -0.003066666667)
(5e-05 0.001933333333 -0.003066666667)
(-5e-05 0.002 -0.003066666667)
(5e-05 0.002 -0.003066666667)
(-5e-05 0.002066666667 -0.003066666667)
(5e-05 0.002066666667 -0.003066666667)
(-5e-05 0.002133333333 -0.003066666667)
(5e-05 0.002133333333 -0.003066666667)
(-5e-05 0.0022 -0.003066666667)
(5e-05 0.0022 -0.003066666667)
(-5e-05 0.002266666667 -0.003066666667)
(5e-05 0.002266666667 -0.003066666667)
(-5e-05 0.002333333333 -0.003066666667)
(5e-05 0.002333333333 -0.003066666667)
(-5e-05 0.0024 -0.003066666667)
(5e-05 0.0024 -0.003066666667)
(-5e-05 0.002466666667 -0.003066666667)
(5e-05 0.002466666667 -0.003066666667)
(-5e-05 0.002533333333 -0.003066666667)
(5e-05 0.002533333333 -0.003066666667)
(-5e-05 0.0026 -0.003066666667)
(5e-05 0.0026 -0.003066666667)
(-5e-05 0.002666666667 -0.003066666667)
(5e-05 0.002666666667 -0.003066666667)
(-5e-05 0.002733333333 -0.003066666667)
(5e-05 0.002733333333 -0.003066666667)
(-5e-05 0.0028 -0.003066666667)
(5e-05 0.0028 -0.003066666667)
(-5e-05 0.002866666667 -0.003066666667)
(5e-05 0.002866666667 -0.003066666667)
(-5e-05 0.002933333333 -0.003066666667)
(5e-05 0.002933333333 -0.003066666667)
(-5e-05 0.003 -0.003066666667)
(5e-05 0.003 -0.003066666667)
(-5e-05 0.003066666667 -0.003066666667)
(5e-05 0.003066666667 -0.003066666667)
(-5e-05 0.003133333333 -0.003066666667)
(5e-05 0.003133333333 -0.003066666667)
(-5e-05 0.0032 -0.003066666667)
(5e-05 0.0032 -0.003066666667)
(-5e-05 0.003266666667 -0.003066666667)
(5e-05 0.003266666667 -0.003066666667)
(-5e-05 0.003333333333 -0.003066666667)
(5e-05 0.003333333333 -0.003066666667)
(-5e-05 0.0034 -0.003066666667)
(5e-05 0.0034 -0.003066666667)
(-5e-05 0.003466666667 -0.003066666667)
(5e-05 0.003466666667 -0.003066666667)
(-5e-05 0.003533333333 -0.003066666667)
(5e-05 0.003533333333 -0.003066666667)
(-5e-05 0.0036 -0.003066666667)
(5e-05 0.0036 -0.003066666667)
(-5e-05 0.003666666667 -0.003066666667)
(5e-05 0.003666666667 -0.003066666667)
(-5e-05 0.003733333333 -0.003066666667)
(5e-05 0.003733333333 -0.003066666667)
(-5e-05 0.0038 -0.003066666667)
(5e-05 0.0038 -0.003066666667)
(-5e-05 0.003866666667 -0.003066666667)
(5e-05 0.003866666667 -0.003066666667)
(-5e-05 0.003933333333 -0.003066666667)
(5e-05 0.003933333333 -0.003066666667)
(-5e-05 0.004 -0.003066666667)
(5e-05 0.004 -0.003066666667)
(-5e-05 0 -0.003)
(5e-05 0 -0.003)
(-5e-05 6.666666667e-05 -0.003)
(5e-05 6.666666667e-05 -0.003)
(-5e-05 0.0001333333333 -0.003)
(5e-05 0.0001333333333 -0.003)
(-5e-05 0.0002 -0.003)
(5e-05 0.0002 -0.003)
(-5e-05 0.0002666666667 -0.003)
(5e-05 0.0002666666667 -0.003)
(-5e-05 0.0003333333333 -0.003)
(5e-05 0.0003333333333 -0.003)
(-5e-05 0.0004 -0.003)
(5e-05 0.0004 -0.003)
(-5e-05 0.0004666666667 -0.003)
(5e-05 0.0004666666667 -0.003)
(-5e-05 0.0005333333333 -0.003)
(5e-05 0.0005333333333 -0.003)
(-5e-05 0.0006 -0.003)
(5e-05 0.0006 -0.003)
(-5e-05 0.0006666666667 -0.003)
(5e-05 0.0006666666667 -0.003)
(-5e-05 0.0007333333333 -0.003)
(5e-05 0.0007333333333 -0.003)
(-5e-05 0.0008 -0.003)
(5e-05 0.0008 -0.003)
(-5e-05 0.0008666666667 -0.003)
(5e-05 0.0008666666667 -0.003)
(-5e-05 0.0009333333333 -0.003)
(5e-05 0.0009333333333 -0.003)
(-5e-05 0.001 -0.003)
(5e-05 0.001 -0.003)
(-5e-05 0.001066666667 -0.003)
(5e-05 0.001066666667 -0.003)
(-5e-05 0.001133333333 -0.003)
(5e-05 0.001133333333 -0.003)
(-5e-05 0.0012 -0.003)
(5e-05 0.0012 -0.003)
(-5e-05 0.001266666667 -0.003)
(5e-05 0.001266666667 -0.003)
(-5e-05 0.001333333333 -0.003)
(5e-05 0.001333333333 -0.003)
(-5e-05 0.0014 -0.003)
(5e-05 0.0014 -0.003)
(-5e-05 0.001466666667 -0.003)
(5e-05 0.001466666667 -0.003)
(-5e-05 0.001533333333 -0.003)
(5e-05 0.001533333333 -0.003)
(-5e-05 0.0016 -0.003)
(5e-05 0.0016 -0.003)
(-5e-05 0.001666666667 -0.003)
(5e-05 0.001666666667 -0.003)
(-5e-05 0.001733333333 -0.003)
(5e-05 0.001733333333 -0.003)
(-5e-05 0.0018 -0.003)
(5e-05 0.0018 -0.003)
(-5e-05 0.001866666667 -0.003)
(5e-05 0.001866666667 -0.003)
(-5e-05 0.001933333333 -0.003)
(5e-05 0.001933333333 -0.003)
(-5e-05 0.002 -0.003)
(5e-05 0.002 -0.003)
(-5e-05 0.002066666667 -0.003)
(5e-05 0.002066666667 -0.003)
(-5e-05 0.002133333333 -0.003)
(5e-05 0.002133333333 -0.003)
(-5e-05 0.0022 -0.003)
(5e-05 0.0022 -0.003)
(-5e-05 0.002266666667 -0.003)
(5e-05 0.002266666667 -0.003)
(-5e-05 0.002333333333 -0.003)
(5e-05 0.002333333333 -0.003)
(-5e-05 0.0024 -0.003)
(5e-05 0.0024 -0.003)
(-5e-05 0.002466666667 -0.003)
(5e-05 0.002466666667 -0.003)
(-5e-05 0.002533333333 -0.003)
(5e-05 0.002533333333 -0.003)
(-5e-05 0.0026 -0.003)
(5e-05 0.0026 -0.003)
(-5e-05 0.002666666667 -0.003)
(5e-05 0.002666666667 -0.003)
(-5e-05 0.002733333333 -0.003)
(5e-05 0.002733333333 -0.003)
(-5e-05 0.0028 -0.003)
(5e-05 0.0028 -0.003)
(-5e-05 0.002866666667 -0.003)
(5e-05 0.002866666667 -0.003)
(-5e-05 0.002933333333 -0.003)
(5e-05 0.002933333333 -0.003)
(-5e-05 0.003 -0.003)
(5e-05 0.003 -0.003)
(-5e-05 0.003066666667 -0.003)
(5e-05 0.003066666667 -0.003)
(-5e-05 0.003133333333 -0.003)
(5e-05 0.003133333333 -0.003)
(-5e-05 0.0032 -0.003)
(5e-05 0.0032 -0.003)
(-5e-05 0.003266666667 -0.003)
(5e-05 0.003266666667 -0.003)
(-5e-05 0.003333333333 -0.003)
(5e-05 0.003333333333 -0.003)
(-5e-05 0.0034 -0.003)
(5e-05 0.0034 -0.003)
(-5e-05 0.003466666667 -0.003)
(5e-05 0.003466666667 -0.003)
(-5e-05 0.003533333333 -0.003)
(5e-05 0.003533333333 -0.003)
(-5e-05 0.0036 -0.003)
(5e-05 0.0036 -0.003)
(-5e-05 0.003666666667 -0.003)
(5e-05 0.003666666667 -0.003)
(-5e-05 0.003733333333 -0.003)
(5e-05 0.003733333333 -0.003)
(-5e-05 0.0038 -0.003)
(5e-05 0.0038 -0.003)
(-5e-05 0.003866666667 -0.003)
(5e-05 0.003866666667 -0.003)
(-5e-05 0.003933333333 -0.003)
(5e-05 0.003933333333 -0.003)
(-5e-05 0.004 -0.003)
(5e-05 0.004 -0.003)
(-5e-05 0 -0.002933333333)
(5e-05 0 -0.002933333333)
(-5e-05 6.666666667e-05 -0.002933333333)
(5e-05 6.666666667e-05 -0.002933333333)
(-5e-05 0.0001333333333 -0.002933333333)
(5e-05 0.0001333333333 -0.002933333333)
(-5e-05 0.0002 -0.002933333333)
(5e-05 0.0002 -0.002933333333)
(-5e-05 0.0002666666667 -0.002933333333)
(5e-05 0.0002666666667 -0.002933333333)
(-5e-05 0.0003333333333 -0.002933333333)
(5e-05 0.0003333333333 -0.002933333333)
(-5e-05 0.0004 -0.002933333333)
(5e-05 0.0004 -0.002933333333)
(-5e-05 0.0004666666667 -0.002933333333)
(5e-05 0.0004666666667 -0.002933333333)
(-5e-05 0.0005333333333 -0.002933333333)
(5e-05 0.0005333333333 -0.002933333333)
(-5e-05 0.0006 -0.002933333333)
(5e-05 0.0006 -0.002933333333)
(-5e-05 0.0006666666667 -0.002933333333)
(5e-05 0.0006666666667 -0.002933333333)
(-5e-05 0.0007333333333 -0.002933333333)
(5e-05 0.0007333333333 -0.002933333333)
(-5e-05 0.0008 -0.002933333333)
(5e-05 0.0008 -0.002933333333)
(-5e-05 0.0008666666667 -0.002933333333)
(5e-05 0.0008666666667 -0.002933333333)
(-5e-05 0.0009333333333 -0.002933333333)
(5e-05 0.0009333333333 -0.002933333333)
(-5e-05 0.001 -0.002933333333)
(5e-05 0.001 -0.002933333333)
(-5e-05 0.001066666667 -0.002933333333)
(5e-05 0.001066666667 -0.002933333333)
(-5e-05 0.001133333333 -0.002933333333)
(5e-05 0.001133333333 -0.002933333333)
(-5e-05 0.0012 -0.002933333333)
(5e-05 0.0012 -0.002933333333)
(-5e-05 0.001266666667 -0.002933333333)
(5e-05 0.001266666667 -0.002933333333)
(-5e-05 0.001333333333 -0.002933333333)
(5e-05 0.001333333333 -0.002933333333)
(-5e-05 0.0014 -0.002933333333)
(5e-05 0.0014 -0.002933333333)
(-5e-05 0.001466666667 -0.002933333333)
(5e-05 0.001466666667 -0.002933333333)
(-5e-05 0.001533333333 -0.002933333333)
(5e-05 0.001533333333 -0.002933333333)
(-5e-05 0.0016 -0.002933333333)
(5e-05 0.0016 -0.002933333333)
(-5e-05 0.001666666667 -0.002933333333)
(5e-05 0.001666666667 -0.002933333333)
(-5e-05 0.001733333333 -0.002933333333)
(5e-05 0.001733333333 -0.002933333333)
(-5e-05 0.0018 -0.002933333333)
(5e-05 0.0018 -0.002933333333)
(-5e-05 0.001866666667 -0.002933333333)
(5e-05 0.001866666667 -0.002933333333)
(-5e-05 0.001933333333 -0.002933333333)
(5e-05 0.001933333333 -0.002933333333)
(-5e-05 0.002 -0.002933333333)
(5e-05 0.002 -0.002933333333)
(-5e-05 0.002066666667 -0.002933333333)
(5e-05 0.002066666667 -0.002933333333)
(-5e-05 0.002133333333 -0.002933333333)
(5e-05 0.002133333333 -0.002933333333)
(-5e-05 0.0022 -0.002933333333)
(5e-05 0.0022 -0.002933333333)
(-5e-05 0.002266666667 -0.002933333333)
(5e-05 0.002266666667 -0.002933333333)
(-5e-05 0.002333333333 -0.002933333333)
(5e-05 0.002333333333 -0.002933333333)
(-5e-05 0.0024 -0.002933333333)
(5e-05 0.0024 -0.002933333333)
(-5e-05 0.002466666667 -0.002933333333)
(5e-05 0.002466666667 -0.002933333333)
(-5e-05 0.002533333333 -0.002933333333)
(5e-05 0.002533333333 -0.002933333333)
(-5e-05 0.0026 -0.002933333333)
(5e-05 0.0026 -0.002933333333)
(-5e-05 0.002666666667 -0.002933333333)
(5e-05 0.002666666667 -0.002933333333)
(-5e-05 0.002733333333 -0.002933333333)
(5e-05 0.002733333333 -0.002933333333)
(-5e-05 0.0028 -0.002933333333)
(5e-05 0.0028 -0.002933333333)
(-5e-05 0.002866666667 -0.002933333333)
(5e-05 0.002866666667 -0.002933333333)
(-5e-05 0.002933333333 -0.002933333333)
(5e-05 0.002933333333 -0.002933333333)
(-5e-05 0.003 -0.002933333333)
(5e-05 0.003 -0.002933333333)
(-5e-05 0.003066666667 -0.002933333333)
(5e-05 0.003066666667 -0.002933333333)
(-5e-05 0.003133333333 -0.002933333333)
(5e-05 0.003133333333 -0.002933333333)
(-5e-05 0.0032 -0.002933333333)
(5e-05 0.0032 -0.002933333333)
(-5e-05 0.003266666667 -0.002933333333)
(5e-05 0.003266666667 -0.002933333333)
(-5e-05 0.003333333333 -0.002933333333)
(5e-05 0.003333333333 -0.002933333333)
(-5e-05 0.0034 -0.002933333333)
(5e-05 0.0034 -0.002933333333)
(-5e-05 0.003466666667 -0.002933333333)
(5e-05 0.003466666667 -0.002933333333)
(-5e-05 0.003533333333 -0.002933333333)
(5e-05 0.003533333333 -0.002933333333)
(-5e-05 0.0036 -0.002933333333)
(5e-05 0.0036 -0.002933333333)
(-5e-05 0.003666666667 -0.002933333333)
(5e-05 0.003666666667 -0.002933333333)
(-5e-05 0.003733333333 -0.002933333333)
(5e-05 0.003733333333 -0.002933333333)
(-5e-05 0.0038 -0.002933333333)
(5e-05 0.0038 -0.002933333333)
(-5e-05 0.003866666667 -0.002933333333)
(5e-05 0.003866666667 -0.002933333333)
(-5e-05 0.003933333333 -0.002933333333)
(5e-05 0.003933333333 -0.002933333333)
(-5e-05 0.004 -0.002933333333)
(5e-05 0.004 -0.002933333333)
(-5e-05 0 -0.002866666667)
(5e-05 0 -0.002866666667)
(-5e-05 6.666666667e-05 -0.002866666667)
(5e-05 6.666666667e-05 -0.002866666667)
(-5e-05 0.0001333333333 -0.002866666667)
(5e-05 0.0001333333333 -0.002866666667)
(-5e-05 0.0002 -0.002866666667)
(5e-05 0.0002 -0.002866666667)
(-5e-05 0.0002666666667 -0.002866666667)
(5e-05 0.0002666666667 -0.002866666667)
(-5e-05 0.0003333333333 -0.002866666667)
(5e-05 0.0003333333333 -0.002866666667)
(-5e-05 0.0004 -0.002866666667)
(5e-05 0.0004 -0.002866666667)
(-5e-05 0.0004666666667 -0.002866666667)
(5e-05 0.0004666666667 -0.002866666667)
(-5e-05 0.0005333333333 -0.002866666667)
(5e-05 0.0005333333333 -0.002866666667)
(-5e-05 0.0006 -0.002866666667)
(5e-05 0.0006 -0.002866666667)
(-5e-05 0.0006666666667 -0.002866666667)
(5e-05 0.0006666666667 -0.002866666667)
(-5e-05 0.0007333333333 -0.002866666667)
(5e-05 0.0007333333333 -0.002866666667)
(-5e-05 0.0008 -0.002866666667)
(5e-05 0.0008 -0.002866666667)
(-5e-05 0.0008666666667 -0.002866666667)
(5e-05 0.0008666666667 -0.002866666667)
(-5e-05 0.0009333333333 -0.002866666667)
(5e-05 0.0009333333333 -0.002866666667)
(-5e-05 0.001 -0.002866666667)
(5e-05 0.001 -0.002866666667)
(-5e-05 0.001066666667 -0.002866666667)
(5e-05 0.001066666667 -0.002866666667)
(-5e-05 0.001133333333 -0.002866666667)
(5e-05 0.001133333333 -0.002866666667)
(-5e-05 0.0012 -0.002866666667)
(5e-05 0.0012 -0.002866666667)
(-5e-05 0.001266666667 -0.002866666667)
(5e-05 0.001266666667 -0.002866666667)
(-5e-05 0.001333333333 -0.002866666667)
(5e-05 0.001333333333 -0.002866666667)
(-5e-05 0.0014 -0.002866666667)
(5e-05 0.0014 -0.002866666667)
(-5e-05 0.001466666667 -0.002866666667)
(5e-05 0.001466666667 -0.002866666667)
(-5e-05 0.001533333333 -0.002866666667)
(5e-05 0.001533333333 -0.002866666667)
(-5e-05 0.0016 -0.002866666667)
(5e-05 0.0016 -0.002866666667)
(-5e-05 0.001666666667 -0.002866666667)
(5e-05 0.001666666667 -0.002866666667)
(-5e-05 0.001733333333 -0.002866666667)
(5e-05 0.001733333333 -0.002866666667)
(-5e-05 0.0018 -0.002866666667)
(5e-05 0.0018 -0.002866666667)
(-5e-05 0.001866666667 -0.002866666667)
(5e-05 0.001866666667 -0.002866666667)
(-5e-05 0.001933333333 -0.002866666667)
(5e-05 0.001933333333 -0.002866666667)
(-5e-05 0.002 -0.002866666667)
(5e-05 0.002 -0.002866666667)
(-5e-05 0.002066666667 -0.002866666667)
(5e-05 0.002066666667 -0.002866666667)
(-5e-05 0.002133333333 -0.002866666667)
(5e-05 0.002133333333 -0.002866666667)
(-5e-05 0.0022 -0.002866666667)
(5e-05 0.0022 -0.002866666667)
(-5e-05 0.002266666667 -0.002866666667)
(5e-05 0.002266666667 -0.002866666667)
(-5e-05 0.002333333333 -0.002866666667)
(5e-05 0.002333333333 -0.002866666667)
(-5e-05 0.0024 -0.002866666667)
(5e-05 0.0024 -0.002866666667)
(-5e-05 0.002466666667 -0.002866666667)
(5e-05 0.002466666667 -0.002866666667)
(-5e-05 0.002533333333 -0.002866666667)
(5e-05 0.002533333333 -0.002866666667)
(-5e-05 0.0026 -0.002866666667)
(5e-05 0.0026 -0.002866666667)
(-5e-05 0.002666666667 -0.002866666667)
(5e-05 0.002666666667 -0.002866666667)
(-5e-05 0.002733333333 -0.002866666667)
(5e-05 0.002733333333 -0.002866666667)
(-5e-05 0.0028 -0.002866666667)
(5e-05 0.0028 -0.002866666667)
(-5e-05 0.002866666667 -0.002866666667)
(5e-05 0.002866666667 -0.002866666667)
(-5e-05 0.002933333333 -0.002866666667)
(5e-05 0.002933333333 -0.002866666667)
(-5e-05 0.003 -0.002866666667)
(5e-05 0.003 -0.002866666667)
(-5e-05 0.003066666667 -0.002866666667)
(5e-05 0.003066666667 -0.002866666667)
(-5e-05 0.003133333333 -0.002866666667)
(5e-05 0.003133333333 -0.002866666667)
(-5e-05 0.0032 -0.002866666667)
(5e-05 0.0032 -0.002866666667)
(-5e-05 0.003266666667 -0.002866666667)
(5e-05 0.003266666667 -0.002866666667)
(-5e-05 0.003333333333 -0.002866666667)
(5e-05 0.003333333333 -0.002866666667)
(-5e-05 0.0034 -0.002866666667)
(5e-05 0.0034 -0.002866666667)
(-5e-05 0.003466666667 -0.002866666667)
(5e-05 0.003466666667 -0.002866666667)
(-5e-05 0.003533333333 -0.002866666667)
(5e-05 0.003533333333 -0.002866666667)
(-5e-05 0.0036 -0.002866666667)
(5e-05 0.0036 -0.002866666667)
(-5e-05 0.003666666667 -0.002866666667)
(5e-05 0.003666666667 -0.002866666667)
(-5e-05 0.003733333333 -0.002866666667)
(5e-05 0.003733333333 -0.002866666667)
(-5e-05 0.0038 -0.002866666667)
(5e-05 0.0038 -0.002866666667)
(-5e-05 0.003866666667 -0.002866666667)
(5e-05 0.003866666667 -0.002866666667)
(-5e-05 0.003933333333 -0.002866666667)
(5e-05 0.003933333333 -0.002866666667)
(-5e-05 0.004 -0.002866666667)
(5e-05 0.004 -0.002866666667)
(-5e-05 0 -0.0028)
(5e-05 0 -0.0028)
(-5e-05 6.666666667e-05 -0.0028)
(5e-05 6.666666667e-05 -0.0028)
(-5e-05 0.0001333333333 -0.0028)
(5e-05 0.0001333333333 -0.0028)
(-5e-05 0.0002 -0.0028)
(5e-05 0.0002 -0.0028)
(-5e-05 0.0002666666667 -0.0028)
(5e-05 0.0002666666667 -0.0028)
(-5e-05 0.0003333333333 -0.0028)
(5e-05 0.0003333333333 -0.0028)
(-5e-05 0.0004 -0.0028)
(5e-05 0.0004 -0.0028)
(-5e-05 0.0004666666667 -0.0028)
(5e-05 0.0004666666667 -0.0028)
(-5e-05 0.0005333333333 -0.0028)
(5e-05 0.0005333333333 -0.0028)
(-5e-05 0.0006 -0.0028)
(5e-05 0.0006 -0.0028)
(-5e-05 0.0006666666667 -0.0028)
(5e-05 0.0006666666667 -0.0028)
(-5e-05 0.0007333333333 -0.0028)
(5e-05 0.0007333333333 -0.0028)
(-5e-05 0.0008 -0.0028)
(5e-05 0.0008 -0.0028)
(-5e-05 0.0008666666667 -0.0028)
(5e-05 0.0008666666667 -0.0028)
(-5e-05 0.0009333333333 -0.0028)
(5e-05 0.0009333333333 -0.0028)
(-5e-05 0.001 -0.0028)
(5e-05 0.001 -0.0028)
(-5e-05 0.001066666667 -0.0028)
(5e-05 0.001066666667 -0.0028)
(-5e-05 0.001133333333 -0.0028)
(5e-05 0.001133333333 -0.0028)
(-5e-05 0.0012 -0.0028)
(5e-05 0.0012 -0.0028)
(-5e-05 0.001266666667 -0.0028)
(5e-05 0.001266666667 -0.0028)
(-5e-05 0.001333333333 -0.0028)
(5e-05 0.001333333333 -0.0028)
(-5e-05 0.0014 -0.0028)
(5e-05 0.0014 -0.0028)
(-5e-05 0.001466666667 -0.0028)
(5e-05 0.001466666667 -0.0028)
(-5e-05 0.001533333333 -0.0028)
(5e-05 0.001533333333 -0.0028)
(-5e-05 0.0016 -0.0028)
(5e-05 0.0016 -0.0028)
(-5e-05 0.001666666667 -0.0028)
(5e-05 0.001666666667 -0.0028)
(-5e-05 0.001733333333 -0.0028)
(5e-05 0.001733333333 -0.0028)
(-5e-05 0.0018 -0.0028)
(5e-05 0.0018 -0.0028)
(-5e-05 0.001866666667 -0.0028)
(5e-05 0.001866666667 -0.0028)
(-5e-05 0.001933333333 -0.0028)
(5e-05 0.001933333333 -0.0028)
(-5e-05 0.002 -0.0028)
(5e-05 0.002 -0.0028)
(-5e-05 0.002066666667 -0.0028)
(5e-05 0.002066666667 -0.0028)
(-5e-05 0.002133333333 -0.0028)
(5e-05 0.002133333333 -0.0028)
(-5e-05 0.0022 -0.0028)
(5e-05 0.0022 -0.0028)
(-5e-05 0.002266666667 -0.0028)
(5e-05 0.002266666667 -0.0028)
(-5e-05 0.002333333333 -0.0028)
(5e-05 0.002333333333 -0.0028)
(-5e-05 0.0024 -0.0028)
(5e-05 0.0024 -0.0028)
(-5e-05 0.002466666667 -0.0028)
(5e-05 0.002466666667 -0.0028)
(-5e-05 0.002533333333 -0.0028)
(5e-05 0.002533333333 -0.0028)
(-5e-05 0.0026 -0.0028)
(5e-05 0.0026 -0.0028)
(-5e-05 0.002666666667 -0.0028)
(5e-05 0.002666666667 -0.0028)
(-5e-05 0.002733333333 -0.0028)
(5e-05 0.002733333333 -0.0028)
(-5e-05 0.0028 -0.0028)
(5e-05 0.0028 -0.0028)
(-5e-05 0.002866666667 -0.0028)
(5e-05 0.002866666667 -0.0028)
(-5e-05 0.002933333333 -0.0028)
(5e-05 0.002933333333 -0.0028)
(-5e-05 0.003 -0.0028)
(5e-05 0.003 -0.0028)
(-5e-05 0.003066666667 -0.0028)
(5e-05 0.003066666667 -0.0028)
(-5e-05 0.003133333333 -0.0028)
(5e-05 0.003133333333 -0.0028)
(-5e-05 0.0032 -0.0028)
(5e-05 0.0032 -0.0028)
(-5e-05 0.003266666667 -0.0028)
(5e-05 0.003266666667 -0.0028)
(-5e-05 0.003333333333 -0.0028)
(5e-05 0.003333333333 -0.0028)
(-5e-05 0.0034 -0.0028)
(5e-05 0.0034 -0.0028)
(-5e-05 0.003466666667 -0.0028)
(5e-05 0.003466666667 -0.0028)
(-5e-05 0.003533333333 -0.0028)
(5e-05 0.003533333333 -0.0028)
(-5e-05 0.0036 -0.0028)
(5e-05 0.0036 -0.0028)
(-5e-05 0.003666666667 -0.0028)
(5e-05 0.003666666667 -0.0028)
(-5e-05 0.003733333333 -0.0028)
(5e-05 0.003733333333 -0.0028)
(-5e-05 0.0038 -0.0028)
(5e-05 0.0038 -0.0028)
(-5e-05 0.003866666667 -0.0028)
(5e-05 0.003866666667 -0.0028)
(-5e-05 0.003933333333 -0.0028)
(5e-05 0.003933333333 -0.0028)
(-5e-05 0.004 -0.0028)
(5e-05 0.004 -0.0028)
(-5e-05 0 -0.002733333333)
(5e-05 0 -0.002733333333)
(-5e-05 6.666666667e-05 -0.002733333333)
(5e-05 6.666666667e-05 -0.002733333333)
(-5e-05 0.0001333333333 -0.002733333333)
(5e-05 0.0001333333333 -0.002733333333)
(-5e-05 0.0002 -0.002733333333)
(5e-05 0.0002 -0.002733333333)
(-5e-05 0.0002666666667 -0.002733333333)
(5e-05 0.0002666666667 -0.002733333333)
(-5e-05 0.0003333333333 -0.002733333333)
(5e-05 0.0003333333333 -0.002733333333)
(-5e-05 0.0004 -0.002733333333)
(5e-05 0.0004 -0.002733333333)
(-5e-05 0.0004666666667 -0.002733333333)
(5e-05 0.0004666666667 -0.002733333333)
(-5e-05 0.0005333333333 -0.002733333333)
(5e-05 0.0005333333333 -0.002733333333)
(-5e-05 0.0006 -0.002733333333)
(5e-05 0.0006 -0.002733333333)
(-5e-05 0.0006666666667 -0.002733333333)
(5e-05 0.0006666666667 -0.002733333333)
(-5e-05 0.0007333333333 -0.002733333333)
(5e-05 0.0007333333333 -0.002733333333)
(-5e-05 0.0008 -0.002733333333)
(5e-05 0.0008 -0.002733333333)
(-5e-05 0.0008666666667 -0.002733333333)
(5e-05 0.0008666666667 -0.002733333333)
(-5e-05 0.0009333333333 -0.002733333333)
(5e-05 0.0009333333333 -0.002733333333)
(-5e-05 0.001 -0.002733333333)
(5e-05 0.001 -0.002733333333)
(-5e-05 0.001066666667 -0.002733333333)
(5e-05 0.001066666667 -0.002733333333)
(-5e-05 0.001133333333 -0.002733333333)
(5e-05 0.001133333333 -0.002733333333)
(-5e-05 0.0012 -0.002733333333)
(5e-05 0.0012 -0.002733333333)
(-5e-05 0.001266666667 -0.002733333333)
(5e-05 0.001266666667 -0.002733333333)
(-5e-05 0.001333333333 -0.002733333333)
(5e-05 0.001333333333 -0.002733333333)
(-5e-05 0.0014 -0.002733333333)
(5e-05 0.0014 -0.002733333333)
(-5e-05 0.001466666667 -0.002733333333)
(5e-05 0.001466666667 -0.002733333333)
(-5e-05 0.001533333333 -0.002733333333)
(5e-05 0.001533333333 -0.002733333333)
(-5e-05 0.0016 -0.002733333333)
(5e-05 0.0016 -0.002733333333)
(-5e-05 0.001666666667 -0.002733333333)
(5e-05 0.001666666667 -0.002733333333)
(-5e-05 0.001733333333 -0.002733333333)
(5e-05 0.001733333333 -0.002733333333)
(-5e-05 0.0018 -0.002733333333)
(5e-05 0.0018 -0.002733333333)
(-5e-05 0.001866666667 -0.002733333333)
(5e-05 0.001866666667 -0.002733333333)
(-5e-05 0.001933333333 -0.002733333333)
(5e-05 0.001933333333 -0.002733333333)
(-5e-05 0.002 -0.002733333333)
(5e-05 0.002 -0.002733333333)
(-5e-05 0.002066666667 -0.002733333333)
(5e-05 0.002066666667 -0.002733333333)
(-5e-05 0.002133333333 -0.002733333333)
(5e-05 0.002133333333 -0.002733333333)
(-5e-05 0.0022 -0.002733333333)
(5e-05 0.0022 -0.002733333333)
(-5e-05 0.002266666667 -0.002733333333)
(5e-05 0.002266666667 -0.002733333333)
(-5e-05 0.002333333333 -0.002733333333)
(5e-05 0.002333333333 -0.002733333333)
(-5e-05 0.0024 -0.002733333333)
(5e-05 0.0024 -0.002733333333)
(-5e-05 0.002466666667 -0.002733333333)
(5e-05 0.002466666667 -0.002733333333)
(-5e-05 0.002533333333 -0.002733333333)
(5e-05 0.002533333333 -0.002733333333)
(-5e-05 0.0026 -0.002733333333)
(5e-05 0.0026 -0.002733333333)
(-5e-05 0.002666666667 -0.002733333333)
(5e-05 0.002666666667 -0.002733333333)
(-5e-05 0.002733333333 -0.002733333333)
(5e-05 0.002733333333 -0.002733333333)
(-5e-05 0.0028 -0.002733333333)
(5e-05 0.0028 -0.002733333333)
(-5e-05 0.002866666667 -0.002733333333)
(5e-05 0.002866666667 -0.002733333333)
(-5e-05 0.002933333333 -0.002733333333)
(5e-05 0.002933333333 -0.002733333333)
(-5e-05 0.003 -0.002733333333)
(5e-05 0.003 -0.002733333333)
(-5e-05 0.003066666667 -0.002733333333)
(5e-05 0.003066666667 -0.002733333333)
(-5e-05 0.003133333333 -0.002733333333)
(5e-05 0.003133333333 -0.002733333333)
(-5e-05 0.0032 -0.002733333333)
(5e-05 0.0032 -0.002733333333)
(-5e-05 0.003266666667 -0.002733333333)
(5e-05 0.003266666667 -0.002733333333)
(-5e-05 0.003333333333 -0.002733333333)
(5e-05 0.003333333333 -0.002733333333)
(-5e-05 0.0034 -0.002733333333)
(5e-05 0.0034 -0.002733333333)
(-5e-05 0.003466666667 -0.002733333333)
(5e-05 0.003466666667 -0.002733333333)
(-5e-05 0.003533333333 -0.002733333333)
(5e-05 0.003533333333 -0.002733333333)
(-5e-05 0.0036 -0.002733333333)
(5e-05 0.0036 -0.002733333333)
(-5e-05 0.003666666667 -0.002733333333)
(5e-05 0.003666666667 -0.002733333333)
(-5e-05 0.003733333333 -0.002733333333)
(5e-05 0.003733333333 -0.002733333333)
(-5e-05 0.0038 -0.002733333333)
(5e-05 0.0038 -0.002733333333)
(-5e-05 0.003866666667 -0.002733333333)
(5e-05 0.003866666667 -0.002733333333)
(-5e-05 0.003933333333 -0.002733333333)
(5e-05 0.003933333333 -0.002733333333)
(-5e-05 0.004 -0.002733333333)
(5e-05 0.004 -0.002733333333)
(-5e-05 0 -0.002666666667)
(5e-05 0 -0.002666666667)
(-5e-05 6.666666667e-05 -0.002666666667)
(5e-05 6.666666667e-05 -0.002666666667)
(-5e-05 0.0001333333333 -0.002666666667)
(5e-05 0.0001333333333 -0.002666666667)
(-5e-05 0.0002 -0.002666666667)
(5e-05 0.0002 -0.002666666667)
(-5e-05 0.0002666666667 -0.002666666667)
(5e-05 0.0002666666667 -0.002666666667)
(-5e-05 0.0003333333333 -0.002666666667)
(5e-05 0.0003333333333 -0.002666666667)
(-5e-05 0.0004 -0.002666666667)
(5e-05 0.0004 -0.002666666667)
(-5e-05 0.0004666666667 -0.002666666667)
(5e-05 0.0004666666667 -0.002666666667)
(-5e-05 0.0005333333333 -0.002666666667)
(5e-05 0.0005333333333 -0.002666666667)
(-5e-05 0.0006 -0.002666666667)
(5e-05 0.0006 -0.002666666667)
(-5e-05 0.0006666666667 -0.002666666667)
(5e-05 0.0006666666667 -0.002666666667)
(-5e-05 0.0007333333333 -0.002666666667)
(5e-05 0.0007333333333 -0.002666666667)
(-5e-05 0.0008 -0.002666666667)
(5e-05 0.0008 -0.002666666667)
(-5e-05 0.0008666666667 -0.002666666667)
(5e-05 0.0008666666667 -0.002666666667)
(-5e-05 0.0009333333333 -0.002666666667)
(5e-05 0.0009333333333 -0.002666666667)
(-5e-05 0.001 -0.002666666667)
(5e-05 0.001 -0.002666666667)
(-5e-05 0.001066666667 -0.002666666667)
(5e-05 0.001066666667 -0.002666666667)
(-5e-05 0.001133333333 -0.002666666667)
(5e-05 0.001133333333 -0.002666666667)
(-5e-05 0.0012 -0.002666666667)
(5e-05 0.0012 -0.002666666667)
(-5e-05 0.001266666667 -0.002666666667)
(5e-05 0.001266666667 -0.002666666667)
(-5e-05 0.001333333333 -0.002666666667)
(5e-05 0.001333333333 -0.002666666667)
(-5e-05 0.0014 -0.002666666667)
(5e-05 0.0014 -0.002666666667)
(-5e-05 0.001466666667 -0.002666666667)
(5e-05 0.001466666667 -0.002666666667)
(-5e-05 0.001533333333 -0.002666666667)
(5e-05 0.001533333333 -0.002666666667)
(-5e-05 0.0016 -0.002666666667)
(5e-05 0.0016 -0.002666666667)
(-5e-05 0.001666666667 -0.002666666667)
(5e-05 0.001666666667 -0.002666666667)
(-5e-05 0.001733333333 -0.002666666667)
(5e-05 0.001733333333 -0.002666666667)
(-5e-05 0.0018 -0.002666666667)
(5e-05 0.0018 -0.002666666667)
(-5e-05 0.001866666667 -0.002666666667)
(5e-05 0.001866666667 -0.002666666667)
(-5e-05 0.001933333333 -0.002666666667)
(5e-05 0.001933333333 -0.002666666667)
(-5e-05 0.002 -0.002666666667)
(5e-05 0.002 -0.002666666667)
(-5e-05 0.002066666667 -0.002666666667)
(5e-05 0.002066666667 -0.002666666667)
(-5e-05 0.002133333333 -0.002666666667)
(5e-05 0.002133333333 -0.002666666667)
(-5e-05 0.0022 -0.002666666667)
(5e-05 0.0022 -0.002666666667)
(-5e-05 0.002266666667 -0.002666666667)
(5e-05 0.002266666667 -0.002666666667)
(-5e-05 0.002333333333 -0.002666666667)
(5e-05 0.002333333333 -0.002666666667)
(-5e-05 0.0024 -0.002666666667)
(5e-05 0.0024 -0.002666666667)
(-5e-05 0.002466666667 -0.002666666667)
(5e-05 0.002466666667 -0.002666666667)
(-5e-05 0.002533333333 -0.002666666667)
(5e-05 0.002533333333 -0.002666666667)
(-5e-05 0.0026 -0.002666666667)
(5e-05 0.0026 -0.002666666667)
(-5e-05 0.002666666667 -0.002666666667)
(5e-05 0.002666666667 -0.002666666667)
(-5e-05 0.002733333333 -0.002666666667)
(5e-05 0.002733333333 -0.002666666667)
(-5e-05 0.0028 -0.002666666667)
(5e-05 0.0028 -0.002666666667)
(-5e-05 0.002866666667 -0.002666666667)
(5e-05 0.002866666667 -0.002666666667)
(-5e-05 0.002933333333 -0.002666666667)
(5e-05 0.002933333333 -0.002666666667)
(-5e-05 0.003 -0.002666666667)
(5e-05 0.003 -0.002666666667)
(-5e-05 0.003066666667 -0.002666666667)
(5e-05 0.003066666667 -0.002666666667)
(-5e-05 0.003133333333 -0.002666666667)
(5e-05 0.003133333333 -0.002666666667)
(-5e-05 0.0032 -0.002666666667)
(5e-05 0.0032 -0.002666666667)
(-5e-05 0.003266666667 -0.002666666667)
(5e-05 0.003266666667 -0.002666666667)
(-5e-05 0.003333333333 -0.002666666667)
(5e-05 0.003333333333 -0.002666666667)
(-5e-05 0.0034 -0.002666666667)
(5e-05 0.0034 -0.002666666667)
(-5e-05 0.003466666667 -0.002666666667)
(5e-05 0.003466666667 -0.002666666667)
(-5e-05 0.003533333333 -0.002666666667)
(5e-05 0.003533333333 -0.002666666667)
(-5e-05 0.0036 -0.002666666667)
(5e-05 0.0036 -0.002666666667)
(-5e-05 0.003666666667 -0.002666666667)
(5e-05 0.003666666667 -0.002666666667)
(-5e-05 0.003733333333 -0.002666666667)
(5e-05 0.003733333333 -0.002666666667)
(-5e-05 0.0038 -0.002666666667)
(5e-05 0.0038 -0.002666666667)
(-5e-05 0.003866666667 -0.002666666667)
(5e-05 0.003866666667 -0.002666666667)
(-5e-05 0.003933333333 -0.002666666667)
(5e-05 0.003933333333 -0.002666666667)
(-5e-05 0.004 -0.002666666667)
(5e-05 0.004 -0.002666666667)
(-5e-05 0 -0.0026)
(5e-05 0 -0.0026)
(-5e-05 6.666666667e-05 -0.0026)
(5e-05 6.666666667e-05 -0.0026)
(-5e-05 0.0001333333333 -0.0026)
(5e-05 0.0001333333333 -0.0026)
(-5e-05 0.0002 -0.0026)
(5e-05 0.0002 -0.0026)
(-5e-05 0.0002666666667 -0.0026)
(5e-05 0.0002666666667 -0.0026)
(-5e-05 0.0003333333333 -0.0026)
(5e-05 0.0003333333333 -0.0026)
(-5e-05 0.0004 -0.0026)
(5e-05 0.0004 -0.0026)
(-5e-05 0.0004666666667 -0.0026)
(5e-05 0.0004666666667 -0.0026)
(-5e-05 0.0005333333333 -0.0026)
(5e-05 0.0005333333333 -0.0026)
(-5e-05 0.0006 -0.0026)
(5e-05 0.0006 -0.0026)
(-5e-05 0.0006666666667 -0.0026)
(5e-05 0.0006666666667 -0.0026)
(-5e-05 0.0007333333333 -0.0026)
(5e-05 0.0007333333333 -0.0026)
(-5e-05 0.0008 -0.0026)
(5e-05 0.0008 -0.0026)
(-5e-05 0.0008666666667 -0.0026)
(5e-05 0.0008666666667 -0.0026)
(-5e-05 0.0009333333333 -0.0026)
(5e-05 0.0009333333333 -0.0026)
(-5e-05 0.001 -0.0026)
(5e-05 0.001 -0.0026)
(-5e-05 0.001066666667 -0.0026)
(5e-05 0.001066666667 -0.0026)
(-5e-05 0.001133333333 -0.0026)
(5e-05 0.001133333333 -0.0026)
(-5e-05 0.0012 -0.0026)
(5e-05 0.0012 -0.0026)
(-5e-05 0.001266666667 -0.0026)
(5e-05 0.001266666667 -0.0026)
(-5e-05 0.001333333333 -0.0026)
(5e-05 0.001333333333 -0.0026)
(-5e-05 0.0014 -0.0026)
(5e-05 0.0014 -0.0026)
(-5e-05 0.001466666667 -0.0026)
(5e-05 0.001466666667 -0.0026)
(-5e-05 0.001533333333 -0.0026)
(5e-05 0.001533333333 -0.0026)
(-5e-05 0.0016 -0.0026)
(5e-05 0.0016 -0.0026)
(-5e-05 0.001666666667 -0.0026)
(5e-05 0.001666666667 -0.0026)
(-5e-05 0.001733333333 -0.0026)
(5e-05 0.001733333333 -0.0026)
(-5e-05 0.0018 -0.0026)
(5e-05 0.0018 -0.0026)
(-5e-05 0.001866666667 -0.0026)
(5e-05 0.001866666667 -0.0026)
(-5e-05 0.001933333333 -0.0026)
(5e-05 0.001933333333 -0.0026)
(-5e-05 0.002 -0.0026)
(5e-05 0.002 -0.0026)
(-5e-05 0.002066666667 -0.0026)
(5e-05 0.002066666667 -0.0026)
(-5e-05 0.002133333333 -0.0026)
(5e-05 0.002133333333 -0.0026)
(-5e-05 0.0022 -0.0026)
(5e-05 0.0022 -0.0026)
(-5e-05 0.002266666667 -0.0026)
(5e-05 0.002266666667 -0.0026)
(-5e-05 0.002333333333 -0.0026)
(5e-05 0.002333333333 -0.0026)
(-5e-05 0.0024 -0.0026)
(5e-05 0.0024 -0.0026)
(-5e-05 0.002466666667 -0.0026)
(5e-05 0.002466666667 -0.0026)
(-5e-05 0.002533333333 -0.0026)
(5e-05 0.002533333333 -0.0026)
(-5e-05 0.0026 -0.0026)
(5e-05 0.0026 -0.0026)
(-5e-05 0.002666666667 -0.0026)
(5e-05 0.002666666667 -0.0026)
(-5e-05 0.002733333333 -0.0026)
(5e-05 0.002733333333 -0.0026)
(-5e-05 0.0028 -0.0026)
(5e-05 0.0028 -0.0026)
(-5e-05 0.002866666667 -0.0026)
(5e-05 0.002866666667 -0.0026)
(-5e-05 0.002933333333 -0.0026)
(5e-05 0.002933333333 -0.0026)
(-5e-05 0.003 -0.0026)
(5e-05 0.003 -0.0026)
(-5e-05 0.003066666667 -0.0026)
(5e-05 0.003066666667 -0.0026)
(-5e-05 0.003133333333 -0.0026)
(5e-05 0.003133333333 -0.0026)
(-5e-05 0.0032 -0.0026)
(5e-05 0.0032 -0.0026)
(-5e-05 0.003266666667 -0.0026)
(5e-05 0.003266666667 -0.0026)
(-5e-05 0.003333333333 -0.0026)
(5e-05 0.003333333333 -0.0026)
(-5e-05 0.0034 -0.0026)
(5e-05 0.0034 -0.0026)
(-5e-05 0.003466666667 -0.0026)
(5e-05 0.003466666667 -0.0026)
(-5e-05 0.003533333333 -0.0026)
(5e-05 0.003533333333 -0.0026)
(-5e-05 0.0036 -0.0026)
(5e-05 0.0036 -0.0026)
(-5e-05 0.003666666667 -0.0026)
(5e-05 0.003666666667 -0.0026)
(-5e-05 0.003733333333 -0.0026)
(5e-05 0.003733333333 -0.0026)
(-5e-05 0.0038 -0.0026)
(5e-05 0.0038 -0.0026)
(-5e-05 0.003866666667 -0.0026)
(5e-05 0.003866666667 -0.0026)
(-5e-05 0.003933333333 -0.0026)
(5e-05 0.003933333333 -0.0026)
(-5e-05 0.004 -0.0026)
(5e-05 0.004 -0.0026)
(-5e-05 0 -0.002533333333)
(5e-05 0 -0.002533333333)
(-5e-05 6.666666667e-05 -0.002533333333)
(5e-05 6.666666667e-05 -0.002533333333)
(-5e-05 0.0001333333333 -0.002533333333)
(5e-05 0.0001333333333 -0.002533333333)
(-5e-05 0.0002 -0.002533333333)
(5e-05 0.0002 -0.002533333333)
(-5e-05 0.0002666666667 -0.002533333333)
(5e-05 0.0002666666667 -0.002533333333)
(-5e-05 0.0003333333333 -0.002533333333)
(5e-05 0.0003333333333 -0.002533333333)
(-5e-05 0.0004 -0.002533333333)
(5e-05 0.0004 -0.002533333333)
(-5e-05 0.0004666666667 -0.002533333333)
(5e-05 0.0004666666667 -0.002533333333)
(-5e-05 0.0005333333333 -0.002533333333)
(5e-05 0.0005333333333 -0.002533333333)
(-5e-05 0.0006 -0.002533333333)
(5e-05 0.0006 -0.002533333333)
(-5e-05 0.0006666666667 -0.002533333333)
(5e-05 0.0006666666667 -0.002533333333)
(-5e-05 0.0007333333333 -0.002533333333)
(5e-05 0.0007333333333 -0.002533333333)
(-5e-05 0.0008 -0.002533333333)
(5e-05 0.0008 -0.002533333333)
(-5e-05 0.0008666666667 -0.002533333333)
(5e-05 0.0008666666667 -0.002533333333)
(-5e-05 0.0009333333333 -0.002533333333)
(5e-05 0.0009333333333 -0.002533333333)
(-5e-05 0.001 -0.002533333333)
(5e-05 0.001 -0.002533333333)
(-5e-05 0.001066666667 -0.002533333333)
(5e-05 0.001066666667 -0.002533333333)
(-5e-05 0.001133333333 -0.002533333333)
(5e-05 0.001133333333 -0.002533333333)
(-5e-05 0.0012 -0.002533333333)
(5e-05 0.0012 -0.002533333333)
(-5e-05 0.001266666667 -0.002533333333)
(5e-05 0.001266666667 -0.002533333333)
(-5e-05 0.001333333333 -0.002533333333)
(5e-05 0.001333333333 -0.002533333333)
(-5e-05 0.0014 -0.002533333333)
(5e-05 0.0014 -0.002533333333)
(-5e-05 0.001466666667 -0.002533333333)
(5e-05 0.001466666667 -0.002533333333)
(-5e-05 0.001533333333 -0.002533333333)
(5e-05 0.001533333333 -0.002533333333)
(-5e-05 0.0016 -0.002533333333)
(5e-05 0.0016 -0.002533333333)
(-5e-05 0.001666666667 -0.002533333333)
(5e-05 0.001666666667 -0.002533333333)
(-5e-05 0.001733333333 -0.002533333333)
(5e-05 0.001733333333 -0.002533333333)
(-5e-05 0.0018 -0.002533333333)
(5e-05 0.0018 -0.002533333333)
(-5e-05 0.001866666667 -0.002533333333)
(5e-05 0.001866666667 -0.002533333333)
(-5e-05 0.001933333333 -0.002533333333)
(5e-05 0.001933333333 -0.002533333333)
(-5e-05 0.002 -0.002533333333)
(5e-05 0.002 -0.002533333333)
(-5e-05 0.002066666667 -0.002533333333)
(5e-05 0.002066666667 -0.002533333333)
(-5e-05 0.002133333333 -0.002533333333)
(5e-05 0.002133333333 -0.002533333333)
(-5e-05 0.0022 -0.002533333333)
(5e-05 0.0022 -0.002533333333)
(-5e-05 0.002266666667 -0.002533333333)
(5e-05 0.002266666667 -0.002533333333)
(-5e-05 0.002333333333 -0.002533333333)
(5e-05 0.002333333333 -0.002533333333)
(-5e-05 0.0024 -0.002533333333)
(5e-05 0.0024 -0.002533333333)
(-5e-05 0.002466666667 -0.002533333333)
(5e-05 0.002466666667 -0.002533333333)
(-5e-05 0.002533333333 -0.002533333333)
(5e-05 0.002533333333 -0.002533333333)
(-5e-05 0.0026 -0.002533333333)
(5e-05 0.0026 -0.002533333333)
(-5e-05 0.002666666667 -0.002533333333)
(5e-05 0.002666666667 -0.002533333333)
(-5e-05 0.002733333333 -0.002533333333)
(5e-05 0.002733333333 -0.002533333333)
(-5e-05 0.0028 -0.002533333333)
(5e-05 0.0028 -0.002533333333)
(-5e-05 0.002866666667 -0.002533333333)
(5e-05 0.002866666667 -0.002533333333)
(-5e-05 0.002933333333 -0.002533333333)
(5e-05 0.002933333333 -0.002533333333)
(-5e-05 0.003 -0.002533333333)
(5e-05 0.003 -0.002533333333)
(-5e-05 0.003066666667 -0.002533333333)
(5e-05 0.003066666667 -0.002533333333)
(-5e-05 0.003133333333 -0.002533333333)
(5e-05 0.003133333333 -0.002533333333)
(-5e-05 0.0032 -0.002533333333)
(5e-05 0.0032 -0.002533333333)
(-5e-05 0.003266666667 -0.002533333333)
(5e-05 0.003266666667 -0.002533333333)
(-5e-05 0.003333333333 -0.002533333333)
(5e-05 0.003333333333 -0.002533333333)
(-5e-05 0.0034 -0.002533333333)
(5e-05 0.0034 -0.002533333333)
(-5e-05 0.003466666667 -0.002533333333)
(5e-05 0.003466666667 -0.002533333333)
(-5e-05 0.003533333333 -0.002533333333)
(5e-05 0.003533333333 -0.002533333333)
(-5e-05 0.0036 -0.002533333333)
(5e-05 0.0036 -0.002533333333)
(-5e-05 0.003666666667 -0.002533333333)
(5e-05 0.003666666667 -0.002533333333)
(-5e-05 0.003733333333 -0.002533333333)
(5e-05 0.003733333333 -0.002533333333)
(-5e-05 0.0038 -0.002533333333)
(5e-05 0.0038 -0.002533333333)
(-5e-05 0.003866666667 -0.002533333333)
(5e-05 0.003866666667 -0.002533333333)
(-5e-05 0.003933333333 -0.002533333333)
(5e-05 0.003933333333 -0.002533333333)
(-5e-05 0.004 -0.002533333333)
(5e-05 0.004 -0.002533333333)
(-5e-05 0 -0.002466666667)
(5e-05 0 -0.002466666667)
(-5e-05 6.666666667e-05 -0.002466666667)
(5e-05 6.666666667e-05 -0.002466666667)
(-5e-05 0.0001333333333 -0.002466666667)
(5e-05 0.0001333333333 -0.002466666667)
(-5e-05 0.0002 -0.002466666667)
(5e-05 0.0002 -0.002466666667)
(-5e-05 0.0002666666667 -0.002466666667)
(5e-05 0.0002666666667 -0.002466666667)
(-5e-05 0.0003333333333 -0.002466666667)
(5e-05 0.0003333333333 -0.002466666667)
(-5e-05 0.0004 -0.002466666667)
(5e-05 0.0004 -0.002466666667)
(-5e-05 0.0004666666667 -0.002466666667)
(5e-05 0.0004666666667 -0.002466666667)
(-5e-05 0.0005333333333 -0.002466666667)
(5e-05 0.0005333333333 -0.002466666667)
(-5e-05 0.0006 -0.002466666667)
(5e-05 0.0006 -0.002466666667)
(-5e-05 0.0006666666667 -0.002466666667)
(5e-05 0.0006666666667 -0.002466666667)
(-5e-05 0.0007333333333 -0.002466666667)
(5e-05 0.0007333333333 -0.002466666667)
(-5e-05 0.0008 -0.002466666667)
(5e-05 0.0008 -0.002466666667)
(-5e-05 0.0008666666667 -0.002466666667)
(5e-05 0.0008666666667 -0.002466666667)
(-5e-05 0.0009333333333 -0.002466666667)
(5e-05 0.0009333333333 -0.002466666667)
(-5e-05 0.001 -0.002466666667)
(5e-05 0.001 -0.002466666667)
(-5e-05 0.001066666667 -0.002466666667)
(5e-05 0.001066666667 -0.002466666667)
(-5e-05 0.001133333333 -0.002466666667)
(5e-05 0.001133333333 -0.002466666667)
(-5e-05 0.0012 -0.002466666667)
(5e-05 0.0012 -0.002466666667)
(-5e-05 0.001266666667 -0.002466666667)
(5e-05 0.001266666667 -0.002466666667)
(-5e-05 0.001333333333 -0.002466666667)
(5e-05 0.001333333333 -0.002466666667)
(-5e-05 0.0014 -0.002466666667)
(5e-05 0.0014 -0.002466666667)
(-5e-05 0.001466666667 -0.002466666667)
(5e-05 0.001466666667 -0.002466666667)
(-5e-05 0.001533333333 -0.002466666667)
(5e-05 0.001533333333 -0.002466666667)
(-5e-05 0.0016 -0.002466666667)
(5e-05 0.0016 -0.002466666667)
(-5e-05 0.001666666667 -0.002466666667)
(5e-05 0.001666666667 -0.002466666667)
(-5e-05 0.001733333333 -0.002466666667)
(5e-05 0.001733333333 -0.002466666667)
(-5e-05 0.0018 -0.002466666667)
(5e-05 0.0018 -0.002466666667)
(-5e-05 0.001866666667 -0.002466666667)
(5e-05 0.001866666667 -0.002466666667)
(-5e-05 0.001933333333 -0.002466666667)
(5e-05 0.001933333333 -0.002466666667)
(-5e-05 0.002 -0.002466666667)
(5e-05 0.002 -0.002466666667)
(-5e-05 0.002066666667 -0.002466666667)
(5e-05 0.002066666667 -0.002466666667)
(-5e-05 0.002133333333 -0.002466666667)
(5e-05 0.002133333333 -0.002466666667)
(-5e-05 0.0022 -0.002466666667)
(5e-05 0.0022 -0.002466666667)
(-5e-05 0.002266666667 -0.002466666667)
(5e-05 0.002266666667 -0.002466666667)
(-5e-05 0.002333333333 -0.002466666667)
(5e-05 0.002333333333 -0.002466666667)
(-5e-05 0.0024 -0.002466666667)
(5e-05 0.0024 -0.002466666667)
(-5e-05 0.002466666667 -0.002466666667)
(5e-05 0.002466666667 -0.002466666667)
(-5e-05 0.002533333333 -0.002466666667)
(5e-05 0.002533333333 -0.002466666667)
(-5e-05 0.0026 -0.002466666667)
(5e-05 0.0026 -0.002466666667)
(-5e-05 0.002666666667 -0.002466666667)
(5e-05 0.002666666667 -0.002466666667)
(-5e-05 0.002733333333 -0.002466666667)
(5e-05 0.002733333333 -0.002466666667)
(-5e-05 0.0028 -0.002466666667)
(5e-05 0.0028 -0.002466666667)
(-5e-05 0.002866666667 -0.002466666667)
(5e-05 0.002866666667 -0.002466666667)
(-5e-05 0.002933333333 -0.002466666667)
(5e-05 0.002933333333 -0.002466666667)
(-5e-05 0.003 -0.002466666667)
(5e-05 0.003 -0.002466666667)
(-5e-05 0.003066666667 -0.002466666667)
(5e-05 0.003066666667 -0.002466666667)
(-5e-05 0.003133333333 -0.002466666667)
(5e-05 0.003133333333 -0.002466666667)
(-5e-05 0.0032 -0.002466666667)
(5e-05 0.0032 -0.002466666667)
(-5e-05 0.003266666667 -0.002466666667)
(5e-05 0.003266666667 -0.002466666667)
(-5e-05 0.003333333333 -0.002466666667)
(5e-05 0.003333333333 -0.002466666667)
(-5e-05 0.0034 -0.002466666667)
(5e-05 0.0034 -0.002466666667)
(-5e-05 0.003466666667 -0.002466666667)
(5e-05 0.003466666667 -0.002466666667)
(-5e-05 0.003533333333 -0.002466666667)
(5e-05 0.003533333333 -0.002466666667)
(-5e-05 0.0036 -0.002466666667)
(5e-05 0.0036 -0.002466666667)
(-5e-05 0.003666666667 -0.002466666667)
(5e-05 0.003666666667 -0.002466666667)
(-5e-05 0.003733333333 -0.002466666667)
(5e-05 0.003733333333 -0.002466666667)
(-5e-05 0.0038 -0.002466666667)
(5e-05 0.0038 -0.002466666667)
(-5e-05 0.003866666667 -0.002466666667)
(5e-05 0.003866666667 -0.002466666667)
(-5e-05 0.003933333333 -0.002466666667)
(5e-05 0.003933333333 -0.002466666667)
(-5e-05 0.004 -0.002466666667)
(5e-05 0.004 -0.002466666667)
(-5e-05 0 -0.0024)
(5e-05 0 -0.0024)
(-5e-05 6.666666667e-05 -0.0024)
(5e-05 6.666666667e-05 -0.0024)
(-5e-05 0.0001333333333 -0.0024)
(5e-05 0.0001333333333 -0.0024)
(-5e-05 0.0002 -0.0024)
(5e-05 0.0002 -0.0024)
(-5e-05 0.0002666666667 -0.0024)
(5e-05 0.0002666666667 -0.0024)
(-5e-05 0.0003333333333 -0.0024)
(5e-05 0.0003333333333 -0.0024)
(-5e-05 0.0004 -0.0024)
(5e-05 0.0004 -0.0024)
(-5e-05 0.0004666666667 -0.0024)
(5e-05 0.0004666666667 -0.0024)
(-5e-05 0.0005333333333 -0.0024)
(5e-05 0.0005333333333 -0.0024)
(-5e-05 0.0006 -0.0024)
(5e-05 0.0006 -0.0024)
(-5e-05 0.0006666666667 -0.0024)
(5e-05 0.0006666666667 -0.0024)
(-5e-05 0.0007333333333 -0.0024)
(5e-05 0.0007333333333 -0.0024)
(-5e-05 0.0008 -0.0024)
(5e-05 0.0008 -0.0024)
(-5e-05 0.0008666666667 -0.0024)
(5e-05 0.0008666666667 -0.0024)
(-5e-05 0.0009333333333 -0.0024)
(5e-05 0.0009333333333 -0.0024)
(-5e-05 0.001 -0.0024)
(5e-05 0.001 -0.0024)
(-5e-05 0.001066666667 -0.0024)
(5e-05 0.001066666667 -0.0024)
(-5e-05 0.001133333333 -0.0024)
(5e-05 0.001133333333 -0.0024)
(-5e-05 0.0012 -0.0024)
(5e-05 0.0012 -0.0024)
(-5e-05 0.001266666667 -0.0024)
(5e-05 0.001266666667 -0.0024)
(-5e-05 0.001333333333 -0.0024)
(5e-05 0.001333333333 -0.0024)
(-5e-05 0.0014 -0.0024)
(5e-05 0.0014 -0.0024)
(-5e-05 0.001466666667 -0.0024)
(5e-05 0.001466666667 -0.0024)
(-5e-05 0.001533333333 -0.0024)
(5e-05 0.001533333333 -0.0024)
(-5e-05 0.0016 -0.0024)
(5e-05 0.0016 -0.0024)
(-5e-05 0.001666666667 -0.0024)
(5e-05 0.001666666667 -0.0024)
(-5e-05 0.001733333333 -0.0024)
(5e-05 0.001733333333 -0.0024)
(-5e-05 0.0018 -0.0024)
(5e-05 0.0018 -0.0024)
(-5e-05 0.001866666667 -0.0024)
(5e-05 0.001866666667 -0.0024)
(-5e-05 0.001933333333 -0.0024)
(5e-05 0.001933333333 -0.0024)
(-5e-05 0.002 -0.0024)
(5e-05 0.002 -0.0024)
(-5e-05 0.002066666667 -0.0024)
(5e-05 0.002066666667 -0.0024)
(-5e-05 0.002133333333 -0.0024)
(5e-05 0.002133333333 -0.0024)
(-5e-05 0.0022 -0.0024)
(5e-05 0.0022 -0.0024)
(-5e-05 0.002266666667 -0.0024)
(5e-05 0.002266666667 -0.0024)
(-5e-05 0.002333333333 -0.0024)
(5e-05 0.002333333333 -0.0024)
(-5e-05 0.0024 -0.0024)
(5e-05 0.0024 -0.0024)
(-5e-05 0.002466666667 -0.0024)
(5e-05 0.002466666667 -0.0024)
(-5e-05 0.002533333333 -0.0024)
(5e-05 0.002533333333 -0.0024)
(-5e-05 0.0026 -0.0024)
(5e-05 0.0026 -0.0024)
(-5e-05 0.002666666667 -0.0024)
(5e-05 0.002666666667 -0.0024)
(-5e-05 0.002733333333 -0.0024)
(5e-05 0.002733333333 -0.0024)
(-5e-05 0.0028 -0.0024)
(5e-05 0.0028 -0.0024)
(-5e-05 0.002866666667 -0.0024)
(5e-05 0.002866666667 -0.0024)
(-5e-05 0.002933333333 -0.0024)
(5e-05 0.002933333333 -0.0024)
(-5e-05 0.003 -0.0024)
(5e-05 0.003 -0.0024)
(-5e-05 0.003066666667 -0.0024)
(5e-05 0.003066666667 -0.0024)
(-5e-05 0.003133333333 -0.0024)
(5e-05 0.003133333333 -0.0024)
(-5e-05 0.0032 -0.0024)
(5e-05 0.0032 -0.0024)
(-5e-05 0.003266666667 -0.0024)
(5e-05 0.003266666667 -0.0024)
(-5e-05 0.003333333333 -0.0024)
(5e-05 0.003333333333 -0.0024)
(-5e-05 0.0034 -0.0024)
(5e-05 0.0034 -0.0024)
(-5e-05 0.003466666667 -0.0024)
(5e-05 0.003466666667 -0.0024)
(-5e-05 0.003533333333 -0.0024)
(5e-05 0.003533333333 -0.0024)
(-5e-05 0.0036 -0.0024)
(5e-05 0.0036 -0.0024)
(-5e-05 0.003666666667 -0.0024)
(5e-05 0.003666666667 -0.0024)
(-5e-05 0.003733333333 -0.0024)
(5e-05 0.003733333333 -0.0024)
(-5e-05 0.0038 -0.0024)
(5e-05 0.0038 -0.0024)
(-5e-05 0.003866666667 -0.0024)
(5e-05 0.003866666667 -0.0024)
(-5e-05 0.003933333333 -0.0024)
(5e-05 0.003933333333 -0.0024)
(-5e-05 0.004 -0.0024)
(5e-05 0.004 -0.0024)
(-5e-05 0 -0.002333333333)
(5e-05 0 -0.002333333333)
(-5e-05 6.666666667e-05 -0.002333333333)
(5e-05 6.666666667e-05 -0.002333333333)
(-5e-05 0.0001333333333 -0.002333333333)
(5e-05 0.0001333333333 -0.002333333333)
(-5e-05 0.0002 -0.002333333333)
(5e-05 0.0002 -0.002333333333)
(-5e-05 0.0002666666667 -0.002333333333)
(5e-05 0.0002666666667 -0.002333333333)
(-5e-05 0.0003333333333 -0.002333333333)
(5e-05 0.0003333333333 -0.002333333333)
(-5e-05 0.0004 -0.002333333333)
(5e-05 0.0004 -0.002333333333)
(-5e-05 0.0004666666667 -0.002333333333)
(5e-05 0.0004666666667 -0.002333333333)
(-5e-05 0.0005333333333 -0.002333333333)
(5e-05 0.0005333333333 -0.002333333333)
(-5e-05 0.0006 -0.002333333333)
(5e-05 0.0006 -0.002333333333)
(-5e-05 0.0006666666667 -0.002333333333)
(5e-05 0.0006666666667 -0.002333333333)
(-5e-05 0.0007333333333 -0.002333333333)
(5e-05 0.0007333333333 -0.002333333333)
(-5e-05 0.0008 -0.002333333333)
(5e-05 0.0008 -0.002333333333)
(-5e-05 0.0008666666667 -0.002333333333)
(5e-05 0.0008666666667 -0.002333333333)
(-5e-05 0.0009333333333 -0.002333333333)
(5e-05 0.0009333333333 -0.002333333333)
(-5e-05 0.001 -0.002333333333)
(5e-05 0.001 -0.002333333333)
(-5e-05 0.001066666667 -0.002333333333)
(5e-05 0.001066666667 -0.002333333333)
(-5e-05 0.001133333333 -0.002333333333)
(5e-05 0.001133333333 -0.002333333333)
(-5e-05 0.0012 -0.002333333333)
(5e-05 0.0012 -0.002333333333)
(-5e-05 0.001266666667 -0.002333333333)
(5e-05 0.001266666667 -0.002333333333)
(-5e-05 0.001333333333 -0.002333333333)
(5e-05 0.001333333333 -0.002333333333)
(-5e-05 0.0014 -0.002333333333)
(5e-05 0.0014 -0.002333333333)
(-5e-05 0.001466666667 -0.002333333333)
(5e-05 0.001466666667 -0.002333333333)
(-5e-05 0.001533333333 -0.002333333333)
(5e-05 0.001533333333 -0.002333333333)
(-5e-05 0.0016 -0.002333333333)
(5e-05 0.0016 -0.002333333333)
(-5e-05 0.001666666667 -0.002333333333)
(5e-05 0.001666666667 -0.002333333333)
(-5e-05 0.001733333333 -0.002333333333)
(5e-05 0.001733333333 -0.002333333333)
(-5e-05 0.0018 -0.002333333333)
(5e-05 0.0018 -0.002333333333)
(-5e-05 0.001866666667 -0.002333333333)
(5e-05 0.001866666667 -0.002333333333)
(-5e-05 0.001933333333 -0.002333333333)
(5e-05 0.001933333333 -0.002333333333)
(-5e-05 0.002 -0.002333333333)
(5e-05 0.002 -0.002333333333)
(-5e-05 0.002066666667 -0.002333333333)
(5e-05 0.002066666667 -0.002333333333)
(-5e-05 0.002133333333 -0.002333333333)
(5e-05 0.002133333333 -0.002333333333)
(-5e-05 0.0022 -0.002333333333)
(5e-05 0.0022 -0.002333333333)
(-5e-05 0.002266666667 -0.002333333333)
(5e-05 0.002266666667 -0.002333333333)
(-5e-05 0.002333333333 -0.002333333333)
(5e-05 0.002333333333 -0.002333333333)
(-5e-05 0.0024 -0.002333333333)
(5e-05 0.0024 -0.002333333333)
(-5e-05 0.002466666667 -0.002333333333)
(5e-05 0.002466666667 -0.002333333333)
(-5e-05 0.002533333333 -0.002333333333)
(5e-05 0.002533333333 -0.002333333333)
(-5e-05 0.0026 -0.002333333333)
(5e-05 0.0026 -0.002333333333)
(-5e-05 0.002666666667 -0.002333333333)
(5e-05 0.002666666667 -0.002333333333)
(-5e-05 0.002733333333 -0.002333333333)
(5e-05 0.002733333333 -0.002333333333)
(-5e-05 0.0028 -0.002333333333)
(5e-05 0.0028 -0.002333333333)
(-5e-05 0.002866666667 -0.002333333333)
(5e-05 0.002866666667 -0.002333333333)
(-5e-05 0.002933333333 -0.002333333333)
(5e-05 0.002933333333 -0.002333333333)
(-5e-05 0.003 -0.002333333333)
(5e-05 0.003 -0.002333333333)
(-5e-05 0.003066666667 -0.002333333333)
(5e-05 0.003066666667 -0.002333333333)
(-5e-05 0.003133333333 -0.002333333333)
(5e-05 0.003133333333 -0.002333333333)
(-5e-05 0.0032 -0.002333333333)
(5e-05 0.0032 -0.002333333333)
(-5e-05 0.003266666667 -0.002333333333)
(5e-05 0.003266666667 -0.002333333333)
(-5e-05 0.003333333333 -0.002333333333)
(5e-05 0.003333333333 -0.002333333333)
(-5e-05 0.0034 -0.002333333333)
(5e-05 0.0034 -0.002333333333)
(-5e-05 0.003466666667 -0.002333333333)
(5e-05 0.003466666667 -0.002333333333)
(-5e-05 0.003533333333 -0.002333333333)
(5e-05 0.003533333333 -0.002333333333)
(-5e-05 0.0036 -0.002333333333)
(5e-05 0.0036 -0.002333333333)
(-5e-05 0.003666666667 -0.002333333333)
(5e-05 0.003666666667 -0.002333333333)
(-5e-05 0.003733333333 -0.002333333333)
(5e-05 0.003733333333 -0.002333333333)
(-5e-05 0.0038 -0.002333333333)
(5e-05 0.0038 -0.002333333333)
(-5e-05 0.003866666667 -0.002333333333)
(5e-05 0.003866666667 -0.002333333333)
(-5e-05 0.003933333333 -0.002333333333)
(5e-05 0.003933333333 -0.002333333333)
(-5e-05 0.004 -0.002333333333)
(5e-05 0.004 -0.002333333333)
(-5e-05 0 -0.002266666667)
(5e-05 0 -0.002266666667)
(-5e-05 6.666666667e-05 -0.002266666667)
(5e-05 6.666666667e-05 -0.002266666667)
(-5e-05 0.0001333333333 -0.002266666667)
(5e-05 0.0001333333333 -0.002266666667)
(-5e-05 0.0002 -0.002266666667)
(5e-05 0.0002 -0.002266666667)
(-5e-05 0.0002666666667 -0.002266666667)
(5e-05 0.0002666666667 -0.002266666667)
(-5e-05 0.0003333333333 -0.002266666667)
(5e-05 0.0003333333333 -0.002266666667)
(-5e-05 0.0004 -0.002266666667)
(5e-05 0.0004 -0.002266666667)
(-5e-05 0.0004666666667 -0.002266666667)
(5e-05 0.0004666666667 -0.002266666667)
(-5e-05 0.0005333333333 -0.002266666667)
(5e-05 0.0005333333333 -0.002266666667)
(-5e-05 0.0006 -0.002266666667)
(5e-05 0.0006 -0.002266666667)
(-5e-05 0.0006666666667 -0.002266666667)
(5e-05 0.0006666666667 -0.002266666667)
(-5e-05 0.0007333333333 -0.002266666667)
(5e-05 0.0007333333333 -0.002266666667)
(-5e-05 0.0008 -0.002266666667)
(5e-05 0.0008 -0.002266666667)
(-5e-05 0.0008666666667 -0.002266666667)
(5e-05 0.0008666666667 -0.002266666667)
(-5e-05 0.0009333333333 -0.002266666667)
(5e-05 0.0009333333333 -0.002266666667)
(-5e-05 0.001 -0.002266666667)
(5e-05 0.001 -0.002266666667)
(-5e-05 0.001066666667 -0.002266666667)
(5e-05 0.001066666667 -0.002266666667)
(-5e-05 0.001133333333 -0.002266666667)
(5e-05 0.001133333333 -0.002266666667)
(-5e-05 0.0012 -0.002266666667)
(5e-05 0.0012 -0.002266666667)
(-5e-05 0.001266666667 -0.002266666667)
(5e-05 0.001266666667 -0.002266666667)
(-5e-05 0.001333333333 -0.002266666667)
(5e-05 0.001333333333 -0.002266666667)
(-5e-05 0.0014 -0.002266666667)
(5e-05 0.0014 -0.002266666667)
(-5e-05 0.001466666667 -0.002266666667)
(5e-05 0.001466666667 -0.002266666667)
(-5e-05 0.001533333333 -0.002266666667)
(5e-05 0.001533333333 -0.002266666667)
(-5e-05 0.0016 -0.002266666667)
(5e-05 0.0016 -0.002266666667)
(-5e-05 0.001666666667 -0.002266666667)
(5e-05 0.001666666667 -0.002266666667)
(-5e-05 0.001733333333 -0.002266666667)
(5e-05 0.001733333333 -0.002266666667)
(-5e-05 0.0018 -0.002266666667)
(5e-05 0.0018 -0.002266666667)
(-5e-05 0.001866666667 -0.002266666667)
(5e-05 0.001866666667 -0.002266666667)
(-5e-05 0.001933333333 -0.002266666667)
(5e-05 0.001933333333 -0.002266666667)
(-5e-05 0.002 -0.002266666667)
(5e-05 0.002 -0.002266666667)
(-5e-05 0.002066666667 -0.002266666667)
(5e-05 0.002066666667 -0.002266666667)
(-5e-05 0.002133333333 -0.002266666667)
(5e-05 0.002133333333 -0.002266666667)
(-5e-05 0.0022 -0.002266666667)
(5e-05 0.0022 -0.002266666667)
(-5e-05 0.002266666667 -0.002266666667)
(5e-05 0.002266666667 -0.002266666667)
(-5e-05 0.002333333333 -0.002266666667)
(5e-05 0.002333333333 -0.002266666667)
(-5e-05 0.0024 -0.002266666667)
(5e-05 0.0024 -0.002266666667)
(-5e-05 0.002466666667 -0.002266666667)
(5e-05 0.002466666667 -0.002266666667)
(-5e-05 0.002533333333 -0.002266666667)
(5e-05 0.002533333333 -0.002266666667)
(-5e-05 0.0026 -0.002266666667)
(5e-05 0.0026 -0.002266666667)
(-5e-05 0.002666666667 -0.002266666667)
(5e-05 0.002666666667 -0.002266666667)
(-5e-05 0.002733333333 -0.002266666667)
(5e-05 0.002733333333 -0.002266666667)
(-5e-05 0.0028 -0.002266666667)
(5e-05 0.0028 -0.002266666667)
(-5e-05 0.002866666667 -0.002266666667)
(5e-05 0.002866666667 -0.002266666667)
(-5e-05 0.002933333333 -0.002266666667)
(5e-05 0.002933333333 -0.002266666667)
(-5e-05 0.003 -0.002266666667)
(5e-05 0.003 -0.002266666667)
(-5e-05 0.003066666667 -0.002266666667)
(5e-05 0.003066666667 -0.002266666667)
(-5e-05 0.003133333333 -0.002266666667)
(5e-05 0.003133333333 -0.002266666667)
(-5e-05 0.0032 -0.002266666667)
(5e-05 0.0032 -0.002266666667)
(-5e-05 0.003266666667 -0.002266666667)
(5e-05 0.003266666667 -0.002266666667)
(-5e-05 0.003333333333 -0.002266666667)
(5e-05 0.003333333333 -0.002266666667)
(-5e-05 0.0034 -0.002266666667)
(5e-05 0.0034 -0.002266666667)
(-5e-05 0.003466666667 -0.002266666667)
(5e-05 0.003466666667 -0.002266666667)
(-5e-05 0.003533333333 -0.002266666667)
(5e-05 0.003533333333 -0.002266666667)
(-5e-05 0.0036 -0.002266666667)
(5e-05 0.0036 -0.002266666667)
(-5e-05 0.003666666667 -0.002266666667)
(5e-05 0.003666666667 -0.002266666667)
(-5e-05 0.003733333333 -0.002266666667)
(5e-05 0.003733333333 -0.002266666667)
(-5e-05 0.0038 -0.002266666667)
(5e-05 0.0038 -0.002266666667)
(-5e-05 0.003866666667 -0.002266666667)
(5e-05 0.003866666667 -0.002266666667)
(-5e-05 0.003933333333 -0.002266666667)
(5e-05 0.003933333333 -0.002266666667)
(-5e-05 0.004 -0.002266666667)
(5e-05 0.004 -0.002266666667)
(-5e-05 0 -0.0022)
(5e-05 0 -0.0022)
(-5e-05 6.666666667e-05 -0.0022)
(5e-05 6.666666667e-05 -0.0022)
(-5e-05 0.0001333333333 -0.0022)
(5e-05 0.0001333333333 -0.0022)
(-5e-05 0.0002 -0.0022)
(5e-05 0.0002 -0.0022)
(-5e-05 0.0002666666667 -0.0022)
(5e-05 0.0002666666667 -0.0022)
(-5e-05 0.0003333333333 -0.0022)
(5e-05 0.0003333333333 -0.0022)
(-5e-05 0.0004 -0.0022)
(5e-05 0.0004 -0.0022)
(-5e-05 0.0004666666667 -0.0022)
(5e-05 0.0004666666667 -0.0022)
(-5e-05 0.0005333333333 -0.0022)
(5e-05 0.0005333333333 -0.0022)
(-5e-05 0.0006 -0.0022)
(5e-05 0.0006 -0.0022)
(-5e-05 0.0006666666667 -0.0022)
(5e-05 0.0006666666667 -0.0022)
(-5e-05 0.0007333333333 -0.0022)
(5e-05 0.0007333333333 -0.0022)
(-5e-05 0.0008 -0.0022)
(5e-05 0.0008 -0.0022)
(-5e-05 0.0008666666667 -0.0022)
(5e-05 0.0008666666667 -0.0022)
(-5e-05 0.0009333333333 -0.0022)
(5e-05 0.0009333333333 -0.0022)
(-5e-05 0.001 -0.0022)
(5e-05 0.001 -0.0022)
(-5e-05 0.001066666667 -0.0022)
(5e-05 0.001066666667 -0.0022)
(-5e-05 0.001133333333 -0.0022)
(5e-05 0.001133333333 -0.0022)
(-5e-05 0.0012 -0.0022)
(5e-05 0.0012 -0.0022)
(-5e-05 0.001266666667 -0.0022)
(5e-05 0.001266666667 -0.0022)
(-5e-05 0.001333333333 -0.0022)
(5e-05 0.001333333333 -0.0022)
(-5e-05 0.0014 -0.0022)
(5e-05 0.0014 -0.0022)
(-5e-05 0.001466666667 -0.0022)
(5e-05 0.001466666667 -0.0022)
(-5e-05 0.001533333333 -0.0022)
(5e-05 0.001533333333 -0.0022)
(-5e-05 0.0016 -0.0022)
(5e-05 0.0016 -0.0022)
(-5e-05 0.001666666667 -0.0022)
(5e-05 0.001666666667 -0.0022)
(-5e-05 0.001733333333 -0.0022)
(5e-05 0.001733333333 -0.0022)
(-5e-05 0.0018 -0.0022)
(5e-05 0.0018 -0.0022)
(-5e-05 0.001866666667 -0.0022)
(5e-05 0.001866666667 -0.0022)
(-5e-05 0.001933333333 -0.0022)
(5e-05 0.001933333333 -0.0022)
(-5e-05 0.002 -0.0022)
(5e-05 0.002 -0.0022)
(-5e-05 0.002066666667 -0.0022)
(5e-05 0.002066666667 -0.0022)
(-5e-05 0.002133333333 -0.0022)
(5e-05 0.002133333333 -0.0022)
(-5e-05 0.0022 -0.0022)
(5e-05 0.0022 -0.0022)
(-5e-05 0.002266666667 -0.0022)
(5e-05 0.002266666667 -0.0022)
(-5e-05 0.002333333333 -0.0022)
(5e-05 0.002333333333 -0.0022)
(-5e-05 0.0024 -0.0022)
(5e-05 0.0024 -0.0022)
(-5e-05 0.002466666667 -0.0022)
(5e-05 0.002466666667 -0.0022)
(-5e-05 0.002533333333 -0.0022)
(5e-05 0.002533333333 -0.0022)
(-5e-05 0.0026 -0.0022)
(5e-05 0.0026 -0.0022)
(-5e-05 0.002666666667 -0.0022)
(5e-05 0.002666666667 -0.0022)
(-5e-05 0.002733333333 -0.0022)
(5e-05 0.002733333333 -0.0022)
(-5e-05 0.0028 -0.0022)
(5e-05 0.0028 -0.0022)
(-5e-05 0.002866666667 -0.0022)
(5e-05 0.002866666667 -0.0022)
(-5e-05 0.002933333333 -0.0022)
(5e-05 0.002933333333 -0.0022)
(-5e-05 0.003 -0.0022)
(5e-05 0.003 -0.0022)
(-5e-05 0.003066666667 -0.0022)
(5e-05 0.003066666667 -0.0022)
(-5e-05 0.003133333333 -0.0022)
(5e-05 0.003133333333 -0.0022)
(-5e-05 0.0032 -0.0022)
(5e-05 0.0032 -0.0022)
(-5e-05 0.003266666667 -0.0022)
(5e-05 0.003266666667 -0.0022)
(-5e-05 0.003333333333 -0.0022)
(5e-05 0.003333333333 -0.0022)
(-5e-05 0.0034 -0.0022)
(5e-05 0.0034 -0.0022)
(-5e-05 0.003466666667 -0.0022)
(5e-05 0.003466666667 -0.0022)
(-5e-05 0.003533333333 -0.0022)
(5e-05 0.003533333333 -0.0022)
(-5e-05 0.0036 -0.0022)
(5e-05 0.0036 -0.0022)
(-5e-05 0.003666666667 -0.0022)
(5e-05 0.003666666667 -0.0022)
(-5e-05 0.003733333333 -0.0022)
(5e-05 0.003733333333 -0.0022)
(-5e-05 0.0038 -0.0022)
(5e-05 0.0038 -0.0022)
(-5e-05 0.003866666667 -0.0022)
(5e-05 0.003866666667 -0.0022)
(-5e-05 0.003933333333 -0.0022)
(5e-05 0.003933333333 -0.0022)
(-5e-05 0.004 -0.0022)
(5e-05 0.004 -0.0022)
(-5e-05 0 -0.002133333333)
(5e-05 0 -0.002133333333)
(-5e-05 6.666666667e-05 -0.002133333333)
(5e-05 6.666666667e-05 -0.002133333333)
(-5e-05 0.0001333333333 -0.002133333333)
(5e-05 0.0001333333333 -0.002133333333)
(-5e-05 0.0002 -0.002133333333)
(5e-05 0.0002 -0.002133333333)
(-5e-05 0.0002666666667 -0.002133333333)
(5e-05 0.0002666666667 -0.002133333333)
(-5e-05 0.0003333333333 -0.002133333333)
(5e-05 0.0003333333333 -0.002133333333)
(-5e-05 0.0004 -0.002133333333)
(5e-05 0.0004 -0.002133333333)
(-5e-05 0.0004666666667 -0.002133333333)
(5e-05 0.0004666666667 -0.002133333333)
(-5e-05 0.0005333333333 -0.002133333333)
(5e-05 0.0005333333333 -0.002133333333)
(-5e-05 0.0006 -0.002133333333)
(5e-05 0.0006 -0.002133333333)
(-5e-05 0.0006666666667 -0.002133333333)
(5e-05 0.0006666666667 -0.002133333333)
(-5e-05 0.0007333333333 -0.002133333333)
(5e-05 0.0007333333333 -0.002133333333)
(-5e-05 0.0008 -0.002133333333)
(5e-05 0.0008 -0.002133333333)
(-5e-05 0.0008666666667 -0.002133333333)
(5e-05 0.0008666666667 -0.002133333333)
(-5e-05 0.0009333333333 -0.002133333333)
(5e-05 0.0009333333333 -0.002133333333)
(-5e-05 0.001 -0.002133333333)
(5e-05 0.001 -0.002133333333)
(-5e-05 0.001066666667 -0.002133333333)
(5e-05 0.001066666667 -0.002133333333)
(-5e-05 0.001133333333 -0.002133333333)
(5e-05 0.001133333333 -0.002133333333)
(-5e-05 0.0012 -0.002133333333)
(5e-05 0.0012 -0.002133333333)
(-5e-05 0.001266666667 -0.002133333333)
(5e-05 0.001266666667 -0.002133333333)
(-5e-05 0.001333333333 -0.002133333333)
(5e-05 0.001333333333 -0.002133333333)
(-5e-05 0.0014 -0.002133333333)
(5e-05 0.0014 -0.002133333333)
(-5e-05 0.001466666667 -0.002133333333)
(5e-05 0.001466666667 -0.002133333333)
(-5e-05 0.001533333333 -0.002133333333)
(5e-05 0.001533333333 -0.002133333333)
(-5e-05 0.0016 -0.002133333333)
(5e-05 0.0016 -0.002133333333)
(-5e-05 0.001666666667 -0.002133333333)
(5e-05 0.001666666667 -0.002133333333)
(-5e-05 0.001733333333 -0.002133333333)
(5e-05 0.001733333333 -0.002133333333)
(-5e-05 0.0018 -0.002133333333)
(5e-05 0.0018 -0.002133333333)
(-5e-05 0.001866666667 -0.002133333333)
(5e-05 0.001866666667 -0.002133333333)
(-5e-05 0.001933333333 -0.002133333333)
(5e-05 0.001933333333 -0.002133333333)
(-5e-05 0.002 -0.002133333333)
(5e-05 0.002 -0.002133333333)
(-5e-05 0.002066666667 -0.002133333333)
(5e-05 0.002066666667 -0.002133333333)
(-5e-05 0.002133333333 -0.002133333333)
(5e-05 0.002133333333 -0.002133333333)
(-5e-05 0.0022 -0.002133333333)
(5e-05 0.0022 -0.002133333333)
(-5e-05 0.002266666667 -0.002133333333)
(5e-05 0.002266666667 -0.002133333333)
(-5e-05 0.002333333333 -0.002133333333)
(5e-05 0.002333333333 -0.002133333333)
(-5e-05 0.0024 -0.002133333333)
(5e-05 0.0024 -0.002133333333)
(-5e-05 0.002466666667 -0.002133333333)
(5e-05 0.002466666667 -0.002133333333)
(-5e-05 0.002533333333 -0.002133333333)
(5e-05 0.002533333333 -0.002133333333)
(-5e-05 0.0026 -0.002133333333)
(5e-05 0.0026 -0.002133333333)
(-5e-05 0.002666666667 -0.002133333333)
(5e-05 0.002666666667 -0.002133333333)
(-5e-05 0.002733333333 -0.002133333333)
(5e-05 0.002733333333 -0.002133333333)
(-5e-05 0.0028 -0.002133333333)
(5e-05 0.0028 -0.002133333333)
(-5e-05 0.002866666667 -0.002133333333)
(5e-05 0.002866666667 -0.002133333333)
(-5e-05 0.002933333333 -0.002133333333)
(5e-05 0.002933333333 -0.002133333333)
(-5e-05 0.003 -0.002133333333)
(5e-05 0.003 -0.002133333333)
(-5e-05 0.003066666667 -0.002133333333)
(5e-05 0.003066666667 -0.002133333333)
(-5e-05 0.003133333333 -0.002133333333)
(5e-05 0.003133333333 -0.002133333333)
(-5e-05 0.0032 -0.002133333333)
(5e-05 0.0032 -0.002133333333)
(-5e-05 0.003266666667 -0.002133333333)
(5e-05 0.003266666667 -0.002133333333)
(-5e-05 0.003333333333 -0.002133333333)
(5e-05 0.003333333333 -0.002133333333)
(-5e-05 0.0034 -0.002133333333)
(5e-05 0.0034 -0.002133333333)
(-5e-05 0.003466666667 -0.002133333333)
(5e-05 0.003466666667 -0.002133333333)
(-5e-05 0.003533333333 -0.002133333333)
(5e-05 0.003533333333 -0.002133333333)
(-5e-05 0.0036 -0.002133333333)
(5e-05 0.0036 -0.002133333333)
(-5e-05 0.003666666667 -0.002133333333)
(5e-05 0.003666666667 -0.002133333333)
(-5e-05 0.003733333333 -0.002133333333)
(5e-05 0.003733333333 -0.002133333333)
(-5e-05 0.0038 -0.002133333333)
(5e-05 0.0038 -0.002133333333)
(-5e-05 0.003866666667 -0.002133333333)
(5e-05 0.003866666667 -0.002133333333)
(-5e-05 0.003933333333 -0.002133333333)
(5e-05 0.003933333333 -0.002133333333)
(-5e-05 0.004 -0.002133333333)
(5e-05 0.004 -0.002133333333)
(-5e-05 0 -0.002066666667)
(5e-05 0 -0.002066666667)
(-5e-05 6.666666667e-05 -0.002066666667)
(5e-05 6.666666667e-05 -0.002066666667)
(-5e-05 0.0001333333333 -0.002066666667)
(5e-05 0.0001333333333 -0.002066666667)
(-5e-05 0.0002 -0.002066666667)
(5e-05 0.0002 -0.002066666667)
(-5e-05 0.0002666666667 -0.002066666667)
(5e-05 0.0002666666667 -0.002066666667)
(-5e-05 0.0003333333333 -0.002066666667)
(5e-05 0.0003333333333 -0.002066666667)
(-5e-05 0.0004 -0.002066666667)
(5e-05 0.0004 -0.002066666667)
(-5e-05 0.0004666666667 -0.002066666667)
(5e-05 0.0004666666667 -0.002066666667)
(-5e-05 0.0005333333333 -0.002066666667)
(5e-05 0.0005333333333 -0.002066666667)
(-5e-05 0.0006 -0.002066666667)
(5e-05 0.0006 -0.002066666667)
(-5e-05 0.0006666666667 -0.002066666667)
(5e-05 0.0006666666667 -0.002066666667)
(-5e-05 0.0007333333333 -0.002066666667)
(5e-05 0.0007333333333 -0.002066666667)
(-5e-05 0.0008 -0.002066666667)
(5e-05 0.0008 -0.002066666667)
(-5e-05 0.0008666666667 -0.002066666667)
(5e-05 0.0008666666667 -0.002066666667)
(-5e-05 0.0009333333333 -0.002066666667)
(5e-05 0.0009333333333 -0.002066666667)
(-5e-05 0.001 -0.002066666667)
(5e-05 0.001 -0.002066666667)
(-5e-05 0.001066666667 -0.002066666667)
(5e-05 0.001066666667 -0.002066666667)
(-5e-05 0.001133333333 -0.002066666667)
(5e-05 0.001133333333 -0.002066666667)
(-5e-05 0.0012 -0.002066666667)
(5e-05 0.0012 -0.002066666667)
(-5e-05 0.001266666667 -0.002066666667)
(5e-05 0.001266666667 -0.002066666667)
(-5e-05 0.001333333333 -0.002066666667)
(5e-05 0.001333333333 -0.002066666667)
(-5e-05 0.0014 -0.002066666667)
(5e-05 0.0014 -0.002066666667)
(-5e-05 0.001466666667 -0.002066666667)
(5e-05 0.001466666667 -0.002066666667)
(-5e-05 0.001533333333 -0.002066666667)
(5e-05 0.001533333333 -0.002066666667)
(-5e-05 0.0016 -0.002066666667)
(5e-05 0.0016 -0.002066666667)
(-5e-05 0.001666666667 -0.002066666667)
(5e-05 0.001666666667 -0.002066666667)
(-5e-05 0.001733333333 -0.002066666667)
(5e-05 0.001733333333 -0.002066666667)
(-5e-05 0.0018 -0.002066666667)
(5e-05 0.0018 -0.002066666667)
(-5e-05 0.001866666667 -0.002066666667)
(5e-05 0.001866666667 -0.002066666667)
(-5e-05 0.001933333333 -0.002066666667)
(5e-05 0.001933333333 -0.002066666667)
(-5e-05 0.002 -0.002066666667)
(5e-05 0.002 -0.002066666667)
(-5e-05 0.002066666667 -0.002066666667)
(5e-05 0.002066666667 -0.002066666667)
(-5e-05 0.002133333333 -0.002066666667)
(5e-05 0.002133333333 -0.002066666667)
(-5e-05 0.0022 -0.002066666667)
(5e-05 0.0022 -0.002066666667)
(-5e-05 0.002266666667 -0.002066666667)
(5e-05 0.002266666667 -0.002066666667)
(-5e-05 0.002333333333 -0.002066666667)
(5e-05 0.002333333333 -0.002066666667)
(-5e-05 0.0024 -0.002066666667)
(5e-05 0.0024 -0.002066666667)
(-5e-05 0.002466666667 -0.002066666667)
(5e-05 0.002466666667 -0.002066666667)
(-5e-05 0.002533333333 -0.002066666667)
(5e-05 0.002533333333 -0.002066666667)
(-5e-05 0.0026 -0.002066666667)
(5e-05 0.0026 -0.002066666667)
(-5e-05 0.002666666667 -0.002066666667)
(5e-05 0.002666666667 -0.002066666667)
(-5e-05 0.002733333333 -0.002066666667)
(5e-05 0.002733333333 -0.002066666667)
(-5e-05 0.0028 -0.002066666667)
(5e-05 0.0028 -0.002066666667)
(-5e-05 0.002866666667 -0.002066666667)
(5e-05 0.002866666667 -0.002066666667)
(-5e-05 0.002933333333 -0.002066666667)
(5e-05 0.002933333333 -0.002066666667)
(-5e-05 0.003 -0.002066666667)
(5e-05 0.003 -0.002066666667)
(-5e-05 0.003066666667 -0.002066666667)
(5e-05 0.003066666667 -0.002066666667)
(-5e-05 0.003133333333 -0.002066666667)
(5e-05 0.003133333333 -0.002066666667)
(-5e-05 0.0032 -0.002066666667)
(5e-05 0.0032 -0.002066666667)
(-5e-05 0.003266666667 -0.002066666667)
(5e-05 0.003266666667 -0.002066666667)
(-5e-05 0.003333333333 -0.002066666667)
(5e-05 0.003333333333 -0.002066666667)
(-5e-05 0.0034 -0.002066666667)
(5e-05 0.0034 -0.002066666667)
(-5e-05 0.003466666667 -0.002066666667)
(5e-05 0.003466666667 -0.002066666667)
(-5e-05 0.003533333333 -0.002066666667)
(5e-05 0.003533333333 -0.002066666667)
(-5e-05 0.0036 -0.002066666667)
(5e-05 0.0036 -0.002066666667)
(-5e-05 0.003666666667 -0.002066666667)
(5e-05 0.003666666667 -0.002066666667)
(-5e-05 0.003733333333 -0.002066666667)
(5e-05 0.003733333333 -0.002066666667)
(-5e-05 0.0038 -0.002066666667)
(5e-05 0.0038 -0.002066666667)
(-5e-05 0.003866666667 -0.002066666667)
(5e-05 0.003866666667 -0.002066666667)
(-5e-05 0.003933333333 -0.002066666667)
(5e-05 0.003933333333 -0.002066666667)
(-5e-05 0.004 -0.002066666667)
(5e-05 0.004 -0.002066666667)
(-5e-05 0 -0.002)
(5e-05 0 -0.002)
(-5e-05 6.666666667e-05 -0.002)
(5e-05 6.666666667e-05 -0.002)
(-5e-05 0.0001333333333 -0.002)
(5e-05 0.0001333333333 -0.002)
(-5e-05 0.0002 -0.002)
(5e-05 0.0002 -0.002)
(-5e-05 0.0002666666667 -0.002)
(5e-05 0.0002666666667 -0.002)
(-5e-05 0.0003333333333 -0.002)
(5e-05 0.0003333333333 -0.002)
(-5e-05 0.0004 -0.002)
(5e-05 0.0004 -0.002)
(-5e-05 0.0004666666667 -0.002)
(5e-05 0.0004666666667 -0.002)
(-5e-05 0.0005333333333 -0.002)
(5e-05 0.0005333333333 -0.002)
(-5e-05 0.0006 -0.002)
(5e-05 0.0006 -0.002)
(-5e-05 0.0006666666667 -0.002)
(5e-05 0.0006666666667 -0.002)
(-5e-05 0.0007333333333 -0.002)
(5e-05 0.0007333333333 -0.002)
(-5e-05 0.0008 -0.002)
(5e-05 0.0008 -0.002)
(-5e-05 0.0008666666667 -0.002)
(5e-05 0.0008666666667 -0.002)
(-5e-05 0.0009333333333 -0.002)
(5e-05 0.0009333333333 -0.002)
(-5e-05 0.001 -0.002)
(5e-05 0.001 -0.002)
(-5e-05 0.001066666667 -0.002)
(5e-05 0.001066666667 -0.002)
(-5e-05 0.001133333333 -0.002)
(5e-05 0.001133333333 -0.002)
(-5e-05 0.0012 -0.002)
(5e-05 0.0012 -0.002)
(-5e-05 0.001266666667 -0.002)
(5e-05 0.001266666667 -0.002)
(-5e-05 0.001333333333 -0.002)
(5e-05 0.001333333333 -0.002)
(-5e-05 0.0014 -0.002)
(5e-05 0.0014 -0.002)
(-5e-05 0.001466666667 -0.002)
(5e-05 0.001466666667 -0.002)
(-5e-05 0.001533333333 -0.002)
(5e-05 0.001533333333 -0.002)
(-5e-05 0.0016 -0.002)
(5e-05 0.0016 -0.002)
(-5e-05 0.001666666667 -0.002)
(5e-05 0.001666666667 -0.002)
(-5e-05 0.001733333333 -0.002)
(5e-05 0.001733333333 -0.002)
(-5e-05 0.0018 -0.002)
(5e-05 0.0018 -0.002)
(-5e-05 0.001866666667 -0.002)
(5e-05 0.001866666667 -0.002)
(-5e-05 0.001933333333 -0.002)
(5e-05 0.001933333333 -0.002)
(-5e-05 0.002 -0.002)
(5e-05 0.002 -0.002)
(-5e-05 0.002066666667 -0.002)
(5e-05 0.002066666667 -0.002)
(-5e-05 0.002133333333 -0.002)
(5e-05 0.002133333333 -0.002)
(-5e-05 0.0022 -0.002)
(5e-05 0.0022 -0.002)
(-5e-05 0.002266666667 -0.002)
(5e-05 0.002266666667 -0.002)
(-5e-05 0.002333333333 -0.002)
(5e-05 0.002333333333 -0.002)
(-5e-05 0.0024 -0.002)
(5e-05 0.0024 -0.002)
(-5e-05 0.002466666667 -0.002)
(5e-05 0.002466666667 -0.002)
(-5e-05 0.002533333333 -0.002)
(5e-05 0.002533333333 -0.002)
(-5e-05 0.0026 -0.002)
(5e-05 0.0026 -0.002)
(-5e-05 0.002666666667 -0.002)
(5e-05 0.002666666667 -0.002)
(-5e-05 0.002733333333 -0.002)
(5e-05 0.002733333333 -0.002)
(-5e-05 0.0028 -0.002)
(5e-05 0.0028 -0.002)
(-5e-05 0.002866666667 -0.002)
(5e-05 0.002866666667 -0.002)
(-5e-05 0.002933333333 -0.002)
(5e-05 0.002933333333 -0.002)
(-5e-05 0.003 -0.002)
(5e-05 0.003 -0.002)
(-5e-05 0.003066666667 -0.002)
(5e-05 0.003066666667 -0.002)
(-5e-05 0.003133333333 -0.002)
(5e-05 0.003133333333 -0.002)
(-5e-05 0.0032 -0.002)
(5e-05 0.0032 -0.002)
(-5e-05 0.003266666667 -0.002)
(5e-05 0.003266666667 -0.002)
(-5e-05 0.003333333333 -0.002)
(5e-05 0.003333333333 -0.002)
(-5e-05 0.0034 -0.002)
(5e-05 0.0034 -0.002)
(-5e-05 0.003466666667 -0.002)
(5e-05 0.003466666667 -0.002)
(-5e-05 0.003533333333 -0.002)
(5e-05 0.003533333333 -0.002)
(-5e-05 0.0036 -0.002)
(5e-05 0.0036 -0.002)
(-5e-05 0.003666666667 -0.002)
(5e-05 0.003666666667 -0.002)
(-5e-05 0.003733333333 -0.002)
(5e-05 0.003733333333 -0.002)
(-5e-05 0.0038 -0.002)
(5e-05 0.0038 -0.002)
(-5e-05 0.003866666667 -0.002)
(5e-05 0.003866666667 -0.002)
(-5e-05 0.003933333333 -0.002)
(5e-05 0.003933333333 -0.002)
(-5e-05 0.004 -0.002)
(5e-05 0.004 -0.002)
(-5e-05 0 -0.001933333333)
(5e-05 0 -0.001933333333)
(-5e-05 6.666666667e-05 -0.001933333333)
(5e-05 6.666666667e-05 -0.001933333333)
(-5e-05 0.0001333333333 -0.001933333333)
(5e-05 0.0001333333333 -0.001933333333)
(-5e-05 0.0002 -0.001933333333)
(5e-05 0.0002 -0.001933333333)
(-5e-05 0.0002666666667 -0.001933333333)
(5e-05 0.0002666666667 -0.001933333333)
(-5e-05 0.0003333333333 -0.001933333333)
(5e-05 0.0003333333333 -0.001933333333)
(-5e-05 0.0004 -0.001933333333)
(5e-05 0.0004 -0.001933333333)
(-5e-05 0.0004666666667 -0.001933333333)
(5e-05 0.0004666666667 -0.001933333333)
(-5e-05 0.0005333333333 -0.001933333333)
(5e-05 0.0005333333333 -0.001933333333)
(-5e-05 0.0006 -0.001933333333)
(5e-05 0.0006 -0.001933333333)
(-5e-05 0.0006666666667 -0.001933333333)
(5e-05 0.0006666666667 -0.001933333333)
(-5e-05 0.0007333333333 -0.001933333333)
(5e-05 0.0007333333333 -0.001933333333)
(-5e-05 0.0008 -0.001933333333)
(5e-05 0.0008 -0.001933333333)
(-5e-05 0.0008666666667 -0.001933333333)
(5e-05 0.0008666666667 -0.001933333333)
(-5e-05 0.0009333333333 -0.001933333333)
(5e-05 0.0009333333333 -0.001933333333)
(-5e-05 0.001 -0.001933333333)
(5e-05 0.001 -0.001933333333)
(-5e-05 0.001066666667 -0.001933333333)
(5e-05 0.001066666667 -0.001933333333)
(-5e-05 0.001133333333 -0.001933333333)
(5e-05 0.001133333333 -0.001933333333)
(-5e-05 0.0012 -0.001933333333)
(5e-05 0.0012 -0.001933333333)
(-5e-05 0.001266666667 -0.001933333333)
(5e-05 0.001266666667 -0.001933333333)
(-5e-05 0.001333333333 -0.001933333333)
(5e-05 0.001333333333 -0.001933333333)
(-5e-05 0.0014 -0.001933333333)
(5e-05 0.0014 -0.001933333333)
(-5e-05 0.001466666667 -0.001933333333)
(5e-05 0.001466666667 -0.001933333333)
(-5e-05 0.001533333333 -0.001933333333)
(5e-05 0.001533333333 -0.001933333333)
(-5e-05 0.0016 -0.001933333333)
(5e-05 0.0016 -0.001933333333)
(-5e-05 0.001666666667 -0.001933333333)
(5e-05 0.001666666667 -0.001933333333)
(-5e-05 0.001733333333 -0.001933333333)
(5e-05 0.001733333333 -0.001933333333)
(-5e-05 0.0018 -0.001933333333)
(5e-05 0.0018 -0.001933333333)
(-5e-05 0.001866666667 -0.001933333333)
(5e-05 0.001866666667 -0.001933333333)
(-5e-05 0.001933333333 -0.001933333333)
(5e-05 0.001933333333 -0.001933333333)
(-5e-05 0.002 -0.001933333333)
(5e-05 0.002 -0.001933333333)
(-5e-05 0.002066666667 -0.001933333333)
(5e-05 0.002066666667 -0.001933333333)
(-5e-05 0.002133333333 -0.001933333333)
(5e-05 0.002133333333 -0.001933333333)
(-5e-05 0.0022 -0.001933333333)
(5e-05 0.0022 -0.001933333333)
(-5e-05 0.002266666667 -0.001933333333)
(5e-05 0.002266666667 -0.001933333333)
(-5e-05 0.002333333333 -0.001933333333)
(5e-05 0.002333333333 -0.001933333333)
(-5e-05 0.0024 -0.001933333333)
(5e-05 0.0024 -0.001933333333)
(-5e-05 0.002466666667 -0.001933333333)
(5e-05 0.002466666667 -0.001933333333)
(-5e-05 0.002533333333 -0.001933333333)
(5e-05 0.002533333333 -0.001933333333)
(-5e-05 0.0026 -0.001933333333)
(5e-05 0.0026 -0.001933333333)
(-5e-05 0.002666666667 -0.001933333333)
(5e-05 0.002666666667 -0.001933333333)
(-5e-05 0.002733333333 -0.001933333333)
(5e-05 0.002733333333 -0.001933333333)
(-5e-05 0.0028 -0.001933333333)
(5e-05 0.0028 -0.001933333333)
(-5e-05 0.002866666667 -0.001933333333)
(5e-05 0.002866666667 -0.001933333333)
(-5e-05 0.002933333333 -0.001933333333)
(5e-05 0.002933333333 -0.001933333333)
(-5e-05 0.003 -0.001933333333)
(5e-05 0.003 -0.001933333333)
(-5e-05 0.003066666667 -0.001933333333)
(5e-05 0.003066666667 -0.001933333333)
(-5e-05 0.003133333333 -0.001933333333)
(5e-05 0.003133333333 -0.001933333333)
(-5e-05 0.0032 -0.001933333333)
(5e-05 0.0032 -0.001933333333)
(-5e-05 0.003266666667 -0.001933333333)
(5e-05 0.003266666667 -0.001933333333)
(-5e-05 0.003333333333 -0.001933333333)
(5e-05 0.003333333333 -0.001933333333)
(-5e-05 0.0034 -0.001933333333)
(5e-05 0.0034 -0.001933333333)
(-5e-05 0.003466666667 -0.001933333333)
(5e-05 0.003466666667 -0.001933333333)
(-5e-05 0.003533333333 -0.001933333333)
(5e-05 0.003533333333 -0.001933333333)
(-5e-05 0.0036 -0.001933333333)
(5e-05 0.0036 -0.001933333333)
(-5e-05 0.003666666667 -0.001933333333)
(5e-05 0.003666666667 -0.001933333333)
(-5e-05 0.003733333333 -0.001933333333)
(5e-05 0.003733333333 -0.001933333333)
(-5e-05 0.0038 -0.001933333333)
(5e-05 0.0038 -0.001933333333)
(-5e-05 0.003866666667 -0.001933333333)
(5e-05 0.003866666667 -0.001933333333)
(-5e-05 0.003933333333 -0.001933333333)
(5e-05 0.003933333333 -0.001933333333)
(-5e-05 0.004 -0.001933333333)
(5e-05 0.004 -0.001933333333)
(-5e-05 0 -0.001866666667)
(5e-05 0 -0.001866666667)
(-5e-05 6.666666667e-05 -0.001866666667)
(5e-05 6.666666667e-05 -0.001866666667)
(-5e-05 0.0001333333333 -0.001866666667)
(5e-05 0.0001333333333 -0.001866666667)
(-5e-05 0.0002 -0.001866666667)
(5e-05 0.0002 -0.001866666667)
(-5e-05 0.0002666666667 -0.001866666667)
(5e-05 0.0002666666667 -0.001866666667)
(-5e-05 0.0003333333333 -0.001866666667)
(5e-05 0.0003333333333 -0.001866666667)
(-5e-05 0.0004 -0.001866666667)
(5e-05 0.0004 -0.001866666667)
(-5e-05 0.0004666666667 -0.001866666667)
(5e-05 0.0004666666667 -0.001866666667)
(-5e-05 0.0005333333333 -0.001866666667)
(5e-05 0.0005333333333 -0.001866666667)
(-5e-05 0.0006 -0.001866666667)
(5e-05 0.0006 -0.001866666667)
(-5e-05 0.0006666666667 -0.001866666667)
(5e-05 0.0006666666667 -0.001866666667)
(-5e-05 0.0007333333333 -0.001866666667)
(5e-05 0.0007333333333 -0.001866666667)
(-5e-05 0.0008 -0.001866666667)
(5e-05 0.0008 -0.001866666667)
(-5e-05 0.0008666666667 -0.001866666667)
(5e-05 0.0008666666667 -0.001866666667)
(-5e-05 0.0009333333333 -0.001866666667)
(5e-05 0.0009333333333 -0.001866666667)
(-5e-05 0.001 -0.001866666667)
(5e-05 0.001 -0.001866666667)
(-5e-05 0.001066666667 -0.001866666667)
(5e-05 0.001066666667 -0.001866666667)
(-5e-05 0.001133333333 -0.001866666667)
(5e-05 0.001133333333 -0.001866666667)
(-5e-05 0.0012 -0.001866666667)
(5e-05 0.0012 -0.001866666667)
(-5e-05 0.001266666667 -0.001866666667)
(5e-05 0.001266666667 -0.001866666667)
(-5e-05 0.001333333333 -0.001866666667)
(5e-05 0.001333333333 -0.001866666667)
(-5e-05 0.0014 -0.001866666667)
(5e-05 0.0014 -0.001866666667)
(-5e-05 0.001466666667 -0.001866666667)
(5e-05 0.001466666667 -0.001866666667)
(-5e-05 0.001533333333 -0.001866666667)
(5e-05 0.001533333333 -0.001866666667)
(-5e-05 0.0016 -0.001866666667)
(5e-05 0.0016 -0.001866666667)
(-5e-05 0.001666666667 -0.001866666667)
(5e-05 0.001666666667 -0.001866666667)
(-5e-05 0.001733333333 -0.001866666667)
(5e-05 0.001733333333 -0.001866666667)
(-5e-05 0.0018 -0.001866666667)
(5e-05 0.0018 -0.001866666667)
(-5e-05 0.001866666667 -0.001866666667)
(5e-05 0.001866666667 -0.001866666667)
(-5e-05 0.001933333333 -0.001866666667)
(5e-05 0.001933333333 -0.001866666667)
(-5e-05 0.002 -0.001866666667)
(5e-05 0.002 -0.001866666667)
(-5e-05 0.002066666667 -0.001866666667)
(5e-05 0.002066666667 -0.001866666667)
(-5e-05 0.002133333333 -0.001866666667)
(5e-05 0.002133333333 -0.001866666667)
(-5e-05 0.0022 -0.001866666667)
(5e-05 0.0022 -0.001866666667)
(-5e-05 0.002266666667 -0.001866666667)
(5e-05 0.002266666667 -0.001866666667)
(-5e-05 0.002333333333 -0.001866666667)
(5e-05 0.002333333333 -0.001866666667)
(-5e-05 0.0024 -0.001866666667)
(5e-05 0.0024 -0.001866666667)
(-5e-05 0.002466666667 -0.001866666667)
(5e-05 0.002466666667 -0.001866666667)
(-5e-05 0.002533333333 -0.001866666667)
(5e-05 0.002533333333 -0.001866666667)
(-5e-05 0.0026 -0.001866666667)
(5e-05 0.0026 -0.001866666667)
(-5e-05 0.002666666667 -0.001866666667)
(5e-05 0.002666666667 -0.001866666667)
(-5e-05 0.002733333333 -0.001866666667)
(5e-05 0.002733333333 -0.001866666667)
(-5e-05 0.0028 -0.001866666667)
(5e-05 0.0028 -0.001866666667)
(-5e-05 0.002866666667 -0.001866666667)
(5e-05 0.002866666667 -0.001866666667)
(-5e-05 0.002933333333 -0.001866666667)
(5e-05 0.002933333333 -0.001866666667)
(-5e-05 0.003 -0.001866666667)
(5e-05 0.003 -0.001866666667)
(-5e-05 0.003066666667 -0.001866666667)
(5e-05 0.003066666667 -0.001866666667)
(-5e-05 0.003133333333 -0.001866666667)
(5e-05 0.003133333333 -0.001866666667)
(-5e-05 0.0032 -0.001866666667)
(5e-05 0.0032 -0.001866666667)
(-5e-05 0.003266666667 -0.001866666667)
(5e-05 0.003266666667 -0.001866666667)
(-5e-05 0.003333333333 -0.001866666667)
(5e-05 0.003333333333 -0.001866666667)
(-5e-05 0.0034 -0.001866666667)
(5e-05 0.0034 -0.001866666667)
(-5e-05 0.003466666667 -0.001866666667)
(5e-05 0.003466666667 -0.001866666667)
(-5e-05 0.003533333333 -0.001866666667)
(5e-05 0.003533333333 -0.001866666667)
(-5e-05 0.0036 -0.001866666667)
(5e-05 0.0036 -0.001866666667)
(-5e-05 0.003666666667 -0.001866666667)
(5e-05 0.003666666667 -0.001866666667)
(-5e-05 0.003733333333 -0.001866666667)
(5e-05 0.003733333333 -0.001866666667)
(-5e-05 0.0038 -0.001866666667)
(5e-05 0.0038 -0.001866666667)
(-5e-05 0.003866666667 -0.001866666667)
(5e-05 0.003866666667 -0.001866666667)
(-5e-05 0.003933333333 -0.001866666667)
(5e-05 0.003933333333 -0.001866666667)
(-5e-05 0.004 -0.001866666667)
(5e-05 0.004 -0.001866666667)
(-5e-05 0 -0.0018)
(5e-05 0 -0.0018)
(-5e-05 6.666666667e-05 -0.0018)
(5e-05 6.666666667e-05 -0.0018)
(-5e-05 0.0001333333333 -0.0018)
(5e-05 0.0001333333333 -0.0018)
(-5e-05 0.0002 -0.0018)
(5e-05 0.0002 -0.0018)
(-5e-05 0.0002666666667 -0.0018)
(5e-05 0.0002666666667 -0.0018)
(-5e-05 0.0003333333333 -0.0018)
(5e-05 0.0003333333333 -0.0018)
(-5e-05 0.0004 -0.0018)
(5e-05 0.0004 -0.0018)
(-5e-05 0.0004666666667 -0.0018)
(5e-05 0.0004666666667 -0.0018)
(-5e-05 0.0005333333333 -0.0018)
(5e-05 0.0005333333333 -0.0018)
(-5e-05 0.0006 -0.0018)
(5e-05 0.0006 -0.0018)
(-5e-05 0.0006666666667 -0.0018)
(5e-05 0.0006666666667 -0.0018)
(-5e-05 0.0007333333333 -0.0018)
(5e-05 0.0007333333333 -0.0018)
(-5e-05 0.0008 -0.0018)
(5e-05 0.0008 -0.0018)
(-5e-05 0.0008666666667 -0.0018)
(5e-05 0.0008666666667 -0.0018)
(-5e-05 0.0009333333333 -0.0018)
(5e-05 0.0009333333333 -0.0018)
(-5e-05 0.001 -0.0018)
(5e-05 0.001 -0.0018)
(-5e-05 0.001066666667 -0.0018)
(5e-05 0.001066666667 -0.0018)
(-5e-05 0.001133333333 -0.0018)
(5e-05 0.001133333333 -0.0018)
(-5e-05 0.0012 -0.0018)
(5e-05 0.0012 -0.0018)
(-5e-05 0.001266666667 -0.0018)
(5e-05 0.001266666667 -0.0018)
(-5e-05 0.001333333333 -0.0018)
(5e-05 0.001333333333 -0.0018)
(-5e-05 0.0014 -0.0018)
(5e-05 0.0014 -0.0018)
(-5e-05 0.001466666667 -0.0018)
(5e-05 0.001466666667 -0.0018)
(-5e-05 0.001533333333 -0.0018)
(5e-05 0.001533333333 -0.0018)
(-5e-05 0.0016 -0.0018)
(5e-05 0.0016 -0.0018)
(-5e-05 0.001666666667 -0.0018)
(5e-05 0.001666666667 -0.0018)
(-5e-05 0.001733333333 -0.0018)
(5e-05 0.001733333333 -0.0018)
(-5e-05 0.0018 -0.0018)
(5e-05 0.0018 -0.0018)
(-5e-05 0.001866666667 -0.0018)
(5e-05 0.001866666667 -0.0018)
(-5e-05 0.001933333333 -0.0018)
(5e-05 0.001933333333 -0.0018)
(-5e-05 0.002 -0.0018)
(5e-05 0.002 -0.0018)
(-5e-05 0.002066666667 -0.0018)
(5e-05 0.002066666667 -0.0018)
(-5e-05 0.002133333333 -0.0018)
(5e-05 0.002133333333 -0.0018)
(-5e-05 0.0022 -0.0018)
(5e-05 0.0022 -0.0018)
(-5e-05 0.002266666667 -0.0018)
(5e-05 0.002266666667 -0.0018)
(-5e-05 0.002333333333 -0.0018)
(5e-05 0.002333333333 -0.0018)
(-5e-05 0.0024 -0.0018)
(5e-05 0.0024 -0.0018)
(-5e-05 0.002466666667 -0.0018)
(5e-05 0.002466666667 -0.0018)
(-5e-05 0.002533333333 -0.0018)
(5e-05 0.002533333333 -0.0018)
(-5e-05 0.0026 -0.0018)
(5e-05 0.0026 -0.0018)
(-5e-05 0.002666666667 -0.0018)
(5e-05 0.002666666667 -0.0018)
(-5e-05 0.002733333333 -0.0018)
(5e-05 0.002733333333 -0.0018)
(-5e-05 0.0028 -0.0018)
(5e-05 0.0028 -0.0018)
(-5e-05 0.002866666667 -0.0018)
(5e-05 0.002866666667 -0.0018)
(-5e-05 0.002933333333 -0.0018)
(5e-05 0.002933333333 -0.0018)
(-5e-05 0.003 -0.0018)
(5e-05 0.003 -0.0018)
(-5e-05 0.003066666667 -0.0018)
(5e-05 0.003066666667 -0.0018)
(-5e-05 0.003133333333 -0.0018)
(5e-05 0.003133333333 -0.0018)
(-5e-05 0.0032 -0.0018)
(5e-05 0.0032 -0.0018)
(-5e-05 0.003266666667 -0.0018)
(5e-05 0.003266666667 -0.0018)
(-5e-05 0.003333333333 -0.0018)
(5e-05 0.003333333333 -0.0018)
(-5e-05 0.0034 -0.0018)
(5e-05 0.0034 -0.0018)
(-5e-05 0.003466666667 -0.0018)
(5e-05 0.003466666667 -0.0018)
(-5e-05 0.003533333333 -0.0018)
(5e-05 0.003533333333 -0.0018)
(-5e-05 0.0036 -0.0018)
(5e-05 0.0036 -0.0018)
(-5e-05 0.003666666667 -0.0018)
(5e-05 0.003666666667 -0.0018)
(-5e-05 0.003733333333 -0.0018)
(5e-05 0.003733333333 -0.0018)
(-5e-05 0.0038 -0.0018)
(5e-05 0.0038 -0.0018)
(-5e-05 0.003866666667 -0.0018)
(5e-05 0.003866666667 -0.0018)
(-5e-05 0.003933333333 -0.0018)
(5e-05 0.003933333333 -0.0018)
(-5e-05 0.004 -0.0018)
(5e-05 0.004 -0.0018)
(-5e-05 0 -0.001733333333)
(5e-05 0 -0.001733333333)
(-5e-05 6.666666667e-05 -0.001733333333)
(5e-05 6.666666667e-05 -0.001733333333)
(-5e-05 0.0001333333333 -0.001733333333)
(5e-05 0.0001333333333 -0.001733333333)
(-5e-05 0.0002 -0.001733333333)
(5e-05 0.0002 -0.001733333333)
(-5e-05 0.0002666666667 -0.001733333333)
(5e-05 0.0002666666667 -0.001733333333)
(-5e-05 0.0003333333333 -0.001733333333)
(5e-05 0.0003333333333 -0.001733333333)
(-5e-05 0.0004 -0.001733333333)
(5e-05 0.0004 -0.001733333333)
(-5e-05 0.0004666666667 -0.001733333333)
(5e-05 0.0004666666667 -0.001733333333)
(-5e-05 0.0005333333333 -0.001733333333)
(5e-05 0.0005333333333 -0.001733333333)
(-5e-05 0.0006 -0.001733333333)
(5e-05 0.0006 -0.001733333333)
(-5e-05 0.0006666666667 -0.001733333333)
(5e-05 0.0006666666667 -0.001733333333)
(-5e-05 0.0007333333333 -0.001733333333)
(5e-05 0.0007333333333 -0.001733333333)
(-5e-05 0.0008 -0.001733333333)
(5e-05 0.0008 -0.001733333333)
(-5e-05 0.0008666666667 -0.001733333333)
(5e-05 0.0008666666667 -0.001733333333)
(-5e-05 0.0009333333333 -0.001733333333)
(5e-05 0.0009333333333 -0.001733333333)
(-5e-05 0.001 -0.001733333333)
(5e-05 0.001 -0.001733333333)
(-5e-05 0.001066666667 -0.001733333333)
(5e-05 0.001066666667 -0.001733333333)
(-5e-05 0.001133333333 -0.001733333333)
(5e-05 0.001133333333 -0.001733333333)
(-5e-05 0.0012 -0.001733333333)
(5e-05 0.0012 -0.001733333333)
(-5e-05 0.001266666667 -0.001733333333)
(5e-05 0.001266666667 -0.001733333333)
(-5e-05 0.001333333333 -0.001733333333)
(5e-05 0.001333333333 -0.001733333333)
(-5e-05 0.0014 -0.001733333333)
(5e-05 0.0014 -0.001733333333)
(-5e-05 0.001466666667 -0.001733333333)
(5e-05 0.001466666667 -0.001733333333)
(-5e-05 0.001533333333 -0.001733333333)
(5e-05 0.001533333333 -0.001733333333)
(-5e-05 0.0016 -0.001733333333)
(5e-05 0.0016 -0.001733333333)
(-5e-05 0.001666666667 -0.001733333333)
(5e-05 0.001666666667 -0.001733333333)
(-5e-05 0.001733333333 -0.001733333333)
(5e-05 0.001733333333 -0.001733333333)
(-5e-05 0.0018 -0.001733333333)
(5e-05 0.0018 -0.001733333333)
(-5e-05 0.001866666667 -0.001733333333)
(5e-05 0.001866666667 -0.001733333333)
(-5e-05 0.001933333333 -0.001733333333)
(5e-05 0.001933333333 -0.001733333333)
(-5e-05 0.002 -0.001733333333)
(5e-05 0.002 -0.001733333333)
(-5e-05 0.002066666667 -0.001733333333)
(5e-05 0.002066666667 -0.001733333333)
(-5e-05 0.002133333333 -0.001733333333)
(5e-05 0.002133333333 -0.001733333333)
(-5e-05 0.0022 -0.001733333333)
(5e-05 0.0022 -0.001733333333)
(-5e-05 0.002266666667 -0.001733333333)
(5e-05 0.002266666667 -0.001733333333)
(-5e-05 0.002333333333 -0.001733333333)
(5e-05 0.002333333333 -0.001733333333)
(-5e-05 0.0024 -0.001733333333)
(5e-05 0.0024 -0.001733333333)
(-5e-05 0.002466666667 -0.001733333333)
(5e-05 0.002466666667 -0.001733333333)
(-5e-05 0.002533333333 -0.001733333333)
(5e-05 0.002533333333 -0.001733333333)
(-5e-05 0.0026 -0.001733333333)
(5e-05 0.0026 -0.001733333333)
(-5e-05 0.002666666667 -0.001733333333)
(5e-05 0.002666666667 -0.001733333333)
(-5e-05 0.002733333333 -0.001733333333)
(5e-05 0.002733333333 -0.001733333333)
(-5e-05 0.0028 -0.001733333333)
(5e-05 0.0028 -0.001733333333)
(-5e-05 0.002866666667 -0.001733333333)
(5e-05 0.002866666667 -0.001733333333)
(-5e-05 0.002933333333 -0.001733333333)
(5e-05 0.002933333333 -0.001733333333)
(-5e-05 0.003 -0.001733333333)
(5e-05 0.003 -0.001733333333)
(-5e-05 0.003066666667 -0.001733333333)
(5e-05 0.003066666667 -0.001733333333)
(-5e-05 0.003133333333 -0.001733333333)
(5e-05 0.003133333333 -0.001733333333)
(-5e-05 0.0032 -0.001733333333)
(5e-05 0.0032 -0.001733333333)
(-5e-05 0.003266666667 -0.001733333333)
(5e-05 0.003266666667 -0.001733333333)
(-5e-05 0.003333333333 -0.001733333333)
(5e-05 0.003333333333 -0.001733333333)
(-5e-05 0.0034 -0.001733333333)
(5e-05 0.0034 -0.001733333333)
(-5e-05 0.003466666667 -0.001733333333)
(5e-05 0.003466666667 -0.001733333333)
(-5e-05 0.003533333333 -0.001733333333)
(5e-05 0.003533333333 -0.001733333333)
(-5e-05 0.0036 -0.001733333333)
(5e-05 0.0036 -0.001733333333)
(-5e-05 0.003666666667 -0.001733333333)
(5e-05 0.003666666667 -0.001733333333)
(-5e-05 0.003733333333 -0.001733333333)
(5e-05 0.003733333333 -0.001733333333)
(-5e-05 0.0038 -0.001733333333)
(5e-05 0.0038 -0.001733333333)
(-5e-05 0.003866666667 -0.001733333333)
(5e-05 0.003866666667 -0.001733333333)
(-5e-05 0.003933333333 -0.001733333333)
(5e-05 0.003933333333 -0.001733333333)
(-5e-05 0.004 -0.001733333333)
(5e-05 0.004 -0.001733333333)
(-5e-05 0 -0.001666666667)
(5e-05 0 -0.001666666667)
(-5e-05 6.666666667e-05 -0.001666666667)
(5e-05 6.666666667e-05 -0.001666666667)
(-5e-05 0.0001333333333 -0.001666666667)
(5e-05 0.0001333333333 -0.001666666667)
(-5e-05 0.0002 -0.001666666667)
(5e-05 0.0002 -0.001666666667)
(-5e-05 0.0002666666667 -0.001666666667)
(5e-05 0.0002666666667 -0.001666666667)
(-5e-05 0.0003333333333 -0.001666666667)
(5e-05 0.0003333333333 -0.001666666667)
(-5e-05 0.0004 -0.001666666667)
(5e-05 0.0004 -0.001666666667)
(-5e-05 0.0004666666667 -0.001666666667)
(5e-05 0.0004666666667 -0.001666666667)
(-5e-05 0.0005333333333 -0.001666666667)
(5e-05 0.0005333333333 -0.001666666667)
(-5e-05 0.0006 -0.001666666667)
(5e-05 0.0006 -0.001666666667)
(-5e-05 0.0006666666667 -0.001666666667)
(5e-05 0.0006666666667 -0.001666666667)
(-5e-05 0.0007333333333 -0.001666666667)
(5e-05 0.0007333333333 -0.001666666667)
(-5e-05 0.0008 -0.001666666667)
(5e-05 0.0008 -0.001666666667)
(-5e-05 0.0008666666667 -0.001666666667)
(5e-05 0.0008666666667 -0.001666666667)
(-5e-05 0.0009333333333 -0.001666666667)
(5e-05 0.0009333333333 -0.001666666667)
(-5e-05 0.001 -0.001666666667)
(5e-05 0.001 -0.001666666667)
(-5e-05 0.001066666667 -0.001666666667)
(5e-05 0.001066666667 -0.001666666667)
(-5e-05 0.001133333333 -0.001666666667)
(5e-05 0.001133333333 -0.001666666667)
(-5e-05 0.0012 -0.001666666667)
(5e-05 0.0012 -0.001666666667)
(-5e-05 0.001266666667 -0.001666666667)
(5e-05 0.001266666667 -0.001666666667)
(-5e-05 0.001333333333 -0.001666666667)
(5e-05 0.001333333333 -0.001666666667)
(-5e-05 0.0014 -0.001666666667)
(5e-05 0.0014 -0.001666666667)
(-5e-05 0.001466666667 -0.001666666667)
(5e-05 0.001466666667 -0.001666666667)
(-5e-05 0.001533333333 -0.001666666667)
(5e-05 0.001533333333 -0.001666666667)
(-5e-05 0.0016 -0.001666666667)
(5e-05 0.0016 -0.001666666667)
(-5e-05 0.001666666667 -0.001666666667)
(5e-05 0.001666666667 -0.001666666667)
(-5e-05 0.001733333333 -0.001666666667)
(5e-05 0.001733333333 -0.001666666667)
(-5e-05 0.0018 -0.001666666667)
(5e-05 0.0018 -0.001666666667)
(-5e-05 0.001866666667 -0.001666666667)
(5e-05 0.001866666667 -0.001666666667)
(-5e-05 0.001933333333 -0.001666666667)
(5e-05 0.001933333333 -0.001666666667)
(-5e-05 0.002 -0.001666666667)
(5e-05 0.002 -0.001666666667)
(-5e-05 0.002066666667 -0.001666666667)
(5e-05 0.002066666667 -0.001666666667)
(-5e-05 0.002133333333 -0.001666666667)
(5e-05 0.002133333333 -0.001666666667)
(-5e-05 0.0022 -0.001666666667)
(5e-05 0.0022 -0.001666666667)
(-5e-05 0.002266666667 -0.001666666667)
(5e-05 0.002266666667 -0.001666666667)
(-5e-05 0.002333333333 -0.001666666667)
(5e-05 0.002333333333 -0.001666666667)
(-5e-05 0.0024 -0.001666666667)
(5e-05 0.0024 -0.001666666667)
(-5e-05 0.002466666667 -0.001666666667)
(5e-05 0.002466666667 -0.001666666667)
(-5e-05 0.002533333333 -0.001666666667)
(5e-05 0.002533333333 -0.001666666667)
(-5e-05 0.0026 -0.001666666667)
(5e-05 0.0026 -0.001666666667)
(-5e-05 0.002666666667 -0.001666666667)
(5e-05 0.002666666667 -0.001666666667)
(-5e-05 0.002733333333 -0.001666666667)
(5e-05 0.002733333333 -0.001666666667)
(-5e-05 0.0028 -0.001666666667)
(5e-05 0.0028 -0.001666666667)
(-5e-05 0.002866666667 -0.001666666667)
(5e-05 0.002866666667 -0.001666666667)
(-5e-05 0.002933333333 -0.001666666667)
(5e-05 0.002933333333 -0.001666666667)
(-5e-05 0.003 -0.001666666667)
(5e-05 0.003 -0.001666666667)
(-5e-05 0.003066666667 -0.001666666667)
(5e-05 0.003066666667 -0.001666666667)
(-5e-05 0.003133333333 -0.001666666667)
(5e-05 0.003133333333 -0.001666666667)
(-5e-05 0.0032 -0.001666666667)
(5e-05 0.0032 -0.001666666667)
(-5e-05 0.003266666667 -0.001666666667)
(5e-05 0.003266666667 -0.001666666667)
(-5e-05 0.003333333333 -0.001666666667)
(5e-05 0.003333333333 -0.001666666667)
(-5e-05 0.0034 -0.001666666667)
(5e-05 0.0034 -0.001666666667)
(-5e-05 0.003466666667 -0.001666666667)
(5e-05 0.003466666667 -0.001666666667)
(-5e-05 0.003533333333 -0.001666666667)
(5e-05 0.003533333333 -0.001666666667)
(-5e-05 0.0036 -0.001666666667)
(5e-05 0.0036 -0.001666666667)
(-5e-05 0.003666666667 -0.001666666667)
(5e-05 0.003666666667 -0.001666666667)
(-5e-05 0.003733333333 -0.001666666667)
(5e-05 0.003733333333 -0.001666666667)
(-5e-05 0.0038 -0.001666666667)
(5e-05 0.0038 -0.001666666667)
(-5e-05 0.003866666667 -0.001666666667)
(5e-05 0.003866666667 -0.001666666667)
(-5e-05 0.003933333333 -0.001666666667)
(5e-05 0.003933333333 -0.001666666667)
(-5e-05 0.004 -0.001666666667)
(5e-05 0.004 -0.001666666667)
(-5e-05 0 -0.0016)
(5e-05 0 -0.0016)
(-5e-05 6.666666667e-05 -0.0016)
(5e-05 6.666666667e-05 -0.0016)
(-5e-05 0.0001333333333 -0.0016)
(5e-05 0.0001333333333 -0.0016)
(-5e-05 0.0002 -0.0016)
(5e-05 0.0002 -0.0016)
(-5e-05 0.0002666666667 -0.0016)
(5e-05 0.0002666666667 -0.0016)
(-5e-05 0.0003333333333 -0.0016)
(5e-05 0.0003333333333 -0.0016)
(-5e-05 0.0004 -0.0016)
(5e-05 0.0004 -0.0016)
(-5e-05 0.0004666666667 -0.0016)
(5e-05 0.0004666666667 -0.0016)
(-5e-05 0.0005333333333 -0.0016)
(5e-05 0.0005333333333 -0.0016)
(-5e-05 0.0006 -0.0016)
(5e-05 0.0006 -0.0016)
(-5e-05 0.0006666666667 -0.0016)
(5e-05 0.0006666666667 -0.0016)
(-5e-05 0.0007333333333 -0.0016)
(5e-05 0.0007333333333 -0.0016)
(-5e-05 0.0008 -0.0016)
(5e-05 0.0008 -0.0016)
(-5e-05 0.0008666666667 -0.0016)
(5e-05 0.0008666666667 -0.0016)
(-5e-05 0.0009333333333 -0.0016)
(5e-05 0.0009333333333 -0.0016)
(-5e-05 0.001 -0.0016)
(5e-05 0.001 -0.0016)
(-5e-05 0.001066666667 -0.0016)
(5e-05 0.001066666667 -0.0016)
(-5e-05 0.001133333333 -0.0016)
(5e-05 0.001133333333 -0.0016)
(-5e-05 0.0012 -0.0016)
(5e-05 0.0012 -0.0016)
(-5e-05 0.001266666667 -0.0016)
(5e-05 0.001266666667 -0.0016)
(-5e-05 0.001333333333 -0.0016)
(5e-05 0.001333333333 -0.0016)
(-5e-05 0.0014 -0.0016)
(5e-05 0.0014 -0.0016)
(-5e-05 0.001466666667 -0.0016)
(5e-05 0.001466666667 -0.0016)
(-5e-05 0.001533333333 -0.0016)
(5e-05 0.001533333333 -0.0016)
(-5e-05 0.0016 -0.0016)
(5e-05 0.0016 -0.0016)
(-5e-05 0.001666666667 -0.0016)
(5e-05 0.001666666667 -0.0016)
(-5e-05 0.001733333333 -0.0016)
(5e-05 0.001733333333 -0.0016)
(-5e-05 0.0018 -0.0016)
(5e-05 0.0018 -0.0016)
(-5e-05 0.001866666667 -0.0016)
(5e-05 0.001866666667 -0.0016)
(-5e-05 0.001933333333 -0.0016)
(5e-05 0.001933333333 -0.0016)
(-5e-05 0.002 -0.0016)
(5e-05 0.002 -0.0016)
(-5e-05 0.002066666667 -0.0016)
(5e-05 0.002066666667 -0.0016)
(-5e-05 0.002133333333 -0.0016)
(5e-05 0.002133333333 -0.0016)
(-5e-05 0.0022 -0.0016)
(5e-05 0.0022 -0.0016)
(-5e-05 0.002266666667 -0.0016)
(5e-05 0.002266666667 -0.0016)
(-5e-05 0.002333333333 -0.0016)
(5e-05 0.002333333333 -0.0016)
(-5e-05 0.0024 -0.0016)
(5e-05 0.0024 -0.0016)
(-5e-05 0.002466666667 -0.0016)
(5e-05 0.002466666667 -0.0016)
(-5e-05 0.002533333333 -0.0016)
(5e-05 0.002533333333 -0.0016)
(-5e-05 0.0026 -0.0016)
(5e-05 0.0026 -0.0016)
(-5e-05 0.002666666667 -0.0016)
(5e-05 0.002666666667 -0.0016)
(-5e-05 0.002733333333 -0.0016)
(5e-05 0.002733333333 -0.0016)
(-5e-05 0.0028 -0.0016)
(5e-05 0.0028 -0.0016)
(-5e-05 0.002866666667 -0.0016)
(5e-05 0.002866666667 -0.0016)
(-5e-05 0.002933333333 -0.0016)
(5e-05 0.002933333333 -0.0016)
(-5e-05 0.003 -0.0016)
(5e-05 0.003 -0.0016)
(-5e-05 0.003066666667 -0.0016)
(5e-05 0.003066666667 -0.0016)
(-5e-05 0.003133333333 -0.0016)
(5e-05 0.003133333333 -0.0016)
(-5e-05 0.0032 -0.0016)
(5e-05 0.0032 -0.0016)
(-5e-05 0.003266666667 -0.0016)
(5e-05 0.003266666667 -0.0016)
(-5e-05 0.003333333333 -0.0016)
(5e-05 0.003333333333 -0.0016)
(-5e-05 0.0034 -0.0016)
(5e-05 0.0034 -0.0016)
(-5e-05 0.003466666667 -0.0016)
(5e-05 0.003466666667 -0.0016)
(-5e-05 0.003533333333 -0.0016)
(5e-05 0.003533333333 -0.0016)
(-5e-05 0.0036 -0.0016)
(5e-05 0.0036 -0.0016)
(-5e-05 0.003666666667 -0.0016)
(5e-05 0.003666666667 -0.0016)
(-5e-05 0.003733333333 -0.0016)
(5e-05 0.003733333333 -0.0016)
(-5e-05 0.0038 -0.0016)
(5e-05 0.0038 -0.0016)
(-5e-05 0.003866666667 -0.0016)
(5e-05 0.003866666667 -0.0016)
(-5e-05 0.003933333333 -0.0016)
(5e-05 0.003933333333 -0.0016)
(-5e-05 0.004 -0.0016)
(5e-05 0.004 -0.0016)
(-5e-05 0 -0.001533333333)
(5e-05 0 -0.001533333333)
(-5e-05 6.666666667e-05 -0.001533333333)
(5e-05 6.666666667e-05 -0.001533333333)
(-5e-05 0.0001333333333 -0.001533333333)
(5e-05 0.0001333333333 -0.001533333333)
(-5e-05 0.0002 -0.001533333333)
(5e-05 0.0002 -0.001533333333)
(-5e-05 0.0002666666667 -0.001533333333)
(5e-05 0.0002666666667 -0.001533333333)
(-5e-05 0.0003333333333 -0.001533333333)
(5e-05 0.0003333333333 -0.001533333333)
(-5e-05 0.0004 -0.001533333333)
(5e-05 0.0004 -0.001533333333)
(-5e-05 0.0004666666667 -0.001533333333)
(5e-05 0.0004666666667 -0.001533333333)
(-5e-05 0.0005333333333 -0.001533333333)
(5e-05 0.0005333333333 -0.001533333333)
(-5e-05 0.0006 -0.001533333333)
(5e-05 0.0006 -0.001533333333)
(-5e-05 0.0006666666667 -0.001533333333)
(5e-05 0.0006666666667 -0.001533333333)
(-5e-05 0.0007333333333 -0.001533333333)
(5e-05 0.0007333333333 -0.001533333333)
(-5e-05 0.0008 -0.001533333333)
(5e-05 0.0008 -0.001533333333)
(-5e-05 0.0008666666667 -0.001533333333)
(5e-05 0.0008666666667 -0.001533333333)
(-5e-05 0.0009333333333 -0.001533333333)
(5e-05 0.0009333333333 -0.001533333333)
(-5e-05 0.001 -0.001533333333)
(5e-05 0.001 -0.001533333333)
(-5e-05 0.001066666667 -0.001533333333)
(5e-05 0.001066666667 -0.001533333333)
(-5e-05 0.001133333333 -0.001533333333)
(5e-05 0.001133333333 -0.001533333333)
(-5e-05 0.0012 -0.001533333333)
(5e-05 0.0012 -0.001533333333)
(-5e-05 0.001266666667 -0.001533333333)
(5e-05 0.001266666667 -0.001533333333)
(-5e-05 0.001333333333 -0.001533333333)
(5e-05 0.001333333333 -0.001533333333)
(-5e-05 0.0014 -0.001533333333)
(5e-05 0.0014 -0.001533333333)
(-5e-05 0.001466666667 -0.001533333333)
(5e-05 0.001466666667 -0.001533333333)
(-5e-05 0.001533333333 -0.001533333333)
(5e-05 0.001533333333 -0.001533333333)
(-5e-05 0.0016 -0.001533333333)
(5e-05 0.0016 -0.001533333333)
(-5e-05 0.001666666667 -0.001533333333)
(5e-05 0.001666666667 -0.001533333333)
(-5e-05 0.001733333333 -0.001533333333)
(5e-05 0.001733333333 -0.001533333333)
(-5e-05 0.0018 -0.001533333333)
(5e-05 0.0018 -0.001533333333)
(-5e-05 0.001866666667 -0.001533333333)
(5e-05 0.001866666667 -0.001533333333)
(-5e-05 0.001933333333 -0.001533333333)
(5e-05 0.001933333333 -0.001533333333)
(-5e-05 0.002 -0.001533333333)
(5e-05 0.002 -0.001533333333)
(-5e-05 0.002066666667 -0.001533333333)
(5e-05 0.002066666667 -0.001533333333)
(-5e-05 0.002133333333 -0.001533333333)
(5e-05 0.002133333333 -0.001533333333)
(-5e-05 0.0022 -0.001533333333)
(5e-05 0.0022 -0.001533333333)
(-5e-05 0.002266666667 -0.001533333333)
(5e-05 0.002266666667 -0.001533333333)
(-5e-05 0.002333333333 -0.001533333333)
(5e-05 0.002333333333 -0.001533333333)
(-5e-05 0.0024 -0.001533333333)
(5e-05 0.0024 -0.001533333333)
(-5e-05 0.002466666667 -0.001533333333)
(5e-05 0.002466666667 -0.001533333333)
(-5e-05 0.002533333333 -0.001533333333)
(5e-05 0.002533333333 -0.001533333333)
(-5e-05 0.0026 -0.001533333333)
(5e-05 0.0026 -0.001533333333)
(-5e-05 0.002666666667 -0.001533333333)
(5e-05 0.002666666667 -0.001533333333)
(-5e-05 0.002733333333 -0.001533333333)
(5e-05 0.002733333333 -0.001533333333)
(-5e-05 0.0028 -0.001533333333)
(5e-05 0.0028 -0.001533333333)
(-5e-05 0.002866666667 -0.001533333333)
(5e-05 0.002866666667 -0.001533333333)
(-5e-05 0.002933333333 -0.001533333333)
(5e-05 0.002933333333 -0.001533333333)
(-5e-05 0.003 -0.001533333333)
(5e-05 0.003 -0.001533333333)
(-5e-05 0.003066666667 -0.001533333333)
(5e-05 0.003066666667 -0.001533333333)
(-5e-05 0.003133333333 -0.001533333333)
(5e-05 0.003133333333 -0.001533333333)
(-5e-05 0.0032 -0.001533333333)
(5e-05 0.0032 -0.001533333333)
(-5e-05 0.003266666667 -0.001533333333)
(5e-05 0.003266666667 -0.001533333333)
(-5e-05 0.003333333333 -0.001533333333)
(5e-05 0.003333333333 -0.001533333333)
(-5e-05 0.0034 -0.001533333333)
(5e-05 0.0034 -0.001533333333)
(-5e-05 0.003466666667 -0.001533333333)
(5e-05 0.003466666667 -0.001533333333)
(-5e-05 0.003533333333 -0.001533333333)
(5e-05 0.003533333333 -0.001533333333)
(-5e-05 0.0036 -0.001533333333)
(5e-05 0.0036 -0.001533333333)
(-5e-05 0.003666666667 -0.001533333333)
(5e-05 0.003666666667 -0.001533333333)
(-5e-05 0.003733333333 -0.001533333333)
(5e-05 0.003733333333 -0.001533333333)
(-5e-05 0.0038 -0.001533333333)
(5e-05 0.0038 -0.001533333333)
(-5e-05 0.003866666667 -0.001533333333)
(5e-05 0.003866666667 -0.001533333333)
(-5e-05 0.003933333333 -0.001533333333)
(5e-05 0.003933333333 -0.001533333333)
(-5e-05 0.004 -0.001533333333)
(5e-05 0.004 -0.001533333333)
(-5e-05 0 -0.001466666667)
(5e-05 0 -0.001466666667)
(-5e-05 6.666666667e-05 -0.001466666667)
(5e-05 6.666666667e-05 -0.001466666667)
(-5e-05 0.0001333333333 -0.001466666667)
(5e-05 0.0001333333333 -0.001466666667)
(-5e-05 0.0002 -0.001466666667)
(5e-05 0.0002 -0.001466666667)
(-5e-05 0.0002666666667 -0.001466666667)
(5e-05 0.0002666666667 -0.001466666667)
(-5e-05 0.0003333333333 -0.001466666667)
(5e-05 0.0003333333333 -0.001466666667)
(-5e-05 0.0004 -0.001466666667)
(5e-05 0.0004 -0.001466666667)
(-5e-05 0.0004666666667 -0.001466666667)
(5e-05 0.0004666666667 -0.001466666667)
(-5e-05 0.0005333333333 -0.001466666667)
(5e-05 0.0005333333333 -0.001466666667)
(-5e-05 0.0006 -0.001466666667)
(5e-05 0.0006 -0.001466666667)
(-5e-05 0.0006666666667 -0.001466666667)
(5e-05 0.0006666666667 -0.001466666667)
(-5e-05 0.0007333333333 -0.001466666667)
(5e-05 0.0007333333333 -0.001466666667)
(-5e-05 0.0008 -0.001466666667)
(5e-05 0.0008 -0.001466666667)
(-5e-05 0.0008666666667 -0.001466666667)
(5e-05 0.0008666666667 -0.001466666667)
(-5e-05 0.0009333333333 -0.001466666667)
(5e-05 0.0009333333333 -0.001466666667)
(-5e-05 0.001 -0.001466666667)
(5e-05 0.001 -0.001466666667)
(-5e-05 0.001066666667 -0.001466666667)
(5e-05 0.001066666667 -0.001466666667)
(-5e-05 0.001133333333 -0.001466666667)
(5e-05 0.001133333333 -0.001466666667)
(-5e-05 0.0012 -0.001466666667)
(5e-05 0.0012 -0.001466666667)
(-5e-05 0.001266666667 -0.001466666667)
(5e-05 0.001266666667 -0.001466666667)
(-5e-05 0.001333333333 -0.001466666667)
(5e-05 0.001333333333 -0.001466666667)
(-5e-05 0.0014 -0.001466666667)
(5e-05 0.0014 -0.001466666667)
(-5e-05 0.001466666667 -0.001466666667)
(5e-05 0.001466666667 -0.001466666667)
(-5e-05 0.001533333333 -0.001466666667)
(5e-05 0.001533333333 -0.001466666667)
(-5e-05 0.0016 -0.001466666667)
(5e-05 0.0016 -0.001466666667)
(-5e-05 0.001666666667 -0.001466666667)
(5e-05 0.001666666667 -0.001466666667)
(-5e-05 0.001733333333 -0.001466666667)
(5e-05 0.001733333333 -0.001466666667)
(-5e-05 0.0018 -0.001466666667)
(5e-05 0.0018 -0.001466666667)
(-5e-05 0.001866666667 -0.001466666667)
(5e-05 0.001866666667 -0.001466666667)
(-5e-05 0.001933333333 -0.001466666667)
(5e-05 0.001933333333 -0.001466666667)
(-5e-05 0.002 -0.001466666667)
(5e-05 0.002 -0.001466666667)
(-5e-05 0.002066666667 -0.001466666667)
(5e-05 0.002066666667 -0.001466666667)
(-5e-05 0.002133333333 -0.001466666667)
(5e-05 0.002133333333 -0.001466666667)
(-5e-05 0.0022 -0.001466666667)
(5e-05 0.0022 -0.001466666667)
(-5e-05 0.002266666667 -0.001466666667)
(5e-05 0.002266666667 -0.001466666667)
(-5e-05 0.002333333333 -0.001466666667)
(5e-05 0.002333333333 -0.001466666667)
(-5e-05 0.0024 -0.001466666667)
(5e-05 0.0024 -0.001466666667)
(-5e-05 0.002466666667 -0.001466666667)
(5e-05 0.002466666667 -0.001466666667)
(-5e-05 0.002533333333 -0.001466666667)
(5e-05 0.002533333333 -0.001466666667)
(-5e-05 0.0026 -0.001466666667)
(5e-05 0.0026 -0.001466666667)
(-5e-05 0.002666666667 -0.001466666667)
(5e-05 0.002666666667 -0.001466666667)
(-5e-05 0.002733333333 -0.001466666667)
(5e-05 0.002733333333 -0.001466666667)
(-5e-05 0.0028 -0.001466666667)
(5e-05 0.0028 -0.001466666667)
(-5e-05 0.002866666667 -0.001466666667)
(5e-05 0.002866666667 -0.001466666667)
(-5e-05 0.002933333333 -0.001466666667)
(5e-05 0.002933333333 -0.001466666667)
(-5e-05 0.003 -0.001466666667)
(5e-05 0.003 -0.001466666667)
(-5e-05 0.003066666667 -0.001466666667)
(5e-05 0.003066666667 -0.001466666667)
(-5e-05 0.003133333333 -0.001466666667)
(5e-05 0.003133333333 -0.001466666667)
(-5e-05 0.0032 -0.001466666667)
(5e-05 0.0032 -0.001466666667)
(-5e-05 0.003266666667 -0.001466666667)
(5e-05 0.003266666667 -0.001466666667)
(-5e-05 0.003333333333 -0.001466666667)
(5e-05 0.003333333333 -0.001466666667)
(-5e-05 0.0034 -0.001466666667)
(5e-05 0.0034 -0.001466666667)
(-5e-05 0.003466666667 -0.001466666667)
(5e-05 0.003466666667 -0.001466666667)
(-5e-05 0.003533333333 -0.001466666667)
(5e-05 0.003533333333 -0.001466666667)
(-5e-05 0.0036 -0.001466666667)
(5e-05 0.0036 -0.001466666667)
(-5e-05 0.003666666667 -0.001466666667)
(5e-05 0.003666666667 -0.001466666667)
(-5e-05 0.003733333333 -0.001466666667)
(5e-05 0.003733333333 -0.001466666667)
(-5e-05 0.0038 -0.001466666667)
(5e-05 0.0038 -0.001466666667)
(-5e-05 0.003866666667 -0.001466666667)
(5e-05 0.003866666667 -0.001466666667)
(-5e-05 0.003933333333 -0.001466666667)
(5e-05 0.003933333333 -0.001466666667)
(-5e-05 0.004 -0.001466666667)
(5e-05 0.004 -0.001466666667)
(-5e-05 0 -0.0014)
(5e-05 0 -0.0014)
(-5e-05 6.666666667e-05 -0.0014)
(5e-05 6.666666667e-05 -0.0014)
(-5e-05 0.0001333333333 -0.0014)
(5e-05 0.0001333333333 -0.0014)
(-5e-05 0.0002 -0.0014)
(5e-05 0.0002 -0.0014)
(-5e-05 0.0002666666667 -0.0014)
(5e-05 0.0002666666667 -0.0014)
(-5e-05 0.0003333333333 -0.0014)
(5e-05 0.0003333333333 -0.0014)
(-5e-05 0.0004 -0.0014)
(5e-05 0.0004 -0.0014)
(-5e-05 0.0004666666667 -0.0014)
(5e-05 0.0004666666667 -0.0014)
(-5e-05 0.0005333333333 -0.0014)
(5e-05 0.0005333333333 -0.0014)
(-5e-05 0.0006 -0.0014)
(5e-05 0.0006 -0.0014)
(-5e-05 0.0006666666667 -0.0014)
(5e-05 0.0006666666667 -0.0014)
(-5e-05 0.0007333333333 -0.0014)
(5e-05 0.0007333333333 -0.0014)
(-5e-05 0.0008 -0.0014)
(5e-05 0.0008 -0.0014)
(-5e-05 0.0008666666667 -0.0014)
(5e-05 0.0008666666667 -0.0014)
(-5e-05 0.0009333333333 -0.0014)
(5e-05 0.0009333333333 -0.0014)
(-5e-05 0.001 -0.0014)
(5e-05 0.001 -0.0014)
(-5e-05 0.001066666667 -0.0014)
(5e-05 0.001066666667 -0.0014)
(-5e-05 0.001133333333 -0.0014)
(5e-05 0.001133333333 -0.0014)
(-5e-05 0.0012 -0.0014)
(5e-05 0.0012 -0.0014)
(-5e-05 0.001266666667 -0.0014)
(5e-05 0.001266666667 -0.0014)
(-5e-05 0.001333333333 -0.0014)
(5e-05 0.001333333333 -0.0014)
(-5e-05 0.0014 -0.0014)
(5e-05 0.0014 -0.0014)
(-5e-05 0.001466666667 -0.0014)
(5e-05 0.001466666667 -0.0014)
(-5e-05 0.001533333333 -0.0014)
(5e-05 0.001533333333 -0.0014)
(-5e-05 0.0016 -0.0014)
(5e-05 0.0016 -0.0014)
(-5e-05 0.001666666667 -0.0014)
(5e-05 0.001666666667 -0.0014)
(-5e-05 0.001733333333 -0.0014)
(5e-05 0.001733333333 -0.0014)
(-5e-05 0.0018 -0.0014)
(5e-05 0.0018 -0.0014)
(-5e-05 0.001866666667 -0.0014)
(5e-05 0.001866666667 -0.0014)
(-5e-05 0.001933333333 -0.0014)
(5e-05 0.001933333333 -0.0014)
(-5e-05 0.002 -0.0014)
(5e-05 0.002 -0.0014)
(-5e-05 0.002066666667 -0.0014)
(5e-05 0.002066666667 -0.0014)
(-5e-05 0.002133333333 -0.0014)
(5e-05 0.002133333333 -0.0014)
(-5e-05 0.0022 -0.0014)
(5e-05 0.0022 -0.0014)
(-5e-05 0.002266666667 -0.0014)
(5e-05 0.002266666667 -0.0014)
(-5e-05 0.002333333333 -0.0014)
(5e-05 0.002333333333 -0.0014)
(-5e-05 0.0024 -0.0014)
(5e-05 0.0024 -0.0014)
(-5e-05 0.002466666667 -0.0014)
(5e-05 0.002466666667 -0.0014)
(-5e-05 0.002533333333 -0.0014)
(5e-05 0.002533333333 -0.0014)
(-5e-05 0.0026 -0.0014)
(5e-05 0.0026 -0.0014)
(-5e-05 0.002666666667 -0.0014)
(5e-05 0.002666666667 -0.0014)
(-5e-05 0.002733333333 -0.0014)
(5e-05 0.002733333333 -0.0014)
(-5e-05 0.0028 -0.0014)
(5e-05 0.0028 -0.0014)
(-5e-05 0.002866666667 -0.0014)
(5e-05 0.002866666667 -0.0014)
(-5e-05 0.002933333333 -0.0014)
(5e-05 0.002933333333 -0.0014)
(-5e-05 0.003 -0.0014)
(5e-05 0.003 -0.0014)
(-5e-05 0.003066666667 -0.0014)
(5e-05 0.003066666667 -0.0014)
(-5e-05 0.003133333333 -0.0014)
(5e-05 0.003133333333 -0.0014)
(-5e-05 0.0032 -0.0014)
(5e-05 0.0032 -0.0014)
(-5e-05 0.003266666667 -0.0014)
(5e-05 0.003266666667 -0.0014)
(-5e-05 0.003333333333 -0.0014)
(5e-05 0.003333333333 -0.0014)
(-5e-05 0.0034 -0.0014)
(5e-05 0.0034 -0.0014)
(-5e-05 0.003466666667 -0.0014)
(5e-05 0.003466666667 -0.0014)
(-5e-05 0.003533333333 -0.0014)
(5e-05 0.003533333333 -0.0014)
(-5e-05 0.0036 -0.0014)
(5e-05 0.0036 -0.0014)
(-5e-05 0.003666666667 -0.0014)
(5e-05 0.003666666667 -0.0014)
(-5e-05 0.003733333333 -0.0014)
(5e-05 0.003733333333 -0.0014)
(-5e-05 0.0038 -0.0014)
(5e-05 0.0038 -0.0014)
(-5e-05 0.003866666667 -0.0014)
(5e-05 0.003866666667 -0.0014)
(-5e-05 0.003933333333 -0.0014)
(5e-05 0.003933333333 -0.0014)
(-5e-05 0.004 -0.0014)
(5e-05 0.004 -0.0014)
(-5e-05 0 -0.001333333333)
(5e-05 0 -0.001333333333)
(-5e-05 6.666666667e-05 -0.001333333333)
(5e-05 6.666666667e-05 -0.001333333333)
(-5e-05 0.0001333333333 -0.001333333333)
(5e-05 0.0001333333333 -0.001333333333)
(-5e-05 0.0002 -0.001333333333)
(5e-05 0.0002 -0.001333333333)
(-5e-05 0.0002666666667 -0.001333333333)
(5e-05 0.0002666666667 -0.001333333333)
(-5e-05 0.0003333333333 -0.001333333333)
(5e-05 0.0003333333333 -0.001333333333)
(-5e-05 0.0004 -0.001333333333)
(5e-05 0.0004 -0.001333333333)
(-5e-05 0.0004666666667 -0.001333333333)
(5e-05 0.0004666666667 -0.001333333333)
(-5e-05 0.0005333333333 -0.001333333333)
(5e-05 0.0005333333333 -0.001333333333)
(-5e-05 0.0006 -0.001333333333)
(5e-05 0.0006 -0.001333333333)
(-5e-05 0.0006666666667 -0.001333333333)
(5e-05 0.0006666666667 -0.001333333333)
(-5e-05 0.0007333333333 -0.001333333333)
(5e-05 0.0007333333333 -0.001333333333)
(-5e-05 0.0008 -0.001333333333)
(5e-05 0.0008 -0.001333333333)
(-5e-05 0.0008666666667 -0.001333333333)
(5e-05 0.0008666666667 -0.001333333333)
(-5e-05 0.0009333333333 -0.001333333333)
(5e-05 0.0009333333333 -0.001333333333)
(-5e-05 0.001 -0.001333333333)
(5e-05 0.001 -0.001333333333)
(-5e-05 0.001066666667 -0.001333333333)
(5e-05 0.001066666667 -0.001333333333)
(-5e-05 0.001133333333 -0.001333333333)
(5e-05 0.001133333333 -0.001333333333)
(-5e-05 0.0012 -0.001333333333)
(5e-05 0.0012 -0.001333333333)
(-5e-05 0.001266666667 -0.001333333333)
(5e-05 0.001266666667 -0.001333333333)
(-5e-05 0.001333333333 -0.001333333333)
(5e-05 0.001333333333 -0.001333333333)
(-5e-05 0.0014 -0.001333333333)
(5e-05 0.0014 -0.001333333333)
(-5e-05 0.001466666667 -0.001333333333)
(5e-05 0.001466666667 -0.001333333333)
(-5e-05 0.001533333333 -0.001333333333)
(5e-05 0.001533333333 -0.001333333333)
(-5e-05 0.0016 -0.001333333333)
(5e-05 0.0016 -0.001333333333)
(-5e-05 0.001666666667 -0.001333333333)
(5e-05 0.001666666667 -0.001333333333)
(-5e-05 0.001733333333 -0.001333333333)
(5e-05 0.001733333333 -0.001333333333)
(-5e-05 0.0018 -0.001333333333)
(5e-05 0.0018 -0.001333333333)
(-5e-05 0.001866666667 -0.001333333333)
(5e-05 0.001866666667 -0.001333333333)
(-5e-05 0.001933333333 -0.001333333333)
(5e-05 0.001933333333 -0.001333333333)
(-5e-05 0.002 -0.001333333333)
(5e-05 0.002 -0.001333333333)
(-5e-05 0.002066666667 -0.001333333333)
(5e-05 0.002066666667 -0.001333333333)
(-5e-05 0.002133333333 -0.001333333333)
(5e-05 0.002133333333 -0.001333333333)
(-5e-05 0.0022 -0.001333333333)
(5e-05 0.0022 -0.001333333333)
(-5e-05 0.002266666667 -0.001333333333)
(5e-05 0.002266666667 -0.001333333333)
(-5e-05 0.002333333333 -0.001333333333)
(5e-05 0.002333333333 -0.001333333333)
(-5e-05 0.0024 -0.001333333333)
(5e-05 0.0024 -0.001333333333)
(-5e-05 0.002466666667 -0.001333333333)
(5e-05 0.002466666667 -0.001333333333)
(-5e-05 0.002533333333 -0.001333333333)
(5e-05 0.002533333333 -0.001333333333)
(-5e-05 0.0026 -0.001333333333)
(5e-05 0.0026 -0.001333333333)
(-5e-05 0.002666666667 -0.001333333333)
(5e-05 0.002666666667 -0.001333333333)
(-5e-05 0.002733333333 -0.001333333333)
(5e-05 0.002733333333 -0.001333333333)
(-5e-05 0.0028 -0.001333333333)
(5e-05 0.0028 -0.001333333333)
(-5e-05 0.002866666667 -0.001333333333)
(5e-05 0.002866666667 -0.001333333333)
(-5e-05 0.002933333333 -0.001333333333)
(5e-05 0.002933333333 -0.001333333333)
(-5e-05 0.003 -0.001333333333)
(5e-05 0.003 -0.001333333333)
(-5e-05 0.003066666667 -0.001333333333)
(5e-05 0.003066666667 -0.001333333333)
(-5e-05 0.003133333333 -0.001333333333)
(5e-05 0.003133333333 -0.001333333333)
(-5e-05 0.0032 -0.001333333333)
(5e-05 0.0032 -0.001333333333)
(-5e-05 0.003266666667 -0.001333333333)
(5e-05 0.003266666667 -0.001333333333)
(-5e-05 0.003333333333 -0.001333333333)
(5e-05 0.003333333333 -0.001333333333)
(-5e-05 0.0034 -0.001333333333)
(5e-05 0.0034 -0.001333333333)
(-5e-05 0.003466666667 -0.001333333333)
(5e-05 0.003466666667 -0.001333333333)
(-5e-05 0.003533333333 -0.001333333333)
(5e-05 0.003533333333 -0.001333333333)
(-5e-05 0.0036 -0.001333333333)
(5e-05 0.0036 -0.001333333333)
(-5e-05 0.003666666667 -0.001333333333)
(5e-05 0.003666666667 -0.001333333333)
(-5e-05 0.003733333333 -0.001333333333)
(5e-05 0.003733333333 -0.001333333333)
(-5e-05 0.0038 -0.001333333333)
(5e-05 0.0038 -0.001333333333)
(-5e-05 0.003866666667 -0.001333333333)
(5e-05 0.003866666667 -0.001333333333)
(-5e-05 0.003933333333 -0.001333333333)
(5e-05 0.003933333333 -0.001333333333)
(-5e-05 0.004 -0.001333333333)
(5e-05 0.004 -0.001333333333)
(-5e-05 0 -0.001266666667)
(5e-05 0 -0.001266666667)
(-5e-05 6.666666667e-05 -0.001266666667)
(5e-05 6.666666667e-05 -0.001266666667)
(-5e-05 0.0001333333333 -0.001266666667)
(5e-05 0.0001333333333 -0.001266666667)
(-5e-05 0.0002 -0.001266666667)
(5e-05 0.0002 -0.001266666667)
(-5e-05 0.0002666666667 -0.001266666667)
(5e-05 0.0002666666667 -0.001266666667)
(-5e-05 0.0003333333333 -0.001266666667)
(5e-05 0.0003333333333 -0.001266666667)
(-5e-05 0.0004 -0.001266666667)
(5e-05 0.0004 -0.001266666667)
(-5e-05 0.0004666666667 -0.001266666667)
(5e-05 0.0004666666667 -0.001266666667)
(-5e-05 0.0005333333333 -0.001266666667)
(5e-05 0.0005333333333 -0.001266666667)
(-5e-05 0.0006 -0.001266666667)
(5e-05 0.0006 -0.001266666667)
(-5e-05 0.0006666666667 -0.001266666667)
(5e-05 0.0006666666667 -0.001266666667)
(-5e-05 0.0007333333333 -0.001266666667)
(5e-05 0.0007333333333 -0.001266666667)
(-5e-05 0.0008 -0.001266666667)
(5e-05 0.0008 -0.001266666667)
(-5e-05 0.0008666666667 -0.001266666667)
(5e-05 0.0008666666667 -0.001266666667)
(-5e-05 0.0009333333333 -0.001266666667)
(5e-05 0.0009333333333 -0.001266666667)
(-5e-05 0.001 -0.001266666667)
(5e-05 0.001 -0.001266666667)
(-5e-05 0.001066666667 -0.001266666667)
(5e-05 0.001066666667 -0.001266666667)
(-5e-05 0.001133333333 -0.001266666667)
(5e-05 0.001133333333 -0.001266666667)
(-5e-05 0.0012 -0.001266666667)
(5e-05 0.0012 -0.001266666667)
(-5e-05 0.001266666667 -0.001266666667)
(5e-05 0.001266666667 -0.001266666667)
(-5e-05 0.001333333333 -0.001266666667)
(5e-05 0.001333333333 -0.001266666667)
(-5e-05 0.0014 -0.001266666667)
(5e-05 0.0014 -0.001266666667)
(-5e-05 0.001466666667 -0.001266666667)
(5e-05 0.001466666667 -0.001266666667)
(-5e-05 0.001533333333 -0.001266666667)
(5e-05 0.001533333333 -0.001266666667)
(-5e-05 0.0016 -0.001266666667)
(5e-05 0.0016 -0.001266666667)
(-5e-05 0.001666666667 -0.001266666667)
(5e-05 0.001666666667 -0.001266666667)
(-5e-05 0.001733333333 -0.001266666667)
(5e-05 0.001733333333 -0.001266666667)
(-5e-05 0.0018 -0.001266666667)
(5e-05 0.0018 -0.001266666667)
(-5e-05 0.001866666667 -0.001266666667)
(5e-05 0.001866666667 -0.001266666667)
(-5e-05 0.001933333333 -0.001266666667)
(5e-05 0.001933333333 -0.001266666667)
(-5e-05 0.002 -0.001266666667)
(5e-05 0.002 -0.001266666667)
(-5e-05 0.002066666667 -0.001266666667)
(5e-05 0.002066666667 -0.001266666667)
(-5e-05 0.002133333333 -0.001266666667)
(5e-05 0.002133333333 -0.001266666667)
(-5e-05 0.0022 -0.001266666667)
(5e-05 0.0022 -0.001266666667)
(-5e-05 0.002266666667 -0.001266666667)
(5e-05 0.002266666667 -0.001266666667)
(-5e-05 0.002333333333 -0.001266666667)
(5e-05 0.002333333333 -0.001266666667)
(-5e-05 0.0024 -0.001266666667)
(5e-05 0.0024 -0.001266666667)
(-5e-05 0.002466666667 -0.001266666667)
(5e-05 0.002466666667 -0.001266666667)
(-5e-05 0.002533333333 -0.001266666667)
(5e-05 0.002533333333 -0.001266666667)
(-5e-05 0.0026 -0.001266666667)
(5e-05 0.0026 -0.001266666667)
(-5e-05 0.002666666667 -0.001266666667)
(5e-05 0.002666666667 -0.001266666667)
(-5e-05 0.002733333333 -0.001266666667)
(5e-05 0.002733333333 -0.001266666667)
(-5e-05 0.0028 -0.001266666667)
(5e-05 0.0028 -0.001266666667)
(-5e-05 0.002866666667 -0.001266666667)
(5e-05 0.002866666667 -0.001266666667)
(-5e-05 0.002933333333 -0.001266666667)
(5e-05 0.002933333333 -0.001266666667)
(-5e-05 0.003 -0.001266666667)
(5e-05 0.003 -0.001266666667)
(-5e-05 0.003066666667 -0.001266666667)
(5e-05 0.003066666667 -0.001266666667)
(-5e-05 0.003133333333 -0.001266666667)
(5e-05 0.003133333333 -0.001266666667)
(-5e-05 0.0032 -0.001266666667)
(5e-05 0.0032 -0.001266666667)
(-5e-05 0.003266666667 -0.001266666667)
(5e-05 0.003266666667 -0.001266666667)
(-5e-05 0.003333333333 -0.001266666667)
(5e-05 0.003333333333 -0.001266666667)
(-5e-05 0.0034 -0.001266666667)
(5e-05 0.0034 -0.001266666667)
(-5e-05 0.003466666667 -0.001266666667)
(5e-05 0.003466666667 -0.001266666667)
(-5e-05 0.003533333333 -0.001266666667)
(5e-05 0.003533333333 -0.001266666667)
(-5e-05 0.0036 -0.001266666667)
(5e-05 0.0036 -0.001266666667)
(-5e-05 0.003666666667 -0.001266666667)
(5e-05 0.003666666667 -0.001266666667)
(-5e-05 0.003733333333 -0.001266666667)
(5e-05 0.003733333333 -0.001266666667)
(-5e-05 0.0038 -0.001266666667)
(5e-05 0.0038 -0.001266666667)
(-5e-05 0.003866666667 -0.001266666667)
(5e-05 0.003866666667 -0.001266666667)
(-5e-05 0.003933333333 -0.001266666667)
(5e-05 0.003933333333 -0.001266666667)
(-5e-05 0.004 -0.001266666667)
(5e-05 0.004 -0.001266666667)
(-5e-05 0 -0.0012)
(5e-05 0 -0.0012)
(-5e-05 6.666666667e-05 -0.0012)
(5e-05 6.666666667e-05 -0.0012)
(-5e-05 0.0001333333333 -0.0012)
(5e-05 0.0001333333333 -0.0012)
(-5e-05 0.0002 -0.0012)
(5e-05 0.0002 -0.0012)
(-5e-05 0.0002666666667 -0.0012)
(5e-05 0.0002666666667 -0.0012)
(-5e-05 0.0003333333333 -0.0012)
(5e-05 0.0003333333333 -0.0012)
(-5e-05 0.0004 -0.0012)
(5e-05 0.0004 -0.0012)
(-5e-05 0.0004666666667 -0.0012)
(5e-05 0.0004666666667 -0.0012)
(-5e-05 0.0005333333333 -0.0012)
(5e-05 0.0005333333333 -0.0012)
(-5e-05 0.0006 -0.0012)
(5e-05 0.0006 -0.0012)
(-5e-05 0.0006666666667 -0.0012)
(5e-05 0.0006666666667 -0.0012)
(-5e-05 0.0007333333333 -0.0012)
(5e-05 0.0007333333333 -0.0012)
(-5e-05 0.0008 -0.0012)
(5e-05 0.0008 -0.0012)
(-5e-05 0.0008666666667 -0.0012)
(5e-05 0.0008666666667 -0.0012)
(-5e-05 0.0009333333333 -0.0012)
(5e-05 0.0009333333333 -0.0012)
(-5e-05 0.001 -0.0012)
(5e-05 0.001 -0.0012)
(-5e-05 0.001066666667 -0.0012)
(5e-05 0.001066666667 -0.0012)
(-5e-05 0.001133333333 -0.0012)
(5e-05 0.001133333333 -0.0012)
(-5e-05 0.0012 -0.0012)
(5e-05 0.0012 -0.0012)
(-5e-05 0.001266666667 -0.0012)
(5e-05 0.001266666667 -0.0012)
(-5e-05 0.001333333333 -0.0012)
(5e-05 0.001333333333 -0.0012)
(-5e-05 0.0014 -0.0012)
(5e-05 0.0014 -0.0012)
(-5e-05 0.001466666667 -0.0012)
(5e-05 0.001466666667 -0.0012)
(-5e-05 0.001533333333 -0.0012)
(5e-05 0.001533333333 -0.0012)
(-5e-05 0.0016 -0.0012)
(5e-05 0.0016 -0.0012)
(-5e-05 0.001666666667 -0.0012)
(5e-05 0.001666666667 -0.0012)
(-5e-05 0.001733333333 -0.0012)
(5e-05 0.001733333333 -0.0012)
(-5e-05 0.0018 -0.0012)
(5e-05 0.0018 -0.0012)
(-5e-05 0.001866666667 -0.0012)
(5e-05 0.001866666667 -0.0012)
(-5e-05 0.001933333333 -0.0012)
(5e-05 0.001933333333 -0.0012)
(-5e-05 0.002 -0.0012)
(5e-05 0.002 -0.0012)
(-5e-05 0.002066666667 -0.0012)
(5e-05 0.002066666667 -0.0012)
(-5e-05 0.002133333333 -0.0012)
(5e-05 0.002133333333 -0.0012)
(-5e-05 0.0022 -0.0012)
(5e-05 0.0022 -0.0012)
(-5e-05 0.002266666667 -0.0012)
(5e-05 0.002266666667 -0.0012)
(-5e-05 0.002333333333 -0.0012)
(5e-05 0.002333333333 -0.0012)
(-5e-05 0.0024 -0.0012)
(5e-05 0.0024 -0.0012)
(-5e-05 0.002466666667 -0.0012)
(5e-05 0.002466666667 -0.0012)
(-5e-05 0.002533333333 -0.0012)
(5e-05 0.002533333333 -0.0012)
(-5e-05 0.0026 -0.0012)
(5e-05 0.0026 -0.0012)
(-5e-05 0.002666666667 -0.0012)
(5e-05 0.002666666667 -0.0012)
(-5e-05 0.002733333333 -0.0012)
(5e-05 0.002733333333 -0.0012)
(-5e-05 0.0028 -0.0012)
(5e-05 0.0028 -0.0012)
(-5e-05 0.002866666667 -0.0012)
(5e-05 0.002866666667 -0.0012)
(-5e-05 0.002933333333 -0.0012)
(5e-05 0.002933333333 -0.0012)
(-5e-05 0.003 -0.0012)
(5e-05 0.003 -0.0012)
(-5e-05 0.003066666667 -0.0012)
(5e-05 0.003066666667 -0.0012)
(-5e-05 0.003133333333 -0.0012)
(5e-05 0.003133333333 -0.0012)
(-5e-05 0.0032 -0.0012)
(5e-05 0.0032 -0.0012)
(-5e-05 0.003266666667 -0.0012)
(5e-05 0.003266666667 -0.0012)
(-5e-05 0.003333333333 -0.0012)
(5e-05 0.003333333333 -0.0012)
(-5e-05 0.0034 -0.0012)
(5e-05 0.0034 -0.0012)
(-5e-05 0.003466666667 -0.0012)
(5e-05 0.003466666667 -0.0012)
(-5e-05 0.003533333333 -0.0012)
(5e-05 0.003533333333 -0.0012)
(-5e-05 0.0036 -0.0012)
(5e-05 0.0036 -0.0012)
(-5e-05 0.003666666667 -0.0012)
(5e-05 0.003666666667 -0.0012)
(-5e-05 0.003733333333 -0.0012)
(5e-05 0.003733333333 -0.0012)
(-5e-05 0.0038 -0.0012)
(5e-05 0.0038 -0.0012)
(-5e-05 0.003866666667 -0.0012)
(5e-05 0.003866666667 -0.0012)
(-5e-05 0.003933333333 -0.0012)
(5e-05 0.003933333333 -0.0012)
(-5e-05 0.004 -0.0012)
(5e-05 0.004 -0.0012)
(-5e-05 0 -0.001133333333)
(5e-05 0 -0.001133333333)
(-5e-05 6.666666667e-05 -0.001133333333)
(5e-05 6.666666667e-05 -0.001133333333)
(-5e-05 0.0001333333333 -0.001133333333)
(5e-05 0.0001333333333 -0.001133333333)
(-5e-05 0.0002 -0.001133333333)
(5e-05 0.0002 -0.001133333333)
(-5e-05 0.0002666666667 -0.001133333333)
(5e-05 0.0002666666667 -0.001133333333)
(-5e-05 0.0003333333333 -0.001133333333)
(5e-05 0.0003333333333 -0.001133333333)
(-5e-05 0.0004 -0.001133333333)
(5e-05 0.0004 -0.001133333333)
(-5e-05 0.0004666666667 -0.001133333333)
(5e-05 0.0004666666667 -0.001133333333)
(-5e-05 0.0005333333333 -0.001133333333)
(5e-05 0.0005333333333 -0.001133333333)
(-5e-05 0.0006 -0.001133333333)
(5e-05 0.0006 -0.001133333333)
(-5e-05 0.0006666666667 -0.001133333333)
(5e-05 0.0006666666667 -0.001133333333)
(-5e-05 0.0007333333333 -0.001133333333)
(5e-05 0.0007333333333 -0.001133333333)
(-5e-05 0.0008 -0.001133333333)
(5e-05 0.0008 -0.001133333333)
(-5e-05 0.0008666666667 -0.001133333333)
(5e-05 0.0008666666667 -0.001133333333)
(-5e-05 0.0009333333333 -0.001133333333)
(5e-05 0.0009333333333 -0.001133333333)
(-5e-05 0.001 -0.001133333333)
(5e-05 0.001 -0.001133333333)
(-5e-05 0.001066666667 -0.001133333333)
(5e-05 0.001066666667 -0.001133333333)
(-5e-05 0.001133333333 -0.001133333333)
(5e-05 0.001133333333 -0.001133333333)
(-5e-05 0.0012 -0.001133333333)
(5e-05 0.0012 -0.001133333333)
(-5e-05 0.001266666667 -0.001133333333)
(5e-05 0.001266666667 -0.001133333333)
(-5e-05 0.001333333333 -0.001133333333)
(5e-05 0.001333333333 -0.001133333333)
(-5e-05 0.0014 -0.001133333333)
(5e-05 0.0014 -0.001133333333)
(-5e-05 0.001466666667 -0.001133333333)
(5e-05 0.001466666667 -0.001133333333)
(-5e-05 0.001533333333 -0.001133333333)
(5e-05 0.001533333333 -0.001133333333)
(-5e-05 0.0016 -0.001133333333)
(5e-05 0.0016 -0.001133333333)
(-5e-05 0.001666666667 -0.001133333333)
(5e-05 0.001666666667 -0.001133333333)
(-5e-05 0.001733333333 -0.001133333333)
(5e-05 0.001733333333 -0.001133333333)
(-5e-05 0.0018 -0.001133333333)
(5e-05 0.0018 -0.001133333333)
(-5e-05 0.001866666667 -0.001133333333)
(5e-05 0.001866666667 -0.001133333333)
(-5e-05 0.001933333333 -0.001133333333)
(5e-05 0.001933333333 -0.001133333333)
(-5e-05 0.002 -0.001133333333)
(5e-05 0.002 -0.001133333333)
(-5e-05 0.002066666667 -0.001133333333)
(5e-05 0.002066666667 -0.001133333333)
(-5e-05 0.002133333333 -0.001133333333)
(5e-05 0.002133333333 -0.001133333333)
(-5e-05 0.0022 -0.001133333333)
(5e-05 0.0022 -0.001133333333)
(-5e-05 0.002266666667 -0.001133333333)
(5e-05 0.002266666667 -0.001133333333)
(-5e-05 0.002333333333 -0.001133333333)
(5e-05 0.002333333333 -0.001133333333)
(-5e-05 0.0024 -0.001133333333)
(5e-05 0.0024 -0.001133333333)
(-5e-05 0.002466666667 -0.001133333333)
(5e-05 0.002466666667 -0.001133333333)
(-5e-05 0.002533333333 -0.001133333333)
(5e-05 0.002533333333 -0.001133333333)
(-5e-05 0.0026 -0.001133333333)
(5e-05 0.0026 -0.001133333333)
(-5e-05 0.002666666667 -0.001133333333)
(5e-05 0.002666666667 -0.001133333333)
(-5e-05 0.002733333333 -0.001133333333)
(5e-05 0.002733333333 -0.001133333333)
(-5e-05 0.0028 -0.001133333333)
(5e-05 0.0028 -0.001133333333)
(-5e-05 0.002866666667 -0.001133333333)
(5e-05 0.002866666667 -0.001133333333)
(-5e-05 0.002933333333 -0.001133333333)
(5e-05 0.002933333333 -0.001133333333)
(-5e-05 0.003 -0.001133333333)
(5e-05 0.003 -0.001133333333)
(-5e-05 0.003066666667 -0.001133333333)
(5e-05 0.003066666667 -0.001133333333)
(-5e-05 0.003133333333 -0.001133333333)
(5e-05 0.003133333333 -0.001133333333)
(-5e-05 0.0032 -0.001133333333)
(5e-05 0.0032 -0.001133333333)
(-5e-05 0.003266666667 -0.001133333333)
(5e-05 0.003266666667 -0.001133333333)
(-5e-05 0.003333333333 -0.001133333333)
(5e-05 0.003333333333 -0.001133333333)
(-5e-05 0.0034 -0.001133333333)
(5e-05 0.0034 -0.001133333333)
(-5e-05 0.003466666667 -0.001133333333)
(5e-05 0.003466666667 -0.001133333333)
(-5e-05 0.003533333333 -0.001133333333)
(5e-05 0.003533333333 -0.001133333333)
(-5e-05 0.0036 -0.001133333333)
(5e-05 0.0036 -0.001133333333)
(-5e-05 0.003666666667 -0.001133333333)
(5e-05 0.003666666667 -0.001133333333)
(-5e-05 0.003733333333 -0.001133333333)
(5e-05 0.003733333333 -0.001133333333)
(-5e-05 0.0038 -0.001133333333)
(5e-05 0.0038 -0.001133333333)
(-5e-05 0.003866666667 -0.001133333333)
(5e-05 0.003866666667 -0.001133333333)
(-5e-05 0.003933333333 -0.001133333333)
(5e-05 0.003933333333 -0.001133333333)
(-5e-05 0.004 -0.001133333333)
(5e-05 0.004 -0.001133333333)
(-5e-05 0 -0.001066666667)
(5e-05 0 -0.001066666667)
(-5e-05 6.666666667e-05 -0.001066666667)
(5e-05 6.666666667e-05 -0.001066666667)
(-5e-05 0.0001333333333 -0.001066666667)
(5e-05 0.0001333333333 -0.001066666667)
(-5e-05 0.0002 -0.001066666667)
(5e-05 0.0002 -0.001066666667)
(-5e-05 0.0002666666667 -0.001066666667)
(5e-05 0.0002666666667 -0.001066666667)
(-5e-05 0.0003333333333 -0.001066666667)
(5e-05 0.0003333333333 -0.001066666667)
(-5e-05 0.0004 -0.001066666667)
(5e-05 0.0004 -0.001066666667)
(-5e-05 0.0004666666667 -0.001066666667)
(5e-05 0.0004666666667 -0.001066666667)
(-5e-05 0.0005333333333 -0.001066666667)
(5e-05 0.0005333333333 -0.001066666667)
(-5e-05 0.0006 -0.001066666667)
(5e-05 0.0006 -0.001066666667)
(-5e-05 0.0006666666667 -0.001066666667)
(5e-05 0.0006666666667 -0.001066666667)
(-5e-05 0.0007333333333 -0.001066666667)
(5e-05 0.0007333333333 -0.001066666667)
(-5e-05 0.0008 -0.001066666667)
(5e-05 0.0008 -0.001066666667)
(-5e-05 0.0008666666667 -0.001066666667)
(5e-05 0.0008666666667 -0.001066666667)
(-5e-05 0.0009333333333 -0.001066666667)
(5e-05 0.0009333333333 -0.001066666667)
(-5e-05 0.001 -0.001066666667)
(5e-05 0.001 -0.001066666667)
(-5e-05 0.001066666667 -0.001066666667)
(5e-05 0.001066666667 -0.001066666667)
(-5e-05 0.001133333333 -0.001066666667)
(5e-05 0.001133333333 -0.001066666667)
(-5e-05 0.0012 -0.001066666667)
(5e-05 0.0012 -0.001066666667)
(-5e-05 0.001266666667 -0.001066666667)
(5e-05 0.001266666667 -0.001066666667)
(-5e-05 0.001333333333 -0.001066666667)
(5e-05 0.001333333333 -0.001066666667)
(-5e-05 0.0014 -0.001066666667)
(5e-05 0.0014 -0.001066666667)
(-5e-05 0.001466666667 -0.001066666667)
(5e-05 0.001466666667 -0.001066666667)
(-5e-05 0.001533333333 -0.001066666667)
(5e-05 0.001533333333 -0.001066666667)
(-5e-05 0.0016 -0.001066666667)
(5e-05 0.0016 -0.001066666667)
(-5e-05 0.001666666667 -0.001066666667)
(5e-05 0.001666666667 -0.001066666667)
(-5e-05 0.001733333333 -0.001066666667)
(5e-05 0.001733333333 -0.001066666667)
(-5e-05 0.0018 -0.001066666667)
(5e-05 0.0018 -0.001066666667)
(-5e-05 0.001866666667 -0.001066666667)
(5e-05 0.001866666667 -0.001066666667)
(-5e-05 0.001933333333 -0.001066666667)
(5e-05 0.001933333333 -0.001066666667)
(-5e-05 0.002 -0.001066666667)
(5e-05 0.002 -0.001066666667)
(-5e-05 0.002066666667 -0.001066666667)
(5e-05 0.002066666667 -0.001066666667)
(-5e-05 0.002133333333 -0.001066666667)
(5e-05 0.002133333333 -0.001066666667)
(-5e-05 0.0022 -0.001066666667)
(5e-05 0.0022 -0.001066666667)
(-5e-05 0.002266666667 -0.001066666667)
(5e-05 0.002266666667 -0.001066666667)
(-5e-05 0.002333333333 -0.001066666667)
(5e-05 0.002333333333 -0.001066666667)
(-5e-05 0.0024 -0.001066666667)
(5e-05 0.0024 -0.001066666667)
(-5e-05 0.002466666667 -0.001066666667)
(5e-05 0.002466666667 -0.001066666667)
(-5e-05 0.002533333333 -0.001066666667)
(5e-05 0.002533333333 -0.001066666667)
(-5e-05 0.0026 -0.001066666667)
(5e-05 0.0026 -0.001066666667)
(-5e-05 0.002666666667 -0.001066666667)
(5e-05 0.002666666667 -0.001066666667)
(-5e-05 0.002733333333 -0.001066666667)
(5e-05 0.002733333333 -0.001066666667)
(-5e-05 0.0028 -0.001066666667)
(5e-05 0.0028 -0.001066666667)
(-5e-05 0.002866666667 -0.001066666667)
(5e-05 0.002866666667 -0.001066666667)
(-5e-05 0.002933333333 -0.001066666667)
(5e-05 0.002933333333 -0.001066666667)
(-5e-05 0.003 -0.001066666667)
(5e-05 0.003 -0.001066666667)
(-5e-05 0.003066666667 -0.001066666667)
(5e-05 0.003066666667 -0.001066666667)
(-5e-05 0.003133333333 -0.001066666667)
(5e-05 0.003133333333 -0.001066666667)
(-5e-05 0.0032 -0.001066666667)
(5e-05 0.0032 -0.001066666667)
(-5e-05 0.003266666667 -0.001066666667)
(5e-05 0.003266666667 -0.001066666667)
(-5e-05 0.003333333333 -0.001066666667)
(5e-05 0.003333333333 -0.001066666667)
(-5e-05 0.0034 -0.001066666667)
(5e-05 0.0034 -0.001066666667)
(-5e-05 0.003466666667 -0.001066666667)
(5e-05 0.003466666667 -0.001066666667)
(-5e-05 0.003533333333 -0.001066666667)
(5e-05 0.003533333333 -0.001066666667)
(-5e-05 0.0036 -0.001066666667)
(5e-05 0.0036 -0.001066666667)
(-5e-05 0.003666666667 -0.001066666667)
(5e-05 0.003666666667 -0.001066666667)
(-5e-05 0.003733333333 -0.001066666667)
(5e-05 0.003733333333 -0.001066666667)
(-5e-05 0.0038 -0.001066666667)
(5e-05 0.0038 -0.001066666667)
(-5e-05 0.003866666667 -0.001066666667)
(5e-05 0.003866666667 -0.001066666667)
(-5e-05 0.003933333333 -0.001066666667)
(5e-05 0.003933333333 -0.001066666667)
(-5e-05 0.004 -0.001066666667)
(5e-05 0.004 -0.001066666667)
(-5e-05 0 -0.001)
(5e-05 0 -0.001)
(-5e-05 6.666666667e-05 -0.001)
(5e-05 6.666666667e-05 -0.001)
(-5e-05 0.0001333333333 -0.001)
(5e-05 0.0001333333333 -0.001)
(-5e-05 0.0002 -0.001)
(5e-05 0.0002 -0.001)
(-5e-05 0.0002666666667 -0.001)
(5e-05 0.0002666666667 -0.001)
(-5e-05 0.0003333333333 -0.001)
(5e-05 0.0003333333333 -0.001)
(-5e-05 0.0004 -0.001)
(5e-05 0.0004 -0.001)
(-5e-05 0.0004666666667 -0.001)
(5e-05 0.0004666666667 -0.001)
(-5e-05 0.0005333333333 -0.001)
(5e-05 0.0005333333333 -0.001)
(-5e-05 0.0006 -0.001)
(5e-05 0.0006 -0.001)
(-5e-05 0.0006666666667 -0.001)
(5e-05 0.0006666666667 -0.001)
(-5e-05 0.0007333333333 -0.001)
(5e-05 0.0007333333333 -0.001)
(-5e-05 0.0008 -0.001)
(5e-05 0.0008 -0.001)
(-5e-05 0.0008666666667 -0.001)
(5e-05 0.0008666666667 -0.001)
(-5e-05 0.0009333333333 -0.001)
(5e-05 0.0009333333333 -0.001)
(-5e-05 0.001 -0.001)
(5e-05 0.001 -0.001)
(-5e-05 0.001066666667 -0.001)
(5e-05 0.001066666667 -0.001)
(-5e-05 0.001133333333 -0.001)
(5e-05 0.001133333333 -0.001)
(-5e-05 0.0012 -0.001)
(5e-05 0.0012 -0.001)
(-5e-05 0.001266666667 -0.001)
(5e-05 0.001266666667 -0.001)
(-5e-05 0.001333333333 -0.001)
(5e-05 0.001333333333 -0.001)
(-5e-05 0.0014 -0.001)
(5e-05 0.0014 -0.001)
(-5e-05 0.001466666667 -0.001)
(5e-05 0.001466666667 -0.001)
(-5e-05 0.001533333333 -0.001)
(5e-05 0.001533333333 -0.001)
(-5e-05 0.0016 -0.001)
(5e-05 0.0016 -0.001)
(-5e-05 0.001666666667 -0.001)
(5e-05 0.001666666667 -0.001)
(-5e-05 0.001733333333 -0.001)
(5e-05 0.001733333333 -0.001)
(-5e-05 0.0018 -0.001)
(5e-05 0.0018 -0.001)
(-5e-05 0.001866666667 -0.001)
(5e-05 0.001866666667 -0.001)
(-5e-05 0.001933333333 -0.001)
(5e-05 0.001933333333 -0.001)
(-5e-05 0.002 -0.001)
(5e-05 0.002 -0.001)
(-5e-05 0.002066666667 -0.001)
(5e-05 0.002066666667 -0.001)
(-5e-05 0.002133333333 -0.001)
(5e-05 0.002133333333 -0.001)
(-5e-05 0.0022 -0.001)
(5e-05 0.0022 -0.001)
(-5e-05 0.002266666667 -0.001)
(5e-05 0.002266666667 -0.001)
(-5e-05 0.002333333333 -0.001)
(5e-05 0.002333333333 -0.001)
(-5e-05 0.0024 -0.001)
(5e-05 0.0024 -0.001)
(-5e-05 0.002466666667 -0.001)
(5e-05 0.002466666667 -0.001)
(-5e-05 0.002533333333 -0.001)
(5e-05 0.002533333333 -0.001)
(-5e-05 0.0026 -0.001)
(5e-05 0.0026 -0.001)
(-5e-05 0.002666666667 -0.001)
(5e-05 0.002666666667 -0.001)
(-5e-05 0.002733333333 -0.001)
(5e-05 0.002733333333 -0.001)
(-5e-05 0.0028 -0.001)
(5e-05 0.0028 -0.001)
(-5e-05 0.002866666667 -0.001)
(5e-05 0.002866666667 -0.001)
(-5e-05 0.002933333333 -0.001)
(5e-05 0.002933333333 -0.001)
(-5e-05 0.003 -0.001)
(5e-05 0.003 -0.001)
(-5e-05 0.003066666667 -0.001)
(5e-05 0.003066666667 -0.001)
(-5e-05 0.003133333333 -0.001)
(5e-05 0.003133333333 -0.001)
(-5e-05 0.0032 -0.001)
(5e-05 0.0032 -0.001)
(-5e-05 0.003266666667 -0.001)
(5e-05 0.003266666667 -0.001)
(-5e-05 0.003333333333 -0.001)
(5e-05 0.003333333333 -0.001)
(-5e-05 0.0034 -0.001)
(5e-05 0.0034 -0.001)
(-5e-05 0.003466666667 -0.001)
(5e-05 0.003466666667 -0.001)
(-5e-05 0.003533333333 -0.001)
(5e-05 0.003533333333 -0.001)
(-5e-05 0.0036 -0.001)
(5e-05 0.0036 -0.001)
(-5e-05 0.003666666667 -0.001)
(5e-05 0.003666666667 -0.001)
(-5e-05 0.003733333333 -0.001)
(5e-05 0.003733333333 -0.001)
(-5e-05 0.0038 -0.001)
(5e-05 0.0038 -0.001)
(-5e-05 0.003866666667 -0.001)
(5e-05 0.003866666667 -0.001)
(-5e-05 0.003933333333 -0.001)
(5e-05 0.003933333333 -0.001)
(-5e-05 0.004 -0.001)
(5e-05 0.004 -0.001)
(-5e-05 0 -0.0009333333333)
(5e-05 0 -0.0009333333333)
(-5e-05 6.666666667e-05 -0.0009333333333)
(5e-05 6.666666667e-05 -0.0009333333333)
(-5e-05 0.0001333333333 -0.0009333333333)
(5e-05 0.0001333333333 -0.0009333333333)
(-5e-05 0.0002 -0.0009333333333)
(5e-05 0.0002 -0.0009333333333)
(-5e-05 0.0002666666667 -0.0009333333333)
(5e-05 0.0002666666667 -0.0009333333333)
(-5e-05 0.0003333333333 -0.0009333333333)
(5e-05 0.0003333333333 -0.0009333333333)
(-5e-05 0.0004 -0.0009333333333)
(5e-05 0.0004 -0.0009333333333)
(-5e-05 0.0004666666667 -0.0009333333333)
(5e-05 0.0004666666667 -0.0009333333333)
(-5e-05 0.0005333333333 -0.0009333333333)
(5e-05 0.0005333333333 -0.0009333333333)
(-5e-05 0.0006 -0.0009333333333)
(5e-05 0.0006 -0.0009333333333)
(-5e-05 0.0006666666667 -0.0009333333333)
(5e-05 0.0006666666667 -0.0009333333333)
(-5e-05 0.0007333333333 -0.0009333333333)
(5e-05 0.0007333333333 -0.0009333333333)
(-5e-05 0.0008 -0.0009333333333)
(5e-05 0.0008 -0.0009333333333)
(-5e-05 0.0008666666667 -0.0009333333333)
(5e-05 0.0008666666667 -0.0009333333333)
(-5e-05 0.0009333333333 -0.0009333333333)
(5e-05 0.0009333333333 -0.0009333333333)
(-5e-05 0.001 -0.0009333333333)
(5e-05 0.001 -0.0009333333333)
(-5e-05 0.001066666667 -0.0009333333333)
(5e-05 0.001066666667 -0.0009333333333)
(-5e-05 0.001133333333 -0.0009333333333)
(5e-05 0.001133333333 -0.0009333333333)
(-5e-05 0.0012 -0.0009333333333)
(5e-05 0.0012 -0.0009333333333)
(-5e-05 0.001266666667 -0.0009333333333)
(5e-05 0.001266666667 -0.0009333333333)
(-5e-05 0.001333333333 -0.0009333333333)
(5e-05 0.001333333333 -0.0009333333333)
(-5e-05 0.0014 -0.0009333333333)
(5e-05 0.0014 -0.0009333333333)
(-5e-05 0.001466666667 -0.0009333333333)
(5e-05 0.001466666667 -0.0009333333333)
(-5e-05 0.001533333333 -0.0009333333333)
(5e-05 0.001533333333 -0.0009333333333)
(-5e-05 0.0016 -0.0009333333333)
(5e-05 0.0016 -0.0009333333333)
(-5e-05 0.001666666667 -0.0009333333333)
(5e-05 0.001666666667 -0.0009333333333)
(-5e-05 0.001733333333 -0.0009333333333)
(5e-05 0.001733333333 -0.0009333333333)
(-5e-05 0.0018 -0.0009333333333)
(5e-05 0.0018 -0.0009333333333)
(-5e-05 0.001866666667 -0.0009333333333)
(5e-05 0.001866666667 -0.0009333333333)
(-5e-05 0.001933333333 -0.0009333333333)
(5e-05 0.001933333333 -0.0009333333333)
(-5e-05 0.002 -0.0009333333333)
(5e-05 0.002 -0.0009333333333)
(-5e-05 0.002066666667 -0.0009333333333)
(5e-05 0.002066666667 -0.0009333333333)
(-5e-05 0.002133333333 -0.0009333333333)
(5e-05 0.002133333333 -0.0009333333333)
(-5e-05 0.0022 -0.0009333333333)
(5e-05 0.0022 -0.0009333333333)
(-5e-05 0.002266666667 -0.0009333333333)
(5e-05 0.002266666667 -0.0009333333333)
(-5e-05 0.002333333333 -0.0009333333333)
(5e-05 0.002333333333 -0.0009333333333)
(-5e-05 0.0024 -0.0009333333333)
(5e-05 0.0024 -0.0009333333333)
(-5e-05 0.002466666667 -0.0009333333333)
(5e-05 0.002466666667 -0.0009333333333)
(-5e-05 0.002533333333 -0.0009333333333)
(5e-05 0.002533333333 -0.0009333333333)
(-5e-05 0.0026 -0.0009333333333)
(5e-05 0.0026 -0.0009333333333)
(-5e-05 0.002666666667 -0.0009333333333)
(5e-05 0.002666666667 -0.0009333333333)
(-5e-05 0.002733333333 -0.0009333333333)
(5e-05 0.002733333333 -0.0009333333333)
(-5e-05 0.0028 -0.0009333333333)
(5e-05 0.0028 -0.0009333333333)
(-5e-05 0.002866666667 -0.0009333333333)
(5e-05 0.002866666667 -0.0009333333333)
(-5e-05 0.002933333333 -0.0009333333333)
(5e-05 0.002933333333 -0.0009333333333)
(-5e-05 0.003 -0.0009333333333)
(5e-05 0.003 -0.0009333333333)
(-5e-05 0.003066666667 -0.0009333333333)
(5e-05 0.003066666667 -0.0009333333333)
(-5e-05 0.003133333333 -0.0009333333333)
(5e-05 0.003133333333 -0.0009333333333)
(-5e-05 0.0032 -0.0009333333333)
(5e-05 0.0032 -0.0009333333333)
(-5e-05 0.003266666667 -0.0009333333333)
(5e-05 0.003266666667 -0.0009333333333)
(-5e-05 0.003333333333 -0.0009333333333)
(5e-05 0.003333333333 -0.0009333333333)
(-5e-05 0.0034 -0.0009333333333)
(5e-05 0.0034 -0.0009333333333)
(-5e-05 0.003466666667 -0.0009333333333)
(5e-05 0.003466666667 -0.0009333333333)
(-5e-05 0.003533333333 -0.0009333333333)
(5e-05 0.003533333333 -0.0009333333333)
(-5e-05 0.0036 -0.0009333333333)
(5e-05 0.0036 -0.0009333333333)
(-5e-05 0.003666666667 -0.0009333333333)
(5e-05 0.003666666667 -0.0009333333333)
(-5e-05 0.003733333333 -0.0009333333333)
(5e-05 0.003733333333 -0.0009333333333)
(-5e-05 0.0038 -0.0009333333333)
(5e-05 0.0038 -0.0009333333333)
(-5e-05 0.003866666667 -0.0009333333333)
(5e-05 0.003866666667 -0.0009333333333)
(-5e-05 0.003933333333 -0.0009333333333)
(5e-05 0.003933333333 -0.0009333333333)
(-5e-05 0.004 -0.0009333333333)
(5e-05 0.004 -0.0009333333333)
(-5e-05 0 -0.0008666666667)
(5e-05 0 -0.0008666666667)
(-5e-05 6.666666667e-05 -0.0008666666667)
(5e-05 6.666666667e-05 -0.0008666666667)
(-5e-05 0.0001333333333 -0.0008666666667)
(5e-05 0.0001333333333 -0.0008666666667)
(-5e-05 0.0002 -0.0008666666667)
(5e-05 0.0002 -0.0008666666667)
(-5e-05 0.0002666666667 -0.0008666666667)
(5e-05 0.0002666666667 -0.0008666666667)
(-5e-05 0.0003333333333 -0.0008666666667)
(5e-05 0.0003333333333 -0.0008666666667)
(-5e-05 0.0004 -0.0008666666667)
(5e-05 0.0004 -0.0008666666667)
(-5e-05 0.0004666666667 -0.0008666666667)
(5e-05 0.0004666666667 -0.0008666666667)
(-5e-05 0.0005333333333 -0.0008666666667)
(5e-05 0.0005333333333 -0.0008666666667)
(-5e-05 0.0006 -0.0008666666667)
(5e-05 0.0006 -0.0008666666667)
(-5e-05 0.0006666666667 -0.0008666666667)
(5e-05 0.0006666666667 -0.0008666666667)
(-5e-05 0.0007333333333 -0.0008666666667)
(5e-05 0.0007333333333 -0.0008666666667)
(-5e-05 0.0008 -0.0008666666667)
(5e-05 0.0008 -0.0008666666667)
(-5e-05 0.0008666666667 -0.0008666666667)
(5e-05 0.0008666666667 -0.0008666666667)
(-5e-05 0.0009333333333 -0.0008666666667)
(5e-05 0.0009333333333 -0.0008666666667)
(-5e-05 0.001 -0.0008666666667)
(5e-05 0.001 -0.0008666666667)
(-5e-05 0.001066666667 -0.0008666666667)
(5e-05 0.001066666667 -0.0008666666667)
(-5e-05 0.001133333333 -0.0008666666667)
(5e-05 0.001133333333 -0.0008666666667)
(-5e-05 0.0012 -0.0008666666667)
(5e-05 0.0012 -0.0008666666667)
(-5e-05 0.001266666667 -0.0008666666667)
(5e-05 0.001266666667 -0.0008666666667)
(-5e-05 0.001333333333 -0.0008666666667)
(5e-05 0.001333333333 -0.0008666666667)
(-5e-05 0.0014 -0.0008666666667)
(5e-05 0.0014 -0.0008666666667)
(-5e-05 0.001466666667 -0.0008666666667)
(5e-05 0.001466666667 -0.0008666666667)
(-5e-05 0.001533333333 -0.0008666666667)
(5e-05 0.001533333333 -0.0008666666667)
(-5e-05 0.0016 -0.0008666666667)
(5e-05 0.0016 -0.0008666666667)
(-5e-05 0.001666666667 -0.0008666666667)
(5e-05 0.001666666667 -0.0008666666667)
(-5e-05 0.001733333333 -0.0008666666667)
(5e-05 0.001733333333 -0.0008666666667)
(-5e-05 0.0018 -0.0008666666667)
(5e-05 0.0018 -0.0008666666667)
(-5e-05 0.001866666667 -0.0008666666667)
(5e-05 0.001866666667 -0.0008666666667)
(-5e-05 0.001933333333 -0.0008666666667)
(5e-05 0.001933333333 -0.0008666666667)
(-5e-05 0.002 -0.0008666666667)
(5e-05 0.002 -0.0008666666667)
(-5e-05 0.002066666667 -0.0008666666667)
(5e-05 0.002066666667 -0.0008666666667)
(-5e-05 0.002133333333 -0.0008666666667)
(5e-05 0.002133333333 -0.0008666666667)
(-5e-05 0.0022 -0.0008666666667)
(5e-05 0.0022 -0.0008666666667)
(-5e-05 0.002266666667 -0.0008666666667)
(5e-05 0.002266666667 -0.0008666666667)
(-5e-05 0.002333333333 -0.0008666666667)
(5e-05 0.002333333333 -0.0008666666667)
(-5e-05 0.0024 -0.0008666666667)
(5e-05 0.0024 -0.0008666666667)
(-5e-05 0.002466666667 -0.0008666666667)
(5e-05 0.002466666667 -0.0008666666667)
(-5e-05 0.002533333333 -0.0008666666667)
(5e-05 0.002533333333 -0.0008666666667)
(-5e-05 0.0026 -0.0008666666667)
(5e-05 0.0026 -0.0008666666667)
(-5e-05 0.002666666667 -0.0008666666667)
(5e-05 0.002666666667 -0.0008666666667)
(-5e-05 0.002733333333 -0.0008666666667)
(5e-05 0.002733333333 -0.0008666666667)
(-5e-05 0.0028 -0.0008666666667)
(5e-05 0.0028 -0.0008666666667)
(-5e-05 0.002866666667 -0.0008666666667)
(5e-05 0.002866666667 -0.0008666666667)
(-5e-05 0.002933333333 -0.0008666666667)
(5e-05 0.002933333333 -0.0008666666667)
(-5e-05 0.003 -0.0008666666667)
(5e-05 0.003 -0.0008666666667)
(-5e-05 0.003066666667 -0.0008666666667)
(5e-05 0.003066666667 -0.0008666666667)
(-5e-05 0.003133333333 -0.0008666666667)
(5e-05 0.003133333333 -0.0008666666667)
(-5e-05 0.0032 -0.0008666666667)
(5e-05 0.0032 -0.0008666666667)
(-5e-05 0.003266666667 -0.0008666666667)
(5e-05 0.003266666667 -0.0008666666667)
(-5e-05 0.003333333333 -0.0008666666667)
(5e-05 0.003333333333 -0.0008666666667)
(-5e-05 0.0034 -0.0008666666667)
(5e-05 0.0034 -0.0008666666667)
(-5e-05 0.003466666667 -0.0008666666667)
(5e-05 0.003466666667 -0.0008666666667)
(-5e-05 0.003533333333 -0.0008666666667)
(5e-05 0.003533333333 -0.0008666666667)
(-5e-05 0.0036 -0.0008666666667)
(5e-05 0.0036 -0.0008666666667)
(-5e-05 0.003666666667 -0.0008666666667)
(5e-05 0.003666666667 -0.0008666666667)
(-5e-05 0.003733333333 -0.0008666666667)
(5e-05 0.003733333333 -0.0008666666667)
(-5e-05 0.0038 -0.0008666666667)
(5e-05 0.0038 -0.0008666666667)
(-5e-05 0.003866666667 -0.0008666666667)
(5e-05 0.003866666667 -0.0008666666667)
(-5e-05 0.003933333333 -0.0008666666667)
(5e-05 0.003933333333 -0.0008666666667)
(-5e-05 0.004 -0.0008666666667)
(5e-05 0.004 -0.0008666666667)
(-5e-05 0 -0.0008)
(5e-05 0 -0.0008)
(-5e-05 6.666666667e-05 -0.0008)
(5e-05 6.666666667e-05 -0.0008)
(-5e-05 0.0001333333333 -0.0008)
(5e-05 0.0001333333333 -0.0008)
(-5e-05 0.0002 -0.0008)
(5e-05 0.0002 -0.0008)
(-5e-05 0.0002666666667 -0.0008)
(5e-05 0.0002666666667 -0.0008)
(-5e-05 0.0003333333333 -0.0008)
(5e-05 0.0003333333333 -0.0008)
(-5e-05 0.0004 -0.0008)
(5e-05 0.0004 -0.0008)
(-5e-05 0.0004666666667 -0.0008)
(5e-05 0.0004666666667 -0.0008)
(-5e-05 0.0005333333333 -0.0008)
(5e-05 0.0005333333333 -0.0008)
(-5e-05 0.0006 -0.0008)
(5e-05 0.0006 -0.0008)
(-5e-05 0.0006666666667 -0.0008)
(5e-05 0.0006666666667 -0.0008)
(-5e-05 0.0007333333333 -0.0008)
(5e-05 0.0007333333333 -0.0008)
(-5e-05 0.0008 -0.0008)
(5e-05 0.0008 -0.0008)
(-5e-05 0.0008666666667 -0.0008)
(5e-05 0.0008666666667 -0.0008)
(-5e-05 0.0009333333333 -0.0008)
(5e-05 0.0009333333333 -0.0008)
(-5e-05 0.001 -0.0008)
(5e-05 0.001 -0.0008)
(-5e-05 0.001066666667 -0.0008)
(5e-05 0.001066666667 -0.0008)
(-5e-05 0.001133333333 -0.0008)
(5e-05 0.001133333333 -0.0008)
(-5e-05 0.0012 -0.0008)
(5e-05 0.0012 -0.0008)
(-5e-05 0.001266666667 -0.0008)
(5e-05 0.001266666667 -0.0008)
(-5e-05 0.001333333333 -0.0008)
(5e-05 0.001333333333 -0.0008)
(-5e-05 0.0014 -0.0008)
(5e-05 0.0014 -0.0008)
(-5e-05 0.001466666667 -0.0008)
(5e-05 0.001466666667 -0.0008)
(-5e-05 0.001533333333 -0.0008)
(5e-05 0.001533333333 -0.0008)
(-5e-05 0.0016 -0.0008)
(5e-05 0.0016 -0.0008)
(-5e-05 0.001666666667 -0.0008)
(5e-05 0.001666666667 -0.0008)
(-5e-05 0.001733333333 -0.0008)
(5e-05 0.001733333333 -0.0008)
(-5e-05 0.0018 -0.0008)
(5e-05 0.0018 -0.0008)
(-5e-05 0.001866666667 -0.0008)
(5e-05 0.001866666667 -0.0008)
(-5e-05 0.001933333333 -0.0008)
(5e-05 0.001933333333 -0.0008)
(-5e-05 0.002 -0.0008)
(5e-05 0.002 -0.0008)
(-5e-05 0.002066666667 -0.0008)
(5e-05 0.002066666667 -0.0008)
(-5e-05 0.002133333333 -0.0008)
(5e-05 0.002133333333 -0.0008)
(-5e-05 0.0022 -0.0008)
(5e-05 0.0022 -0.0008)
(-5e-05 0.002266666667 -0.0008)
(5e-05 0.002266666667 -0.0008)
(-5e-05 0.002333333333 -0.0008)
(5e-05 0.002333333333 -0.0008)
(-5e-05 0.0024 -0.0008)
(5e-05 0.0024 -0.0008)
(-5e-05 0.002466666667 -0.0008)
(5e-05 0.002466666667 -0.0008)
(-5e-05 0.002533333333 -0.0008)
(5e-05 0.002533333333 -0.0008)
(-5e-05 0.0026 -0.0008)
(5e-05 0.0026 -0.0008)
(-5e-05 0.002666666667 -0.0008)
(5e-05 0.002666666667 -0.0008)
(-5e-05 0.002733333333 -0.0008)
(5e-05 0.002733333333 -0.0008)
(-5e-05 0.0028 -0.0008)
(5e-05 0.0028 -0.0008)
(-5e-05 0.002866666667 -0.0008)
(5e-05 0.002866666667 -0.0008)
(-5e-05 0.002933333333 -0.0008)
(5e-05 0.002933333333 -0.0008)
(-5e-05 0.003 -0.0008)
(5e-05 0.003 -0.0008)
(-5e-05 0.003066666667 -0.0008)
(5e-05 0.003066666667 -0.0008)
(-5e-05 0.003133333333 -0.0008)
(5e-05 0.003133333333 -0.0008)
(-5e-05 0.0032 -0.0008)
(5e-05 0.0032 -0.0008)
(-5e-05 0.003266666667 -0.0008)
(5e-05 0.003266666667 -0.0008)
(-5e-05 0.003333333333 -0.0008)
(5e-05 0.003333333333 -0.0008)
(-5e-05 0.0034 -0.0008)
(5e-05 0.0034 -0.0008)
(-5e-05 0.003466666667 -0.0008)
(5e-05 0.003466666667 -0.0008)
(-5e-05 0.003533333333 -0.0008)
(5e-05 0.003533333333 -0.0008)
(-5e-05 0.0036 -0.0008)
(5e-05 0.0036 -0.0008)
(-5e-05 0.003666666667 -0.0008)
(5e-05 0.003666666667 -0.0008)
(-5e-05 0.003733333333 -0.0008)
(5e-05 0.003733333333 -0.0008)
(-5e-05 0.0038 -0.0008)
(5e-05 0.0038 -0.0008)
(-5e-05 0.003866666667 -0.0008)
(5e-05 0.003866666667 -0.0008)
(-5e-05 0.003933333333 -0.0008)
(5e-05 0.003933333333 -0.0008)
(-5e-05 0.004 -0.0008)
(5e-05 0.004 -0.0008)
(-5e-05 0 -0.0007333333333)
(5e-05 0 -0.0007333333333)
(-5e-05 6.666666667e-05 -0.0007333333333)
(5e-05 6.666666667e-05 -0.0007333333333)
(-5e-05 0.0001333333333 -0.0007333333333)
(5e-05 0.0001333333333 -0.0007333333333)
(-5e-05 0.0002 -0.0007333333333)
(5e-05 0.0002 -0.0007333333333)
(-5e-05 0.0002666666667 -0.0007333333333)
(5e-05 0.0002666666667 -0.0007333333333)
(-5e-05 0.0003333333333 -0.0007333333333)
(5e-05 0.0003333333333 -0.0007333333333)
(-5e-05 0.0004 -0.0007333333333)
(5e-05 0.0004 -0.0007333333333)
(-5e-05 0.0004666666667 -0.0007333333333)
(5e-05 0.0004666666667 -0.0007333333333)
(-5e-05 0.0005333333333 -0.0007333333333)
(5e-05 0.0005333333333 -0.0007333333333)
(-5e-05 0.0006 -0.0007333333333)
(5e-05 0.0006 -0.0007333333333)
(-5e-05 0.0006666666667 -0.0007333333333)
(5e-05 0.0006666666667 -0.0007333333333)
(-5e-05 0.0007333333333 -0.0007333333333)
(5e-05 0.0007333333333 -0.0007333333333)
(-5e-05 0.0008 -0.0007333333333)
(5e-05 0.0008 -0.0007333333333)
(-5e-05 0.0008666666667 -0.0007333333333)
(5e-05 0.0008666666667 -0.0007333333333)
(-5e-05 0.0009333333333 -0.0007333333333)
(5e-05 0.0009333333333 -0.0007333333333)
(-5e-05 0.001 -0.0007333333333)
(5e-05 0.001 -0.0007333333333)
(-5e-05 0.001066666667 -0.0007333333333)
(5e-05 0.001066666667 -0.0007333333333)
(-5e-05 0.001133333333 -0.0007333333333)
(5e-05 0.001133333333 -0.0007333333333)
(-5e-05 0.0012 -0.0007333333333)
(5e-05 0.0012 -0.0007333333333)
(-5e-05 0.001266666667 -0.0007333333333)
(5e-05 0.001266666667 -0.0007333333333)
(-5e-05 0.001333333333 -0.0007333333333)
(5e-05 0.001333333333 -0.0007333333333)
(-5e-05 0.0014 -0.0007333333333)
(5e-05 0.0014 -0.0007333333333)
(-5e-05 0.001466666667 -0.0007333333333)
(5e-05 0.001466666667 -0.0007333333333)
(-5e-05 0.001533333333 -0.0007333333333)
(5e-05 0.001533333333 -0.0007333333333)
(-5e-05 0.0016 -0.0007333333333)
(5e-05 0.0016 -0.0007333333333)
(-5e-05 0.001666666667 -0.0007333333333)
(5e-05 0.001666666667 -0.0007333333333)
(-5e-05 0.001733333333 -0.0007333333333)
(5e-05 0.001733333333 -0.0007333333333)
(-5e-05 0.0018 -0.0007333333333)
(5e-05 0.0018 -0.0007333333333)
(-5e-05 0.001866666667 -0.0007333333333)
(5e-05 0.001866666667 -0.0007333333333)
(-5e-05 0.001933333333 -0.0007333333333)
(5e-05 0.001933333333 -0.0007333333333)
(-5e-05 0.002 -0.0007333333333)
(5e-05 0.002 -0.0007333333333)
(-5e-05 0.002066666667 -0.0007333333333)
(5e-05 0.002066666667 -0.0007333333333)
(-5e-05 0.002133333333 -0.0007333333333)
(5e-05 0.002133333333 -0.0007333333333)
(-5e-05 0.0022 -0.0007333333333)
(5e-05 0.0022 -0.0007333333333)
(-5e-05 0.002266666667 -0.0007333333333)
(5e-05 0.002266666667 -0.0007333333333)
(-5e-05 0.002333333333 -0.0007333333333)
(5e-05 0.002333333333 -0.0007333333333)
(-5e-05 0.0024 -0.0007333333333)
(5e-05 0.0024 -0.0007333333333)
(-5e-05 0.002466666667 -0.0007333333333)
(5e-05 0.002466666667 -0.0007333333333)
(-5e-05 0.002533333333 -0.0007333333333)
(5e-05 0.002533333333 -0.0007333333333)
(-5e-05 0.0026 -0.0007333333333)
(5e-05 0.0026 -0.0007333333333)
(-5e-05 0.002666666667 -0.0007333333333)
(5e-05 0.002666666667 -0.0007333333333)
(-5e-05 0.002733333333 -0.0007333333333)
(5e-05 0.002733333333 -0.0007333333333)
(-5e-05 0.0028 -0.0007333333333)
(5e-05 0.0028 -0.0007333333333)
(-5e-05 0.002866666667 -0.0007333333333)
(5e-05 0.002866666667 -0.0007333333333)
(-5e-05 0.002933333333 -0.0007333333333)
(5e-05 0.002933333333 -0.0007333333333)
(-5e-05 0.003 -0.0007333333333)
(5e-05 0.003 -0.0007333333333)
(-5e-05 0.003066666667 -0.0007333333333)
(5e-05 0.003066666667 -0.0007333333333)
(-5e-05 0.003133333333 -0.0007333333333)
(5e-05 0.003133333333 -0.0007333333333)
(-5e-05 0.0032 -0.0007333333333)
(5e-05 0.0032 -0.0007333333333)
(-5e-05 0.003266666667 -0.0007333333333)
(5e-05 0.003266666667 -0.0007333333333)
(-5e-05 0.003333333333 -0.0007333333333)
(5e-05 0.003333333333 -0.0007333333333)
(-5e-05 0.0034 -0.0007333333333)
(5e-05 0.0034 -0.0007333333333)
(-5e-05 0.003466666667 -0.0007333333333)
(5e-05 0.003466666667 -0.0007333333333)
(-5e-05 0.003533333333 -0.0007333333333)
(5e-05 0.003533333333 -0.0007333333333)
(-5e-05 0.0036 -0.0007333333333)
(5e-05 0.0036 -0.0007333333333)
(-5e-05 0.003666666667 -0.0007333333333)
(5e-05 0.003666666667 -0.0007333333333)
(-5e-05 0.003733333333 -0.0007333333333)
(5e-05 0.003733333333 -0.0007333333333)
(-5e-05 0.0038 -0.0007333333333)
(5e-05 0.0038 -0.0007333333333)
(-5e-05 0.003866666667 -0.0007333333333)
(5e-05 0.003866666667 -0.0007333333333)
(-5e-05 0.003933333333 -0.0007333333333)
(5e-05 0.003933333333 -0.0007333333333)
(-5e-05 0.004 -0.0007333333333)
(5e-05 0.004 -0.0007333333333)
(-5e-05 0 -0.0006666666667)
(5e-05 0 -0.0006666666667)
(-5e-05 6.666666667e-05 -0.0006666666667)
(5e-05 6.666666667e-05 -0.0006666666667)
(-5e-05 0.0001333333333 -0.0006666666667)
(5e-05 0.0001333333333 -0.0006666666667)
(-5e-05 0.0002 -0.0006666666667)
(5e-05 0.0002 -0.0006666666667)
(-5e-05 0.0002666666667 -0.0006666666667)
(5e-05 0.0002666666667 -0.0006666666667)
(-5e-05 0.0003333333333 -0.0006666666667)
(5e-05 0.0003333333333 -0.0006666666667)
(-5e-05 0.0004 -0.0006666666667)
(5e-05 0.0004 -0.0006666666667)
(-5e-05 0.0004666666667 -0.0006666666667)
(5e-05 0.0004666666667 -0.0006666666667)
(-5e-05 0.0005333333333 -0.0006666666667)
(5e-05 0.0005333333333 -0.0006666666667)
(-5e-05 0.0006 -0.0006666666667)
(5e-05 0.0006 -0.0006666666667)
(-5e-05 0.0006666666667 -0.0006666666667)
(5e-05 0.0006666666667 -0.0006666666667)
(-5e-05 0.0007333333333 -0.0006666666667)
(5e-05 0.0007333333333 -0.0006666666667)
(-5e-05 0.0008 -0.0006666666667)
(5e-05 0.0008 -0.0006666666667)
(-5e-05 0.0008666666667 -0.0006666666667)
(5e-05 0.0008666666667 -0.0006666666667)
(-5e-05 0.0009333333333 -0.0006666666667)
(5e-05 0.0009333333333 -0.0006666666667)
(-5e-05 0.001 -0.0006666666667)
(5e-05 0.001 -0.0006666666667)
(-5e-05 0.001066666667 -0.0006666666667)
(5e-05 0.001066666667 -0.0006666666667)
(-5e-05 0.001133333333 -0.0006666666667)
(5e-05 0.001133333333 -0.0006666666667)
(-5e-05 0.0012 -0.0006666666667)
(5e-05 0.0012 -0.0006666666667)
(-5e-05 0.001266666667 -0.0006666666667)
(5e-05 0.001266666667 -0.0006666666667)
(-5e-05 0.001333333333 -0.0006666666667)
(5e-05 0.001333333333 -0.0006666666667)
(-5e-05 0.0014 -0.0006666666667)
(5e-05 0.0014 -0.0006666666667)
(-5e-05 0.001466666667 -0.0006666666667)
(5e-05 0.001466666667 -0.0006666666667)
(-5e-05 0.001533333333 -0.0006666666667)
(5e-05 0.001533333333 -0.0006666666667)
(-5e-05 0.0016 -0.0006666666667)
(5e-05 0.0016 -0.0006666666667)
(-5e-05 0.001666666667 -0.0006666666667)
(5e-05 0.001666666667 -0.0006666666667)
(-5e-05 0.001733333333 -0.0006666666667)
(5e-05 0.001733333333 -0.0006666666667)
(-5e-05 0.0018 -0.0006666666667)
(5e-05 0.0018 -0.0006666666667)
(-5e-05 0.001866666667 -0.0006666666667)
(5e-05 0.001866666667 -0.0006666666667)
(-5e-05 0.001933333333 -0.0006666666667)
(5e-05 0.001933333333 -0.0006666666667)
(-5e-05 0.002 -0.0006666666667)
(5e-05 0.002 -0.0006666666667)
(-5e-05 0.002066666667 -0.0006666666667)
(5e-05 0.002066666667 -0.0006666666667)
(-5e-05 0.002133333333 -0.0006666666667)
(5e-05 0.002133333333 -0.0006666666667)
(-5e-05 0.0022 -0.0006666666667)
(5e-05 0.0022 -0.0006666666667)
(-5e-05 0.002266666667 -0.0006666666667)
(5e-05 0.002266666667 -0.0006666666667)
(-5e-05 0.002333333333 -0.0006666666667)
(5e-05 0.002333333333 -0.0006666666667)
(-5e-05 0.0024 -0.0006666666667)
(5e-05 0.0024 -0.0006666666667)
(-5e-05 0.002466666667 -0.0006666666667)
(5e-05 0.002466666667 -0.0006666666667)
(-5e-05 0.002533333333 -0.0006666666667)
(5e-05 0.002533333333 -0.0006666666667)
(-5e-05 0.0026 -0.0006666666667)
(5e-05 0.0026 -0.0006666666667)
(-5e-05 0.002666666667 -0.0006666666667)
(5e-05 0.002666666667 -0.0006666666667)
(-5e-05 0.002733333333 -0.0006666666667)
(5e-05 0.002733333333 -0.0006666666667)
(-5e-05 0.0028 -0.0006666666667)
(5e-05 0.0028 -0.0006666666667)
(-5e-05 0.002866666667 -0.0006666666667)
(5e-05 0.002866666667 -0.0006666666667)
(-5e-05 0.002933333333 -0.0006666666667)
(5e-05 0.002933333333 -0.0006666666667)
(-5e-05 0.003 -0.0006666666667)
(5e-05 0.003 -0.0006666666667)
(-5e-05 0.003066666667 -0.0006666666667)
(5e-05 0.003066666667 -0.0006666666667)
(-5e-05 0.003133333333 -0.0006666666667)
(5e-05 0.003133333333 -0.0006666666667)
(-5e-05 0.0032 -0.0006666666667)
(5e-05 0.0032 -0.0006666666667)
(-5e-05 0.003266666667 -0.0006666666667)
(5e-05 0.003266666667 -0.0006666666667)
(-5e-05 0.003333333333 -0.0006666666667)
(5e-05 0.003333333333 -0.0006666666667)
(-5e-05 0.0034 -0.0006666666667)
(5e-05 0.0034 -0.0006666666667)
(-5e-05 0.003466666667 -0.0006666666667)
(5e-05 0.003466666667 -0.0006666666667)
(-5e-05 0.003533333333 -0.0006666666667)
(5e-05 0.003533333333 -0.0006666666667)
(-5e-05 0.0036 -0.0006666666667)
(5e-05 0.0036 -0.0006666666667)
(-5e-05 0.003666666667 -0.0006666666667)
(5e-05 0.003666666667 -0.0006666666667)
(-5e-05 0.003733333333 -0.0006666666667)
(5e-05 0.003733333333 -0.0006666666667)
(-5e-05 0.0038 -0.0006666666667)
(5e-05 0.0038 -0.0006666666667)
(-5e-05 0.003866666667 -0.0006666666667)
(5e-05 0.003866666667 -0.0006666666667)
(-5e-05 0.003933333333 -0.0006666666667)
(5e-05 0.003933333333 -0.0006666666667)
(-5e-05 0.004 -0.0006666666667)
(5e-05 0.004 -0.0006666666667)
(-5e-05 0 -0.0006)
(5e-05 0 -0.0006)
(-5e-05 6.666666667e-05 -0.0006)
(5e-05 6.666666667e-05 -0.0006)
(-5e-05 0.0001333333333 -0.0006)
(5e-05 0.0001333333333 -0.0006)
(-5e-05 0.0002 -0.0006)
(5e-05 0.0002 -0.0006)
(-5e-05 0.0002666666667 -0.0006)
(5e-05 0.0002666666667 -0.0006)
(-5e-05 0.0003333333333 -0.0006)
(5e-05 0.0003333333333 -0.0006)
(-5e-05 0.0004 -0.0006)
(5e-05 0.0004 -0.0006)
(-5e-05 0.0004666666667 -0.0006)
(5e-05 0.0004666666667 -0.0006)
(-5e-05 0.0005333333333 -0.0006)
(5e-05 0.0005333333333 -0.0006)
(-5e-05 0.0006 -0.0006)
(5e-05 0.0006 -0.0006)
(-5e-05 0.0006666666667 -0.0006)
(5e-05 0.0006666666667 -0.0006)
(-5e-05 0.0007333333333 -0.0006)
(5e-05 0.0007333333333 -0.0006)
(-5e-05 0.0008 -0.0006)
(5e-05 0.0008 -0.0006)
(-5e-05 0.0008666666667 -0.0006)
(5e-05 0.0008666666667 -0.0006)
(-5e-05 0.0009333333333 -0.0006)
(5e-05 0.0009333333333 -0.0006)
(-5e-05 0.001 -0.0006)
(5e-05 0.001 -0.0006)
(-5e-05 0.001066666667 -0.0006)
(5e-05 0.001066666667 -0.0006)
(-5e-05 0.001133333333 -0.0006)
(5e-05 0.001133333333 -0.0006)
(-5e-05 0.0012 -0.0006)
(5e-05 0.0012 -0.0006)
(-5e-05 0.001266666667 -0.0006)
(5e-05 0.001266666667 -0.0006)
(-5e-05 0.001333333333 -0.0006)
(5e-05 0.001333333333 -0.0006)
(-5e-05 0.0014 -0.0006)
(5e-05 0.0014 -0.0006)
(-5e-05 0.001466666667 -0.0006)
(5e-05 0.001466666667 -0.0006)
(-5e-05 0.001533333333 -0.0006)
(5e-05 0.001533333333 -0.0006)
(-5e-05 0.0016 -0.0006)
(5e-05 0.0016 -0.0006)
(-5e-05 0.001666666667 -0.0006)
(5e-05 0.001666666667 -0.0006)
(-5e-05 0.001733333333 -0.0006)
(5e-05 0.001733333333 -0.0006)
(-5e-05 0.0018 -0.0006)
(5e-05 0.0018 -0.0006)
(-5e-05 0.001866666667 -0.0006)
(5e-05 0.001866666667 -0.0006)
(-5e-05 0.001933333333 -0.0006)
(5e-05 0.001933333333 -0.0006)
(-5e-05 0.002 -0.0006)
(5e-05 0.002 -0.0006)
(-5e-05 0.002066666667 -0.0006)
(5e-05 0.002066666667 -0.0006)
(-5e-05 0.002133333333 -0.0006)
(5e-05 0.002133333333 -0.0006)
(-5e-05 0.0022 -0.0006)
(5e-05 0.0022 -0.0006)
(-5e-05 0.002266666667 -0.0006)
(5e-05 0.002266666667 -0.0006)
(-5e-05 0.002333333333 -0.0006)
(5e-05 0.002333333333 -0.0006)
(-5e-05 0.0024 -0.0006)
(5e-05 0.0024 -0.0006)
(-5e-05 0.002466666667 -0.0006)
(5e-05 0.002466666667 -0.0006)
(-5e-05 0.002533333333 -0.0006)
(5e-05 0.002533333333 -0.0006)
(-5e-05 0.0026 -0.0006)
(5e-05 0.0026 -0.0006)
(-5e-05 0.002666666667 -0.0006)
(5e-05 0.002666666667 -0.0006)
(-5e-05 0.002733333333 -0.0006)
(5e-05 0.002733333333 -0.0006)
(-5e-05 0.0028 -0.0006)
(5e-05 0.0028 -0.0006)
(-5e-05 0.002866666667 -0.0006)
(5e-05 0.002866666667 -0.0006)
(-5e-05 0.002933333333 -0.0006)
(5e-05 0.002933333333 -0.0006)
(-5e-05 0.003 -0.0006)
(5e-05 0.003 -0.0006)
(-5e-05 0.003066666667 -0.0006)
(5e-05 0.003066666667 -0.0006)
(-5e-05 0.003133333333 -0.0006)
(5e-05 0.003133333333 -0.0006)
(-5e-05 0.0032 -0.0006)
(5e-05 0.0032 -0.0006)
(-5e-05 0.003266666667 -0.0006)
(5e-05 0.003266666667 -0.0006)
(-5e-05 0.003333333333 -0.0006)
(5e-05 0.003333333333 -0.0006)
(-5e-05 0.0034 -0.0006)
(5e-05 0.0034 -0.0006)
(-5e-05 0.003466666667 -0.0006)
(5e-05 0.003466666667 -0.0006)
(-5e-05 0.003533333333 -0.0006)
(5e-05 0.003533333333 -0.0006)
(-5e-05 0.0036 -0.0006)
(5e-05 0.0036 -0.0006)
(-5e-05 0.003666666667 -0.0006)
(5e-05 0.003666666667 -0.0006)
(-5e-05 0.003733333333 -0.0006)
(5e-05 0.003733333333 -0.0006)
(-5e-05 0.0038 -0.0006)
(5e-05 0.0038 -0.0006)
(-5e-05 0.003866666667 -0.0006)
(5e-05 0.003866666667 -0.0006)
(-5e-05 0.003933333333 -0.0006)
(5e-05 0.003933333333 -0.0006)
(-5e-05 0.004 -0.0006)
(5e-05 0.004 -0.0006)
(-5e-05 0 -0.0005333333333)
(5e-05 0 -0.0005333333333)
(-5e-05 6.666666667e-05 -0.0005333333333)
(5e-05 6.666666667e-05 -0.0005333333333)
(-5e-05 0.0001333333333 -0.0005333333333)
(5e-05 0.0001333333333 -0.0005333333333)
(-5e-05 0.0002 -0.0005333333333)
(5e-05 0.0002 -0.0005333333333)
(-5e-05 0.0002666666667 -0.0005333333333)
(5e-05 0.0002666666667 -0.0005333333333)
(-5e-05 0.0003333333333 -0.0005333333333)
(5e-05 0.0003333333333 -0.0005333333333)
(-5e-05 0.0004 -0.0005333333333)
(5e-05 0.0004 -0.0005333333333)
(-5e-05 0.0004666666667 -0.0005333333333)
(5e-05 0.0004666666667 -0.0005333333333)
(-5e-05 0.0005333333333 -0.0005333333333)
(5e-05 0.0005333333333 -0.0005333333333)
(-5e-05 0.0006 -0.0005333333333)
(5e-05 0.0006 -0.0005333333333)
(-5e-05 0.0006666666667 -0.0005333333333)
(5e-05 0.0006666666667 -0.0005333333333)
(-5e-05 0.0007333333333 -0.0005333333333)
(5e-05 0.0007333333333 -0.0005333333333)
(-5e-05 0.0008 -0.0005333333333)
(5e-05 0.0008 -0.0005333333333)
(-5e-05 0.0008666666667 -0.0005333333333)
(5e-05 0.0008666666667 -0.0005333333333)
(-5e-05 0.0009333333333 -0.0005333333333)
(5e-05 0.0009333333333 -0.0005333333333)
(-5e-05 0.001 -0.0005333333333)
(5e-05 0.001 -0.0005333333333)
(-5e-05 0.001066666667 -0.0005333333333)
(5e-05 0.001066666667 -0.0005333333333)
(-5e-05 0.001133333333 -0.0005333333333)
(5e-05 0.001133333333 -0.0005333333333)
(-5e-05 0.0012 -0.0005333333333)
(5e-05 0.0012 -0.0005333333333)
(-5e-05 0.001266666667 -0.0005333333333)
(5e-05 0.001266666667 -0.0005333333333)
(-5e-05 0.001333333333 -0.0005333333333)
(5e-05 0.001333333333 -0.0005333333333)
(-5e-05 0.0014 -0.0005333333333)
(5e-05 0.0014 -0.0005333333333)
(-5e-05 0.001466666667 -0.0005333333333)
(5e-05 0.001466666667 -0.0005333333333)
(-5e-05 0.001533333333 -0.0005333333333)
(5e-05 0.001533333333 -0.0005333333333)
(-5e-05 0.0016 -0.0005333333333)
(5e-05 0.0016 -0.0005333333333)
(-5e-05 0.001666666667 -0.0005333333333)
(5e-05 0.001666666667 -0.0005333333333)
(-5e-05 0.001733333333 -0.0005333333333)
(5e-05 0.001733333333 -0.0005333333333)
(-5e-05 0.0018 -0.0005333333333)
(5e-05 0.0018 -0.0005333333333)
(-5e-05 0.001866666667 -0.0005333333333)
(5e-05 0.001866666667 -0.0005333333333)
(-5e-05 0.001933333333 -0.0005333333333)
(5e-05 0.001933333333 -0.0005333333333)
(-5e-05 0.002 -0.0005333333333)
(5e-05 0.002 -0.0005333333333)
(-5e-05 0.002066666667 -0.0005333333333)
(5e-05 0.002066666667 -0.0005333333333)
(-5e-05 0.002133333333 -0.0005333333333)
(5e-05 0.002133333333 -0.0005333333333)
(-5e-05 0.0022 -0.0005333333333)
(5e-05 0.0022 -0.0005333333333)
(-5e-05 0.002266666667 -0.0005333333333)
(5e-05 0.002266666667 -0.0005333333333)
(-5e-05 0.002333333333 -0.0005333333333)
(5e-05 0.002333333333 -0.0005333333333)
(-5e-05 0.0024 -0.0005333333333)
(5e-05 0.0024 -0.0005333333333)
(-5e-05 0.002466666667 -0.0005333333333)
(5e-05 0.002466666667 -0.0005333333333)
(-5e-05 0.002533333333 -0.0005333333333)
(5e-05 0.002533333333 -0.0005333333333)
(-5e-05 0.0026 -0.0005333333333)
(5e-05 0.0026 -0.0005333333333)
(-5e-05 0.002666666667 -0.0005333333333)
(5e-05 0.002666666667 -0.0005333333333)
(-5e-05 0.002733333333 -0.0005333333333)
(5e-05 0.002733333333 -0.0005333333333)
(-5e-05 0.0028 -0.0005333333333)
(5e-05 0.0028 -0.0005333333333)
(-5e-05 0.002866666667 -0.0005333333333)
(5e-05 0.002866666667 -0.0005333333333)
(-5e-05 0.002933333333 -0.0005333333333)
(5e-05 0.002933333333 -0.0005333333333)
(-5e-05 0.003 -0.0005333333333)
(5e-05 0.003 -0.0005333333333)
(-5e-05 0.003066666667 -0.0005333333333)
(5e-05 0.003066666667 -0.0005333333333)
(-5e-05 0.003133333333 -0.0005333333333)
(5e-05 0.003133333333 -0.0005333333333)
(-5e-05 0.0032 -0.0005333333333)
(5e-05 0.0032 -0.0005333333333)
(-5e-05 0.003266666667 -0.0005333333333)
(5e-05 0.003266666667 -0.0005333333333)
(-5e-05 0.003333333333 -0.0005333333333)
(5e-05 0.003333333333 -0.0005333333333)
(-5e-05 0.0034 -0.0005333333333)
(5e-05 0.0034 -0.0005333333333)
(-5e-05 0.003466666667 -0.0005333333333)
(5e-05 0.003466666667 -0.0005333333333)
(-5e-05 0.003533333333 -0.0005333333333)
(5e-05 0.003533333333 -0.0005333333333)
(-5e-05 0.0036 -0.0005333333333)
(5e-05 0.0036 -0.0005333333333)
(-5e-05 0.003666666667 -0.0005333333333)
(5e-05 0.003666666667 -0.0005333333333)
(-5e-05 0.003733333333 -0.0005333333333)
(5e-05 0.003733333333 -0.0005333333333)
(-5e-05 0.0038 -0.0005333333333)
(5e-05 0.0038 -0.0005333333333)
(-5e-05 0.003866666667 -0.0005333333333)
(5e-05 0.003866666667 -0.0005333333333)
(-5e-05 0.003933333333 -0.0005333333333)
(5e-05 0.003933333333 -0.0005333333333)
(-5e-05 0.004 -0.0005333333333)
(5e-05 0.004 -0.0005333333333)
(-5e-05 0 -0.0004666666667)
(5e-05 0 -0.0004666666667)
(-5e-05 6.666666667e-05 -0.0004666666667)
(5e-05 6.666666667e-05 -0.0004666666667)
(-5e-05 0.0001333333333 -0.0004666666667)
(5e-05 0.0001333333333 -0.0004666666667)
(-5e-05 0.0002 -0.0004666666667)
(5e-05 0.0002 -0.0004666666667)
(-5e-05 0.0002666666667 -0.0004666666667)
(5e-05 0.0002666666667 -0.0004666666667)
(-5e-05 0.0003333333333 -0.0004666666667)
(5e-05 0.0003333333333 -0.0004666666667)
(-5e-05 0.0004 -0.0004666666667)
(5e-05 0.0004 -0.0004666666667)
(-5e-05 0.0004666666667 -0.0004666666667)
(5e-05 0.0004666666667 -0.0004666666667)
(-5e-05 0.0005333333333 -0.0004666666667)
(5e-05 0.0005333333333 -0.0004666666667)
(-5e-05 0.0006 -0.0004666666667)
(5e-05 0.0006 -0.0004666666667)
(-5e-05 0.0006666666667 -0.0004666666667)
(5e-05 0.0006666666667 -0.0004666666667)
(-5e-05 0.0007333333333 -0.0004666666667)
(5e-05 0.0007333333333 -0.0004666666667)
(-5e-05 0.0008 -0.0004666666667)
(5e-05 0.0008 -0.0004666666667)
(-5e-05 0.0008666666667 -0.0004666666667)
(5e-05 0.0008666666667 -0.0004666666667)
(-5e-05 0.0009333333333 -0.0004666666667)
(5e-05 0.0009333333333 -0.0004666666667)
(-5e-05 0.001 -0.0004666666667)
(5e-05 0.001 -0.0004666666667)
(-5e-05 0.001066666667 -0.0004666666667)
(5e-05 0.001066666667 -0.0004666666667)
(-5e-05 0.001133333333 -0.0004666666667)
(5e-05 0.001133333333 -0.0004666666667)
(-5e-05 0.0012 -0.0004666666667)
(5e-05 0.0012 -0.0004666666667)
(-5e-05 0.001266666667 -0.0004666666667)
(5e-05 0.001266666667 -0.0004666666667)
(-5e-05 0.001333333333 -0.0004666666667)
(5e-05 0.001333333333 -0.0004666666667)
(-5e-05 0.0014 -0.0004666666667)
(5e-05 0.0014 -0.0004666666667)
(-5e-05 0.001466666667 -0.0004666666667)
(5e-05 0.001466666667 -0.0004666666667)
(-5e-05 0.001533333333 -0.0004666666667)
(5e-05 0.001533333333 -0.0004666666667)
(-5e-05 0.0016 -0.0004666666667)
(5e-05 0.0016 -0.0004666666667)
(-5e-05 0.001666666667 -0.0004666666667)
(5e-05 0.001666666667 -0.0004666666667)
(-5e-05 0.001733333333 -0.0004666666667)
(5e-05 0.001733333333 -0.0004666666667)
(-5e-05 0.0018 -0.0004666666667)
(5e-05 0.0018 -0.0004666666667)
(-5e-05 0.001866666667 -0.0004666666667)
(5e-05 0.001866666667 -0.0004666666667)
(-5e-05 0.001933333333 -0.0004666666667)
(5e-05 0.001933333333 -0.0004666666667)
(-5e-05 0.002 -0.0004666666667)
(5e-05 0.002 -0.0004666666667)
(-5e-05 0.002066666667 -0.0004666666667)
(5e-05 0.002066666667 -0.0004666666667)
(-5e-05 0.002133333333 -0.0004666666667)
(5e-05 0.002133333333 -0.0004666666667)
(-5e-05 0.0022 -0.0004666666667)
(5e-05 0.0022 -0.0004666666667)
(-5e-05 0.002266666667 -0.0004666666667)
(5e-05 0.002266666667 -0.0004666666667)
(-5e-05 0.002333333333 -0.0004666666667)
(5e-05 0.002333333333 -0.0004666666667)
(-5e-05 0.0024 -0.0004666666667)
(5e-05 0.0024 -0.0004666666667)
(-5e-05 0.002466666667 -0.0004666666667)
(5e-05 0.002466666667 -0.0004666666667)
(-5e-05 0.002533333333 -0.0004666666667)
(5e-05 0.002533333333 -0.0004666666667)
(-5e-05 0.0026 -0.0004666666667)
(5e-05 0.0026 -0.0004666666667)
(-5e-05 0.002666666667 -0.0004666666667)
(5e-05 0.002666666667 -0.0004666666667)
(-5e-05 0.002733333333 -0.0004666666667)
(5e-05 0.002733333333 -0.0004666666667)
(-5e-05 0.0028 -0.0004666666667)
(5e-05 0.0028 -0.0004666666667)
(-5e-05 0.002866666667 -0.0004666666667)
(5e-05 0.002866666667 -0.0004666666667)
(-5e-05 0.002933333333 -0.0004666666667)
(5e-05 0.002933333333 -0.0004666666667)
(-5e-05 0.003 -0.0004666666667)
(5e-05 0.003 -0.0004666666667)
(-5e-05 0.003066666667 -0.0004666666667)
(5e-05 0.003066666667 -0.0004666666667)
(-5e-05 0.003133333333 -0.0004666666667)
(5e-05 0.003133333333 -0.0004666666667)
(-5e-05 0.0032 -0.0004666666667)
(5e-05 0.0032 -0.0004666666667)
(-5e-05 0.003266666667 -0.0004666666667)
(5e-05 0.003266666667 -0.0004666666667)
(-5e-05 0.003333333333 -0.0004666666667)
(5e-05 0.003333333333 -0.0004666666667)
(-5e-05 0.0034 -0.0004666666667)
(5e-05 0.0034 -0.0004666666667)
(-5e-05 0.003466666667 -0.0004666666667)
(5e-05 0.003466666667 -0.0004666666667)
(-5e-05 0.003533333333 -0.0004666666667)
(5e-05 0.003533333333 -0.0004666666667)
(-5e-05 0.0036 -0.0004666666667)
(5e-05 0.0036 -0.0004666666667)
(-5e-05 0.003666666667 -0.0004666666667)
(5e-05 0.003666666667 -0.0004666666667)
(-5e-05 0.003733333333 -0.0004666666667)
(5e-05 0.003733333333 -0.0004666666667)
(-5e-05 0.0038 -0.0004666666667)
(5e-05 0.0038 -0.0004666666667)
(-5e-05 0.003866666667 -0.0004666666667)
(5e-05 0.003866666667 -0.0004666666667)
(-5e-05 0.003933333333 -0.0004666666667)
(5e-05 0.003933333333 -0.0004666666667)
(-5e-05 0.004 -0.0004666666667)
(5e-05 0.004 -0.0004666666667)
(-5e-05 0 -0.0004)
(5e-05 0 -0.0004)
(-5e-05 6.666666667e-05 -0.0004)
(5e-05 6.666666667e-05 -0.0004)
(-5e-05 0.0001333333333 -0.0004)
(5e-05 0.0001333333333 -0.0004)
(-5e-05 0.0002 -0.0004)
(5e-05 0.0002 -0.0004)
(-5e-05 0.0002666666667 -0.0004)
(5e-05 0.0002666666667 -0.0004)
(-5e-05 0.0003333333333 -0.0004)
(5e-05 0.0003333333333 -0.0004)
(-5e-05 0.0004 -0.0004)
(5e-05 0.0004 -0.0004)
(-5e-05 0.0004666666667 -0.0004)
(5e-05 0.0004666666667 -0.0004)
(-5e-05 0.0005333333333 -0.0004)
(5e-05 0.0005333333333 -0.0004)
(-5e-05 0.0006 -0.0004)
(5e-05 0.0006 -0.0004)
(-5e-05 0.0006666666667 -0.0004)
(5e-05 0.0006666666667 -0.0004)
(-5e-05 0.0007333333333 -0.0004)
(5e-05 0.0007333333333 -0.0004)
(-5e-05 0.0008 -0.0004)
(5e-05 0.0008 -0.0004)
(-5e-05 0.0008666666667 -0.0004)
(5e-05 0.0008666666667 -0.0004)
(-5e-05 0.0009333333333 -0.0004)
(5e-05 0.0009333333333 -0.0004)
(-5e-05 0.001 -0.0004)
(5e-05 0.001 -0.0004)
(-5e-05 0.001066666667 -0.0004)
(5e-05 0.001066666667 -0.0004)
(-5e-05 0.001133333333 -0.0004)
(5e-05 0.001133333333 -0.0004)
(-5e-05 0.0012 -0.0004)
(5e-05 0.0012 -0.0004)
(-5e-05 0.001266666667 -0.0004)
(5e-05 0.001266666667 -0.0004)
(-5e-05 0.001333333333 -0.0004)
(5e-05 0.001333333333 -0.0004)
(-5e-05 0.0014 -0.0004)
(5e-05 0.0014 -0.0004)
(-5e-05 0.001466666667 -0.0004)
(5e-05 0.001466666667 -0.0004)
(-5e-05 0.001533333333 -0.0004)
(5e-05 0.001533333333 -0.0004)
(-5e-05 0.0016 -0.0004)
(5e-05 0.0016 -0.0004)
(-5e-05 0.001666666667 -0.0004)
(5e-05 0.001666666667 -0.0004)
(-5e-05 0.001733333333 -0.0004)
(5e-05 0.001733333333 -0.0004)
(-5e-05 0.0018 -0.0004)
(5e-05 0.0018 -0.0004)
(-5e-05 0.001866666667 -0.0004)
(5e-05 0.001866666667 -0.0004)
(-5e-05 0.001933333333 -0.0004)
(5e-05 0.001933333333 -0.0004)
(-5e-05 0.002 -0.0004)
(5e-05 0.002 -0.0004)
(-5e-05 0.002066666667 -0.0004)
(5e-05 0.002066666667 -0.0004)
(-5e-05 0.002133333333 -0.0004)
(5e-05 0.002133333333 -0.0004)
(-5e-05 0.0022 -0.0004)
(5e-05 0.0022 -0.0004)
(-5e-05 0.002266666667 -0.0004)
(5e-05 0.002266666667 -0.0004)
(-5e-05 0.002333333333 -0.0004)
(5e-05 0.002333333333 -0.0004)
(-5e-05 0.0024 -0.0004)
(5e-05 0.0024 -0.0004)
(-5e-05 0.002466666667 -0.0004)
(5e-05 0.002466666667 -0.0004)
(-5e-05 0.002533333333 -0.0004)
(5e-05 0.002533333333 -0.0004)
(-5e-05 0.0026 -0.0004)
(5e-05 0.0026 -0.0004)
(-5e-05 0.002666666667 -0.0004)
(5e-05 0.002666666667 -0.0004)
(-5e-05 0.002733333333 -0.0004)
(5e-05 0.002733333333 -0.0004)
(-5e-05 0.0028 -0.0004)
(5e-05 0.0028 -0.0004)
(-5e-05 0.002866666667 -0.0004)
(5e-05 0.002866666667 -0.0004)
(-5e-05 0.002933333333 -0.0004)
(5e-05 0.002933333333 -0.0004)
(-5e-05 0.003 -0.0004)
(5e-05 0.003 -0.0004)
(-5e-05 0.003066666667 -0.0004)
(5e-05 0.003066666667 -0.0004)
(-5e-05 0.003133333333 -0.0004)
(5e-05 0.003133333333 -0.0004)
(-5e-05 0.0032 -0.0004)
(5e-05 0.0032 -0.0004)
(-5e-05 0.003266666667 -0.0004)
(5e-05 0.003266666667 -0.0004)
(-5e-05 0.003333333333 -0.0004)
(5e-05 0.003333333333 -0.0004)
(-5e-05 0.0034 -0.0004)
(5e-05 0.0034 -0.0004)
(-5e-05 0.003466666667 -0.0004)
(5e-05 0.003466666667 -0.0004)
(-5e-05 0.003533333333 -0.0004)
(5e-05 0.003533333333 -0.0004)
(-5e-05 0.0036 -0.0004)
(5e-05 0.0036 -0.0004)
(-5e-05 0.003666666667 -0.0004)
(5e-05 0.003666666667 -0.0004)
(-5e-05 0.003733333333 -0.0004)
(5e-05 0.003733333333 -0.0004)
(-5e-05 0.0038 -0.0004)
(5e-05 0.0038 -0.0004)
(-5e-05 0.003866666667 -0.0004)
(5e-05 0.003866666667 -0.0004)
(-5e-05 0.003933333333 -0.0004)
(5e-05 0.003933333333 -0.0004)
(-5e-05 0.004 -0.0004)
(5e-05 0.004 -0.0004)
(-5e-05 0 -0.0003333333333)
(5e-05 0 -0.0003333333333)
(-5e-05 6.666666667e-05 -0.0003333333333)
(5e-05 6.666666667e-05 -0.0003333333333)
(-5e-05 0.0001333333333 -0.0003333333333)
(5e-05 0.0001333333333 -0.0003333333333)
(-5e-05 0.0002 -0.0003333333333)
(5e-05 0.0002 -0.0003333333333)
(-5e-05 0.0002666666667 -0.0003333333333)
(5e-05 0.0002666666667 -0.0003333333333)
(-5e-05 0.0003333333333 -0.0003333333333)
(5e-05 0.0003333333333 -0.0003333333333)
(-5e-05 0.0004 -0.0003333333333)
(5e-05 0.0004 -0.0003333333333)
(-5e-05 0.0004666666667 -0.0003333333333)
(5e-05 0.0004666666667 -0.0003333333333)
(-5e-05 0.0005333333333 -0.0003333333333)
(5e-05 0.0005333333333 -0.0003333333333)
(-5e-05 0.0006 -0.0003333333333)
(5e-05 0.0006 -0.0003333333333)
(-5e-05 0.0006666666667 -0.0003333333333)
(5e-05 0.0006666666667 -0.0003333333333)
(-5e-05 0.0007333333333 -0.0003333333333)
(5e-05 0.0007333333333 -0.0003333333333)
(-5e-05 0.0008 -0.0003333333333)
(5e-05 0.0008 -0.0003333333333)
(-5e-05 0.0008666666667 -0.0003333333333)
(5e-05 0.0008666666667 -0.0003333333333)
(-5e-05 0.0009333333333 -0.0003333333333)
(5e-05 0.0009333333333 -0.0003333333333)
(-5e-05 0.001 -0.0003333333333)
(5e-05 0.001 -0.0003333333333)
(-5e-05 0.001066666667 -0.0003333333333)
(5e-05 0.001066666667 -0.0003333333333)
(-5e-05 0.001133333333 -0.0003333333333)
(5e-05 0.001133333333 -0.0003333333333)
(-5e-05 0.0012 -0.0003333333333)
(5e-05 0.0012 -0.0003333333333)
(-5e-05 0.001266666667 -0.0003333333333)
(5e-05 0.001266666667 -0.0003333333333)
(-5e-05 0.001333333333 -0.0003333333333)
(5e-05 0.001333333333 -0.0003333333333)
(-5e-05 0.0014 -0.0003333333333)
(5e-05 0.0014 -0.0003333333333)
(-5e-05 0.001466666667 -0.0003333333333)
(5e-05 0.001466666667 -0.0003333333333)
(-5e-05 0.001533333333 -0.0003333333333)
(5e-05 0.001533333333 -0.0003333333333)
(-5e-05 0.0016 -0.0003333333333)
(5e-05 0.0016 -0.0003333333333)
(-5e-05 0.001666666667 -0.0003333333333)
(5e-05 0.001666666667 -0.0003333333333)
(-5e-05 0.001733333333 -0.0003333333333)
(5e-05 0.001733333333 -0.0003333333333)
(-5e-05 0.0018 -0.0003333333333)
(5e-05 0.0018 -0.0003333333333)
(-5e-05 0.001866666667 -0.0003333333333)
(5e-05 0.001866666667 -0.0003333333333)
(-5e-05 0.001933333333 -0.0003333333333)
(5e-05 0.001933333333 -0.0003333333333)
(-5e-05 0.002 -0.0003333333333)
(5e-05 0.002 -0.0003333333333)
(-5e-05 0.002066666667 -0.0003333333333)
(5e-05 0.002066666667 -0.0003333333333)
(-5e-05 0.002133333333 -0.0003333333333)
(5e-05 0.002133333333 -0.0003333333333)
(-5e-05 0.0022 -0.0003333333333)
(5e-05 0.0022 -0.0003333333333)
(-5e-05 0.002266666667 -0.0003333333333)
(5e-05 0.002266666667 -0.0003333333333)
(-5e-05 0.002333333333 -0.0003333333333)
(5e-05 0.002333333333 -0.0003333333333)
(-5e-05 0.0024 -0.0003333333333)
(5e-05 0.0024 -0.0003333333333)
(-5e-05 0.002466666667 -0.0003333333333)
(5e-05 0.002466666667 -0.0003333333333)
(-5e-05 0.002533333333 -0.0003333333333)
(5e-05 0.002533333333 -0.0003333333333)
(-5e-05 0.0026 -0.0003333333333)
(5e-05 0.0026 -0.0003333333333)
(-5e-05 0.002666666667 -0.0003333333333)
(5e-05 0.002666666667 -0.0003333333333)
(-5e-05 0.002733333333 -0.0003333333333)
(5e-05 0.002733333333 -0.0003333333333)
(-5e-05 0.0028 -0.0003333333333)
(5e-05 0.0028 -0.0003333333333)
(-5e-05 0.002866666667 -0.0003333333333)
(5e-05 0.002866666667 -0.0003333333333)
(-5e-05 0.002933333333 -0.0003333333333)
(5e-05 0.002933333333 -0.0003333333333)
(-5e-05 0.003 -0.0003333333333)
(5e-05 0.003 -0.0003333333333)
(-5e-05 0.003066666667 -0.0003333333333)
(5e-05 0.003066666667 -0.0003333333333)
(-5e-05 0.003133333333 -0.0003333333333)
(5e-05 0.003133333333 -0.0003333333333)
(-5e-05 0.0032 -0.0003333333333)
(5e-05 0.0032 -0.0003333333333)
(-5e-05 0.003266666667 -0.0003333333333)
(5e-05 0.003266666667 -0.0003333333333)
(-5e-05 0.003333333333 -0.0003333333333)
(5e-05 0.003333333333 -0.0003333333333)
(-5e-05 0.0034 -0.0003333333333)
(5e-05 0.0034 -0.0003333333333)
(-5e-05 0.003466666667 -0.0003333333333)
(5e-05 0.003466666667 -0.0003333333333)
(-5e-05 0.003533333333 -0.0003333333333)
(5e-05 0.003533333333 -0.0003333333333)
(-5e-05 0.0036 -0.0003333333333)
(5e-05 0.0036 -0.0003333333333)
(-5e-05 0.003666666667 -0.0003333333333)
(5e-05 0.003666666667 -0.0003333333333)
(-5e-05 0.003733333333 -0.0003333333333)
(5e-05 0.003733333333 -0.0003333333333)
(-5e-05 0.0038 -0.0003333333333)
(5e-05 0.0038 -0.0003333333333)
(-5e-05 0.003866666667 -0.0003333333333)
(5e-05 0.003866666667 -0.0003333333333)
(-5e-05 0.003933333333 -0.0003333333333)
(5e-05 0.003933333333 -0.0003333333333)
(-5e-05 0.004 -0.0003333333333)
(5e-05 0.004 -0.0003333333333)
(-5e-05 0 -0.0002666666667)
(5e-05 0 -0.0002666666667)
(-5e-05 6.666666667e-05 -0.0002666666667)
(5e-05 6.666666667e-05 -0.0002666666667)
(-5e-05 0.0001333333333 -0.0002666666667)
(5e-05 0.0001333333333 -0.0002666666667)
(-5e-05 0.0002 -0.0002666666667)
(5e-05 0.0002 -0.0002666666667)
(-5e-05 0.0002666666667 -0.0002666666667)
(5e-05 0.0002666666667 -0.0002666666667)
(-5e-05 0.0003333333333 -0.0002666666667)
(5e-05 0.0003333333333 -0.0002666666667)
(-5e-05 0.0004 -0.0002666666667)
(5e-05 0.0004 -0.0002666666667)
(-5e-05 0.0004666666667 -0.0002666666667)
(5e-05 0.0004666666667 -0.0002666666667)
(-5e-05 0.0005333333333 -0.0002666666667)
(5e-05 0.0005333333333 -0.0002666666667)
(-5e-05 0.0006 -0.0002666666667)
(5e-05 0.0006 -0.0002666666667)
(-5e-05 0.0006666666667 -0.0002666666667)
(5e-05 0.0006666666667 -0.0002666666667)
(-5e-05 0.0007333333333 -0.0002666666667)
(5e-05 0.0007333333333 -0.0002666666667)
(-5e-05 0.0008 -0.0002666666667)
(5e-05 0.0008 -0.0002666666667)
(-5e-05 0.0008666666667 -0.0002666666667)
(5e-05 0.0008666666667 -0.0002666666667)
(-5e-05 0.0009333333333 -0.0002666666667)
(5e-05 0.0009333333333 -0.0002666666667)
(-5e-05 0.001 -0.0002666666667)
(5e-05 0.001 -0.0002666666667)
(-5e-05 0.001066666667 -0.0002666666667)
(5e-05 0.001066666667 -0.0002666666667)
(-5e-05 0.001133333333 -0.0002666666667)
(5e-05 0.001133333333 -0.0002666666667)
(-5e-05 0.0012 -0.0002666666667)
(5e-05 0.0012 -0.0002666666667)
(-5e-05 0.001266666667 -0.0002666666667)
(5e-05 0.001266666667 -0.0002666666667)
(-5e-05 0.001333333333 -0.0002666666667)
(5e-05 0.001333333333 -0.0002666666667)
(-5e-05 0.0014 -0.0002666666667)
(5e-05 0.0014 -0.0002666666667)
(-5e-05 0.001466666667 -0.0002666666667)
(5e-05 0.001466666667 -0.0002666666667)
(-5e-05 0.001533333333 -0.0002666666667)
(5e-05 0.001533333333 -0.0002666666667)
(-5e-05 0.0016 -0.0002666666667)
(5e-05 0.0016 -0.0002666666667)
(-5e-05 0.001666666667 -0.0002666666667)
(5e-05 0.001666666667 -0.0002666666667)
(-5e-05 0.001733333333 -0.0002666666667)
(5e-05 0.001733333333 -0.0002666666667)
(-5e-05 0.0018 -0.0002666666667)
(5e-05 0.0018 -0.0002666666667)
(-5e-05 0.001866666667 -0.0002666666667)
(5e-05 0.001866666667 -0.0002666666667)
(-5e-05 0.001933333333 -0.0002666666667)
(5e-05 0.001933333333 -0.0002666666667)
(-5e-05 0.002 -0.0002666666667)
(5e-05 0.002 -0.0002666666667)
(-5e-05 0.002066666667 -0.0002666666667)
(5e-05 0.002066666667 -0.0002666666667)
(-5e-05 0.002133333333 -0.0002666666667)
(5e-05 0.002133333333 -0.0002666666667)
(-5e-05 0.0022 -0.0002666666667)
(5e-05 0.0022 -0.0002666666667)
(-5e-05 0.002266666667 -0.0002666666667)
(5e-05 0.002266666667 -0.0002666666667)
(-5e-05 0.002333333333 -0.0002666666667)
(5e-05 0.002333333333 -0.0002666666667)
(-5e-05 0.0024 -0.0002666666667)
(5e-05 0.0024 -0.0002666666667)
(-5e-05 0.002466666667 -0.0002666666667)
(5e-05 0.002466666667 -0.0002666666667)
(-5e-05 0.002533333333 -0.0002666666667)
(5e-05 0.002533333333 -0.0002666666667)
(-5e-05 0.0026 -0.0002666666667)
(5e-05 0.0026 -0.0002666666667)
(-5e-05 0.002666666667 -0.0002666666667)
(5e-05 0.002666666667 -0.0002666666667)
(-5e-05 0.002733333333 -0.0002666666667)
(5e-05 0.002733333333 -0.0002666666667)
(-5e-05 0.0028 -0.0002666666667)
(5e-05 0.0028 -0.0002666666667)
(-5e-05 0.002866666667 -0.0002666666667)
(5e-05 0.002866666667 -0.0002666666667)
(-5e-05 0.002933333333 -0.0002666666667)
(5e-05 0.002933333333 -0.0002666666667)
(-5e-05 0.003 -0.0002666666667)
(5e-05 0.003 -0.0002666666667)
(-5e-05 0.003066666667 -0.0002666666667)
(5e-05 0.003066666667 -0.0002666666667)
(-5e-05 0.003133333333 -0.0002666666667)
(5e-05 0.003133333333 -0.0002666666667)
(-5e-05 0.0032 -0.0002666666667)
(5e-05 0.0032 -0.0002666666667)
(-5e-05 0.003266666667 -0.0002666666667)
(5e-05 0.003266666667 -0.0002666666667)
(-5e-05 0.003333333333 -0.0002666666667)
(5e-05 0.003333333333 -0.0002666666667)
(-5e-05 0.0034 -0.0002666666667)
(5e-05 0.0034 -0.0002666666667)
(-5e-05 0.003466666667 -0.0002666666667)
(5e-05 0.003466666667 -0.0002666666667)
(-5e-05 0.003533333333 -0.0002666666667)
(5e-05 0.003533333333 -0.0002666666667)
(-5e-05 0.0036 -0.0002666666667)
(5e-05 0.0036 -0.0002666666667)
(-5e-05 0.003666666667 -0.0002666666667)
(5e-05 0.003666666667 -0.0002666666667)
(-5e-05 0.003733333333 -0.0002666666667)
(5e-05 0.003733333333 -0.0002666666667)
(-5e-05 0.0038 -0.0002666666667)
(5e-05 0.0038 -0.0002666666667)
(-5e-05 0.003866666667 -0.0002666666667)
(5e-05 0.003866666667 -0.0002666666667)
(-5e-05 0.003933333333 -0.0002666666667)
(5e-05 0.003933333333 -0.0002666666667)
(-5e-05 0.004 -0.0002666666667)
(5e-05 0.004 -0.0002666666667)
(-5e-05 0 -0.0002)
(5e-05 0 -0.0002)
(-5e-05 6.666666667e-05 -0.0002)
(5e-05 6.666666667e-05 -0.0002)
(-5e-05 0.0001333333333 -0.0002)
(5e-05 0.0001333333333 -0.0002)
(-5e-05 0.0002 -0.0002)
(5e-05 0.0002 -0.0002)
(-5e-05 0.0002666666667 -0.0002)
(5e-05 0.0002666666667 -0.0002)
(-5e-05 0.0003333333333 -0.0002)
(5e-05 0.0003333333333 -0.0002)
(-5e-05 0.0004 -0.0002)
(5e-05 0.0004 -0.0002)
(-5e-05 0.0004666666667 -0.0002)
(5e-05 0.0004666666667 -0.0002)
(-5e-05 0.0005333333333 -0.0002)
(5e-05 0.0005333333333 -0.0002)
(-5e-05 0.0006 -0.0002)
(5e-05 0.0006 -0.0002)
(-5e-05 0.0006666666667 -0.0002)
(5e-05 0.0006666666667 -0.0002)
(-5e-05 0.0007333333333 -0.0002)
(5e-05 0.0007333333333 -0.0002)
(-5e-05 0.0008 -0.0002)
(5e-05 0.0008 -0.0002)
(-5e-05 0.0008666666667 -0.0002)
(5e-05 0.0008666666667 -0.0002)
(-5e-05 0.0009333333333 -0.0002)
(5e-05 0.0009333333333 -0.0002)
(-5e-05 0.001 -0.0002)
(5e-05 0.001 -0.0002)
(-5e-05 0.001066666667 -0.0002)
(5e-05 0.001066666667 -0.0002)
(-5e-05 0.001133333333 -0.0002)
(5e-05 0.001133333333 -0.0002)
(-5e-05 0.0012 -0.0002)
(5e-05 0.0012 -0.0002)
(-5e-05 0.001266666667 -0.0002)
(5e-05 0.001266666667 -0.0002)
(-5e-05 0.001333333333 -0.0002)
(5e-05 0.001333333333 -0.0002)
(-5e-05 0.0014 -0.0002)
(5e-05 0.0014 -0.0002)
(-5e-05 0.001466666667 -0.0002)
(5e-05 0.001466666667 -0.0002)
(-5e-05 0.001533333333 -0.0002)
(5e-05 0.001533333333 -0.0002)
(-5e-05 0.0016 -0.0002)
(5e-05 0.0016 -0.0002)
(-5e-05 0.001666666667 -0.0002)
(5e-05 0.001666666667 -0.0002)
(-5e-05 0.001733333333 -0.0002)
(5e-05 0.001733333333 -0.0002)
(-5e-05 0.0018 -0.0002)
(5e-05 0.0018 -0.0002)
(-5e-05 0.001866666667 -0.0002)
(5e-05 0.001866666667 -0.0002)
(-5e-05 0.001933333333 -0.0002)
(5e-05 0.001933333333 -0.0002)
(-5e-05 0.002 -0.0002)
(5e-05 0.002 -0.0002)
(-5e-05 0.002066666667 -0.0002)
(5e-05 0.002066666667 -0.0002)
(-5e-05 0.002133333333 -0.0002)
(5e-05 0.002133333333 -0.0002)
(-5e-05 0.0022 -0.0002)
(5e-05 0.0022 -0.0002)
(-5e-05 0.002266666667 -0.0002)
(5e-05 0.002266666667 -0.0002)
(-5e-05 0.002333333333 -0.0002)
(5e-05 0.002333333333 -0.0002)
(-5e-05 0.0024 -0.0002)
(5e-05 0.0024 -0.0002)
(-5e-05 0.002466666667 -0.0002)
(5e-05 0.002466666667 -0.0002)
(-5e-05 0.002533333333 -0.0002)
(5e-05 0.002533333333 -0.0002)
(-5e-05 0.0026 -0.0002)
(5e-05 0.0026 -0.0002)
(-5e-05 0.002666666667 -0.0002)
(5e-05 0.002666666667 -0.0002)
(-5e-05 0.002733333333 -0.0002)
(5e-05 0.002733333333 -0.0002)
(-5e-05 0.0028 -0.0002)
(5e-05 0.0028 -0.0002)
(-5e-05 0.002866666667 -0.0002)
(5e-05 0.002866666667 -0.0002)
(-5e-05 0.002933333333 -0.0002)
(5e-05 0.002933333333 -0.0002)
(-5e-05 0.003 -0.0002)
(5e-05 0.003 -0.0002)
(-5e-05 0.003066666667 -0.0002)
(5e-05 0.003066666667 -0.0002)
(-5e-05 0.003133333333 -0.0002)
(5e-05 0.003133333333 -0.0002)
(-5e-05 0.0032 -0.0002)
(5e-05 0.0032 -0.0002)
(-5e-05 0.003266666667 -0.0002)
(5e-05 0.003266666667 -0.0002)
(-5e-05 0.003333333333 -0.0002)
(5e-05 0.003333333333 -0.0002)
(-5e-05 0.0034 -0.0002)
(5e-05 0.0034 -0.0002)
(-5e-05 0.003466666667 -0.0002)
(5e-05 0.003466666667 -0.0002)
(-5e-05 0.003533333333 -0.0002)
(5e-05 0.003533333333 -0.0002)
(-5e-05 0.0036 -0.0002)
(5e-05 0.0036 -0.0002)
(-5e-05 0.003666666667 -0.0002)
(5e-05 0.003666666667 -0.0002)
(-5e-05 0.003733333333 -0.0002)
(5e-05 0.003733333333 -0.0002)
(-5e-05 0.0038 -0.0002)
(5e-05 0.0038 -0.0002)
(-5e-05 0.003866666667 -0.0002)
(5e-05 0.003866666667 -0.0002)
(-5e-05 0.003933333333 -0.0002)
(5e-05 0.003933333333 -0.0002)
(-5e-05 0.004 -0.0002)
(5e-05 0.004 -0.0002)
(-5e-05 0 -0.0001333333333)
(5e-05 0 -0.0001333333333)
(-5e-05 6.666666667e-05 -0.0001333333333)
(5e-05 6.666666667e-05 -0.0001333333333)
(-5e-05 0.0001333333333 -0.0001333333333)
(5e-05 0.0001333333333 -0.0001333333333)
(-5e-05 0.0002 -0.0001333333333)
(5e-05 0.0002 -0.0001333333333)
(-5e-05 0.0002666666667 -0.0001333333333)
(5e-05 0.0002666666667 -0.0001333333333)
(-5e-05 0.0003333333333 -0.0001333333333)
(5e-05 0.0003333333333 -0.0001333333333)
(-5e-05 0.0004 -0.0001333333333)
(5e-05 0.0004 -0.0001333333333)
(-5e-05 0.0004666666667 -0.0001333333333)
(5e-05 0.0004666666667 -0.0001333333333)
(-5e-05 0.0005333333333 -0.0001333333333)
(5e-05 0.0005333333333 -0.0001333333333)
(-5e-05 0.0006 -0.0001333333333)
(5e-05 0.0006 -0.0001333333333)
(-5e-05 0.0006666666667 -0.0001333333333)
(5e-05 0.0006666666667 -0.0001333333333)
(-5e-05 0.0007333333333 -0.0001333333333)
(5e-05 0.0007333333333 -0.0001333333333)
(-5e-05 0.0008 -0.0001333333333)
(5e-05 0.0008 -0.0001333333333)
(-5e-05 0.0008666666667 -0.0001333333333)
(5e-05 0.0008666666667 -0.0001333333333)
(-5e-05 0.0009333333333 -0.0001333333333)
(5e-05 0.0009333333333 -0.0001333333333)
(-5e-05 0.001 -0.0001333333333)
(5e-05 0.001 -0.0001333333333)
(-5e-05 0.001066666667 -0.0001333333333)
(5e-05 0.001066666667 -0.0001333333333)
(-5e-05 0.001133333333 -0.0001333333333)
(5e-05 0.001133333333 -0.0001333333333)
(-5e-05 0.0012 -0.0001333333333)
(5e-05 0.0012 -0.0001333333333)
(-5e-05 0.001266666667 -0.0001333333333)
(5e-05 0.001266666667 -0.0001333333333)
(-5e-05 0.001333333333 -0.0001333333333)
(5e-05 0.001333333333 -0.0001333333333)
(-5e-05 0.0014 -0.0001333333333)
(5e-05 0.0014 -0.0001333333333)
(-5e-05 0.001466666667 -0.0001333333333)
(5e-05 0.001466666667 -0.0001333333333)
(-5e-05 0.001533333333 -0.0001333333333)
(5e-05 0.001533333333 -0.0001333333333)
(-5e-05 0.0016 -0.0001333333333)
(5e-05 0.0016 -0.0001333333333)
(-5e-05 0.001666666667 -0.0001333333333)
(5e-05 0.001666666667 -0.0001333333333)
(-5e-05 0.001733333333 -0.0001333333333)
(5e-05 0.001733333333 -0.0001333333333)
(-5e-05 0.0018 -0.0001333333333)
(5e-05 0.0018 -0.0001333333333)
(-5e-05 0.001866666667 -0.0001333333333)
(5e-05 0.001866666667 -0.0001333333333)
(-5e-05 0.001933333333 -0.0001333333333)
(5e-05 0.001933333333 -0.0001333333333)
(-5e-05 0.002 -0.0001333333333)
(5e-05 0.002 -0.0001333333333)
(-5e-05 0.002066666667 -0.0001333333333)
(5e-05 0.002066666667 -0.0001333333333)
(-5e-05 0.002133333333 -0.0001333333333)
(5e-05 0.002133333333 -0.0001333333333)
(-5e-05 0.0022 -0.0001333333333)
(5e-05 0.0022 -0.0001333333333)
(-5e-05 0.002266666667 -0.0001333333333)
(5e-05 0.002266666667 -0.0001333333333)
(-5e-05 0.002333333333 -0.0001333333333)
(5e-05 0.002333333333 -0.0001333333333)
(-5e-05 0.0024 -0.0001333333333)
(5e-05 0.0024 -0.0001333333333)
(-5e-05 0.002466666667 -0.0001333333333)
(5e-05 0.002466666667 -0.0001333333333)
(-5e-05 0.002533333333 -0.0001333333333)
(5e-05 0.002533333333 -0.0001333333333)
(-5e-05 0.0026 -0.0001333333333)
(5e-05 0.0026 -0.0001333333333)
(-5e-05 0.002666666667 -0.0001333333333)
(5e-05 0.002666666667 -0.0001333333333)
(-5e-05 0.002733333333 -0.0001333333333)
(5e-05 0.002733333333 -0.0001333333333)
(-5e-05 0.0028 -0.0001333333333)
(5e-05 0.0028 -0.0001333333333)
(-5e-05 0.002866666667 -0.0001333333333)
(5e-05 0.002866666667 -0.0001333333333)
(-5e-05 0.002933333333 -0.0001333333333)
(5e-05 0.002933333333 -0.0001333333333)
(-5e-05 0.003 -0.0001333333333)
(5e-05 0.003 -0.0001333333333)
(-5e-05 0.003066666667 -0.0001333333333)
(5e-05 0.003066666667 -0.0001333333333)
(-5e-05 0.003133333333 -0.0001333333333)
(5e-05 0.003133333333 -0.0001333333333)
(-5e-05 0.0032 -0.0001333333333)
(5e-05 0.0032 -0.0001333333333)
(-5e-05 0.003266666667 -0.0001333333333)
(5e-05 0.003266666667 -0.0001333333333)
(-5e-05 0.003333333333 -0.0001333333333)
(5e-05 0.003333333333 -0.0001333333333)
(-5e-05 0.0034 -0.0001333333333)
(5e-05 0.0034 -0.0001333333333)
(-5e-05 0.003466666667 -0.0001333333333)
(5e-05 0.003466666667 -0.0001333333333)
(-5e-05 0.003533333333 -0.0001333333333)
(5e-05 0.003533333333 -0.0001333333333)
(-5e-05 0.0036 -0.0001333333333)
(5e-05 0.0036 -0.0001333333333)
(-5e-05 0.003666666667 -0.0001333333333)
(5e-05 0.003666666667 -0.0001333333333)
(-5e-05 0.003733333333 -0.0001333333333)
(5e-05 0.003733333333 -0.0001333333333)
(-5e-05 0.0038 -0.0001333333333)
(5e-05 0.0038 -0.0001333333333)
(-5e-05 0.003866666667 -0.0001333333333)
(5e-05 0.003866666667 -0.0001333333333)
(-5e-05 0.003933333333 -0.0001333333333)
(5e-05 0.003933333333 -0.0001333333333)
(-5e-05 0.004 -0.0001333333333)
(5e-05 0.004 -0.0001333333333)
(-5e-05 0 -6.666666667e-05)
(5e-05 0 -6.666666667e-05)
(-5e-05 6.666666667e-05 -6.666666667e-05)
(5e-05 6.666666667e-05 -6.666666667e-05)
(-5e-05 0.0001333333333 -6.666666667e-05)
(5e-05 0.0001333333333 -6.666666667e-05)
(-5e-05 0.0002 -6.666666667e-05)
(5e-05 0.0002 -6.666666667e-05)
(-5e-05 0.0002666666667 -6.666666667e-05)
(5e-05 0.0002666666667 -6.666666667e-05)
(-5e-05 0.0003333333333 -6.666666667e-05)
(5e-05 0.0003333333333 -6.666666667e-05)
(-5e-05 0.0004 -6.666666667e-05)
(5e-05 0.0004 -6.666666667e-05)
(-5e-05 0.0004666666667 -6.666666667e-05)
(5e-05 0.0004666666667 -6.666666667e-05)
(-5e-05 0.0005333333333 -6.666666667e-05)
(5e-05 0.0005333333333 -6.666666667e-05)
(-5e-05 0.0006 -6.666666667e-05)
(5e-05 0.0006 -6.666666667e-05)
(-5e-05 0.0006666666667 -6.666666667e-05)
(5e-05 0.0006666666667 -6.666666667e-05)
(-5e-05 0.0007333333333 -6.666666667e-05)
(5e-05 0.0007333333333 -6.666666667e-05)
(-5e-05 0.0008 -6.666666667e-05)
(5e-05 0.0008 -6.666666667e-05)
(-5e-05 0.0008666666667 -6.666666667e-05)
(5e-05 0.0008666666667 -6.666666667e-05)
(-5e-05 0.0009333333333 -6.666666667e-05)
(5e-05 0.0009333333333 -6.666666667e-05)
(-5e-05 0.001 -6.666666667e-05)
(5e-05 0.001 -6.666666667e-05)
(-5e-05 0.001066666667 -6.666666667e-05)
(5e-05 0.001066666667 -6.666666667e-05)
(-5e-05 0.001133333333 -6.666666667e-05)
(5e-05 0.001133333333 -6.666666667e-05)
(-5e-05 0.0012 -6.666666667e-05)
(5e-05 0.0012 -6.666666667e-05)
(-5e-05 0.001266666667 -6.666666667e-05)
(5e-05 0.001266666667 -6.666666667e-05)
(-5e-05 0.001333333333 -6.666666667e-05)
(5e-05 0.001333333333 -6.666666667e-05)
(-5e-05 0.0014 -6.666666667e-05)
(5e-05 0.0014 -6.666666667e-05)
(-5e-05 0.001466666667 -6.666666667e-05)
(5e-05 0.001466666667 -6.666666667e-05)
(-5e-05 0.001533333333 -6.666666667e-05)
(5e-05 0.001533333333 -6.666666667e-05)
(-5e-05 0.0016 -6.666666667e-05)
(5e-05 0.0016 -6.666666667e-05)
(-5e-05 0.001666666667 -6.666666667e-05)
(5e-05 0.001666666667 -6.666666667e-05)
(-5e-05 0.001733333333 -6.666666667e-05)
(5e-05 0.001733333333 -6.666666667e-05)
(-5e-05 0.0018 -6.666666667e-05)
(5e-05 0.0018 -6.666666667e-05)
(-5e-05 0.001866666667 -6.666666667e-05)
(5e-05 0.001866666667 -6.666666667e-05)
(-5e-05 0.001933333333 -6.666666667e-05)
(5e-05 0.001933333333 -6.666666667e-05)
(-5e-05 0.002 -6.666666667e-05)
(5e-05 0.002 -6.666666667e-05)
(-5e-05 0.002066666667 -6.666666667e-05)
(5e-05 0.002066666667 -6.666666667e-05)
(-5e-05 0.002133333333 -6.666666667e-05)
(5e-05 0.002133333333 -6.666666667e-05)
(-5e-05 0.0022 -6.666666667e-05)
(5e-05 0.0022 -6.666666667e-05)
(-5e-05 0.002266666667 -6.666666667e-05)
(5e-05 0.002266666667 -6.666666667e-05)
(-5e-05 0.002333333333 -6.666666667e-05)
(5e-05 0.002333333333 -6.666666667e-05)
(-5e-05 0.0024 -6.666666667e-05)
(5e-05 0.0024 -6.666666667e-05)
(-5e-05 0.002466666667 -6.666666667e-05)
(5e-05 0.002466666667 -6.666666667e-05)
(-5e-05 0.002533333333 -6.666666667e-05)
(5e-05 0.002533333333 -6.666666667e-05)
(-5e-05 0.0026 -6.666666667e-05)
(5e-05 0.0026 -6.666666667e-05)
(-5e-05 0.002666666667 -6.666666667e-05)
(5e-05 0.002666666667 -6.666666667e-05)
(-5e-05 0.002733333333 -6.666666667e-05)
(5e-05 0.002733333333 -6.666666667e-05)
(-5e-05 0.0028 -6.666666667e-05)
(5e-05 0.0028 -6.666666667e-05)
(-5e-05 0.002866666667 -6.666666667e-05)
(5e-05 0.002866666667 -6.666666667e-05)
(-5e-05 0.002933333333 -6.666666667e-05)
(5e-05 0.002933333333 -6.666666667e-05)
(-5e-05 0.003 -6.666666667e-05)
(5e-05 0.003 -6.666666667e-05)
(-5e-05 0.003066666667 -6.666666667e-05)
(5e-05 0.003066666667 -6.666666667e-05)
(-5e-05 0.003133333333 -6.666666667e-05)
(5e-05 0.003133333333 -6.666666667e-05)
(-5e-05 0.0032 -6.666666667e-05)
(5e-05 0.0032 -6.666666667e-05)
(-5e-05 0.003266666667 -6.666666667e-05)
(5e-05 0.003266666667 -6.666666667e-05)
(-5e-05 0.003333333333 -6.666666667e-05)
(5e-05 0.003333333333 -6.666666667e-05)
(-5e-05 0.0034 -6.666666667e-05)
(5e-05 0.0034 -6.666666667e-05)
(-5e-05 0.003466666667 -6.666666667e-05)
(5e-05 0.003466666667 -6.666666667e-05)
(-5e-05 0.003533333333 -6.666666667e-05)
(5e-05 0.003533333333 -6.666666667e-05)
(-5e-05 0.0036 -6.666666667e-05)
(5e-05 0.0036 -6.666666667e-05)
(-5e-05 0.003666666667 -6.666666667e-05)
(5e-05 0.003666666667 -6.666666667e-05)
(-5e-05 0.003733333333 -6.666666667e-05)
(5e-05 0.003733333333 -6.666666667e-05)
(-5e-05 0.0038 -6.666666667e-05)
(5e-05 0.0038 -6.666666667e-05)
(-5e-05 0.003866666667 -6.666666667e-05)
(5e-05 0.003866666667 -6.666666667e-05)
(-5e-05 0.003933333333 -6.666666667e-05)
(5e-05 0.003933333333 -6.666666667e-05)
(-5e-05 0.004 -6.666666667e-05)
(5e-05 0.004 -6.666666667e-05)
(-5e-05 0 0)
(5e-05 0 0)
(-5e-05 6.666666667e-05 0)
(5e-05 6.666666667e-05 0)
(-5e-05 0.0001333333333 0)
(5e-05 0.0001333333333 0)
(-5e-05 0.0002 0)
(5e-05 0.0002 0)
(-5e-05 0.0002666666667 0)
(5e-05 0.0002666666667 0)
(-5e-05 0.0003333333333 0)
(5e-05 0.0003333333333 0)
(-5e-05 0.0004 0)
(5e-05 0.0004 0)
(-5e-05 0.0004666666667 0)
(5e-05 0.0004666666667 0)
(-5e-05 0.0005333333333 0)
(5e-05 0.0005333333333 0)
(-5e-05 0.0006 0)
(5e-05 0.0006 0)
(-5e-05 0.0006666666667 0)
(5e-05 0.0006666666667 0)
(-5e-05 0.0007333333333 0)
(5e-05 0.0007333333333 0)
(-5e-05 0.0008 0)
(5e-05 0.0008 0)
(-5e-05 0.0008666666667 0)
(5e-05 0.0008666666667 0)
(-5e-05 0.0009333333333 0)
(5e-05 0.0009333333333 0)
(-5e-05 0.001 0)
(5e-05 0.001 0)
(-5e-05 0.001066666667 0)
(5e-05 0.001066666667 0)
(-5e-05 0.001133333333 0)
(5e-05 0.001133333333 0)
(-5e-05 0.0012 0)
(5e-05 0.0012 0)
(-5e-05 0.001266666667 0)
(5e-05 0.001266666667 0)
(-5e-05 0.001333333333 0)
(5e-05 0.001333333333 0)
(-5e-05 0.0014 0)
(5e-05 0.0014 0)
(-5e-05 0.001466666667 0)
(5e-05 0.001466666667 0)
(-5e-05 0.001533333333 0)
(5e-05 0.001533333333 0)
(-5e-05 0.0016 0)
(5e-05 0.0016 0)
(-5e-05 0.001666666667 0)
(5e-05 0.001666666667 0)
(-5e-05 0.001733333333 0)
(5e-05 0.001733333333 0)
(-5e-05 0.0018 0)
(5e-05 0.0018 0)
(-5e-05 0.001866666667 0)
(5e-05 0.001866666667 0)
(-5e-05 0.001933333333 0)
(5e-05 0.001933333333 0)
(-5e-05 0.002 0)
(5e-05 0.002 0)
(-5e-05 0.002066666667 0)
(5e-05 0.002066666667 0)
(-5e-05 0.002133333333 0)
(5e-05 0.002133333333 0)
(-5e-05 0.0022 0)
(5e-05 0.0022 0)
(-5e-05 0.002266666667 0)
(5e-05 0.002266666667 0)
(-5e-05 0.002333333333 0)
(5e-05 0.002333333333 0)
(-5e-05 0.0024 0)
(5e-05 0.0024 0)
(-5e-05 0.002466666667 0)
(5e-05 0.002466666667 0)
(-5e-05 0.002533333333 0)
(5e-05 0.002533333333 0)
(-5e-05 0.0026 0)
(5e-05 0.0026 0)
(-5e-05 0.002666666667 0)
(5e-05 0.002666666667 0)
(-5e-05 0.002733333333 0)
(5e-05 0.002733333333 0)
(-5e-05 0.0028 0)
(5e-05 0.0028 0)
(-5e-05 0.002866666667 0)
(5e-05 0.002866666667 0)
(-5e-05 0.002933333333 0)
(5e-05 0.002933333333 0)
(-5e-05 0.003 0)
(5e-05 0.003 0)
(-5e-05 0.003066666667 0)
(5e-05 0.003066666667 0)
(-5e-05 0.003133333333 0)
(5e-05 0.003133333333 0)
(-5e-05 0.0032 0)
(5e-05 0.0032 0)
(-5e-05 0.003266666667 0)
(5e-05 0.003266666667 0)
(-5e-05 0.003333333333 0)
(5e-05 0.003333333333 0)
(-5e-05 0.0034 0)
(5e-05 0.0034 0)
(-5e-05 0.003466666667 0)
(5e-05 0.003466666667 0)
(-5e-05 0.003533333333 0)
(5e-05 0.003533333333 0)
(-5e-05 0.0036 0)
(5e-05 0.0036 0)
(-5e-05 0.003666666667 0)
(5e-05 0.003666666667 0)
(-5e-05 0.003733333333 0)
(5e-05 0.003733333333 0)
(-5e-05 0.0038 0)
(5e-05 0.0038 0)
(-5e-05 0.003866666667 0)
(5e-05 0.003866666667 0)
(-5e-05 0.003933333333 0)
(5e-05 0.003933333333 0)
(-5e-05 0.004 0)
(5e-05 0.004 0)
(-5e-05 0 6.666666667e-05)
(5e-05 0 6.666666667e-05)
(-5e-05 6.666666667e-05 6.666666667e-05)
(5e-05 6.666666667e-05 6.666666667e-05)
(-5e-05 0.0001333333333 6.666666667e-05)
(5e-05 0.0001333333333 6.666666667e-05)
(-5e-05 0.0002 6.666666667e-05)
(5e-05 0.0002 6.666666667e-05)
(-5e-05 0.0002666666667 6.666666667e-05)
(5e-05 0.0002666666667 6.666666667e-05)
(-5e-05 0.0003333333333 6.666666667e-05)
(5e-05 0.0003333333333 6.666666667e-05)
(-5e-05 0.0004 6.666666667e-05)
(5e-05 0.0004 6.666666667e-05)
(-5e-05 0.0004666666667 6.666666667e-05)
(5e-05 0.0004666666667 6.666666667e-05)
(-5e-05 0.0005333333333 6.666666667e-05)
(5e-05 0.0005333333333 6.666666667e-05)
(-5e-05 0.0006 6.666666667e-05)
(5e-05 0.0006 6.666666667e-05)
(-5e-05 0.0006666666667 6.666666667e-05)
(5e-05 0.0006666666667 6.666666667e-05)
(-5e-05 0.0007333333333 6.666666667e-05)
(5e-05 0.0007333333333 6.666666667e-05)
(-5e-05 0.0008 6.666666667e-05)
(5e-05 0.0008 6.666666667e-05)
(-5e-05 0.0008666666667 6.666666667e-05)
(5e-05 0.0008666666667 6.666666667e-05)
(-5e-05 0.0009333333333 6.666666667e-05)
(5e-05 0.0009333333333 6.666666667e-05)
(-5e-05 0.001 6.666666667e-05)
(5e-05 0.001 6.666666667e-05)
(-5e-05 0.001066666667 6.666666667e-05)
(5e-05 0.001066666667 6.666666667e-05)
(-5e-05 0.001133333333 6.666666667e-05)
(5e-05 0.001133333333 6.666666667e-05)
(-5e-05 0.0012 6.666666667e-05)
(5e-05 0.0012 6.666666667e-05)
(-5e-05 0.001266666667 6.666666667e-05)
(5e-05 0.001266666667 6.666666667e-05)
(-5e-05 0.001333333333 6.666666667e-05)
(5e-05 0.001333333333 6.666666667e-05)
(-5e-05 0.0014 6.666666667e-05)
(5e-05 0.0014 6.666666667e-05)
(-5e-05 0.001466666667 6.666666667e-05)
(5e-05 0.001466666667 6.666666667e-05)
(-5e-05 0.001533333333 6.666666667e-05)
(5e-05 0.001533333333 6.666666667e-05)
(-5e-05 0.0016 6.666666667e-05)
(5e-05 0.0016 6.666666667e-05)
(-5e-05 0.001666666667 6.666666667e-05)
(5e-05 0.001666666667 6.666666667e-05)
(-5e-05 0.001733333333 6.666666667e-05)
(5e-05 0.001733333333 6.666666667e-05)
(-5e-05 0.0018 6.666666667e-05)
(5e-05 0.0018 6.666666667e-05)
(-5e-05 0.001866666667 6.666666667e-05)
(5e-05 0.001866666667 6.666666667e-05)
(-5e-05 0.001933333333 6.666666667e-05)
(5e-05 0.001933333333 6.666666667e-05)
(-5e-05 0.002 6.666666667e-05)
(5e-05 0.002 6.666666667e-05)
(-5e-05 0.002066666667 6.666666667e-05)
(5e-05 0.002066666667 6.666666667e-05)
(-5e-05 0.002133333333 6.666666667e-05)
(5e-05 0.002133333333 6.666666667e-05)
(-5e-05 0.0022 6.666666667e-05)
(5e-05 0.0022 6.666666667e-05)
(-5e-05 0.002266666667 6.666666667e-05)
(5e-05 0.002266666667 6.666666667e-05)
(-5e-05 0.002333333333 6.666666667e-05)
(5e-05 0.002333333333 6.666666667e-05)
(-5e-05 0.0024 6.666666667e-05)
(5e-05 0.0024 6.666666667e-05)
(-5e-05 0.002466666667 6.666666667e-05)
(5e-05 0.002466666667 6.666666667e-05)
(-5e-05 0.002533333333 6.666666667e-05)
(5e-05 0.002533333333 6.666666667e-05)
(-5e-05 0.0026 6.666666667e-05)
(5e-05 0.0026 6.666666667e-05)
(-5e-05 0.002666666667 6.666666667e-05)
(5e-05 0.002666666667 6.666666667e-05)
(-5e-05 0.002733333333 6.666666667e-05)
(5e-05 0.002733333333 6.666666667e-05)
(-5e-05 0.0028 6.666666667e-05)
(5e-05 0.0028 6.666666667e-05)
(-5e-05 0.002866666667 6.666666667e-05)
(5e-05 0.002866666667 6.666666667e-05)
(-5e-05 0.002933333333 6.666666667e-05)
(5e-05 0.002933333333 6.666666667e-05)
(-5e-05 0.003 6.666666667e-05)
(5e-05 0.003 6.666666667e-05)
(-5e-05 0.003066666667 6.666666667e-05)
(5e-05 0.003066666667 6.666666667e-05)
(-5e-05 0.003133333333 6.666666667e-05)
(5e-05 0.003133333333 6.666666667e-05)
(-5e-05 0.0032 6.666666667e-05)
(5e-05 0.0032 6.666666667e-05)
(-5e-05 0.003266666667 6.666666667e-05)
(5e-05 0.003266666667 6.666666667e-05)
(-5e-05 0.003333333333 6.666666667e-05)
(5e-05 0.003333333333 6.666666667e-05)
(-5e-05 0.0034 6.666666667e-05)
(5e-05 0.0034 6.666666667e-05)
(-5e-05 0.003466666667 6.666666667e-05)
(5e-05 0.003466666667 6.666666667e-05)
(-5e-05 0.003533333333 6.666666667e-05)
(5e-05 0.003533333333 6.666666667e-05)
(-5e-05 0.0036 6.666666667e-05)
(5e-05 0.0036 6.666666667e-05)
(-5e-05 0.003666666667 6.666666667e-05)
(5e-05 0.003666666667 6.666666667e-05)
(-5e-05 0.003733333333 6.666666667e-05)
(5e-05 0.003733333333 6.666666667e-05)
(-5e-05 0.0038 6.666666667e-05)
(5e-05 0.0038 6.666666667e-05)
(-5e-05 0.003866666667 6.666666667e-05)
(5e-05 0.003866666667 6.666666667e-05)
(-5e-05 0.003933333333 6.666666667e-05)
(5e-05 0.003933333333 6.666666667e-05)
(-5e-05 0.004 6.666666667e-05)
(5e-05 0.004 6.666666667e-05)
(-5e-05 0 0.0001333333333)
(5e-05 0 0.0001333333333)
(-5e-05 6.666666667e-05 0.0001333333333)
(5e-05 6.666666667e-05 0.0001333333333)
(-5e-05 0.0001333333333 0.0001333333333)
(5e-05 0.0001333333333 0.0001333333333)
(-5e-05 0.0002 0.0001333333333)
(5e-05 0.0002 0.0001333333333)
(-5e-05 0.0002666666667 0.0001333333333)
(5e-05 0.0002666666667 0.0001333333333)
(-5e-05 0.0003333333333 0.0001333333333)
(5e-05 0.0003333333333 0.0001333333333)
(-5e-05 0.0004 0.0001333333333)
(5e-05 0.0004 0.0001333333333)
(-5e-05 0.0004666666667 0.0001333333333)
(5e-05 0.0004666666667 0.0001333333333)
(-5e-05 0.0005333333333 0.0001333333333)
(5e-05 0.0005333333333 0.0001333333333)
(-5e-05 0.0006 0.0001333333333)
(5e-05 0.0006 0.0001333333333)
(-5e-05 0.0006666666667 0.0001333333333)
(5e-05 0.0006666666667 0.0001333333333)
(-5e-05 0.0007333333333 0.0001333333333)
(5e-05 0.0007333333333 0.0001333333333)
(-5e-05 0.0008 0.0001333333333)
(5e-05 0.0008 0.0001333333333)
(-5e-05 0.0008666666667 0.0001333333333)
(5e-05 0.0008666666667 0.0001333333333)
(-5e-05 0.0009333333333 0.0001333333333)
(5e-05 0.0009333333333 0.0001333333333)
(-5e-05 0.001 0.0001333333333)
(5e-05 0.001 0.0001333333333)
(-5e-05 0.001066666667 0.0001333333333)
(5e-05 0.001066666667 0.0001333333333)
(-5e-05 0.001133333333 0.0001333333333)
(5e-05 0.001133333333 0.0001333333333)
(-5e-05 0.0012 0.0001333333333)
(5e-05 0.0012 0.0001333333333)
(-5e-05 0.001266666667 0.0001333333333)
(5e-05 0.001266666667 0.0001333333333)
(-5e-05 0.001333333333 0.0001333333333)
(5e-05 0.001333333333 0.0001333333333)
(-5e-05 0.0014 0.0001333333333)
(5e-05 0.0014 0.0001333333333)
(-5e-05 0.001466666667 0.0001333333333)
(5e-05 0.001466666667 0.0001333333333)
(-5e-05 0.001533333333 0.0001333333333)
(5e-05 0.001533333333 0.0001333333333)
(-5e-05 0.0016 0.0001333333333)
(5e-05 0.0016 0.0001333333333)
(-5e-05 0.001666666667 0.0001333333333)
(5e-05 0.001666666667 0.0001333333333)
(-5e-05 0.001733333333 0.0001333333333)
(5e-05 0.001733333333 0.0001333333333)
(-5e-05 0.0018 0.0001333333333)
(5e-05 0.0018 0.0001333333333)
(-5e-05 0.001866666667 0.0001333333333)
(5e-05 0.001866666667 0.0001333333333)
(-5e-05 0.001933333333 0.0001333333333)
(5e-05 0.001933333333 0.0001333333333)
(-5e-05 0.002 0.0001333333333)
(5e-05 0.002 0.0001333333333)
(-5e-05 0.002066666667 0.0001333333333)
(5e-05 0.002066666667 0.0001333333333)
(-5e-05 0.002133333333 0.0001333333333)
(5e-05 0.002133333333 0.0001333333333)
(-5e-05 0.0022 0.0001333333333)
(5e-05 0.0022 0.0001333333333)
(-5e-05 0.002266666667 0.0001333333333)
(5e-05 0.002266666667 0.0001333333333)
(-5e-05 0.002333333333 0.0001333333333)
(5e-05 0.002333333333 0.0001333333333)
(-5e-05 0.0024 0.0001333333333)
(5e-05 0.0024 0.0001333333333)
(-5e-05 0.002466666667 0.0001333333333)
(5e-05 0.002466666667 0.0001333333333)
(-5e-05 0.002533333333 0.0001333333333)
(5e-05 0.002533333333 0.0001333333333)
(-5e-05 0.0026 0.0001333333333)
(5e-05 0.0026 0.0001333333333)
(-5e-05 0.002666666667 0.0001333333333)
(5e-05 0.002666666667 0.0001333333333)
(-5e-05 0.002733333333 0.0001333333333)
(5e-05 0.002733333333 0.0001333333333)
(-5e-05 0.0028 0.0001333333333)
(5e-05 0.0028 0.0001333333333)
(-5e-05 0.002866666667 0.0001333333333)
(5e-05 0.002866666667 0.0001333333333)
(-5e-05 0.002933333333 0.0001333333333)
(5e-05 0.002933333333 0.0001333333333)
(-5e-05 0.003 0.0001333333333)
(5e-05 0.003 0.0001333333333)
(-5e-05 0.003066666667 0.0001333333333)
(5e-05 0.003066666667 0.0001333333333)
(-5e-05 0.003133333333 0.0001333333333)
(5e-05 0.003133333333 0.0001333333333)
(-5e-05 0.0032 0.0001333333333)
(5e-05 0.0032 0.0001333333333)
(-5e-05 0.003266666667 0.0001333333333)
(5e-05 0.003266666667 0.0001333333333)
(-5e-05 0.003333333333 0.0001333333333)
(5e-05 0.003333333333 0.0001333333333)
(-5e-05 0.0034 0.0001333333333)
(5e-05 0.0034 0.0001333333333)
(-5e-05 0.003466666667 0.0001333333333)
(5e-05 0.003466666667 0.0001333333333)
(-5e-05 0.003533333333 0.0001333333333)
(5e-05 0.003533333333 0.0001333333333)
(-5e-05 0.0036 0.0001333333333)
(5e-05 0.0036 0.0001333333333)
(-5e-05 0.003666666667 0.0001333333333)
(5e-05 0.003666666667 0.0001333333333)
(-5e-05 0.003733333333 0.0001333333333)
(5e-05 0.003733333333 0.0001333333333)
(-5e-05 0.0038 0.0001333333333)
(5e-05 0.0038 0.0001333333333)
(-5e-05 0.003866666667 0.0001333333333)
(5e-05 0.003866666667 0.0001333333333)
(-5e-05 0.003933333333 0.0001333333333)
(5e-05 0.003933333333 0.0001333333333)
(-5e-05 0.004 0.0001333333333)
(5e-05 0.004 0.0001333333333)
(-5e-05 0 0.0002)
(5e-05 0 0.0002)
(-5e-05 6.666666667e-05 0.0002)
(5e-05 6.666666667e-05 0.0002)
(-5e-05 0.0001333333333 0.0002)
(5e-05 0.0001333333333 0.0002)
(-5e-05 0.0002 0.0002)
(5e-05 0.0002 0.0002)
(-5e-05 0.0002666666667 0.0002)
(5e-05 0.0002666666667 0.0002)
(-5e-05 0.0003333333333 0.0002)
(5e-05 0.0003333333333 0.0002)
(-5e-05 0.0004 0.0002)
(5e-05 0.0004 0.0002)
(-5e-05 0.0004666666667 0.0002)
(5e-05 0.0004666666667 0.0002)
(-5e-05 0.0005333333333 0.0002)
(5e-05 0.0005333333333 0.0002)
(-5e-05 0.0006 0.0002)
(5e-05 0.0006 0.0002)
(-5e-05 0.0006666666667 0.0002)
(5e-05 0.0006666666667 0.0002)
(-5e-05 0.0007333333333 0.0002)
(5e-05 0.0007333333333 0.0002)
(-5e-05 0.0008 0.0002)
(5e-05 0.0008 0.0002)
(-5e-05 0.0008666666667 0.0002)
(5e-05 0.0008666666667 0.0002)
(-5e-05 0.0009333333333 0.0002)
(5e-05 0.0009333333333 0.0002)
(-5e-05 0.001 0.0002)
(5e-05 0.001 0.0002)
(-5e-05 0.001066666667 0.0002)
(5e-05 0.001066666667 0.0002)
(-5e-05 0.001133333333 0.0002)
(5e-05 0.001133333333 0.0002)
(-5e-05 0.0012 0.0002)
(5e-05 0.0012 0.0002)
(-5e-05 0.001266666667 0.0002)
(5e-05 0.001266666667 0.0002)
(-5e-05 0.001333333333 0.0002)
(5e-05 0.001333333333 0.0002)
(-5e-05 0.0014 0.0002)
(5e-05 0.0014 0.0002)
(-5e-05 0.001466666667 0.0002)
(5e-05 0.001466666667 0.0002)
(-5e-05 0.001533333333 0.0002)
(5e-05 0.001533333333 0.0002)
(-5e-05 0.0016 0.0002)
(5e-05 0.0016 0.0002)
(-5e-05 0.001666666667 0.0002)
(5e-05 0.001666666667 0.0002)
(-5e-05 0.001733333333 0.0002)
(5e-05 0.001733333333 0.0002)
(-5e-05 0.0018 0.0002)
(5e-05 0.0018 0.0002)
(-5e-05 0.001866666667 0.0002)
(5e-05 0.001866666667 0.0002)
(-5e-05 0.001933333333 0.0002)
(5e-05 0.001933333333 0.0002)
(-5e-05 0.002 0.0002)
(5e-05 0.002 0.0002)
(-5e-05 0.002066666667 0.0002)
(5e-05 0.002066666667 0.0002)
(-5e-05 0.002133333333 0.0002)
(5e-05 0.002133333333 0.0002)
(-5e-05 0.0022 0.0002)
(5e-05 0.0022 0.0002)
(-5e-05 0.002266666667 0.0002)
(5e-05 0.002266666667 0.0002)
(-5e-05 0.002333333333 0.0002)
(5e-05 0.002333333333 0.0002)
(-5e-05 0.0024 0.0002)
(5e-05 0.0024 0.0002)
(-5e-05 0.002466666667 0.0002)
(5e-05 0.002466666667 0.0002)
(-5e-05 0.002533333333 0.0002)
(5e-05 0.002533333333 0.0002)
(-5e-05 0.0026 0.0002)
(5e-05 0.0026 0.0002)
(-5e-05 0.002666666667 0.0002)
(5e-05 0.002666666667 0.0002)
(-5e-05 0.002733333333 0.0002)
(5e-05 0.002733333333 0.0002)
(-5e-05 0.0028 0.0002)
(5e-05 0.0028 0.0002)
(-5e-05 0.002866666667 0.0002)
(5e-05 0.002866666667 0.0002)
(-5e-05 0.002933333333 0.0002)
(5e-05 0.002933333333 0.0002)
(-5e-05 0.003 0.0002)
(5e-05 0.003 0.0002)
(-5e-05 0.003066666667 0.0002)
(5e-05 0.003066666667 0.0002)
(-5e-05 0.003133333333 0.0002)
(5e-05 0.003133333333 0.0002)
(-5e-05 0.0032 0.0002)
(5e-05 0.0032 0.0002)
(-5e-05 0.003266666667 0.0002)
(5e-05 0.003266666667 0.0002)
(-5e-05 0.003333333333 0.0002)
(5e-05 0.003333333333 0.0002)
(-5e-05 0.0034 0.0002)
(5e-05 0.0034 0.0002)
(-5e-05 0.003466666667 0.0002)
(5e-05 0.003466666667 0.0002)
(-5e-05 0.003533333333 0.0002)
(5e-05 0.003533333333 0.0002)
(-5e-05 0.0036 0.0002)
(5e-05 0.0036 0.0002)
(-5e-05 0.003666666667 0.0002)
(5e-05 0.003666666667 0.0002)
(-5e-05 0.003733333333 0.0002)
(5e-05 0.003733333333 0.0002)
(-5e-05 0.0038 0.0002)
(5e-05 0.0038 0.0002)
(-5e-05 0.003866666667 0.0002)
(5e-05 0.003866666667 0.0002)
(-5e-05 0.003933333333 0.0002)
(5e-05 0.003933333333 0.0002)
(-5e-05 0.004 0.0002)
(5e-05 0.004 0.0002)
(-5e-05 0 0.0002666666667)
(5e-05 0 0.0002666666667)
(-5e-05 6.666666667e-05 0.0002666666667)
(5e-05 6.666666667e-05 0.0002666666667)
(-5e-05 0.0001333333333 0.0002666666667)
(5e-05 0.0001333333333 0.0002666666667)
(-5e-05 0.0002 0.0002666666667)
(5e-05 0.0002 0.0002666666667)
(-5e-05 0.0002666666667 0.0002666666667)
(5e-05 0.0002666666667 0.0002666666667)
(-5e-05 0.0003333333333 0.0002666666667)
(5e-05 0.0003333333333 0.0002666666667)
(-5e-05 0.0004 0.0002666666667)
(5e-05 0.0004 0.0002666666667)
(-5e-05 0.0004666666667 0.0002666666667)
(5e-05 0.0004666666667 0.0002666666667)
(-5e-05 0.0005333333333 0.0002666666667)
(5e-05 0.0005333333333 0.0002666666667)
(-5e-05 0.0006 0.0002666666667)
(5e-05 0.0006 0.0002666666667)
(-5e-05 0.0006666666667 0.0002666666667)
(5e-05 0.0006666666667 0.0002666666667)
(-5e-05 0.0007333333333 0.0002666666667)
(5e-05 0.0007333333333 0.0002666666667)
(-5e-05 0.0008 0.0002666666667)
(5e-05 0.0008 0.0002666666667)
(-5e-05 0.0008666666667 0.0002666666667)
(5e-05 0.0008666666667 0.0002666666667)
(-5e-05 0.0009333333333 0.0002666666667)
(5e-05 0.0009333333333 0.0002666666667)
(-5e-05 0.001 0.0002666666667)
(5e-05 0.001 0.0002666666667)
(-5e-05 0.001066666667 0.0002666666667)
(5e-05 0.001066666667 0.0002666666667)
(-5e-05 0.001133333333 0.0002666666667)
(5e-05 0.001133333333 0.0002666666667)
(-5e-05 0.0012 0.0002666666667)
(5e-05 0.0012 0.0002666666667)
(-5e-05 0.001266666667 0.0002666666667)
(5e-05 0.001266666667 0.0002666666667)
(-5e-05 0.001333333333 0.0002666666667)
(5e-05 0.001333333333 0.0002666666667)
(-5e-05 0.0014 0.0002666666667)
(5e-05 0.0014 0.0002666666667)
(-5e-05 0.001466666667 0.0002666666667)
(5e-05 0.001466666667 0.0002666666667)
(-5e-05 0.001533333333 0.0002666666667)
(5e-05 0.001533333333 0.0002666666667)
(-5e-05 0.0016 0.0002666666667)
(5e-05 0.0016 0.0002666666667)
(-5e-05 0.001666666667 0.0002666666667)
(5e-05 0.001666666667 0.0002666666667)
(-5e-05 0.001733333333 0.0002666666667)
(5e-05 0.001733333333 0.0002666666667)
(-5e-05 0.0018 0.0002666666667)
(5e-05 0.0018 0.0002666666667)
(-5e-05 0.001866666667 0.0002666666667)
(5e-05 0.001866666667 0.0002666666667)
(-5e-05 0.001933333333 0.0002666666667)
(5e-05 0.001933333333 0.0002666666667)
(-5e-05 0.002 0.0002666666667)
(5e-05 0.002 0.0002666666667)
(-5e-05 0.002066666667 0.0002666666667)
(5e-05 0.002066666667 0.0002666666667)
(-5e-05 0.002133333333 0.0002666666667)
(5e-05 0.002133333333 0.0002666666667)
(-5e-05 0.0022 0.0002666666667)
(5e-05 0.0022 0.0002666666667)
(-5e-05 0.002266666667 0.0002666666667)
(5e-05 0.002266666667 0.0002666666667)
(-5e-05 0.002333333333 0.0002666666667)
(5e-05 0.002333333333 0.0002666666667)
(-5e-05 0.0024 0.0002666666667)
(5e-05 0.0024 0.0002666666667)
(-5e-05 0.002466666667 0.0002666666667)
(5e-05 0.002466666667 0.0002666666667)
(-5e-05 0.002533333333 0.0002666666667)
(5e-05 0.002533333333 0.0002666666667)
(-5e-05 0.0026 0.0002666666667)
(5e-05 0.0026 0.0002666666667)
(-5e-05 0.002666666667 0.0002666666667)
(5e-05 0.002666666667 0.0002666666667)
(-5e-05 0.002733333333 0.0002666666667)
(5e-05 0.002733333333 0.0002666666667)
(-5e-05 0.0028 0.0002666666667)
(5e-05 0.0028 0.0002666666667)
(-5e-05 0.002866666667 0.0002666666667)
(5e-05 0.002866666667 0.0002666666667)
(-5e-05 0.002933333333 0.0002666666667)
(5e-05 0.002933333333 0.0002666666667)
(-5e-05 0.003 0.0002666666667)
(5e-05 0.003 0.0002666666667)
(-5e-05 0.003066666667 0.0002666666667)
(5e-05 0.003066666667 0.0002666666667)
(-5e-05 0.003133333333 0.0002666666667)
(5e-05 0.003133333333 0.0002666666667)
(-5e-05 0.0032 0.0002666666667)
(5e-05 0.0032 0.0002666666667)
(-5e-05 0.003266666667 0.0002666666667)
(5e-05 0.003266666667 0.0002666666667)
(-5e-05 0.003333333333 0.0002666666667)
(5e-05 0.003333333333 0.0002666666667)
(-5e-05 0.0034 0.0002666666667)
(5e-05 0.0034 0.0002666666667)
(-5e-05 0.003466666667 0.0002666666667)
(5e-05 0.003466666667 0.0002666666667)
(-5e-05 0.003533333333 0.0002666666667)
(5e-05 0.003533333333 0.0002666666667)
(-5e-05 0.0036 0.0002666666667)
(5e-05 0.0036 0.0002666666667)
(-5e-05 0.003666666667 0.0002666666667)
(5e-05 0.003666666667 0.0002666666667)
(-5e-05 0.003733333333 0.0002666666667)
(5e-05 0.003733333333 0.0002666666667)
(-5e-05 0.0038 0.0002666666667)
(5e-05 0.0038 0.0002666666667)
(-5e-05 0.003866666667 0.0002666666667)
(5e-05 0.003866666667 0.0002666666667)
(-5e-05 0.003933333333 0.0002666666667)
(5e-05 0.003933333333 0.0002666666667)
(-5e-05 0.004 0.0002666666667)
(5e-05 0.004 0.0002666666667)
(-5e-05 0 0.0003333333333)
(5e-05 0 0.0003333333333)
(-5e-05 6.666666667e-05 0.0003333333333)
(5e-05 6.666666667e-05 0.0003333333333)
(-5e-05 0.0001333333333 0.0003333333333)
(5e-05 0.0001333333333 0.0003333333333)
(-5e-05 0.0002 0.0003333333333)
(5e-05 0.0002 0.0003333333333)
(-5e-05 0.0002666666667 0.0003333333333)
(5e-05 0.0002666666667 0.0003333333333)
(-5e-05 0.0003333333333 0.0003333333333)
(5e-05 0.0003333333333 0.0003333333333)
(-5e-05 0.0004 0.0003333333333)
(5e-05 0.0004 0.0003333333333)
(-5e-05 0.0004666666667 0.0003333333333)
(5e-05 0.0004666666667 0.0003333333333)
(-5e-05 0.0005333333333 0.0003333333333)
(5e-05 0.0005333333333 0.0003333333333)
(-5e-05 0.0006 0.0003333333333)
(5e-05 0.0006 0.0003333333333)
(-5e-05 0.0006666666667 0.0003333333333)
(5e-05 0.0006666666667 0.0003333333333)
(-5e-05 0.0007333333333 0.0003333333333)
(5e-05 0.0007333333333 0.0003333333333)
(-5e-05 0.0008 0.0003333333333)
(5e-05 0.0008 0.0003333333333)
(-5e-05 0.0008666666667 0.0003333333333)
(5e-05 0.0008666666667 0.0003333333333)
(-5e-05 0.0009333333333 0.0003333333333)
(5e-05 0.0009333333333 0.0003333333333)
(-5e-05 0.001 0.0003333333333)
(5e-05 0.001 0.0003333333333)
(-5e-05 0.001066666667 0.0003333333333)
(5e-05 0.001066666667 0.0003333333333)
(-5e-05 0.001133333333 0.0003333333333)
(5e-05 0.001133333333 0.0003333333333)
(-5e-05 0.0012 0.0003333333333)
(5e-05 0.0012 0.0003333333333)
(-5e-05 0.001266666667 0.0003333333333)
(5e-05 0.001266666667 0.0003333333333)
(-5e-05 0.001333333333 0.0003333333333)
(5e-05 0.001333333333 0.0003333333333)
(-5e-05 0.0014 0.0003333333333)
(5e-05 0.0014 0.0003333333333)
(-5e-05 0.001466666667 0.0003333333333)
(5e-05 0.001466666667 0.0003333333333)
(-5e-05 0.001533333333 0.0003333333333)
(5e-05 0.001533333333 0.0003333333333)
(-5e-05 0.0016 0.0003333333333)
(5e-05 0.0016 0.0003333333333)
(-5e-05 0.001666666667 0.0003333333333)
(5e-05 0.001666666667 0.0003333333333)
(-5e-05 0.001733333333 0.0003333333333)
(5e-05 0.001733333333 0.0003333333333)
(-5e-05 0.0018 0.0003333333333)
(5e-05 0.0018 0.0003333333333)
(-5e-05 0.001866666667 0.0003333333333)
(5e-05 0.001866666667 0.0003333333333)
(-5e-05 0.001933333333 0.0003333333333)
(5e-05 0.001933333333 0.0003333333333)
(-5e-05 0.002 0.0003333333333)
(5e-05 0.002 0.0003333333333)
(-5e-05 0.002066666667 0.0003333333333)
(5e-05 0.002066666667 0.0003333333333)
(-5e-05 0.002133333333 0.0003333333333)
(5e-05 0.002133333333 0.0003333333333)
(-5e-05 0.0022 0.0003333333333)
(5e-05 0.0022 0.0003333333333)
(-5e-05 0.002266666667 0.0003333333333)
(5e-05 0.002266666667 0.0003333333333)
(-5e-05 0.002333333333 0.0003333333333)
(5e-05 0.002333333333 0.0003333333333)
(-5e-05 0.0024 0.0003333333333)
(5e-05 0.0024 0.0003333333333)
(-5e-05 0.002466666667 0.0003333333333)
(5e-05 0.002466666667 0.0003333333333)
(-5e-05 0.002533333333 0.0003333333333)
(5e-05 0.002533333333 0.0003333333333)
(-5e-05 0.0026 0.0003333333333)
(5e-05 0.0026 0.0003333333333)
(-5e-05 0.002666666667 0.0003333333333)
(5e-05 0.002666666667 0.0003333333333)
(-5e-05 0.002733333333 0.0003333333333)
(5e-05 0.002733333333 0.0003333333333)
(-5e-05 0.0028 0.0003333333333)
(5e-05 0.0028 0.0003333333333)
(-5e-05 0.002866666667 0.0003333333333)
(5e-05 0.002866666667 0.0003333333333)
(-5e-05 0.002933333333 0.0003333333333)
(5e-05 0.002933333333 0.0003333333333)
(-5e-05 0.003 0.0003333333333)
(5e-05 0.003 0.0003333333333)
(-5e-05 0.003066666667 0.0003333333333)
(5e-05 0.003066666667 0.0003333333333)
(-5e-05 0.003133333333 0.0003333333333)
(5e-05 0.003133333333 0.0003333333333)
(-5e-05 0.0032 0.0003333333333)
(5e-05 0.0032 0.0003333333333)
(-5e-05 0.003266666667 0.0003333333333)
(5e-05 0.003266666667 0.0003333333333)
(-5e-05 0.003333333333 0.0003333333333)
(5e-05 0.003333333333 0.0003333333333)
(-5e-05 0.0034 0.0003333333333)
(5e-05 0.0034 0.0003333333333)
(-5e-05 0.003466666667 0.0003333333333)
(5e-05 0.003466666667 0.0003333333333)
(-5e-05 0.003533333333 0.0003333333333)
(5e-05 0.003533333333 0.0003333333333)
(-5e-05 0.0036 0.0003333333333)
(5e-05 0.0036 0.0003333333333)
(-5e-05 0.003666666667 0.0003333333333)
(5e-05 0.003666666667 0.0003333333333)
(-5e-05 0.003733333333 0.0003333333333)
(5e-05 0.003733333333 0.0003333333333)
(-5e-05 0.0038 0.0003333333333)
(5e-05 0.0038 0.0003333333333)
(-5e-05 0.003866666667 0.0003333333333)
(5e-05 0.003866666667 0.0003333333333)
(-5e-05 0.003933333333 0.0003333333333)
(5e-05 0.003933333333 0.0003333333333)
(-5e-05 0.004 0.0003333333333)
(5e-05 0.004 0.0003333333333)
(-5e-05 0 0.0004)
(5e-05 0 0.0004)
(-5e-05 6.666666667e-05 0.0004)
(5e-05 6.666666667e-05 0.0004)
(-5e-05 0.0001333333333 0.0004)
(5e-05 0.0001333333333 0.0004)
(-5e-05 0.0002 0.0004)
(5e-05 0.0002 0.0004)
(-5e-05 0.0002666666667 0.0004)
(5e-05 0.0002666666667 0.0004)
(-5e-05 0.0003333333333 0.0004)
(5e-05 0.0003333333333 0.0004)
(-5e-05 0.0004 0.0004)
(5e-05 0.0004 0.0004)
(-5e-05 0.0004666666667 0.0004)
(5e-05 0.0004666666667 0.0004)
(-5e-05 0.0005333333333 0.0004)
(5e-05 0.0005333333333 0.0004)
(-5e-05 0.0006 0.0004)
(5e-05 0.0006 0.0004)
(-5e-05 0.0006666666667 0.0004)
(5e-05 0.0006666666667 0.0004)
(-5e-05 0.0007333333333 0.0004)
(5e-05 0.0007333333333 0.0004)
(-5e-05 0.0008 0.0004)
(5e-05 0.0008 0.0004)
(-5e-05 0.0008666666667 0.0004)
(5e-05 0.0008666666667 0.0004)
(-5e-05 0.0009333333333 0.0004)
(5e-05 0.0009333333333 0.0004)
(-5e-05 0.001 0.0004)
(5e-05 0.001 0.0004)
(-5e-05 0.001066666667 0.0004)
(5e-05 0.001066666667 0.0004)
(-5e-05 0.001133333333 0.0004)
(5e-05 0.001133333333 0.0004)
(-5e-05 0.0012 0.0004)
(5e-05 0.0012 0.0004)
(-5e-05 0.001266666667 0.0004)
(5e-05 0.001266666667 0.0004)
(-5e-05 0.001333333333 0.0004)
(5e-05 0.001333333333 0.0004)
(-5e-05 0.0014 0.0004)
(5e-05 0.0014 0.0004)
(-5e-05 0.001466666667 0.0004)
(5e-05 0.001466666667 0.0004)
(-5e-05 0.001533333333 0.0004)
(5e-05 0.001533333333 0.0004)
(-5e-05 0.0016 0.0004)
(5e-05 0.0016 0.0004)
(-5e-05 0.001666666667 0.0004)
(5e-05 0.001666666667 0.0004)
(-5e-05 0.001733333333 0.0004)
(5e-05 0.001733333333 0.0004)
(-5e-05 0.0018 0.0004)
(5e-05 0.0018 0.0004)
(-5e-05 0.001866666667 0.0004)
(5e-05 0.001866666667 0.0004)
(-5e-05 0.001933333333 0.0004)
(5e-05 0.001933333333 0.0004)
(-5e-05 0.002 0.0004)
(5e-05 0.002 0.0004)
(-5e-05 0.002066666667 0.0004)
(5e-05 0.002066666667 0.0004)
(-5e-05 0.002133333333 0.0004)
(5e-05 0.002133333333 0.0004)
(-5e-05 0.0022 0.0004)
(5e-05 0.0022 0.0004)
(-5e-05 0.002266666667 0.0004)
(5e-05 0.002266666667 0.0004)
(-5e-05 0.002333333333 0.0004)
(5e-05 0.002333333333 0.0004)
(-5e-05 0.0024 0.0004)
(5e-05 0.0024 0.0004)
(-5e-05 0.002466666667 0.0004)
(5e-05 0.002466666667 0.0004)
(-5e-05 0.002533333333 0.0004)
(5e-05 0.002533333333 0.0004)
(-5e-05 0.0026 0.0004)
(5e-05 0.0026 0.0004)
(-5e-05 0.002666666667 0.0004)
(5e-05 0.002666666667 0.0004)
(-5e-05 0.002733333333 0.0004)
(5e-05 0.002733333333 0.0004)
(-5e-05 0.0028 0.0004)
(5e-05 0.0028 0.0004)
(-5e-05 0.002866666667 0.0004)
(5e-05 0.002866666667 0.0004)
(-5e-05 0.002933333333 0.0004)
(5e-05 0.002933333333 0.0004)
(-5e-05 0.003 0.0004)
(5e-05 0.003 0.0004)
(-5e-05 0.003066666667 0.0004)
(5e-05 0.003066666667 0.0004)
(-5e-05 0.003133333333 0.0004)
(5e-05 0.003133333333 0.0004)
(-5e-05 0.0032 0.0004)
(5e-05 0.0032 0.0004)
(-5e-05 0.003266666667 0.0004)
(5e-05 0.003266666667 0.0004)
(-5e-05 0.003333333333 0.0004)
(5e-05 0.003333333333 0.0004)
(-5e-05 0.0034 0.0004)
(5e-05 0.0034 0.0004)
(-5e-05 0.003466666667 0.0004)
(5e-05 0.003466666667 0.0004)
(-5e-05 0.003533333333 0.0004)
(5e-05 0.003533333333 0.0004)
(-5e-05 0.0036 0.0004)
(5e-05 0.0036 0.0004)
(-5e-05 0.003666666667 0.0004)
(5e-05 0.003666666667 0.0004)
(-5e-05 0.003733333333 0.0004)
(5e-05 0.003733333333 0.0004)
(-5e-05 0.0038 0.0004)
(5e-05 0.0038 0.0004)
(-5e-05 0.003866666667 0.0004)
(5e-05 0.003866666667 0.0004)
(-5e-05 0.003933333333 0.0004)
(5e-05 0.003933333333 0.0004)
(-5e-05 0.004 0.0004)
(5e-05 0.004 0.0004)
(-5e-05 0 0.0004666666667)
(5e-05 0 0.0004666666667)
(-5e-05 6.666666667e-05 0.0004666666667)
(5e-05 6.666666667e-05 0.0004666666667)
(-5e-05 0.0001333333333 0.0004666666667)
(5e-05 0.0001333333333 0.0004666666667)
(-5e-05 0.0002 0.0004666666667)
(5e-05 0.0002 0.0004666666667)
(-5e-05 0.0002666666667 0.0004666666667)
(5e-05 0.0002666666667 0.0004666666667)
(-5e-05 0.0003333333333 0.0004666666667)
(5e-05 0.0003333333333 0.0004666666667)
(-5e-05 0.0004 0.0004666666667)
(5e-05 0.0004 0.0004666666667)
(-5e-05 0.0004666666667 0.0004666666667)
(5e-05 0.0004666666667 0.0004666666667)
(-5e-05 0.0005333333333 0.0004666666667)
(5e-05 0.0005333333333 0.0004666666667)
(-5e-05 0.0006 0.0004666666667)
(5e-05 0.0006 0.0004666666667)
(-5e-05 0.0006666666667 0.0004666666667)
(5e-05 0.0006666666667 0.0004666666667)
(-5e-05 0.0007333333333 0.0004666666667)
(5e-05 0.0007333333333 0.0004666666667)
(-5e-05 0.0008 0.0004666666667)
(5e-05 0.0008 0.0004666666667)
(-5e-05 0.0008666666667 0.0004666666667)
(5e-05 0.0008666666667 0.0004666666667)
(-5e-05 0.0009333333333 0.0004666666667)
(5e-05 0.0009333333333 0.0004666666667)
(-5e-05 0.001 0.0004666666667)
(5e-05 0.001 0.0004666666667)
(-5e-05 0.001066666667 0.0004666666667)
(5e-05 0.001066666667 0.0004666666667)
(-5e-05 0.001133333333 0.0004666666667)
(5e-05 0.001133333333 0.0004666666667)
(-5e-05 0.0012 0.0004666666667)
(5e-05 0.0012 0.0004666666667)
(-5e-05 0.001266666667 0.0004666666667)
(5e-05 0.001266666667 0.0004666666667)
(-5e-05 0.001333333333 0.0004666666667)
(5e-05 0.001333333333 0.0004666666667)
(-5e-05 0.0014 0.0004666666667)
(5e-05 0.0014 0.0004666666667)
(-5e-05 0.001466666667 0.0004666666667)
(5e-05 0.001466666667 0.0004666666667)
(-5e-05 0.001533333333 0.0004666666667)
(5e-05 0.001533333333 0.0004666666667)
(-5e-05 0.0016 0.0004666666667)
(5e-05 0.0016 0.0004666666667)
(-5e-05 0.001666666667 0.0004666666667)
(5e-05 0.001666666667 0.0004666666667)
(-5e-05 0.001733333333 0.0004666666667)
(5e-05 0.001733333333 0.0004666666667)
(-5e-05 0.0018 0.0004666666667)
(5e-05 0.0018 0.0004666666667)
(-5e-05 0.001866666667 0.0004666666667)
(5e-05 0.001866666667 0.0004666666667)
(-5e-05 0.001933333333 0.0004666666667)
(5e-05 0.001933333333 0.0004666666667)
(-5e-05 0.002 0.0004666666667)
(5e-05 0.002 0.0004666666667)
(-5e-05 0.002066666667 0.0004666666667)
(5e-05 0.002066666667 0.0004666666667)
(-5e-05 0.002133333333 0.0004666666667)
(5e-05 0.002133333333 0.0004666666667)
(-5e-05 0.0022 0.0004666666667)
(5e-05 0.0022 0.0004666666667)
(-5e-05 0.002266666667 0.0004666666667)
(5e-05 0.002266666667 0.0004666666667)
(-5e-05 0.002333333333 0.0004666666667)
(5e-05 0.002333333333 0.0004666666667)
(-5e-05 0.0024 0.0004666666667)
(5e-05 0.0024 0.0004666666667)
(-5e-05 0.002466666667 0.0004666666667)
(5e-05 0.002466666667 0.0004666666667)
(-5e-05 0.002533333333 0.0004666666667)
(5e-05 0.002533333333 0.0004666666667)
(-5e-05 0.0026 0.0004666666667)
(5e-05 0.0026 0.0004666666667)
(-5e-05 0.002666666667 0.0004666666667)
(5e-05 0.002666666667 0.0004666666667)
(-5e-05 0.002733333333 0.0004666666667)
(5e-05 0.002733333333 0.0004666666667)
(-5e-05 0.0028 0.0004666666667)
(5e-05 0.0028 0.0004666666667)
(-5e-05 0.002866666667 0.0004666666667)
(5e-05 0.002866666667 0.0004666666667)
(-5e-05 0.002933333333 0.0004666666667)
(5e-05 0.002933333333 0.0004666666667)
(-5e-05 0.003 0.0004666666667)
(5e-05 0.003 0.0004666666667)
(-5e-05 0.003066666667 0.0004666666667)
(5e-05 0.003066666667 0.0004666666667)
(-5e-05 0.003133333333 0.0004666666667)
(5e-05 0.003133333333 0.0004666666667)
(-5e-05 0.0032 0.0004666666667)
(5e-05 0.0032 0.0004666666667)
(-5e-05 0.003266666667 0.0004666666667)
(5e-05 0.003266666667 0.0004666666667)
(-5e-05 0.003333333333 0.0004666666667)
(5e-05 0.003333333333 0.0004666666667)
(-5e-05 0.0034 0.0004666666667)
(5e-05 0.0034 0.0004666666667)
(-5e-05 0.003466666667 0.0004666666667)
(5e-05 0.003466666667 0.0004666666667)
(-5e-05 0.003533333333 0.0004666666667)
(5e-05 0.003533333333 0.0004666666667)
(-5e-05 0.0036 0.0004666666667)
(5e-05 0.0036 0.0004666666667)
(-5e-05 0.003666666667 0.0004666666667)
(5e-05 0.003666666667 0.0004666666667)
(-5e-05 0.003733333333 0.0004666666667)
(5e-05 0.003733333333 0.0004666666667)
(-5e-05 0.0038 0.0004666666667)
(5e-05 0.0038 0.0004666666667)
(-5e-05 0.003866666667 0.0004666666667)
(5e-05 0.003866666667 0.0004666666667)
(-5e-05 0.003933333333 0.0004666666667)
(5e-05 0.003933333333 0.0004666666667)
(-5e-05 0.004 0.0004666666667)
(5e-05 0.004 0.0004666666667)
(-5e-05 0 0.0005333333333)
(5e-05 0 0.0005333333333)
(-5e-05 6.666666667e-05 0.0005333333333)
(5e-05 6.666666667e-05 0.0005333333333)
(-5e-05 0.0001333333333 0.0005333333333)
(5e-05 0.0001333333333 0.0005333333333)
(-5e-05 0.0002 0.0005333333333)
(5e-05 0.0002 0.0005333333333)
(-5e-05 0.0002666666667 0.0005333333333)
(5e-05 0.0002666666667 0.0005333333333)
(-5e-05 0.0003333333333 0.0005333333333)
(5e-05 0.0003333333333 0.0005333333333)
(-5e-05 0.0004 0.0005333333333)
(5e-05 0.0004 0.0005333333333)
(-5e-05 0.0004666666667 0.0005333333333)
(5e-05 0.0004666666667 0.0005333333333)
(-5e-05 0.0005333333333 0.0005333333333)
(5e-05 0.0005333333333 0.0005333333333)
(-5e-05 0.0006 0.0005333333333)
(5e-05 0.0006 0.0005333333333)
(-5e-05 0.0006666666667 0.0005333333333)
(5e-05 0.0006666666667 0.0005333333333)
(-5e-05 0.0007333333333 0.0005333333333)
(5e-05 0.0007333333333 0.0005333333333)
(-5e-05 0.0008 0.0005333333333)
(5e-05 0.0008 0.0005333333333)
(-5e-05 0.0008666666667 0.0005333333333)
(5e-05 0.0008666666667 0.0005333333333)
(-5e-05 0.0009333333333 0.0005333333333)
(5e-05 0.0009333333333 0.0005333333333)
(-5e-05 0.001 0.0005333333333)
(5e-05 0.001 0.0005333333333)
(-5e-05 0.001066666667 0.0005333333333)
(5e-05 0.001066666667 0.0005333333333)
(-5e-05 0.001133333333 0.0005333333333)
(5e-05 0.001133333333 0.0005333333333)
(-5e-05 0.0012 0.0005333333333)
(5e-05 0.0012 0.0005333333333)
(-5e-05 0.001266666667 0.0005333333333)
(5e-05 0.001266666667 0.0005333333333)
(-5e-05 0.001333333333 0.0005333333333)
(5e-05 0.001333333333 0.0005333333333)
(-5e-05 0.0014 0.0005333333333)
(5e-05 0.0014 0.0005333333333)
(-5e-05 0.001466666667 0.0005333333333)
(5e-05 0.001466666667 0.0005333333333)
(-5e-05 0.001533333333 0.0005333333333)
(5e-05 0.001533333333 0.0005333333333)
(-5e-05 0.0016 0.0005333333333)
(5e-05 0.0016 0.0005333333333)
(-5e-05 0.001666666667 0.0005333333333)
(5e-05 0.001666666667 0.0005333333333)
(-5e-05 0.001733333333 0.0005333333333)
(5e-05 0.001733333333 0.0005333333333)
(-5e-05 0.0018 0.0005333333333)
(5e-05 0.0018 0.0005333333333)
(-5e-05 0.001866666667 0.0005333333333)
(5e-05 0.001866666667 0.0005333333333)
(-5e-05 0.001933333333 0.0005333333333)
(5e-05 0.001933333333 0.0005333333333)
(-5e-05 0.002 0.0005333333333)
(5e-05 0.002 0.0005333333333)
(-5e-05 0.002066666667 0.0005333333333)
(5e-05 0.002066666667 0.0005333333333)
(-5e-05 0.002133333333 0.0005333333333)
(5e-05 0.002133333333 0.0005333333333)
(-5e-05 0.0022 0.0005333333333)
(5e-05 0.0022 0.0005333333333)
(-5e-05 0.002266666667 0.0005333333333)
(5e-05 0.002266666667 0.0005333333333)
(-5e-05 0.002333333333 0.0005333333333)
(5e-05 0.002333333333 0.0005333333333)
(-5e-05 0.0024 0.0005333333333)
(5e-05 0.0024 0.0005333333333)
(-5e-05 0.002466666667 0.0005333333333)
(5e-05 0.002466666667 0.0005333333333)
(-5e-05 0.002533333333 0.0005333333333)
(5e-05 0.002533333333 0.0005333333333)
(-5e-05 0.0026 0.0005333333333)
(5e-05 0.0026 0.0005333333333)
(-5e-05 0.002666666667 0.0005333333333)
(5e-05 0.002666666667 0.0005333333333)
(-5e-05 0.002733333333 0.0005333333333)
(5e-05 0.002733333333 0.0005333333333)
(-5e-05 0.0028 0.0005333333333)
(5e-05 0.0028 0.0005333333333)
(-5e-05 0.002866666667 0.0005333333333)
(5e-05 0.002866666667 0.0005333333333)
(-5e-05 0.002933333333 0.0005333333333)
(5e-05 0.002933333333 0.0005333333333)
(-5e-05 0.003 0.0005333333333)
(5e-05 0.003 0.0005333333333)
(-5e-05 0.003066666667 0.0005333333333)
(5e-05 0.003066666667 0.0005333333333)
(-5e-05 0.003133333333 0.0005333333333)
(5e-05 0.003133333333 0.0005333333333)
(-5e-05 0.0032 0.0005333333333)
(5e-05 0.0032 0.0005333333333)
(-5e-05 0.003266666667 0.0005333333333)
(5e-05 0.003266666667 0.0005333333333)
(-5e-05 0.003333333333 0.0005333333333)
(5e-05 0.003333333333 0.0005333333333)
(-5e-05 0.0034 0.0005333333333)
(5e-05 0.0034 0.0005333333333)
(-5e-05 0.003466666667 0.0005333333333)
(5e-05 0.003466666667 0.0005333333333)
(-5e-05 0.003533333333 0.0005333333333)
(5e-05 0.003533333333 0.0005333333333)
(-5e-05 0.0036 0.0005333333333)
(5e-05 0.0036 0.0005333333333)
(-5e-05 0.003666666667 0.0005333333333)
(5e-05 0.003666666667 0.0005333333333)
(-5e-05 0.003733333333 0.0005333333333)
(5e-05 0.003733333333 0.0005333333333)
(-5e-05 0.0038 0.0005333333333)
(5e-05 0.0038 0.0005333333333)
(-5e-05 0.003866666667 0.0005333333333)
(5e-05 0.003866666667 0.0005333333333)
(-5e-05 0.003933333333 0.0005333333333)
(5e-05 0.003933333333 0.0005333333333)
(-5e-05 0.004 0.0005333333333)
(5e-05 0.004 0.0005333333333)
(-5e-05 0 0.0006)
(5e-05 0 0.0006)
(-5e-05 6.666666667e-05 0.0006)
(5e-05 6.666666667e-05 0.0006)
(-5e-05 0.0001333333333 0.0006)
(5e-05 0.0001333333333 0.0006)
(-5e-05 0.0002 0.0006)
(5e-05 0.0002 0.0006)
(-5e-05 0.0002666666667 0.0006)
(5e-05 0.0002666666667 0.0006)
(-5e-05 0.0003333333333 0.0006)
(5e-05 0.0003333333333 0.0006)
(-5e-05 0.0004 0.0006)
(5e-05 0.0004 0.0006)
(-5e-05 0.0004666666667 0.0006)
(5e-05 0.0004666666667 0.0006)
(-5e-05 0.0005333333333 0.0006)
(5e-05 0.0005333333333 0.0006)
(-5e-05 0.0006 0.0006)
(5e-05 0.0006 0.0006)
(-5e-05 0.0006666666667 0.0006)
(5e-05 0.0006666666667 0.0006)
(-5e-05 0.0007333333333 0.0006)
(5e-05 0.0007333333333 0.0006)
(-5e-05 0.0008 0.0006)
(5e-05 0.0008 0.0006)
(-5e-05 0.0008666666667 0.0006)
(5e-05 0.0008666666667 0.0006)
(-5e-05 0.0009333333333 0.0006)
(5e-05 0.0009333333333 0.0006)
(-5e-05 0.001 0.0006)
(5e-05 0.001 0.0006)
(-5e-05 0.001066666667 0.0006)
(5e-05 0.001066666667 0.0006)
(-5e-05 0.001133333333 0.0006)
(5e-05 0.001133333333 0.0006)
(-5e-05 0.0012 0.0006)
(5e-05 0.0012 0.0006)
(-5e-05 0.001266666667 0.0006)
(5e-05 0.001266666667 0.0006)
(-5e-05 0.001333333333 0.0006)
(5e-05 0.001333333333 0.0006)
(-5e-05 0.0014 0.0006)
(5e-05 0.0014 0.0006)
(-5e-05 0.001466666667 0.0006)
(5e-05 0.001466666667 0.0006)
(-5e-05 0.001533333333 0.0006)
(5e-05 0.001533333333 0.0006)
(-5e-05 0.0016 0.0006)
(5e-05 0.0016 0.0006)
(-5e-05 0.001666666667 0.0006)
(5e-05 0.001666666667 0.0006)
(-5e-05 0.001733333333 0.0006)
(5e-05 0.001733333333 0.0006)
(-5e-05 0.0018 0.0006)
(5e-05 0.0018 0.0006)
(-5e-05 0.001866666667 0.0006)
(5e-05 0.001866666667 0.0006)
(-5e-05 0.001933333333 0.0006)
(5e-05 0.001933333333 0.0006)
(-5e-05 0.002 0.0006)
(5e-05 0.002 0.0006)
(-5e-05 0.002066666667 0.0006)
(5e-05 0.002066666667 0.0006)
(-5e-05 0.002133333333 0.0006)
(5e-05 0.002133333333 0.0006)
(-5e-05 0.0022 0.0006)
(5e-05 0.0022 0.0006)
(-5e-05 0.002266666667 0.0006)
(5e-05 0.002266666667 0.0006)
(-5e-05 0.002333333333 0.0006)
(5e-05 0.002333333333 0.0006)
(-5e-05 0.0024 0.0006)
(5e-05 0.0024 0.0006)
(-5e-05 0.002466666667 0.0006)
(5e-05 0.002466666667 0.0006)
(-5e-05 0.002533333333 0.0006)
(5e-05 0.002533333333 0.0006)
(-5e-05 0.0026 0.0006)
(5e-05 0.0026 0.0006)
(-5e-05 0.002666666667 0.0006)
(5e-05 0.002666666667 0.0006)
(-5e-05 0.002733333333 0.0006)
(5e-05 0.002733333333 0.0006)
(-5e-05 0.0028 0.0006)
(5e-05 0.0028 0.0006)
(-5e-05 0.002866666667 0.0006)
(5e-05 0.002866666667 0.0006)
(-5e-05 0.002933333333 0.0006)
(5e-05 0.002933333333 0.0006)
(-5e-05 0.003 0.0006)
(5e-05 0.003 0.0006)
(-5e-05 0.003066666667 0.0006)
(5e-05 0.003066666667 0.0006)
(-5e-05 0.003133333333 0.0006)
(5e-05 0.003133333333 0.0006)
(-5e-05 0.0032 0.0006)
(5e-05 0.0032 0.0006)
(-5e-05 0.003266666667 0.0006)
(5e-05 0.003266666667 0.0006)
(-5e-05 0.003333333333 0.0006)
(5e-05 0.003333333333 0.0006)
(-5e-05 0.0034 0.0006)
(5e-05 0.0034 0.0006)
(-5e-05 0.003466666667 0.0006)
(5e-05 0.003466666667 0.0006)
(-5e-05 0.003533333333 0.0006)
(5e-05 0.003533333333 0.0006)
(-5e-05 0.0036 0.0006)
(5e-05 0.0036 0.0006)
(-5e-05 0.003666666667 0.0006)
(5e-05 0.003666666667 0.0006)
(-5e-05 0.003733333333 0.0006)
(5e-05 0.003733333333 0.0006)
(-5e-05 0.0038 0.0006)
(5e-05 0.0038 0.0006)
(-5e-05 0.003866666667 0.0006)
(5e-05 0.003866666667 0.0006)
(-5e-05 0.003933333333 0.0006)
(5e-05 0.003933333333 0.0006)
(-5e-05 0.004 0.0006)
(5e-05 0.004 0.0006)
(-5e-05 0 0.0006666666667)
(5e-05 0 0.0006666666667)
(-5e-05 6.666666667e-05 0.0006666666667)
(5e-05 6.666666667e-05 0.0006666666667)
(-5e-05 0.0001333333333 0.0006666666667)
(5e-05 0.0001333333333 0.0006666666667)
(-5e-05 0.0002 0.0006666666667)
(5e-05 0.0002 0.0006666666667)
(-5e-05 0.0002666666667 0.0006666666667)
(5e-05 0.0002666666667 0.0006666666667)
(-5e-05 0.0003333333333 0.0006666666667)
(5e-05 0.0003333333333 0.0006666666667)
(-5e-05 0.0004 0.0006666666667)
(5e-05 0.0004 0.0006666666667)
(-5e-05 0.0004666666667 0.0006666666667)
(5e-05 0.0004666666667 0.0006666666667)
(-5e-05 0.0005333333333 0.0006666666667)
(5e-05 0.0005333333333 0.0006666666667)
(-5e-05 0.0006 0.0006666666667)
(5e-05 0.0006 0.0006666666667)
(-5e-05 0.0006666666667 0.0006666666667)
(5e-05 0.0006666666667 0.0006666666667)
(-5e-05 0.0007333333333 0.0006666666667)
(5e-05 0.0007333333333 0.0006666666667)
(-5e-05 0.0008 0.0006666666667)
(5e-05 0.0008 0.0006666666667)
(-5e-05 0.0008666666667 0.0006666666667)
(5e-05 0.0008666666667 0.0006666666667)
(-5e-05 0.0009333333333 0.0006666666667)
(5e-05 0.0009333333333 0.0006666666667)
(-5e-05 0.001 0.0006666666667)
(5e-05 0.001 0.0006666666667)
(-5e-05 0.001066666667 0.0006666666667)
(5e-05 0.001066666667 0.0006666666667)
(-5e-05 0.001133333333 0.0006666666667)
(5e-05 0.001133333333 0.0006666666667)
(-5e-05 0.0012 0.0006666666667)
(5e-05 0.0012 0.0006666666667)
(-5e-05 0.001266666667 0.0006666666667)
(5e-05 0.001266666667 0.0006666666667)
(-5e-05 0.001333333333 0.0006666666667)
(5e-05 0.001333333333 0.0006666666667)
(-5e-05 0.0014 0.0006666666667)
(5e-05 0.0014 0.0006666666667)
(-5e-05 0.001466666667 0.0006666666667)
(5e-05 0.001466666667 0.0006666666667)
(-5e-05 0.001533333333 0.0006666666667)
(5e-05 0.001533333333 0.0006666666667)
(-5e-05 0.0016 0.0006666666667)
(5e-05 0.0016 0.0006666666667)
(-5e-05 0.001666666667 0.0006666666667)
(5e-05 0.001666666667 0.0006666666667)
(-5e-05 0.001733333333 0.0006666666667)
(5e-05 0.001733333333 0.0006666666667)
(-5e-05 0.0018 0.0006666666667)
(5e-05 0.0018 0.0006666666667)
(-5e-05 0.001866666667 0.0006666666667)
(5e-05 0.001866666667 0.0006666666667)
(-5e-05 0.001933333333 0.0006666666667)
(5e-05 0.001933333333 0.0006666666667)
(-5e-05 0.002 0.0006666666667)
(5e-05 0.002 0.0006666666667)
(-5e-05 0.002066666667 0.0006666666667)
(5e-05 0.002066666667 0.0006666666667)
(-5e-05 0.002133333333 0.0006666666667)
(5e-05 0.002133333333 0.0006666666667)
(-5e-05 0.0022 0.0006666666667)
(5e-05 0.0022 0.0006666666667)
(-5e-05 0.002266666667 0.0006666666667)
(5e-05 0.002266666667 0.0006666666667)
(-5e-05 0.002333333333 0.0006666666667)
(5e-05 0.002333333333 0.0006666666667)
(-5e-05 0.0024 0.0006666666667)
(5e-05 0.0024 0.0006666666667)
(-5e-05 0.002466666667 0.0006666666667)
(5e-05 0.002466666667 0.0006666666667)
(-5e-05 0.002533333333 0.0006666666667)
(5e-05 0.002533333333 0.0006666666667)
(-5e-05 0.0026 0.0006666666667)
(5e-05 0.0026 0.0006666666667)
(-5e-05 0.002666666667 0.0006666666667)
(5e-05 0.002666666667 0.0006666666667)
(-5e-05 0.002733333333 0.0006666666667)
(5e-05 0.002733333333 0.0006666666667)
(-5e-05 0.0028 0.0006666666667)
(5e-05 0.0028 0.0006666666667)
(-5e-05 0.002866666667 0.0006666666667)
(5e-05 0.002866666667 0.0006666666667)
(-5e-05 0.002933333333 0.0006666666667)
(5e-05 0.002933333333 0.0006666666667)
(-5e-05 0.003 0.0006666666667)
(5e-05 0.003 0.0006666666667)
(-5e-05 0.003066666667 0.0006666666667)
(5e-05 0.003066666667 0.0006666666667)
(-5e-05 0.003133333333 0.0006666666667)
(5e-05 0.003133333333 0.0006666666667)
(-5e-05 0.0032 0.0006666666667)
(5e-05 0.0032 0.0006666666667)
(-5e-05 0.003266666667 0.0006666666667)
(5e-05 0.003266666667 0.0006666666667)
(-5e-05 0.003333333333 0.0006666666667)
(5e-05 0.003333333333 0.0006666666667)
(-5e-05 0.0034 0.0006666666667)
(5e-05 0.0034 0.0006666666667)
(-5e-05 0.003466666667 0.0006666666667)
(5e-05 0.003466666667 0.0006666666667)
(-5e-05 0.003533333333 0.0006666666667)
(5e-05 0.003533333333 0.0006666666667)
(-5e-05 0.0036 0.0006666666667)
(5e-05 0.0036 0.0006666666667)
(-5e-05 0.003666666667 0.0006666666667)
(5e-05 0.003666666667 0.0006666666667)
(-5e-05 0.003733333333 0.0006666666667)
(5e-05 0.003733333333 0.0006666666667)
(-5e-05 0.0038 0.0006666666667)
(5e-05 0.0038 0.0006666666667)
(-5e-05 0.003866666667 0.0006666666667)
(5e-05 0.003866666667 0.0006666666667)
(-5e-05 0.003933333333 0.0006666666667)
(5e-05 0.003933333333 0.0006666666667)
(-5e-05 0.004 0.0006666666667)
(5e-05 0.004 0.0006666666667)
(-5e-05 0 0.0007333333333)
(5e-05 0 0.0007333333333)
(-5e-05 6.666666667e-05 0.0007333333333)
(5e-05 6.666666667e-05 0.0007333333333)
(-5e-05 0.0001333333333 0.0007333333333)
(5e-05 0.0001333333333 0.0007333333333)
(-5e-05 0.0002 0.0007333333333)
(5e-05 0.0002 0.0007333333333)
(-5e-05 0.0002666666667 0.0007333333333)
(5e-05 0.0002666666667 0.0007333333333)
(-5e-05 0.0003333333333 0.0007333333333)
(5e-05 0.0003333333333 0.0007333333333)
(-5e-05 0.0004 0.0007333333333)
(5e-05 0.0004 0.0007333333333)
(-5e-05 0.0004666666667 0.0007333333333)
(5e-05 0.0004666666667 0.0007333333333)
(-5e-05 0.0005333333333 0.0007333333333)
(5e-05 0.0005333333333 0.0007333333333)
(-5e-05 0.0006 0.0007333333333)
(5e-05 0.0006 0.0007333333333)
(-5e-05 0.0006666666667 0.0007333333333)
(5e-05 0.0006666666667 0.0007333333333)
(-5e-05 0.0007333333333 0.0007333333333)
(5e-05 0.0007333333333 0.0007333333333)
(-5e-05 0.0008 0.0007333333333)
(5e-05 0.0008 0.0007333333333)
(-5e-05 0.0008666666667 0.0007333333333)
(5e-05 0.0008666666667 0.0007333333333)
(-5e-05 0.0009333333333 0.0007333333333)
(5e-05 0.0009333333333 0.0007333333333)
(-5e-05 0.001 0.0007333333333)
(5e-05 0.001 0.0007333333333)
(-5e-05 0.001066666667 0.0007333333333)
(5e-05 0.001066666667 0.0007333333333)
(-5e-05 0.001133333333 0.0007333333333)
(5e-05 0.001133333333 0.0007333333333)
(-5e-05 0.0012 0.0007333333333)
(5e-05 0.0012 0.0007333333333)
(-5e-05 0.001266666667 0.0007333333333)
(5e-05 0.001266666667 0.0007333333333)
(-5e-05 0.001333333333 0.0007333333333)
(5e-05 0.001333333333 0.0007333333333)
(-5e-05 0.0014 0.0007333333333)
(5e-05 0.0014 0.0007333333333)
(-5e-05 0.001466666667 0.0007333333333)
(5e-05 0.001466666667 0.0007333333333)
(-5e-05 0.001533333333 0.0007333333333)
(5e-05 0.001533333333 0.0007333333333)
(-5e-05 0.0016 0.0007333333333)
(5e-05 0.0016 0.0007333333333)
(-5e-05 0.001666666667 0.0007333333333)
(5e-05 0.001666666667 0.0007333333333)
(-5e-05 0.001733333333 0.0007333333333)
(5e-05 0.001733333333 0.0007333333333)
(-5e-05 0.0018 0.0007333333333)
(5e-05 0.0018 0.0007333333333)
(-5e-05 0.001866666667 0.0007333333333)
(5e-05 0.001866666667 0.0007333333333)
(-5e-05 0.001933333333 0.0007333333333)
(5e-05 0.001933333333 0.0007333333333)
(-5e-05 0.002 0.0007333333333)
(5e-05 0.002 0.0007333333333)
(-5e-05 0.002066666667 0.0007333333333)
(5e-05 0.002066666667 0.0007333333333)
(-5e-05 0.002133333333 0.0007333333333)
(5e-05 0.002133333333 0.0007333333333)
(-5e-05 0.0022 0.0007333333333)
(5e-05 0.0022 0.0007333333333)
(-5e-05 0.002266666667 0.0007333333333)
(5e-05 0.002266666667 0.0007333333333)
(-5e-05 0.002333333333 0.0007333333333)
(5e-05 0.002333333333 0.0007333333333)
(-5e-05 0.0024 0.0007333333333)
(5e-05 0.0024 0.0007333333333)
(-5e-05 0.002466666667 0.0007333333333)
(5e-05 0.002466666667 0.0007333333333)
(-5e-05 0.002533333333 0.0007333333333)
(5e-05 0.002533333333 0.0007333333333)
(-5e-05 0.0026 0.0007333333333)
(5e-05 0.0026 0.0007333333333)
(-5e-05 0.002666666667 0.0007333333333)
(5e-05 0.002666666667 0.0007333333333)
(-5e-05 0.002733333333 0.0007333333333)
(5e-05 0.002733333333 0.0007333333333)
(-5e-05 0.0028 0.0007333333333)
(5e-05 0.0028 0.0007333333333)
(-5e-05 0.002866666667 0.0007333333333)
(5e-05 0.002866666667 0.0007333333333)
(-5e-05 0.002933333333 0.0007333333333)
(5e-05 0.002933333333 0.0007333333333)
(-5e-05 0.003 0.0007333333333)
(5e-05 0.003 0.0007333333333)
(-5e-05 0.003066666667 0.0007333333333)
(5e-05 0.003066666667 0.0007333333333)
(-5e-05 0.003133333333 0.0007333333333)
(5e-05 0.003133333333 0.0007333333333)
(-5e-05 0.0032 0.0007333333333)
(5e-05 0.0032 0.0007333333333)
(-5e-05 0.003266666667 0.0007333333333)
(5e-05 0.003266666667 0.0007333333333)
(-5e-05 0.003333333333 0.0007333333333)
(5e-05 0.003333333333 0.0007333333333)
(-5e-05 0.0034 0.0007333333333)
(5e-05 0.0034 0.0007333333333)
(-5e-05 0.003466666667 0.0007333333333)
(5e-05 0.003466666667 0.0007333333333)
(-5e-05 0.003533333333 0.0007333333333)
(5e-05 0.003533333333 0.0007333333333)
(-5e-05 0.0036 0.0007333333333)
(5e-05 0.0036 0.0007333333333)
(-5e-05 0.003666666667 0.0007333333333)
(5e-05 0.003666666667 0.0007333333333)
(-5e-05 0.003733333333 0.0007333333333)
(5e-05 0.003733333333 0.0007333333333)
(-5e-05 0.0038 0.0007333333333)
(5e-05 0.0038 0.0007333333333)
(-5e-05 0.003866666667 0.0007333333333)
(5e-05 0.003866666667 0.0007333333333)
(-5e-05 0.003933333333 0.0007333333333)
(5e-05 0.003933333333 0.0007333333333)
(-5e-05 0.004 0.0007333333333)
(5e-05 0.004 0.0007333333333)
(-5e-05 0 0.0008)
(5e-05 0 0.0008)
(-5e-05 6.666666667e-05 0.0008)
(5e-05 6.666666667e-05 0.0008)
(-5e-05 0.0001333333333 0.0008)
(5e-05 0.0001333333333 0.0008)
(-5e-05 0.0002 0.0008)
(5e-05 0.0002 0.0008)
(-5e-05 0.0002666666667 0.0008)
(5e-05 0.0002666666667 0.0008)
(-5e-05 0.0003333333333 0.0008)
(5e-05 0.0003333333333 0.0008)
(-5e-05 0.0004 0.0008)
(5e-05 0.0004 0.0008)
(-5e-05 0.0004666666667 0.0008)
(5e-05 0.0004666666667 0.0008)
(-5e-05 0.0005333333333 0.0008)
(5e-05 0.0005333333333 0.0008)
(-5e-05 0.0006 0.0008)
(5e-05 0.0006 0.0008)
(-5e-05 0.0006666666667 0.0008)
(5e-05 0.0006666666667 0.0008)
(-5e-05 0.0007333333333 0.0008)
(5e-05 0.0007333333333 0.0008)
(-5e-05 0.0008 0.0008)
(5e-05 0.0008 0.0008)
(-5e-05 0.0008666666667 0.0008)
(5e-05 0.0008666666667 0.0008)
(-5e-05 0.0009333333333 0.0008)
(5e-05 0.0009333333333 0.0008)
(-5e-05 0.001 0.0008)
(5e-05 0.001 0.0008)
(-5e-05 0.001066666667 0.0008)
(5e-05 0.001066666667 0.0008)
(-5e-05 0.001133333333 0.0008)
(5e-05 0.001133333333 0.0008)
(-5e-05 0.0012 0.0008)
(5e-05 0.0012 0.0008)
(-5e-05 0.001266666667 0.0008)
(5e-05 0.001266666667 0.0008)
(-5e-05 0.001333333333 0.0008)
(5e-05 0.001333333333 0.0008)
(-5e-05 0.0014 0.0008)
(5e-05 0.0014 0.0008)
(-5e-05 0.001466666667 0.0008)
(5e-05 0.001466666667 0.0008)
(-5e-05 0.001533333333 0.0008)
(5e-05 0.001533333333 0.0008)
(-5e-05 0.0016 0.0008)
(5e-05 0.0016 0.0008)
(-5e-05 0.001666666667 0.0008)
(5e-05 0.001666666667 0.0008)
(-5e-05 0.001733333333 0.0008)
(5e-05 0.001733333333 0.0008)
(-5e-05 0.0018 0.0008)
(5e-05 0.0018 0.0008)
(-5e-05 0.001866666667 0.0008)
(5e-05 0.001866666667 0.0008)
(-5e-05 0.001933333333 0.0008)
(5e-05 0.001933333333 0.0008)
(-5e-05 0.002 0.0008)
(5e-05 0.002 0.0008)
(-5e-05 0.002066666667 0.0008)
(5e-05 0.002066666667 0.0008)
(-5e-05 0.002133333333 0.0008)
(5e-05 0.002133333333 0.0008)
(-5e-05 0.0022 0.0008)
(5e-05 0.0022 0.0008)
(-5e-05 0.002266666667 0.0008)
(5e-05 0.002266666667 0.0008)
(-5e-05 0.002333333333 0.0008)
(5e-05 0.002333333333 0.0008)
(-5e-05 0.0024 0.0008)
(5e-05 0.0024 0.0008)
(-5e-05 0.002466666667 0.0008)
(5e-05 0.002466666667 0.0008)
(-5e-05 0.002533333333 0.0008)
(5e-05 0.002533333333 0.0008)
(-5e-05 0.0026 0.0008)
(5e-05 0.0026 0.0008)
(-5e-05 0.002666666667 0.0008)
(5e-05 0.002666666667 0.0008)
(-5e-05 0.002733333333 0.0008)
(5e-05 0.002733333333 0.0008)
(-5e-05 0.0028 0.0008)
(5e-05 0.0028 0.0008)
(-5e-05 0.002866666667 0.0008)
(5e-05 0.002866666667 0.0008)
(-5e-05 0.002933333333 0.0008)
(5e-05 0.002933333333 0.0008)
(-5e-05 0.003 0.0008)
(5e-05 0.003 0.0008)
(-5e-05 0.003066666667 0.0008)
(5e-05 0.003066666667 0.0008)
(-5e-05 0.003133333333 0.0008)
(5e-05 0.003133333333 0.0008)
(-5e-05 0.0032 0.0008)
(5e-05 0.0032 0.0008)
(-5e-05 0.003266666667 0.0008)
(5e-05 0.003266666667 0.0008)
(-5e-05 0.003333333333 0.0008)
(5e-05 0.003333333333 0.0008)
(-5e-05 0.0034 0.0008)
(5e-05 0.0034 0.0008)
(-5e-05 0.003466666667 0.0008)
(5e-05 0.003466666667 0.0008)
(-5e-05 0.003533333333 0.0008)
(5e-05 0.003533333333 0.0008)
(-5e-05 0.0036 0.0008)
(5e-05 0.0036 0.0008)
(-5e-05 0.003666666667 0.0008)
(5e-05 0.003666666667 0.0008)
(-5e-05 0.003733333333 0.0008)
(5e-05 0.003733333333 0.0008)
(-5e-05 0.0038 0.0008)
(5e-05 0.0038 0.0008)
(-5e-05 0.003866666667 0.0008)
(5e-05 0.003866666667 0.0008)
(-5e-05 0.003933333333 0.0008)
(5e-05 0.003933333333 0.0008)
(-5e-05 0.004 0.0008)
(5e-05 0.004 0.0008)
(-5e-05 0 0.0008666666667)
(5e-05 0 0.0008666666667)
(-5e-05 6.666666667e-05 0.0008666666667)
(5e-05 6.666666667e-05 0.0008666666667)
(-5e-05 0.0001333333333 0.0008666666667)
(5e-05 0.0001333333333 0.0008666666667)
(-5e-05 0.0002 0.0008666666667)
(5e-05 0.0002 0.0008666666667)
(-5e-05 0.0002666666667 0.0008666666667)
(5e-05 0.0002666666667 0.0008666666667)
(-5e-05 0.0003333333333 0.0008666666667)
(5e-05 0.0003333333333 0.0008666666667)
(-5e-05 0.0004 0.0008666666667)
(5e-05 0.0004 0.0008666666667)
(-5e-05 0.0004666666667 0.0008666666667)
(5e-05 0.0004666666667 0.0008666666667)
(-5e-05 0.0005333333333 0.0008666666667)
(5e-05 0.0005333333333 0.0008666666667)
(-5e-05 0.0006 0.0008666666667)
(5e-05 0.0006 0.0008666666667)
(-5e-05 0.0006666666667 0.0008666666667)
(5e-05 0.0006666666667 0.0008666666667)
(-5e-05 0.0007333333333 0.0008666666667)
(5e-05 0.0007333333333 0.0008666666667)
(-5e-05 0.0008 0.0008666666667)
(5e-05 0.0008 0.0008666666667)
(-5e-05 0.0008666666667 0.0008666666667)
(5e-05 0.0008666666667 0.0008666666667)
(-5e-05 0.0009333333333 0.0008666666667)
(5e-05 0.0009333333333 0.0008666666667)
(-5e-05 0.001 0.0008666666667)
(5e-05 0.001 0.0008666666667)
(-5e-05 0.001066666667 0.0008666666667)
(5e-05 0.001066666667 0.0008666666667)
(-5e-05 0.001133333333 0.0008666666667)
(5e-05 0.001133333333 0.0008666666667)
(-5e-05 0.0012 0.0008666666667)
(5e-05 0.0012 0.0008666666667)
(-5e-05 0.001266666667 0.0008666666667)
(5e-05 0.001266666667 0.0008666666667)
(-5e-05 0.001333333333 0.0008666666667)
(5e-05 0.001333333333 0.0008666666667)
(-5e-05 0.0014 0.0008666666667)
(5e-05 0.0014 0.0008666666667)
(-5e-05 0.001466666667 0.0008666666667)
(5e-05 0.001466666667 0.0008666666667)
(-5e-05 0.001533333333 0.0008666666667)
(5e-05 0.001533333333 0.0008666666667)
(-5e-05 0.0016 0.0008666666667)
(5e-05 0.0016 0.0008666666667)
(-5e-05 0.001666666667 0.0008666666667)
(5e-05 0.001666666667 0.0008666666667)
(-5e-05 0.001733333333 0.0008666666667)
(5e-05 0.001733333333 0.0008666666667)
(-5e-05 0.0018 0.0008666666667)
(5e-05 0.0018 0.0008666666667)
(-5e-05 0.001866666667 0.0008666666667)
(5e-05 0.001866666667 0.0008666666667)
(-5e-05 0.001933333333 0.0008666666667)
(5e-05 0.001933333333 0.0008666666667)
(-5e-05 0.002 0.0008666666667)
(5e-05 0.002 0.0008666666667)
(-5e-05 0.002066666667 0.0008666666667)
(5e-05 0.002066666667 0.0008666666667)
(-5e-05 0.002133333333 0.0008666666667)
(5e-05 0.002133333333 0.0008666666667)
(-5e-05 0.0022 0.0008666666667)
(5e-05 0.0022 0.0008666666667)
(-5e-05 0.002266666667 0.0008666666667)
(5e-05 0.002266666667 0.0008666666667)
(-5e-05 0.002333333333 0.0008666666667)
(5e-05 0.002333333333 0.0008666666667)
(-5e-05 0.0024 0.0008666666667)
(5e-05 0.0024 0.0008666666667)
(-5e-05 0.002466666667 0.0008666666667)
(5e-05 0.002466666667 0.0008666666667)
(-5e-05 0.002533333333 0.0008666666667)
(5e-05 0.002533333333 0.0008666666667)
(-5e-05 0.0026 0.0008666666667)
(5e-05 0.0026 0.0008666666667)
(-5e-05 0.002666666667 0.0008666666667)
(5e-05 0.002666666667 0.0008666666667)
(-5e-05 0.002733333333 0.0008666666667)
(5e-05 0.002733333333 0.0008666666667)
(-5e-05 0.0028 0.0008666666667)
(5e-05 0.0028 0.0008666666667)
(-5e-05 0.002866666667 0.0008666666667)
(5e-05 0.002866666667 0.0008666666667)
(-5e-05 0.002933333333 0.0008666666667)
(5e-05 0.002933333333 0.0008666666667)
(-5e-05 0.003 0.0008666666667)
(5e-05 0.003 0.0008666666667)
(-5e-05 0.003066666667 0.0008666666667)
(5e-05 0.003066666667 0.0008666666667)
(-5e-05 0.003133333333 0.0008666666667)
(5e-05 0.003133333333 0.0008666666667)
(-5e-05 0.0032 0.0008666666667)
(5e-05 0.0032 0.0008666666667)
(-5e-05 0.003266666667 0.0008666666667)
(5e-05 0.003266666667 0.0008666666667)
(-5e-05 0.003333333333 0.0008666666667)
(5e-05 0.003333333333 0.0008666666667)
(-5e-05 0.0034 0.0008666666667)
(5e-05 0.0034 0.0008666666667)
(-5e-05 0.003466666667 0.0008666666667)
(5e-05 0.003466666667 0.0008666666667)
(-5e-05 0.003533333333 0.0008666666667)
(5e-05 0.003533333333 0.0008666666667)
(-5e-05 0.0036 0.0008666666667)
(5e-05 0.0036 0.0008666666667)
(-5e-05 0.003666666667 0.0008666666667)
(5e-05 0.003666666667 0.0008666666667)
(-5e-05 0.003733333333 0.0008666666667)
(5e-05 0.003733333333 0.0008666666667)
(-5e-05 0.0038 0.0008666666667)
(5e-05 0.0038 0.0008666666667)
(-5e-05 0.003866666667 0.0008666666667)
(5e-05 0.003866666667 0.0008666666667)
(-5e-05 0.003933333333 0.0008666666667)
(5e-05 0.003933333333 0.0008666666667)
(-5e-05 0.004 0.0008666666667)
(5e-05 0.004 0.0008666666667)
(-5e-05 0 0.0009333333333)
(5e-05 0 0.0009333333333)
(-5e-05 6.666666667e-05 0.0009333333333)
(5e-05 6.666666667e-05 0.0009333333333)
(-5e-05 0.0001333333333 0.0009333333333)
(5e-05 0.0001333333333 0.0009333333333)
(-5e-05 0.0002 0.0009333333333)
(5e-05 0.0002 0.0009333333333)
(-5e-05 0.0002666666667 0.0009333333333)
(5e-05 0.0002666666667 0.0009333333333)
(-5e-05 0.0003333333333 0.0009333333333)
(5e-05 0.0003333333333 0.0009333333333)
(-5e-05 0.0004 0.0009333333333)
(5e-05 0.0004 0.0009333333333)
(-5e-05 0.0004666666667 0.0009333333333)
(5e-05 0.0004666666667 0.0009333333333)
(-5e-05 0.0005333333333 0.0009333333333)
(5e-05 0.0005333333333 0.0009333333333)
(-5e-05 0.0006 0.0009333333333)
(5e-05 0.0006 0.0009333333333)
(-5e-05 0.0006666666667 0.0009333333333)
(5e-05 0.0006666666667 0.0009333333333)
(-5e-05 0.0007333333333 0.0009333333333)
(5e-05 0.0007333333333 0.0009333333333)
(-5e-05 0.0008 0.0009333333333)
(5e-05 0.0008 0.0009333333333)
(-5e-05 0.0008666666667 0.0009333333333)
(5e-05 0.0008666666667 0.0009333333333)
(-5e-05 0.0009333333333 0.0009333333333)
(5e-05 0.0009333333333 0.0009333333333)
(-5e-05 0.001 0.0009333333333)
(5e-05 0.001 0.0009333333333)
(-5e-05 0.001066666667 0.0009333333333)
(5e-05 0.001066666667 0.0009333333333)
(-5e-05 0.001133333333 0.0009333333333)
(5e-05 0.001133333333 0.0009333333333)
(-5e-05 0.0012 0.0009333333333)
(5e-05 0.0012 0.0009333333333)
(-5e-05 0.001266666667 0.0009333333333)
(5e-05 0.001266666667 0.0009333333333)
(-5e-05 0.001333333333 0.0009333333333)
(5e-05 0.001333333333 0.0009333333333)
(-5e-05 0.0014 0.0009333333333)
(5e-05 0.0014 0.0009333333333)
(-5e-05 0.001466666667 0.0009333333333)
(5e-05 0.001466666667 0.0009333333333)
(-5e-05 0.001533333333 0.0009333333333)
(5e-05 0.001533333333 0.0009333333333)
(-5e-05 0.0016 0.0009333333333)
(5e-05 0.0016 0.0009333333333)
(-5e-05 0.001666666667 0.0009333333333)
(5e-05 0.001666666667 0.0009333333333)
(-5e-05 0.001733333333 0.0009333333333)
(5e-05 0.001733333333 0.0009333333333)
(-5e-05 0.0018 0.0009333333333)
(5e-05 0.0018 0.0009333333333)
(-5e-05 0.001866666667 0.0009333333333)
(5e-05 0.001866666667 0.0009333333333)
(-5e-05 0.001933333333 0.0009333333333)
(5e-05 0.001933333333 0.0009333333333)
(-5e-05 0.002 0.0009333333333)
(5e-05 0.002 0.0009333333333)
(-5e-05 0.002066666667 0.0009333333333)
(5e-05 0.002066666667 0.0009333333333)
(-5e-05 0.002133333333 0.0009333333333)
(5e-05 0.002133333333 0.0009333333333)
(-5e-05 0.0022 0.0009333333333)
(5e-05 0.0022 0.0009333333333)
(-5e-05 0.002266666667 0.0009333333333)
(5e-05 0.002266666667 0.0009333333333)
(-5e-05 0.002333333333 0.0009333333333)
(5e-05 0.002333333333 0.0009333333333)
(-5e-05 0.0024 0.0009333333333)
(5e-05 0.0024 0.0009333333333)
(-5e-05 0.002466666667 0.0009333333333)
(5e-05 0.002466666667 0.0009333333333)
(-5e-05 0.002533333333 0.0009333333333)
(5e-05 0.002533333333 0.0009333333333)
(-5e-05 0.0026 0.0009333333333)
(5e-05 0.0026 0.0009333333333)
(-5e-05 0.002666666667 0.0009333333333)
(5e-05 0.002666666667 0.0009333333333)
(-5e-05 0.002733333333 0.0009333333333)
(5e-05 0.002733333333 0.0009333333333)
(-5e-05 0.0028 0.0009333333333)
(5e-05 0.0028 0.0009333333333)
(-5e-05 0.002866666667 0.0009333333333)
(5e-05 0.002866666667 0.0009333333333)
(-5e-05 0.002933333333 0.0009333333333)
(5e-05 0.002933333333 0.0009333333333)
(-5e-05 0.003 0.0009333333333)
(5e-05 0.003 0.0009333333333)
(-5e-05 0.003066666667 0.0009333333333)
(5e-05 0.003066666667 0.0009333333333)
(-5e-05 0.003133333333 0.0009333333333)
(5e-05 0.003133333333 0.0009333333333)
(-5e-05 0.0032 0.0009333333333)
(5e-05 0.0032 0.0009333333333)
(-5e-05 0.003266666667 0.0009333333333)
(5e-05 0.003266666667 0.0009333333333)
(-5e-05 0.003333333333 0.0009333333333)
(5e-05 0.003333333333 0.0009333333333)
(-5e-05 0.0034 0.0009333333333)
(5e-05 0.0034 0.0009333333333)
(-5e-05 0.003466666667 0.0009333333333)
(5e-05 0.003466666667 0.0009333333333)
(-5e-05 0.003533333333 0.0009333333333)
(5e-05 0.003533333333 0.0009333333333)
(-5e-05 0.0036 0.0009333333333)
(5e-05 0.0036 0.0009333333333)
(-5e-05 0.003666666667 0.0009333333333)
(5e-05 0.003666666667 0.0009333333333)
(-5e-05 0.003733333333 0.0009333333333)
(5e-05 0.003733333333 0.0009333333333)
(-5e-05 0.0038 0.0009333333333)
(5e-05 0.0038 0.0009333333333)
(-5e-05 0.003866666667 0.0009333333333)
(5e-05 0.003866666667 0.0009333333333)
(-5e-05 0.003933333333 0.0009333333333)
(5e-05 0.003933333333 0.0009333333333)
(-5e-05 0.004 0.0009333333333)
(5e-05 0.004 0.0009333333333)
(-5e-05 0 0.001)
(5e-05 0 0.001)
(-5e-05 6.666666667e-05 0.001)
(5e-05 6.666666667e-05 0.001)
(-5e-05 0.0001333333333 0.001)
(5e-05 0.0001333333333 0.001)
(-5e-05 0.0002 0.001)
(5e-05 0.0002 0.001)
(-5e-05 0.0002666666667 0.001)
(5e-05 0.0002666666667 0.001)
(-5e-05 0.0003333333333 0.001)
(5e-05 0.0003333333333 0.001)
(-5e-05 0.0004 0.001)
(5e-05 0.0004 0.001)
(-5e-05 0.0004666666667 0.001)
(5e-05 0.0004666666667 0.001)
(-5e-05 0.0005333333333 0.001)
(5e-05 0.0005333333333 0.001)
(-5e-05 0.0006 0.001)
(5e-05 0.0006 0.001)
(-5e-05 0.0006666666667 0.001)
(5e-05 0.0006666666667 0.001)
(-5e-05 0.0007333333333 0.001)
(5e-05 0.0007333333333 0.001)
(-5e-05 0.0008 0.001)
(5e-05 0.0008 0.001)
(-5e-05 0.0008666666667 0.001)
(5e-05 0.0008666666667 0.001)
(-5e-05 0.0009333333333 0.001)
(5e-05 0.0009333333333 0.001)
(-5e-05 0.001 0.001)
(5e-05 0.001 0.001)
(-5e-05 0.001066666667 0.001)
(5e-05 0.001066666667 0.001)
(-5e-05 0.001133333333 0.001)
(5e-05 0.001133333333 0.001)
(-5e-05 0.0012 0.001)
(5e-05 0.0012 0.001)
(-5e-05 0.001266666667 0.001)
(5e-05 0.001266666667 0.001)
(-5e-05 0.001333333333 0.001)
(5e-05 0.001333333333 0.001)
(-5e-05 0.0014 0.001)
(5e-05 0.0014 0.001)
(-5e-05 0.001466666667 0.001)
(5e-05 0.001466666667 0.001)
(-5e-05 0.001533333333 0.001)
(5e-05 0.001533333333 0.001)
(-5e-05 0.0016 0.001)
(5e-05 0.0016 0.001)
(-5e-05 0.001666666667 0.001)
(5e-05 0.001666666667 0.001)
(-5e-05 0.001733333333 0.001)
(5e-05 0.001733333333 0.001)
(-5e-05 0.0018 0.001)
(5e-05 0.0018 0.001)
(-5e-05 0.001866666667 0.001)
(5e-05 0.001866666667 0.001)
(-5e-05 0.001933333333 0.001)
(5e-05 0.001933333333 0.001)
(-5e-05 0.002 0.001)
(5e-05 0.002 0.001)
(-5e-05 0.002066666667 0.001)
(5e-05 0.002066666667 0.001)
(-5e-05 0.002133333333 0.001)
(5e-05 0.002133333333 0.001)
(-5e-05 0.0022 0.001)
(5e-05 0.0022 0.001)
(-5e-05 0.002266666667 0.001)
(5e-05 0.002266666667 0.001)
(-5e-05 0.002333333333 0.001)
(5e-05 0.002333333333 0.001)
(-5e-05 0.0024 0.001)
(5e-05 0.0024 0.001)
(-5e-05 0.002466666667 0.001)
(5e-05 0.002466666667 0.001)
(-5e-05 0.002533333333 0.001)
(5e-05 0.002533333333 0.001)
(-5e-05 0.0026 0.001)
(5e-05 0.0026 0.001)
(-5e-05 0.002666666667 0.001)
(5e-05 0.002666666667 0.001)
(-5e-05 0.002733333333 0.001)
(5e-05 0.002733333333 0.001)
(-5e-05 0.0028 0.001)
(5e-05 0.0028 0.001)
(-5e-05 0.002866666667 0.001)
(5e-05 0.002866666667 0.001)
(-5e-05 0.002933333333 0.001)
(5e-05 0.002933333333 0.001)
(-5e-05 0.003 0.001)
(5e-05 0.003 0.001)
(-5e-05 0.003066666667 0.001)
(5e-05 0.003066666667 0.001)
(-5e-05 0.003133333333 0.001)
(5e-05 0.003133333333 0.001)
(-5e-05 0.0032 0.001)
(5e-05 0.0032 0.001)
(-5e-05 0.003266666667 0.001)
(5e-05 0.003266666667 0.001)
(-5e-05 0.003333333333 0.001)
(5e-05 0.003333333333 0.001)
(-5e-05 0.0034 0.001)
(5e-05 0.0034 0.001)
(-5e-05 0.003466666667 0.001)
(5e-05 0.003466666667 0.001)
(-5e-05 0.003533333333 0.001)
(5e-05 0.003533333333 0.001)
(-5e-05 0.0036 0.001)
(5e-05 0.0036 0.001)
(-5e-05 0.003666666667 0.001)
(5e-05 0.003666666667 0.001)
(-5e-05 0.003733333333 0.001)
(5e-05 0.003733333333 0.001)
(-5e-05 0.0038 0.001)
(5e-05 0.0038 0.001)
(-5e-05 0.003866666667 0.001)
(5e-05 0.003866666667 0.001)
(-5e-05 0.003933333333 0.001)
(5e-05 0.003933333333 0.001)
(-5e-05 0.004 0.001)
(5e-05 0.004 0.001)
(-5e-05 0 0.001066666667)
(5e-05 0 0.001066666667)
(-5e-05 6.666666667e-05 0.001066666667)
(5e-05 6.666666667e-05 0.001066666667)
(-5e-05 0.0001333333333 0.001066666667)
(5e-05 0.0001333333333 0.001066666667)
(-5e-05 0.0002 0.001066666667)
(5e-05 0.0002 0.001066666667)
(-5e-05 0.0002666666667 0.001066666667)
(5e-05 0.0002666666667 0.001066666667)
(-5e-05 0.0003333333333 0.001066666667)
(5e-05 0.0003333333333 0.001066666667)
(-5e-05 0.0004 0.001066666667)
(5e-05 0.0004 0.001066666667)
(-5e-05 0.0004666666667 0.001066666667)
(5e-05 0.0004666666667 0.001066666667)
(-5e-05 0.0005333333333 0.001066666667)
(5e-05 0.0005333333333 0.001066666667)
(-5e-05 0.0006 0.001066666667)
(5e-05 0.0006 0.001066666667)
(-5e-05 0.0006666666667 0.001066666667)
(5e-05 0.0006666666667 0.001066666667)
(-5e-05 0.0007333333333 0.001066666667)
(5e-05 0.0007333333333 0.001066666667)
(-5e-05 0.0008 0.001066666667)
(5e-05 0.0008 0.001066666667)
(-5e-05 0.0008666666667 0.001066666667)
(5e-05 0.0008666666667 0.001066666667)
(-5e-05 0.0009333333333 0.001066666667)
(5e-05 0.0009333333333 0.001066666667)
(-5e-05 0.001 0.001066666667)
(5e-05 0.001 0.001066666667)
(-5e-05 0.001066666667 0.001066666667)
(5e-05 0.001066666667 0.001066666667)
(-5e-05 0.001133333333 0.001066666667)
(5e-05 0.001133333333 0.001066666667)
(-5e-05 0.0012 0.001066666667)
(5e-05 0.0012 0.001066666667)
(-5e-05 0.001266666667 0.001066666667)
(5e-05 0.001266666667 0.001066666667)
(-5e-05 0.001333333333 0.001066666667)
(5e-05 0.001333333333 0.001066666667)
(-5e-05 0.0014 0.001066666667)
(5e-05 0.0014 0.001066666667)
(-5e-05 0.001466666667 0.001066666667)
(5e-05 0.001466666667 0.001066666667)
(-5e-05 0.001533333333 0.001066666667)
(5e-05 0.001533333333 0.001066666667)
(-5e-05 0.0016 0.001066666667)
(5e-05 0.0016 0.001066666667)
(-5e-05 0.001666666667 0.001066666667)
(5e-05 0.001666666667 0.001066666667)
(-5e-05 0.001733333333 0.001066666667)
(5e-05 0.001733333333 0.001066666667)
(-5e-05 0.0018 0.001066666667)
(5e-05 0.0018 0.001066666667)
(-5e-05 0.001866666667 0.001066666667)
(5e-05 0.001866666667 0.001066666667)
(-5e-05 0.001933333333 0.001066666667)
(5e-05 0.001933333333 0.001066666667)
(-5e-05 0.002 0.001066666667)
(5e-05 0.002 0.001066666667)
(-5e-05 0.002066666667 0.001066666667)
(5e-05 0.002066666667 0.001066666667)
(-5e-05 0.002133333333 0.001066666667)
(5e-05 0.002133333333 0.001066666667)
(-5e-05 0.0022 0.001066666667)
(5e-05 0.0022 0.001066666667)
(-5e-05 0.002266666667 0.001066666667)
(5e-05 0.002266666667 0.001066666667)
(-5e-05 0.002333333333 0.001066666667)
(5e-05 0.002333333333 0.001066666667)
(-5e-05 0.0024 0.001066666667)
(5e-05 0.0024 0.001066666667)
(-5e-05 0.002466666667 0.001066666667)
(5e-05 0.002466666667 0.001066666667)
(-5e-05 0.002533333333 0.001066666667)
(5e-05 0.002533333333 0.001066666667)
(-5e-05 0.0026 0.001066666667)
(5e-05 0.0026 0.001066666667)
(-5e-05 0.002666666667 0.001066666667)
(5e-05 0.002666666667 0.001066666667)
(-5e-05 0.002733333333 0.001066666667)
(5e-05 0.002733333333 0.001066666667)
(-5e-05 0.0028 0.001066666667)
(5e-05 0.0028 0.001066666667)
(-5e-05 0.002866666667 0.001066666667)
(5e-05 0.002866666667 0.001066666667)
(-5e-05 0.002933333333 0.001066666667)
(5e-05 0.002933333333 0.001066666667)
(-5e-05 0.003 0.001066666667)
(5e-05 0.003 0.001066666667)
(-5e-05 0.003066666667 0.001066666667)
(5e-05 0.003066666667 0.001066666667)
(-5e-05 0.003133333333 0.001066666667)
(5e-05 0.003133333333 0.001066666667)
(-5e-05 0.0032 0.001066666667)
(5e-05 0.0032 0.001066666667)
(-5e-05 0.003266666667 0.001066666667)
(5e-05 0.003266666667 0.001066666667)
(-5e-05 0.003333333333 0.001066666667)
(5e-05 0.003333333333 0.001066666667)
(-5e-05 0.0034 0.001066666667)
(5e-05 0.0034 0.001066666667)
(-5e-05 0.003466666667 0.001066666667)
(5e-05 0.003466666667 0.001066666667)
(-5e-05 0.003533333333 0.001066666667)
(5e-05 0.003533333333 0.001066666667)
(-5e-05 0.0036 0.001066666667)
(5e-05 0.0036 0.001066666667)
(-5e-05 0.003666666667 0.001066666667)
(5e-05 0.003666666667 0.001066666667)
(-5e-05 0.003733333333 0.001066666667)
(5e-05 0.003733333333 0.001066666667)
(-5e-05 0.0038 0.001066666667)
(5e-05 0.0038 0.001066666667)
(-5e-05 0.003866666667 0.001066666667)
(5e-05 0.003866666667 0.001066666667)
(-5e-05 0.003933333333 0.001066666667)
(5e-05 0.003933333333 0.001066666667)
(-5e-05 0.004 0.001066666667)
(5e-05 0.004 0.001066666667)
(-5e-05 0 0.001133333333)
(5e-05 0 0.001133333333)
(-5e-05 6.666666667e-05 0.001133333333)
(5e-05 6.666666667e-05 0.001133333333)
(-5e-05 0.0001333333333 0.001133333333)
(5e-05 0.0001333333333 0.001133333333)
(-5e-05 0.0002 0.001133333333)
(5e-05 0.0002 0.001133333333)
(-5e-05 0.0002666666667 0.001133333333)
(5e-05 0.0002666666667 0.001133333333)
(-5e-05 0.0003333333333 0.001133333333)
(5e-05 0.0003333333333 0.001133333333)
(-5e-05 0.0004 0.001133333333)
(5e-05 0.0004 0.001133333333)
(-5e-05 0.0004666666667 0.001133333333)
(5e-05 0.0004666666667 0.001133333333)
(-5e-05 0.0005333333333 0.001133333333)
(5e-05 0.0005333333333 0.001133333333)
(-5e-05 0.0006 0.001133333333)
(5e-05 0.0006 0.001133333333)
(-5e-05 0.0006666666667 0.001133333333)
(5e-05 0.0006666666667 0.001133333333)
(-5e-05 0.0007333333333 0.001133333333)
(5e-05 0.0007333333333 0.001133333333)
(-5e-05 0.0008 0.001133333333)
(5e-05 0.0008 0.001133333333)
(-5e-05 0.0008666666667 0.001133333333)
(5e-05 0.0008666666667 0.001133333333)
(-5e-05 0.0009333333333 0.001133333333)
(5e-05 0.0009333333333 0.001133333333)
(-5e-05 0.001 0.001133333333)
(5e-05 0.001 0.001133333333)
(-5e-05 0.001066666667 0.001133333333)
(5e-05 0.001066666667 0.001133333333)
(-5e-05 0.001133333333 0.001133333333)
(5e-05 0.001133333333 0.001133333333)
(-5e-05 0.0012 0.001133333333)
(5e-05 0.0012 0.001133333333)
(-5e-05 0.001266666667 0.001133333333)
(5e-05 0.001266666667 0.001133333333)
(-5e-05 0.001333333333 0.001133333333)
(5e-05 0.001333333333 0.001133333333)
(-5e-05 0.0014 0.001133333333)
(5e-05 0.0014 0.001133333333)
(-5e-05 0.001466666667 0.001133333333)
(5e-05 0.001466666667 0.001133333333)
(-5e-05 0.001533333333 0.001133333333)
(5e-05 0.001533333333 0.001133333333)
(-5e-05 0.0016 0.001133333333)
(5e-05 0.0016 0.001133333333)
(-5e-05 0.001666666667 0.001133333333)
(5e-05 0.001666666667 0.001133333333)
(-5e-05 0.001733333333 0.001133333333)
(5e-05 0.001733333333 0.001133333333)
(-5e-05 0.0018 0.001133333333)
(5e-05 0.0018 0.001133333333)
(-5e-05 0.001866666667 0.001133333333)
(5e-05 0.001866666667 0.001133333333)
(-5e-05 0.001933333333 0.001133333333)
(5e-05 0.001933333333 0.001133333333)
(-5e-05 0.002 0.001133333333)
(5e-05 0.002 0.001133333333)
(-5e-05 0.002066666667 0.001133333333)
(5e-05 0.002066666667 0.001133333333)
(-5e-05 0.002133333333 0.001133333333)
(5e-05 0.002133333333 0.001133333333)
(-5e-05 0.0022 0.001133333333)
(5e-05 0.0022 0.001133333333)
(-5e-05 0.002266666667 0.001133333333)
(5e-05 0.002266666667 0.001133333333)
(-5e-05 0.002333333333 0.001133333333)
(5e-05 0.002333333333 0.001133333333)
(-5e-05 0.0024 0.001133333333)
(5e-05 0.0024 0.001133333333)
(-5e-05 0.002466666667 0.001133333333)
(5e-05 0.002466666667 0.001133333333)
(-5e-05 0.002533333333 0.001133333333)
(5e-05 0.002533333333 0.001133333333)
(-5e-05 0.0026 0.001133333333)
(5e-05 0.0026 0.001133333333)
(-5e-05 0.002666666667 0.001133333333)
(5e-05 0.002666666667 0.001133333333)
(-5e-05 0.002733333333 0.001133333333)
(5e-05 0.002733333333 0.001133333333)
(-5e-05 0.0028 0.001133333333)
(5e-05 0.0028 0.001133333333)
(-5e-05 0.002866666667 0.001133333333)
(5e-05 0.002866666667 0.001133333333)
(-5e-05 0.002933333333 0.001133333333)
(5e-05 0.002933333333 0.001133333333)
(-5e-05 0.003 0.001133333333)
(5e-05 0.003 0.001133333333)
(-5e-05 0.003066666667 0.001133333333)
(5e-05 0.003066666667 0.001133333333)
(-5e-05 0.003133333333 0.001133333333)
(5e-05 0.003133333333 0.001133333333)
(-5e-05 0.0032 0.001133333333)
(5e-05 0.0032 0.001133333333)
(-5e-05 0.003266666667 0.001133333333)
(5e-05 0.003266666667 0.001133333333)
(-5e-05 0.003333333333 0.001133333333)
(5e-05 0.003333333333 0.001133333333)
(-5e-05 0.0034 0.001133333333)
(5e-05 0.0034 0.001133333333)
(-5e-05 0.003466666667 0.001133333333)
(5e-05 0.003466666667 0.001133333333)
(-5e-05 0.003533333333 0.001133333333)
(5e-05 0.003533333333 0.001133333333)
(-5e-05 0.0036 0.001133333333)
(5e-05 0.0036 0.001133333333)
(-5e-05 0.003666666667 0.001133333333)
(5e-05 0.003666666667 0.001133333333)
(-5e-05 0.003733333333 0.001133333333)
(5e-05 0.003733333333 0.001133333333)
(-5e-05 0.0038 0.001133333333)
(5e-05 0.0038 0.001133333333)
(-5e-05 0.003866666667 0.001133333333)
(5e-05 0.003866666667 0.001133333333)
(-5e-05 0.003933333333 0.001133333333)
(5e-05 0.003933333333 0.001133333333)
(-5e-05 0.004 0.001133333333)
(5e-05 0.004 0.001133333333)
(-5e-05 0 0.0012)
(5e-05 0 0.0012)
(-5e-05 6.666666667e-05 0.0012)
(5e-05 6.666666667e-05 0.0012)
(-5e-05 0.0001333333333 0.0012)
(5e-05 0.0001333333333 0.0012)
(-5e-05 0.0002 0.0012)
(5e-05 0.0002 0.0012)
(-5e-05 0.0002666666667 0.0012)
(5e-05 0.0002666666667 0.0012)
(-5e-05 0.0003333333333 0.0012)
(5e-05 0.0003333333333 0.0012)
(-5e-05 0.0004 0.0012)
(5e-05 0.0004 0.0012)
(-5e-05 0.0004666666667 0.0012)
(5e-05 0.0004666666667 0.0012)
(-5e-05 0.0005333333333 0.0012)
(5e-05 0.0005333333333 0.0012)
(-5e-05 0.0006 0.0012)
(5e-05 0.0006 0.0012)
(-5e-05 0.0006666666667 0.0012)
(5e-05 0.0006666666667 0.0012)
(-5e-05 0.0007333333333 0.0012)
(5e-05 0.0007333333333 0.0012)
(-5e-05 0.0008 0.0012)
(5e-05 0.0008 0.0012)
(-5e-05 0.0008666666667 0.0012)
(5e-05 0.0008666666667 0.0012)
(-5e-05 0.0009333333333 0.0012)
(5e-05 0.0009333333333 0.0012)
(-5e-05 0.001 0.0012)
(5e-05 0.001 0.0012)
(-5e-05 0.001066666667 0.0012)
(5e-05 0.001066666667 0.0012)
(-5e-05 0.001133333333 0.0012)
(5e-05 0.001133333333 0.0012)
(-5e-05 0.0012 0.0012)
(5e-05 0.0012 0.0012)
(-5e-05 0.001266666667 0.0012)
(5e-05 0.001266666667 0.0012)
(-5e-05 0.001333333333 0.0012)
(5e-05 0.001333333333 0.0012)
(-5e-05 0.0014 0.0012)
(5e-05 0.0014 0.0012)
(-5e-05 0.001466666667 0.0012)
(5e-05 0.001466666667 0.0012)
(-5e-05 0.001533333333 0.0012)
(5e-05 0.001533333333 0.0012)
(-5e-05 0.0016 0.0012)
(5e-05 0.0016 0.0012)
(-5e-05 0.001666666667 0.0012)
(5e-05 0.001666666667 0.0012)
(-5e-05 0.001733333333 0.0012)
(5e-05 0.001733333333 0.0012)
(-5e-05 0.0018 0.0012)
(5e-05 0.0018 0.0012)
(-5e-05 0.001866666667 0.0012)
(5e-05 0.001866666667 0.0012)
(-5e-05 0.001933333333 0.0012)
(5e-05 0.001933333333 0.0012)
(-5e-05 0.002 0.0012)
(5e-05 0.002 0.0012)
(-5e-05 0.002066666667 0.0012)
(5e-05 0.002066666667 0.0012)
(-5e-05 0.002133333333 0.0012)
(5e-05 0.002133333333 0.0012)
(-5e-05 0.0022 0.0012)
(5e-05 0.0022 0.0012)
(-5e-05 0.002266666667 0.0012)
(5e-05 0.002266666667 0.0012)
(-5e-05 0.002333333333 0.0012)
(5e-05 0.002333333333 0.0012)
(-5e-05 0.0024 0.0012)
(5e-05 0.0024 0.0012)
(-5e-05 0.002466666667 0.0012)
(5e-05 0.002466666667 0.0012)
(-5e-05 0.002533333333 0.0012)
(5e-05 0.002533333333 0.0012)
(-5e-05 0.0026 0.0012)
(5e-05 0.0026 0.0012)
(-5e-05 0.002666666667 0.0012)
(5e-05 0.002666666667 0.0012)
(-5e-05 0.002733333333 0.0012)
(5e-05 0.002733333333 0.0012)
(-5e-05 0.0028 0.0012)
(5e-05 0.0028 0.0012)
(-5e-05 0.002866666667 0.0012)
(5e-05 0.002866666667 0.0012)
(-5e-05 0.002933333333 0.0012)
(5e-05 0.002933333333 0.0012)
(-5e-05 0.003 0.0012)
(5e-05 0.003 0.0012)
(-5e-05 0.003066666667 0.0012)
(5e-05 0.003066666667 0.0012)
(-5e-05 0.003133333333 0.0012)
(5e-05 0.003133333333 0.0012)
(-5e-05 0.0032 0.0012)
(5e-05 0.0032 0.0012)
(-5e-05 0.003266666667 0.0012)
(5e-05 0.003266666667 0.0012)
(-5e-05 0.003333333333 0.0012)
(5e-05 0.003333333333 0.0012)
(-5e-05 0.0034 0.0012)
(5e-05 0.0034 0.0012)
(-5e-05 0.003466666667 0.0012)
(5e-05 0.003466666667 0.0012)
(-5e-05 0.003533333333 0.0012)
(5e-05 0.003533333333 0.0012)
(-5e-05 0.0036 0.0012)
(5e-05 0.0036 0.0012)
(-5e-05 0.003666666667 0.0012)
(5e-05 0.003666666667 0.0012)
(-5e-05 0.003733333333 0.0012)
(5e-05 0.003733333333 0.0012)
(-5e-05 0.0038 0.0012)
(5e-05 0.0038 0.0012)
(-5e-05 0.003866666667 0.0012)
(5e-05 0.003866666667 0.0012)
(-5e-05 0.003933333333 0.0012)
(5e-05 0.003933333333 0.0012)
(-5e-05 0.004 0.0012)
(5e-05 0.004 0.0012)
(-5e-05 0 0.001266666667)
(5e-05 0 0.001266666667)
(-5e-05 6.666666667e-05 0.001266666667)
(5e-05 6.666666667e-05 0.001266666667)
(-5e-05 0.0001333333333 0.001266666667)
(5e-05 0.0001333333333 0.001266666667)
(-5e-05 0.0002 0.001266666667)
(5e-05 0.0002 0.001266666667)
(-5e-05 0.0002666666667 0.001266666667)
(5e-05 0.0002666666667 0.001266666667)
(-5e-05 0.0003333333333 0.001266666667)
(5e-05 0.0003333333333 0.001266666667)
(-5e-05 0.0004 0.001266666667)
(5e-05 0.0004 0.001266666667)
(-5e-05 0.0004666666667 0.001266666667)
(5e-05 0.0004666666667 0.001266666667)
(-5e-05 0.0005333333333 0.001266666667)
(5e-05 0.0005333333333 0.001266666667)
(-5e-05 0.0006 0.001266666667)
(5e-05 0.0006 0.001266666667)
(-5e-05 0.0006666666667 0.001266666667)
(5e-05 0.0006666666667 0.001266666667)
(-5e-05 0.0007333333333 0.001266666667)
(5e-05 0.0007333333333 0.001266666667)
(-5e-05 0.0008 0.001266666667)
(5e-05 0.0008 0.001266666667)
(-5e-05 0.0008666666667 0.001266666667)
(5e-05 0.0008666666667 0.001266666667)
(-5e-05 0.0009333333333 0.001266666667)
(5e-05 0.0009333333333 0.001266666667)
(-5e-05 0.001 0.001266666667)
(5e-05 0.001 0.001266666667)
(-5e-05 0.001066666667 0.001266666667)
(5e-05 0.001066666667 0.001266666667)
(-5e-05 0.001133333333 0.001266666667)
(5e-05 0.001133333333 0.001266666667)
(-5e-05 0.0012 0.001266666667)
(5e-05 0.0012 0.001266666667)
(-5e-05 0.001266666667 0.001266666667)
(5e-05 0.001266666667 0.001266666667)
(-5e-05 0.001333333333 0.001266666667)
(5e-05 0.001333333333 0.001266666667)
(-5e-05 0.0014 0.001266666667)
(5e-05 0.0014 0.001266666667)
(-5e-05 0.001466666667 0.001266666667)
(5e-05 0.001466666667 0.001266666667)
(-5e-05 0.001533333333 0.001266666667)
(5e-05 0.001533333333 0.001266666667)
(-5e-05 0.0016 0.001266666667)
(5e-05 0.0016 0.001266666667)
(-5e-05 0.001666666667 0.001266666667)
(5e-05 0.001666666667 0.001266666667)
(-5e-05 0.001733333333 0.001266666667)
(5e-05 0.001733333333 0.001266666667)
(-5e-05 0.0018 0.001266666667)
(5e-05 0.0018 0.001266666667)
(-5e-05 0.001866666667 0.001266666667)
(5e-05 0.001866666667 0.001266666667)
(-5e-05 0.001933333333 0.001266666667)
(5e-05 0.001933333333 0.001266666667)
(-5e-05 0.002 0.001266666667)
(5e-05 0.002 0.001266666667)
(-5e-05 0.002066666667 0.001266666667)
(5e-05 0.002066666667 0.001266666667)
(-5e-05 0.002133333333 0.001266666667)
(5e-05 0.002133333333 0.001266666667)
(-5e-05 0.0022 0.001266666667)
(5e-05 0.0022 0.001266666667)
(-5e-05 0.002266666667 0.001266666667)
(5e-05 0.002266666667 0.001266666667)
(-5e-05 0.002333333333 0.001266666667)
(5e-05 0.002333333333 0.001266666667)
(-5e-05 0.0024 0.001266666667)
(5e-05 0.0024 0.001266666667)
(-5e-05 0.002466666667 0.001266666667)
(5e-05 0.002466666667 0.001266666667)
(-5e-05 0.002533333333 0.001266666667)
(5e-05 0.002533333333 0.001266666667)
(-5e-05 0.0026 0.001266666667)
(5e-05 0.0026 0.001266666667)
(-5e-05 0.002666666667 0.001266666667)
(5e-05 0.002666666667 0.001266666667)
(-5e-05 0.002733333333 0.001266666667)
(5e-05 0.002733333333 0.001266666667)
(-5e-05 0.0028 0.001266666667)
(5e-05 0.0028 0.001266666667)
(-5e-05 0.002866666667 0.001266666667)
(5e-05 0.002866666667 0.001266666667)
(-5e-05 0.002933333333 0.001266666667)
(5e-05 0.002933333333 0.001266666667)
(-5e-05 0.003 0.001266666667)
(5e-05 0.003 0.001266666667)
(-5e-05 0.003066666667 0.001266666667)
(5e-05 0.003066666667 0.001266666667)
(-5e-05 0.003133333333 0.001266666667)
(5e-05 0.003133333333 0.001266666667)
(-5e-05 0.0032 0.001266666667)
(5e-05 0.0032 0.001266666667)
(-5e-05 0.003266666667 0.001266666667)
(5e-05 0.003266666667 0.001266666667)
(-5e-05 0.003333333333 0.001266666667)
(5e-05 0.003333333333 0.001266666667)
(-5e-05 0.0034 0.001266666667)
(5e-05 0.0034 0.001266666667)
(-5e-05 0.003466666667 0.001266666667)
(5e-05 0.003466666667 0.001266666667)
(-5e-05 0.003533333333 0.001266666667)
(5e-05 0.003533333333 0.001266666667)
(-5e-05 0.0036 0.001266666667)
(5e-05 0.0036 0.001266666667)
(-5e-05 0.003666666667 0.001266666667)
(5e-05 0.003666666667 0.001266666667)
(-5e-05 0.003733333333 0.001266666667)
(5e-05 0.003733333333 0.001266666667)
(-5e-05 0.0038 0.001266666667)
(5e-05 0.0038 0.001266666667)
(-5e-05 0.003866666667 0.001266666667)
(5e-05 0.003866666667 0.001266666667)
(-5e-05 0.003933333333 0.001266666667)
(5e-05 0.003933333333 0.001266666667)
(-5e-05 0.004 0.001266666667)
(5e-05 0.004 0.001266666667)
(-5e-05 0 0.001333333333)
(5e-05 0 0.001333333333)
(-5e-05 6.666666667e-05 0.001333333333)
(5e-05 6.666666667e-05 0.001333333333)
(-5e-05 0.0001333333333 0.001333333333)
(5e-05 0.0001333333333 0.001333333333)
(-5e-05 0.0002 0.001333333333)
(5e-05 0.0002 0.001333333333)
(-5e-05 0.0002666666667 0.001333333333)
(5e-05 0.0002666666667 0.001333333333)
(-5e-05 0.0003333333333 0.001333333333)
(5e-05 0.0003333333333 0.001333333333)
(-5e-05 0.0004 0.001333333333)
(5e-05 0.0004 0.001333333333)
(-5e-05 0.0004666666667 0.001333333333)
(5e-05 0.0004666666667 0.001333333333)
(-5e-05 0.0005333333333 0.001333333333)
(5e-05 0.0005333333333 0.001333333333)
(-5e-05 0.0006 0.001333333333)
(5e-05 0.0006 0.001333333333)
(-5e-05 0.0006666666667 0.001333333333)
(5e-05 0.0006666666667 0.001333333333)
(-5e-05 0.0007333333333 0.001333333333)
(5e-05 0.0007333333333 0.001333333333)
(-5e-05 0.0008 0.001333333333)
(5e-05 0.0008 0.001333333333)
(-5e-05 0.0008666666667 0.001333333333)
(5e-05 0.0008666666667 0.001333333333)
(-5e-05 0.0009333333333 0.001333333333)
(5e-05 0.0009333333333 0.001333333333)
(-5e-05 0.001 0.001333333333)
(5e-05 0.001 0.001333333333)
(-5e-05 0.001066666667 0.001333333333)
(5e-05 0.001066666667 0.001333333333)
(-5e-05 0.001133333333 0.001333333333)
(5e-05 0.001133333333 0.001333333333)
(-5e-05 0.0012 0.001333333333)
(5e-05 0.0012 0.001333333333)
(-5e-05 0.001266666667 0.001333333333)
(5e-05 0.001266666667 0.001333333333)
(-5e-05 0.001333333333 0.001333333333)
(5e-05 0.001333333333 0.001333333333)
(-5e-05 0.0014 0.001333333333)
(5e-05 0.0014 0.001333333333)
(-5e-05 0.001466666667 0.001333333333)
(5e-05 0.001466666667 0.001333333333)
(-5e-05 0.001533333333 0.001333333333)
(5e-05 0.001533333333 0.001333333333)
(-5e-05 0.0016 0.001333333333)
(5e-05 0.0016 0.001333333333)
(-5e-05 0.001666666667 0.001333333333)
(5e-05 0.001666666667 0.001333333333)
(-5e-05 0.001733333333 0.001333333333)
(5e-05 0.001733333333 0.001333333333)
(-5e-05 0.0018 0.001333333333)
(5e-05 0.0018 0.001333333333)
(-5e-05 0.001866666667 0.001333333333)
(5e-05 0.001866666667 0.001333333333)
(-5e-05 0.001933333333 0.001333333333)
(5e-05 0.001933333333 0.001333333333)
(-5e-05 0.002 0.001333333333)
(5e-05 0.002 0.001333333333)
(-5e-05 0.002066666667 0.001333333333)
(5e-05 0.002066666667 0.001333333333)
(-5e-05 0.002133333333 0.001333333333)
(5e-05 0.002133333333 0.001333333333)
(-5e-05 0.0022 0.001333333333)
(5e-05 0.0022 0.001333333333)
(-5e-05 0.002266666667 0.001333333333)
(5e-05 0.002266666667 0.001333333333)
(-5e-05 0.002333333333 0.001333333333)
(5e-05 0.002333333333 0.001333333333)
(-5e-05 0.0024 0.001333333333)
(5e-05 0.0024 0.001333333333)
(-5e-05 0.002466666667 0.001333333333)
(5e-05 0.002466666667 0.001333333333)
(-5e-05 0.002533333333 0.001333333333)
(5e-05 0.002533333333 0.001333333333)
(-5e-05 0.0026 0.001333333333)
(5e-05 0.0026 0.001333333333)
(-5e-05 0.002666666667 0.001333333333)
(5e-05 0.002666666667 0.001333333333)
(-5e-05 0.002733333333 0.001333333333)
(5e-05 0.002733333333 0.001333333333)
(-5e-05 0.0028 0.001333333333)
(5e-05 0.0028 0.001333333333)
(-5e-05 0.002866666667 0.001333333333)
(5e-05 0.002866666667 0.001333333333)
(-5e-05 0.002933333333 0.001333333333)
(5e-05 0.002933333333 0.001333333333)
(-5e-05 0.003 0.001333333333)
(5e-05 0.003 0.001333333333)
(-5e-05 0.003066666667 0.001333333333)
(5e-05 0.003066666667 0.001333333333)
(-5e-05 0.003133333333 0.001333333333)
(5e-05 0.003133333333 0.001333333333)
(-5e-05 0.0032 0.001333333333)
(5e-05 0.0032 0.001333333333)
(-5e-05 0.003266666667 0.001333333333)
(5e-05 0.003266666667 0.001333333333)
(-5e-05 0.003333333333 0.001333333333)
(5e-05 0.003333333333 0.001333333333)
(-5e-05 0.0034 0.001333333333)
(5e-05 0.0034 0.001333333333)
(-5e-05 0.003466666667 0.001333333333)
(5e-05 0.003466666667 0.001333333333)
(-5e-05 0.003533333333 0.001333333333)
(5e-05 0.003533333333 0.001333333333)
(-5e-05 0.0036 0.001333333333)
(5e-05 0.0036 0.001333333333)
(-5e-05 0.003666666667 0.001333333333)
(5e-05 0.003666666667 0.001333333333)
(-5e-05 0.003733333333 0.001333333333)
(5e-05 0.003733333333 0.001333333333)
(-5e-05 0.0038 0.001333333333)
(5e-05 0.0038 0.001333333333)
(-5e-05 0.003866666667 0.001333333333)
(5e-05 0.003866666667 0.001333333333)
(-5e-05 0.003933333333 0.001333333333)
(5e-05 0.003933333333 0.001333333333)
(-5e-05 0.004 0.001333333333)
(5e-05 0.004 0.001333333333)
(-5e-05 0 0.0014)
(5e-05 0 0.0014)
(-5e-05 6.666666667e-05 0.0014)
(5e-05 6.666666667e-05 0.0014)
(-5e-05 0.0001333333333 0.0014)
(5e-05 0.0001333333333 0.0014)
(-5e-05 0.0002 0.0014)
(5e-05 0.0002 0.0014)
(-5e-05 0.0002666666667 0.0014)
(5e-05 0.0002666666667 0.0014)
(-5e-05 0.0003333333333 0.0014)
(5e-05 0.0003333333333 0.0014)
(-5e-05 0.0004 0.0014)
(5e-05 0.0004 0.0014)
(-5e-05 0.0004666666667 0.0014)
(5e-05 0.0004666666667 0.0014)
(-5e-05 0.0005333333333 0.0014)
(5e-05 0.0005333333333 0.0014)
(-5e-05 0.0006 0.0014)
(5e-05 0.0006 0.0014)
(-5e-05 0.0006666666667 0.0014)
(5e-05 0.0006666666667 0.0014)
(-5e-05 0.0007333333333 0.0014)
(5e-05 0.0007333333333 0.0014)
(-5e-05 0.0008 0.0014)
(5e-05 0.0008 0.0014)
(-5e-05 0.0008666666667 0.0014)
(5e-05 0.0008666666667 0.0014)
(-5e-05 0.0009333333333 0.0014)
(5e-05 0.0009333333333 0.0014)
(-5e-05 0.001 0.0014)
(5e-05 0.001 0.0014)
(-5e-05 0.001066666667 0.0014)
(5e-05 0.001066666667 0.0014)
(-5e-05 0.001133333333 0.0014)
(5e-05 0.001133333333 0.0014)
(-5e-05 0.0012 0.0014)
(5e-05 0.0012 0.0014)
(-5e-05 0.001266666667 0.0014)
(5e-05 0.001266666667 0.0014)
(-5e-05 0.001333333333 0.0014)
(5e-05 0.001333333333 0.0014)
(-5e-05 0.0014 0.0014)
(5e-05 0.0014 0.0014)
(-5e-05 0.001466666667 0.0014)
(5e-05 0.001466666667 0.0014)
(-5e-05 0.001533333333 0.0014)
(5e-05 0.001533333333 0.0014)
(-5e-05 0.0016 0.0014)
(5e-05 0.0016 0.0014)
(-5e-05 0.001666666667 0.0014)
(5e-05 0.001666666667 0.0014)
(-5e-05 0.001733333333 0.0014)
(5e-05 0.001733333333 0.0014)
(-5e-05 0.0018 0.0014)
(5e-05 0.0018 0.0014)
(-5e-05 0.001866666667 0.0014)
(5e-05 0.001866666667 0.0014)
(-5e-05 0.001933333333 0.0014)
(5e-05 0.001933333333 0.0014)
(-5e-05 0.002 0.0014)
(5e-05 0.002 0.0014)
(-5e-05 0.002066666667 0.0014)
(5e-05 0.002066666667 0.0014)
(-5e-05 0.002133333333 0.0014)
(5e-05 0.002133333333 0.0014)
(-5e-05 0.0022 0.0014)
(5e-05 0.0022 0.0014)
(-5e-05 0.002266666667 0.0014)
(5e-05 0.002266666667 0.0014)
(-5e-05 0.002333333333 0.0014)
(5e-05 0.002333333333 0.0014)
(-5e-05 0.0024 0.0014)
(5e-05 0.0024 0.0014)
(-5e-05 0.002466666667 0.0014)
(5e-05 0.002466666667 0.0014)
(-5e-05 0.002533333333 0.0014)
(5e-05 0.002533333333 0.0014)
(-5e-05 0.0026 0.0014)
(5e-05 0.0026 0.0014)
(-5e-05 0.002666666667 0.0014)
(5e-05 0.002666666667 0.0014)
(-5e-05 0.002733333333 0.0014)
(5e-05 0.002733333333 0.0014)
(-5e-05 0.0028 0.0014)
(5e-05 0.0028 0.0014)
(-5e-05 0.002866666667 0.0014)
(5e-05 0.002866666667 0.0014)
(-5e-05 0.002933333333 0.0014)
(5e-05 0.002933333333 0.0014)
(-5e-05 0.003 0.0014)
(5e-05 0.003 0.0014)
(-5e-05 0.003066666667 0.0014)
(5e-05 0.003066666667 0.0014)
(-5e-05 0.003133333333 0.0014)
(5e-05 0.003133333333 0.0014)
(-5e-05 0.0032 0.0014)
(5e-05 0.0032 0.0014)
(-5e-05 0.003266666667 0.0014)
(5e-05 0.003266666667 0.0014)
(-5e-05 0.003333333333 0.0014)
(5e-05 0.003333333333 0.0014)
(-5e-05 0.0034 0.0014)
(5e-05 0.0034 0.0014)
(-5e-05 0.003466666667 0.0014)
(5e-05 0.003466666667 0.0014)
(-5e-05 0.003533333333 0.0014)
(5e-05 0.003533333333 0.0014)
(-5e-05 0.0036 0.0014)
(5e-05 0.0036 0.0014)
(-5e-05 0.003666666667 0.0014)
(5e-05 0.003666666667 0.0014)
(-5e-05 0.003733333333 0.0014)
(5e-05 0.003733333333 0.0014)
(-5e-05 0.0038 0.0014)
(5e-05 0.0038 0.0014)
(-5e-05 0.003866666667 0.0014)
(5e-05 0.003866666667 0.0014)
(-5e-05 0.003933333333 0.0014)
(5e-05 0.003933333333 0.0014)
(-5e-05 0.004 0.0014)
(5e-05 0.004 0.0014)
(-5e-05 0 0.001466666667)
(5e-05 0 0.001466666667)
(-5e-05 6.666666667e-05 0.001466666667)
(5e-05 6.666666667e-05 0.001466666667)
(-5e-05 0.0001333333333 0.001466666667)
(5e-05 0.0001333333333 0.001466666667)
(-5e-05 0.0002 0.001466666667)
(5e-05 0.0002 0.001466666667)
(-5e-05 0.0002666666667 0.001466666667)
(5e-05 0.0002666666667 0.001466666667)
(-5e-05 0.0003333333333 0.001466666667)
(5e-05 0.0003333333333 0.001466666667)
(-5e-05 0.0004 0.001466666667)
(5e-05 0.0004 0.001466666667)
(-5e-05 0.0004666666667 0.001466666667)
(5e-05 0.0004666666667 0.001466666667)
(-5e-05 0.0005333333333 0.001466666667)
(5e-05 0.0005333333333 0.001466666667)
(-5e-05 0.0006 0.001466666667)
(5e-05 0.0006 0.001466666667)
(-5e-05 0.0006666666667 0.001466666667)
(5e-05 0.0006666666667 0.001466666667)
(-5e-05 0.0007333333333 0.001466666667)
(5e-05 0.0007333333333 0.001466666667)
(-5e-05 0.0008 0.001466666667)
(5e-05 0.0008 0.001466666667)
(-5e-05 0.0008666666667 0.001466666667)
(5e-05 0.0008666666667 0.001466666667)
(-5e-05 0.0009333333333 0.001466666667)
(5e-05 0.0009333333333 0.001466666667)
(-5e-05 0.001 0.001466666667)
(5e-05 0.001 0.001466666667)
(-5e-05 0.001066666667 0.001466666667)
(5e-05 0.001066666667 0.001466666667)
(-5e-05 0.001133333333 0.001466666667)
(5e-05 0.001133333333 0.001466666667)
(-5e-05 0.0012 0.001466666667)
(5e-05 0.0012 0.001466666667)
(-5e-05 0.001266666667 0.001466666667)
(5e-05 0.001266666667 0.001466666667)
(-5e-05 0.001333333333 0.001466666667)
(5e-05 0.001333333333 0.001466666667)
(-5e-05 0.0014 0.001466666667)
(5e-05 0.0014 0.001466666667)
(-5e-05 0.001466666667 0.001466666667)
(5e-05 0.001466666667 0.001466666667)
(-5e-05 0.001533333333 0.001466666667)
(5e-05 0.001533333333 0.001466666667)
(-5e-05 0.0016 0.001466666667)
(5e-05 0.0016 0.001466666667)
(-5e-05 0.001666666667 0.001466666667)
(5e-05 0.001666666667 0.001466666667)
(-5e-05 0.001733333333 0.001466666667)
(5e-05 0.001733333333 0.001466666667)
(-5e-05 0.0018 0.001466666667)
(5e-05 0.0018 0.001466666667)
(-5e-05 0.001866666667 0.001466666667)
(5e-05 0.001866666667 0.001466666667)
(-5e-05 0.001933333333 0.001466666667)
(5e-05 0.001933333333 0.001466666667)
(-5e-05 0.002 0.001466666667)
(5e-05 0.002 0.001466666667)
(-5e-05 0.002066666667 0.001466666667)
(5e-05 0.002066666667 0.001466666667)
(-5e-05 0.002133333333 0.001466666667)
(5e-05 0.002133333333 0.001466666667)
(-5e-05 0.0022 0.001466666667)
(5e-05 0.0022 0.001466666667)
(-5e-05 0.002266666667 0.001466666667)
(5e-05 0.002266666667 0.001466666667)
(-5e-05 0.002333333333 0.001466666667)
(5e-05 0.002333333333 0.001466666667)
(-5e-05 0.0024 0.001466666667)
(5e-05 0.0024 0.001466666667)
(-5e-05 0.002466666667 0.001466666667)
(5e-05 0.002466666667 0.001466666667)
(-5e-05 0.002533333333 0.001466666667)
(5e-05 0.002533333333 0.001466666667)
(-5e-05 0.0026 0.001466666667)
(5e-05 0.0026 0.001466666667)
(-5e-05 0.002666666667 0.001466666667)
(5e-05 0.002666666667 0.001466666667)
(-5e-05 0.002733333333 0.001466666667)
(5e-05 0.002733333333 0.001466666667)
(-5e-05 0.0028 0.001466666667)
(5e-05 0.0028 0.001466666667)
(-5e-05 0.002866666667 0.001466666667)
(5e-05 0.002866666667 0.001466666667)
(-5e-05 0.002933333333 0.001466666667)
(5e-05 0.002933333333 0.001466666667)
(-5e-05 0.003 0.001466666667)
(5e-05 0.003 0.001466666667)
(-5e-05 0.003066666667 0.001466666667)
(5e-05 0.003066666667 0.001466666667)
(-5e-05 0.003133333333 0.001466666667)
(5e-05 0.003133333333 0.001466666667)
(-5e-05 0.0032 0.001466666667)
(5e-05 0.0032 0.001466666667)
(-5e-05 0.003266666667 0.001466666667)
(5e-05 0.003266666667 0.001466666667)
(-5e-05 0.003333333333 0.001466666667)
(5e-05 0.003333333333 0.001466666667)
(-5e-05 0.0034 0.001466666667)
(5e-05 0.0034 0.001466666667)
(-5e-05 0.003466666667 0.001466666667)
(5e-05 0.003466666667 0.001466666667)
(-5e-05 0.003533333333 0.001466666667)
(5e-05 0.003533333333 0.001466666667)
(-5e-05 0.0036 0.001466666667)
(5e-05 0.0036 0.001466666667)
(-5e-05 0.003666666667 0.001466666667)
(5e-05 0.003666666667 0.001466666667)
(-5e-05 0.003733333333 0.001466666667)
(5e-05 0.003733333333 0.001466666667)
(-5e-05 0.0038 0.001466666667)
(5e-05 0.0038 0.001466666667)
(-5e-05 0.003866666667 0.001466666667)
(5e-05 0.003866666667 0.001466666667)
(-5e-05 0.003933333333 0.001466666667)
(5e-05 0.003933333333 0.001466666667)
(-5e-05 0.004 0.001466666667)
(5e-05 0.004 0.001466666667)
(-5e-05 0 0.001533333333)
(5e-05 0 0.001533333333)
(-5e-05 6.666666667e-05 0.001533333333)
(5e-05 6.666666667e-05 0.001533333333)
(-5e-05 0.0001333333333 0.001533333333)
(5e-05 0.0001333333333 0.001533333333)
(-5e-05 0.0002 0.001533333333)
(5e-05 0.0002 0.001533333333)
(-5e-05 0.0002666666667 0.001533333333)
(5e-05 0.0002666666667 0.001533333333)
(-5e-05 0.0003333333333 0.001533333333)
(5e-05 0.0003333333333 0.001533333333)
(-5e-05 0.0004 0.001533333333)
(5e-05 0.0004 0.001533333333)
(-5e-05 0.0004666666667 0.001533333333)
(5e-05 0.0004666666667 0.001533333333)
(-5e-05 0.0005333333333 0.001533333333)
(5e-05 0.0005333333333 0.001533333333)
(-5e-05 0.0006 0.001533333333)
(5e-05 0.0006 0.001533333333)
(-5e-05 0.0006666666667 0.001533333333)
(5e-05 0.0006666666667 0.001533333333)
(-5e-05 0.0007333333333 0.001533333333)
(5e-05 0.0007333333333 0.001533333333)
(-5e-05 0.0008 0.001533333333)
(5e-05 0.0008 0.001533333333)
(-5e-05 0.0008666666667 0.001533333333)
(5e-05 0.0008666666667 0.001533333333)
(-5e-05 0.0009333333333 0.001533333333)
(5e-05 0.0009333333333 0.001533333333)
(-5e-05 0.001 0.001533333333)
(5e-05 0.001 0.001533333333)
(-5e-05 0.001066666667 0.001533333333)
(5e-05 0.001066666667 0.001533333333)
(-5e-05 0.001133333333 0.001533333333)
(5e-05 0.001133333333 0.001533333333)
(-5e-05 0.0012 0.001533333333)
(5e-05 0.0012 0.001533333333)
(-5e-05 0.001266666667 0.001533333333)
(5e-05 0.001266666667 0.001533333333)
(-5e-05 0.001333333333 0.001533333333)
(5e-05 0.001333333333 0.001533333333)
(-5e-05 0.0014 0.001533333333)
(5e-05 0.0014 0.001533333333)
(-5e-05 0.001466666667 0.001533333333)
(5e-05 0.001466666667 0.001533333333)
(-5e-05 0.001533333333 0.001533333333)
(5e-05 0.001533333333 0.001533333333)
(-5e-05 0.0016 0.001533333333)
(5e-05 0.0016 0.001533333333)
(-5e-05 0.001666666667 0.001533333333)
(5e-05 0.001666666667 0.001533333333)
(-5e-05 0.001733333333 0.001533333333)
(5e-05 0.001733333333 0.001533333333)
(-5e-05 0.0018 0.001533333333)
(5e-05 0.0018 0.001533333333)
(-5e-05 0.001866666667 0.001533333333)
(5e-05 0.001866666667 0.001533333333)
(-5e-05 0.001933333333 0.001533333333)
(5e-05 0.001933333333 0.001533333333)
(-5e-05 0.002 0.001533333333)
(5e-05 0.002 0.001533333333)
(-5e-05 0.002066666667 0.001533333333)
(5e-05 0.002066666667 0.001533333333)
(-5e-05 0.002133333333 0.001533333333)
(5e-05 0.002133333333 0.001533333333)
(-5e-05 0.0022 0.001533333333)
(5e-05 0.0022 0.001533333333)
(-5e-05 0.002266666667 0.001533333333)
(5e-05 0.002266666667 0.001533333333)
(-5e-05 0.002333333333 0.001533333333)
(5e-05 0.002333333333 0.001533333333)
(-5e-05 0.0024 0.001533333333)
(5e-05 0.0024 0.001533333333)
(-5e-05 0.002466666667 0.001533333333)
(5e-05 0.002466666667 0.001533333333)
(-5e-05 0.002533333333 0.001533333333)
(5e-05 0.002533333333 0.001533333333)
(-5e-05 0.0026 0.001533333333)
(5e-05 0.0026 0.001533333333)
(-5e-05 0.002666666667 0.001533333333)
(5e-05 0.002666666667 0.001533333333)
(-5e-05 0.002733333333 0.001533333333)
(5e-05 0.002733333333 0.001533333333)
(-5e-05 0.0028 0.001533333333)
(5e-05 0.0028 0.001533333333)
(-5e-05 0.002866666667 0.001533333333)
(5e-05 0.002866666667 0.001533333333)
(-5e-05 0.002933333333 0.001533333333)
(5e-05 0.002933333333 0.001533333333)
(-5e-05 0.003 0.001533333333)
(5e-05 0.003 0.001533333333)
(-5e-05 0.003066666667 0.001533333333)
(5e-05 0.003066666667 0.001533333333)
(-5e-05 0.003133333333 0.001533333333)
(5e-05 0.003133333333 0.001533333333)
(-5e-05 0.0032 0.001533333333)
(5e-05 0.0032 0.001533333333)
(-5e-05 0.003266666667 0.001533333333)
(5e-05 0.003266666667 0.001533333333)
(-5e-05 0.003333333333 0.001533333333)
(5e-05 0.003333333333 0.001533333333)
(-5e-05 0.0034 0.001533333333)
(5e-05 0.0034 0.001533333333)
(-5e-05 0.003466666667 0.001533333333)
(5e-05 0.003466666667 0.001533333333)
(-5e-05 0.003533333333 0.001533333333)
(5e-05 0.003533333333 0.001533333333)
(-5e-05 0.0036 0.001533333333)
(5e-05 0.0036 0.001533333333)
(-5e-05 0.003666666667 0.001533333333)
(5e-05 0.003666666667 0.001533333333)
(-5e-05 0.003733333333 0.001533333333)
(5e-05 0.003733333333 0.001533333333)
(-5e-05 0.0038 0.001533333333)
(5e-05 0.0038 0.001533333333)
(-5e-05 0.003866666667 0.001533333333)
(5e-05 0.003866666667 0.001533333333)
(-5e-05 0.003933333333 0.001533333333)
(5e-05 0.003933333333 0.001533333333)
(-5e-05 0.004 0.001533333333)
(5e-05 0.004 0.001533333333)
(-5e-05 0 0.0016)
(5e-05 0 0.0016)
(-5e-05 6.666666667e-05 0.0016)
(5e-05 6.666666667e-05 0.0016)
(-5e-05 0.0001333333333 0.0016)
(5e-05 0.0001333333333 0.0016)
(-5e-05 0.0002 0.0016)
(5e-05 0.0002 0.0016)
(-5e-05 0.0002666666667 0.0016)
(5e-05 0.0002666666667 0.0016)
(-5e-05 0.0003333333333 0.0016)
(5e-05 0.0003333333333 0.0016)
(-5e-05 0.0004 0.0016)
(5e-05 0.0004 0.0016)
(-5e-05 0.0004666666667 0.0016)
(5e-05 0.0004666666667 0.0016)
(-5e-05 0.0005333333333 0.0016)
(5e-05 0.0005333333333 0.0016)
(-5e-05 0.0006 0.0016)
(5e-05 0.0006 0.0016)
(-5e-05 0.0006666666667 0.0016)
(5e-05 0.0006666666667 0.0016)
(-5e-05 0.0007333333333 0.0016)
(5e-05 0.0007333333333 0.0016)
(-5e-05 0.0008 0.0016)
(5e-05 0.0008 0.0016)
(-5e-05 0.0008666666667 0.0016)
(5e-05 0.0008666666667 0.0016)
(-5e-05 0.0009333333333 0.0016)
(5e-05 0.0009333333333 0.0016)
(-5e-05 0.001 0.0016)
(5e-05 0.001 0.0016)
(-5e-05 0.001066666667 0.0016)
(5e-05 0.001066666667 0.0016)
(-5e-05 0.001133333333 0.0016)
(5e-05 0.001133333333 0.0016)
(-5e-05 0.0012 0.0016)
(5e-05 0.0012 0.0016)
(-5e-05 0.001266666667 0.0016)
(5e-05 0.001266666667 0.0016)
(-5e-05 0.001333333333 0.0016)
(5e-05 0.001333333333 0.0016)
(-5e-05 0.0014 0.0016)
(5e-05 0.0014 0.0016)
(-5e-05 0.001466666667 0.0016)
(5e-05 0.001466666667 0.0016)
(-5e-05 0.001533333333 0.0016)
(5e-05 0.001533333333 0.0016)
(-5e-05 0.0016 0.0016)
(5e-05 0.0016 0.0016)
(-5e-05 0.001666666667 0.0016)
(5e-05 0.001666666667 0.0016)
(-5e-05 0.001733333333 0.0016)
(5e-05 0.001733333333 0.0016)
(-5e-05 0.0018 0.0016)
(5e-05 0.0018 0.0016)
(-5e-05 0.001866666667 0.0016)
(5e-05 0.001866666667 0.0016)
(-5e-05 0.001933333333 0.0016)
(5e-05 0.001933333333 0.0016)
(-5e-05 0.002 0.0016)
(5e-05 0.002 0.0016)
(-5e-05 0.002066666667 0.0016)
(5e-05 0.002066666667 0.0016)
(-5e-05 0.002133333333 0.0016)
(5e-05 0.002133333333 0.0016)
(-5e-05 0.0022 0.0016)
(5e-05 0.0022 0.0016)
(-5e-05 0.002266666667 0.0016)
(5e-05 0.002266666667 0.0016)
(-5e-05 0.002333333333 0.0016)
(5e-05 0.002333333333 0.0016)
(-5e-05 0.0024 0.0016)
(5e-05 0.0024 0.0016)
(-5e-05 0.002466666667 0.0016)
(5e-05 0.002466666667 0.0016)
(-5e-05 0.002533333333 0.0016)
(5e-05 0.002533333333 0.0016)
(-5e-05 0.0026 0.0016)
(5e-05 0.0026 0.0016)
(-5e-05 0.002666666667 0.0016)
(5e-05 0.002666666667 0.0016)
(-5e-05 0.002733333333 0.0016)
(5e-05 0.002733333333 0.0016)
(-5e-05 0.0028 0.0016)
(5e-05 0.0028 0.0016)
(-5e-05 0.002866666667 0.0016)
(5e-05 0.002866666667 0.0016)
(-5e-05 0.002933333333 0.0016)
(5e-05 0.002933333333 0.0016)
(-5e-05 0.003 0.0016)
(5e-05 0.003 0.0016)
(-5e-05 0.003066666667 0.0016)
(5e-05 0.003066666667 0.0016)
(-5e-05 0.003133333333 0.0016)
(5e-05 0.003133333333 0.0016)
(-5e-05 0.0032 0.0016)
(5e-05 0.0032 0.0016)
(-5e-05 0.003266666667 0.0016)
(5e-05 0.003266666667 0.0016)
(-5e-05 0.003333333333 0.0016)
(5e-05 0.003333333333 0.0016)
(-5e-05 0.0034 0.0016)
(5e-05 0.0034 0.0016)
(-5e-05 0.003466666667 0.0016)
(5e-05 0.003466666667 0.0016)
(-5e-05 0.003533333333 0.0016)
(5e-05 0.003533333333 0.0016)
(-5e-05 0.0036 0.0016)
(5e-05 0.0036 0.0016)
(-5e-05 0.003666666667 0.0016)
(5e-05 0.003666666667 0.0016)
(-5e-05 0.003733333333 0.0016)
(5e-05 0.003733333333 0.0016)
(-5e-05 0.0038 0.0016)
(5e-05 0.0038 0.0016)
(-5e-05 0.003866666667 0.0016)
(5e-05 0.003866666667 0.0016)
(-5e-05 0.003933333333 0.0016)
(5e-05 0.003933333333 0.0016)
(-5e-05 0.004 0.0016)
(5e-05 0.004 0.0016)
(-5e-05 0 0.001666666667)
(5e-05 0 0.001666666667)
(-5e-05 6.666666667e-05 0.001666666667)
(5e-05 6.666666667e-05 0.001666666667)
(-5e-05 0.0001333333333 0.001666666667)
(5e-05 0.0001333333333 0.001666666667)
(-5e-05 0.0002 0.001666666667)
(5e-05 0.0002 0.001666666667)
(-5e-05 0.0002666666667 0.001666666667)
(5e-05 0.0002666666667 0.001666666667)
(-5e-05 0.0003333333333 0.001666666667)
(5e-05 0.0003333333333 0.001666666667)
(-5e-05 0.0004 0.001666666667)
(5e-05 0.0004 0.001666666667)
(-5e-05 0.0004666666667 0.001666666667)
(5e-05 0.0004666666667 0.001666666667)
(-5e-05 0.0005333333333 0.001666666667)
(5e-05 0.0005333333333 0.001666666667)
(-5e-05 0.0006 0.001666666667)
(5e-05 0.0006 0.001666666667)
(-5e-05 0.0006666666667 0.001666666667)
(5e-05 0.0006666666667 0.001666666667)
(-5e-05 0.0007333333333 0.001666666667)
(5e-05 0.0007333333333 0.001666666667)
(-5e-05 0.0008 0.001666666667)
(5e-05 0.0008 0.001666666667)
(-5e-05 0.0008666666667 0.001666666667)
(5e-05 0.0008666666667 0.001666666667)
(-5e-05 0.0009333333333 0.001666666667)
(5e-05 0.0009333333333 0.001666666667)
(-5e-05 0.001 0.001666666667)
(5e-05 0.001 0.001666666667)
(-5e-05 0.001066666667 0.001666666667)
(5e-05 0.001066666667 0.001666666667)
(-5e-05 0.001133333333 0.001666666667)
(5e-05 0.001133333333 0.001666666667)
(-5e-05 0.0012 0.001666666667)
(5e-05 0.0012 0.001666666667)
(-5e-05 0.001266666667 0.001666666667)
(5e-05 0.001266666667 0.001666666667)
(-5e-05 0.001333333333 0.001666666667)
(5e-05 0.001333333333 0.001666666667)
(-5e-05 0.0014 0.001666666667)
(5e-05 0.0014 0.001666666667)
(-5e-05 0.001466666667 0.001666666667)
(5e-05 0.001466666667 0.001666666667)
(-5e-05 0.001533333333 0.001666666667)
(5e-05 0.001533333333 0.001666666667)
(-5e-05 0.0016 0.001666666667)
(5e-05 0.0016 0.001666666667)
(-5e-05 0.001666666667 0.001666666667)
(5e-05 0.001666666667 0.001666666667)
(-5e-05 0.001733333333 0.001666666667)
(5e-05 0.001733333333 0.001666666667)
(-5e-05 0.0018 0.001666666667)
(5e-05 0.0018 0.001666666667)
(-5e-05 0.001866666667 0.001666666667)
(5e-05 0.001866666667 0.001666666667)
(-5e-05 0.001933333333 0.001666666667)
(5e-05 0.001933333333 0.001666666667)
(-5e-05 0.002 0.001666666667)
(5e-05 0.002 0.001666666667)
(-5e-05 0.002066666667 0.001666666667)
(5e-05 0.002066666667 0.001666666667)
(-5e-05 0.002133333333 0.001666666667)
(5e-05 0.002133333333 0.001666666667)
(-5e-05 0.0022 0.001666666667)
(5e-05 0.0022 0.001666666667)
(-5e-05 0.002266666667 0.001666666667)
(5e-05 0.002266666667 0.001666666667)
(-5e-05 0.002333333333 0.001666666667)
(5e-05 0.002333333333 0.001666666667)
(-5e-05 0.0024 0.001666666667)
(5e-05 0.0024 0.001666666667)
(-5e-05 0.002466666667 0.001666666667)
(5e-05 0.002466666667 0.001666666667)
(-5e-05 0.002533333333 0.001666666667)
(5e-05 0.002533333333 0.001666666667)
(-5e-05 0.0026 0.001666666667)
(5e-05 0.0026 0.001666666667)
(-5e-05 0.002666666667 0.001666666667)
(5e-05 0.002666666667 0.001666666667)
(-5e-05 0.002733333333 0.001666666667)
(5e-05 0.002733333333 0.001666666667)
(-5e-05 0.0028 0.001666666667)
(5e-05 0.0028 0.001666666667)
(-5e-05 0.002866666667 0.001666666667)
(5e-05 0.002866666667 0.001666666667)
(-5e-05 0.002933333333 0.001666666667)
(5e-05 0.002933333333 0.001666666667)
(-5e-05 0.003 0.001666666667)
(5e-05 0.003 0.001666666667)
(-5e-05 0.003066666667 0.001666666667)
(5e-05 0.003066666667 0.001666666667)
(-5e-05 0.003133333333 0.001666666667)
(5e-05 0.003133333333 0.001666666667)
(-5e-05 0.0032 0.001666666667)
(5e-05 0.0032 0.001666666667)
(-5e-05 0.003266666667 0.001666666667)
(5e-05 0.003266666667 0.001666666667)
(-5e-05 0.003333333333 0.001666666667)
(5e-05 0.003333333333 0.001666666667)
(-5e-05 0.0034 0.001666666667)
(5e-05 0.0034 0.001666666667)
(-5e-05 0.003466666667 0.001666666667)
(5e-05 0.003466666667 0.001666666667)
(-5e-05 0.003533333333 0.001666666667)
(5e-05 0.003533333333 0.001666666667)
(-5e-05 0.0036 0.001666666667)
(5e-05 0.0036 0.001666666667)
(-5e-05 0.003666666667 0.001666666667)
(5e-05 0.003666666667 0.001666666667)
(-5e-05 0.003733333333 0.001666666667)
(5e-05 0.003733333333 0.001666666667)
(-5e-05 0.0038 0.001666666667)
(5e-05 0.0038 0.001666666667)
(-5e-05 0.003866666667 0.001666666667)
(5e-05 0.003866666667 0.001666666667)
(-5e-05 0.003933333333 0.001666666667)
(5e-05 0.003933333333 0.001666666667)
(-5e-05 0.004 0.001666666667)
(5e-05 0.004 0.001666666667)
(-5e-05 0 0.001733333333)
(5e-05 0 0.001733333333)
(-5e-05 6.666666667e-05 0.001733333333)
(5e-05 6.666666667e-05 0.001733333333)
(-5e-05 0.0001333333333 0.001733333333)
(5e-05 0.0001333333333 0.001733333333)
(-5e-05 0.0002 0.001733333333)
(5e-05 0.0002 0.001733333333)
(-5e-05 0.0002666666667 0.001733333333)
(5e-05 0.0002666666667 0.001733333333)
(-5e-05 0.0003333333333 0.001733333333)
(5e-05 0.0003333333333 0.001733333333)
(-5e-05 0.0004 0.001733333333)
(5e-05 0.0004 0.001733333333)
(-5e-05 0.0004666666667 0.001733333333)
(5e-05 0.0004666666667 0.001733333333)
(-5e-05 0.0005333333333 0.001733333333)
(5e-05 0.0005333333333 0.001733333333)
(-5e-05 0.0006 0.001733333333)
(5e-05 0.0006 0.001733333333)
(-5e-05 0.0006666666667 0.001733333333)
(5e-05 0.0006666666667 0.001733333333)
(-5e-05 0.0007333333333 0.001733333333)
(5e-05 0.0007333333333 0.001733333333)
(-5e-05 0.0008 0.001733333333)
(5e-05 0.0008 0.001733333333)
(-5e-05 0.0008666666667 0.001733333333)
(5e-05 0.0008666666667 0.001733333333)
(-5e-05 0.0009333333333 0.001733333333)
(5e-05 0.0009333333333 0.001733333333)
(-5e-05 0.001 0.001733333333)
(5e-05 0.001 0.001733333333)
(-5e-05 0.001066666667 0.001733333333)
(5e-05 0.001066666667 0.001733333333)
(-5e-05 0.001133333333 0.001733333333)
(5e-05 0.001133333333 0.001733333333)
(-5e-05 0.0012 0.001733333333)
(5e-05 0.0012 0.001733333333)
(-5e-05 0.001266666667 0.001733333333)
(5e-05 0.001266666667 0.001733333333)
(-5e-05 0.001333333333 0.001733333333)
(5e-05 0.001333333333 0.001733333333)
(-5e-05 0.0014 0.001733333333)
(5e-05 0.0014 0.001733333333)
(-5e-05 0.001466666667 0.001733333333)
(5e-05 0.001466666667 0.001733333333)
(-5e-05 0.001533333333 0.001733333333)
(5e-05 0.001533333333 0.001733333333)
(-5e-05 0.0016 0.001733333333)
(5e-05 0.0016 0.001733333333)
(-5e-05 0.001666666667 0.001733333333)
(5e-05 0.001666666667 0.001733333333)
(-5e-05 0.001733333333 0.001733333333)
(5e-05 0.001733333333 0.001733333333)
(-5e-05 0.0018 0.001733333333)
(5e-05 0.0018 0.001733333333)
(-5e-05 0.001866666667 0.001733333333)
(5e-05 0.001866666667 0.001733333333)
(-5e-05 0.001933333333 0.001733333333)
(5e-05 0.001933333333 0.001733333333)
(-5e-05 0.002 0.001733333333)
(5e-05 0.002 0.001733333333)
(-5e-05 0.002066666667 0.001733333333)
(5e-05 0.002066666667 0.001733333333)
(-5e-05 0.002133333333 0.001733333333)
(5e-05 0.002133333333 0.001733333333)
(-5e-05 0.0022 0.001733333333)
(5e-05 0.0022 0.001733333333)
(-5e-05 0.002266666667 0.001733333333)
(5e-05 0.002266666667 0.001733333333)
(-5e-05 0.002333333333 0.001733333333)
(5e-05 0.002333333333 0.001733333333)
(-5e-05 0.0024 0.001733333333)
(5e-05 0.0024 0.001733333333)
(-5e-05 0.002466666667 0.001733333333)
(5e-05 0.002466666667 0.001733333333)
(-5e-05 0.002533333333 0.001733333333)
(5e-05 0.002533333333 0.001733333333)
(-5e-05 0.0026 0.001733333333)
(5e-05 0.0026 0.001733333333)
(-5e-05 0.002666666667 0.001733333333)
(5e-05 0.002666666667 0.001733333333)
(-5e-05 0.002733333333 0.001733333333)
(5e-05 0.002733333333 0.001733333333)
(-5e-05 0.0028 0.001733333333)
(5e-05 0.0028 0.001733333333)
(-5e-05 0.002866666667 0.001733333333)
(5e-05 0.002866666667 0.001733333333)
(-5e-05 0.002933333333 0.001733333333)
(5e-05 0.002933333333 0.001733333333)
(-5e-05 0.003 0.001733333333)
(5e-05 0.003 0.001733333333)
(-5e-05 0.003066666667 0.001733333333)
(5e-05 0.003066666667 0.001733333333)
(-5e-05 0.003133333333 0.001733333333)
(5e-05 0.003133333333 0.001733333333)
(-5e-05 0.0032 0.001733333333)
(5e-05 0.0032 0.001733333333)
(-5e-05 0.003266666667 0.001733333333)
(5e-05 0.003266666667 0.001733333333)
(-5e-05 0.003333333333 0.001733333333)
(5e-05 0.003333333333 0.001733333333)
(-5e-05 0.0034 0.001733333333)
(5e-05 0.0034 0.001733333333)
(-5e-05 0.003466666667 0.001733333333)
(5e-05 0.003466666667 0.001733333333)
(-5e-05 0.003533333333 0.001733333333)
(5e-05 0.003533333333 0.001733333333)
(-5e-05 0.0036 0.001733333333)
(5e-05 0.0036 0.001733333333)
(-5e-05 0.003666666667 0.001733333333)
(5e-05 0.003666666667 0.001733333333)
(-5e-05 0.003733333333 0.001733333333)
(5e-05 0.003733333333 0.001733333333)
(-5e-05 0.0038 0.001733333333)
(5e-05 0.0038 0.001733333333)
(-5e-05 0.003866666667 0.001733333333)
(5e-05 0.003866666667 0.001733333333)
(-5e-05 0.003933333333 0.001733333333)
(5e-05 0.003933333333 0.001733333333)
(-5e-05 0.004 0.001733333333)
(5e-05 0.004 0.001733333333)
(-5e-05 0 0.0018)
(5e-05 0 0.0018)
(-5e-05 6.666666667e-05 0.0018)
(5e-05 6.666666667e-05 0.0018)
(-5e-05 0.0001333333333 0.0018)
(5e-05 0.0001333333333 0.0018)
(-5e-05 0.0002 0.0018)
(5e-05 0.0002 0.0018)
(-5e-05 0.0002666666667 0.0018)
(5e-05 0.0002666666667 0.0018)
(-5e-05 0.0003333333333 0.0018)
(5e-05 0.0003333333333 0.0018)
(-5e-05 0.0004 0.0018)
(5e-05 0.0004 0.0018)
(-5e-05 0.0004666666667 0.0018)
(5e-05 0.0004666666667 0.0018)
(-5e-05 0.0005333333333 0.0018)
(5e-05 0.0005333333333 0.0018)
(-5e-05 0.0006 0.0018)
(5e-05 0.0006 0.0018)
(-5e-05 0.0006666666667 0.0018)
(5e-05 0.0006666666667 0.0018)
(-5e-05 0.0007333333333 0.0018)
(5e-05 0.0007333333333 0.0018)
(-5e-05 0.0008 0.0018)
(5e-05 0.0008 0.0018)
(-5e-05 0.0008666666667 0.0018)
(5e-05 0.0008666666667 0.0018)
(-5e-05 0.0009333333333 0.0018)
(5e-05 0.0009333333333 0.0018)
(-5e-05 0.001 0.0018)
(5e-05 0.001 0.0018)
(-5e-05 0.001066666667 0.0018)
(5e-05 0.001066666667 0.0018)
(-5e-05 0.001133333333 0.0018)
(5e-05 0.001133333333 0.0018)
(-5e-05 0.0012 0.0018)
(5e-05 0.0012 0.0018)
(-5e-05 0.001266666667 0.0018)
(5e-05 0.001266666667 0.0018)
(-5e-05 0.001333333333 0.0018)
(5e-05 0.001333333333 0.0018)
(-5e-05 0.0014 0.0018)
(5e-05 0.0014 0.0018)
(-5e-05 0.001466666667 0.0018)
(5e-05 0.001466666667 0.0018)
(-5e-05 0.001533333333 0.0018)
(5e-05 0.001533333333 0.0018)
(-5e-05 0.0016 0.0018)
(5e-05 0.0016 0.0018)
(-5e-05 0.001666666667 0.0018)
(5e-05 0.001666666667 0.0018)
(-5e-05 0.001733333333 0.0018)
(5e-05 0.001733333333 0.0018)
(-5e-05 0.0018 0.0018)
(5e-05 0.0018 0.0018)
(-5e-05 0.001866666667 0.0018)
(5e-05 0.001866666667 0.0018)
(-5e-05 0.001933333333 0.0018)
(5e-05 0.001933333333 0.0018)
(-5e-05 0.002 0.0018)
(5e-05 0.002 0.0018)
(-5e-05 0.002066666667 0.0018)
(5e-05 0.002066666667 0.0018)
(-5e-05 0.002133333333 0.0018)
(5e-05 0.002133333333 0.0018)
(-5e-05 0.0022 0.0018)
(5e-05 0.0022 0.0018)
(-5e-05 0.002266666667 0.0018)
(5e-05 0.002266666667 0.0018)
(-5e-05 0.002333333333 0.0018)
(5e-05 0.002333333333 0.0018)
(-5e-05 0.0024 0.0018)
(5e-05 0.0024 0.0018)
(-5e-05 0.002466666667 0.0018)
(5e-05 0.002466666667 0.0018)
(-5e-05 0.002533333333 0.0018)
(5e-05 0.002533333333 0.0018)
(-5e-05 0.0026 0.0018)
(5e-05 0.0026 0.0018)
(-5e-05 0.002666666667 0.0018)
(5e-05 0.002666666667 0.0018)
(-5e-05 0.002733333333 0.0018)
(5e-05 0.002733333333 0.0018)
(-5e-05 0.0028 0.0018)
(5e-05 0.0028 0.0018)
(-5e-05 0.002866666667 0.0018)
(5e-05 0.002866666667 0.0018)
(-5e-05 0.002933333333 0.0018)
(5e-05 0.002933333333 0.0018)
(-5e-05 0.003 0.0018)
(5e-05 0.003 0.0018)
(-5e-05 0.003066666667 0.0018)
(5e-05 0.003066666667 0.0018)
(-5e-05 0.003133333333 0.0018)
(5e-05 0.003133333333 0.0018)
(-5e-05 0.0032 0.0018)
(5e-05 0.0032 0.0018)
(-5e-05 0.003266666667 0.0018)
(5e-05 0.003266666667 0.0018)
(-5e-05 0.003333333333 0.0018)
(5e-05 0.003333333333 0.0018)
(-5e-05 0.0034 0.0018)
(5e-05 0.0034 0.0018)
(-5e-05 0.003466666667 0.0018)
(5e-05 0.003466666667 0.0018)
(-5e-05 0.003533333333 0.0018)
(5e-05 0.003533333333 0.0018)
(-5e-05 0.0036 0.0018)
(5e-05 0.0036 0.0018)
(-5e-05 0.003666666667 0.0018)
(5e-05 0.003666666667 0.0018)
(-5e-05 0.003733333333 0.0018)
(5e-05 0.003733333333 0.0018)
(-5e-05 0.0038 0.0018)
(5e-05 0.0038 0.0018)
(-5e-05 0.003866666667 0.0018)
(5e-05 0.003866666667 0.0018)
(-5e-05 0.003933333333 0.0018)
(5e-05 0.003933333333 0.0018)
(-5e-05 0.004 0.0018)
(5e-05 0.004 0.0018)
(-5e-05 0 0.001866666667)
(5e-05 0 0.001866666667)
(-5e-05 6.666666667e-05 0.001866666667)
(5e-05 6.666666667e-05 0.001866666667)
(-5e-05 0.0001333333333 0.001866666667)
(5e-05 0.0001333333333 0.001866666667)
(-5e-05 0.0002 0.001866666667)
(5e-05 0.0002 0.001866666667)
(-5e-05 0.0002666666667 0.001866666667)
(5e-05 0.0002666666667 0.001866666667)
(-5e-05 0.0003333333333 0.001866666667)
(5e-05 0.0003333333333 0.001866666667)
(-5e-05 0.0004 0.001866666667)
(5e-05 0.0004 0.001866666667)
(-5e-05 0.0004666666667 0.001866666667)
(5e-05 0.0004666666667 0.001866666667)
(-5e-05 0.0005333333333 0.001866666667)
(5e-05 0.0005333333333 0.001866666667)
(-5e-05 0.0006 0.001866666667)
(5e-05 0.0006 0.001866666667)
(-5e-05 0.0006666666667 0.001866666667)
(5e-05 0.0006666666667 0.001866666667)
(-5e-05 0.0007333333333 0.001866666667)
(5e-05 0.0007333333333 0.001866666667)
(-5e-05 0.0008 0.001866666667)
(5e-05 0.0008 0.001866666667)
(-5e-05 0.0008666666667 0.001866666667)
(5e-05 0.0008666666667 0.001866666667)
(-5e-05 0.0009333333333 0.001866666667)
(5e-05 0.0009333333333 0.001866666667)
(-5e-05 0.001 0.001866666667)
(5e-05 0.001 0.001866666667)
(-5e-05 0.001066666667 0.001866666667)
(5e-05 0.001066666667 0.001866666667)
(-5e-05 0.001133333333 0.001866666667)
(5e-05 0.001133333333 0.001866666667)
(-5e-05 0.0012 0.001866666667)
(5e-05 0.0012 0.001866666667)
(-5e-05 0.001266666667 0.001866666667)
(5e-05 0.001266666667 0.001866666667)
(-5e-05 0.001333333333 0.001866666667)
(5e-05 0.001333333333 0.001866666667)
(-5e-05 0.0014 0.001866666667)
(5e-05 0.0014 0.001866666667)
(-5e-05 0.001466666667 0.001866666667)
(5e-05 0.001466666667 0.001866666667)
(-5e-05 0.001533333333 0.001866666667)
(5e-05 0.001533333333 0.001866666667)
(-5e-05 0.0016 0.001866666667)
(5e-05 0.0016 0.001866666667)
(-5e-05 0.001666666667 0.001866666667)
(5e-05 0.001666666667 0.001866666667)
(-5e-05 0.001733333333 0.001866666667)
(5e-05 0.001733333333 0.001866666667)
(-5e-05 0.0018 0.001866666667)
(5e-05 0.0018 0.001866666667)
(-5e-05 0.001866666667 0.001866666667)
(5e-05 0.001866666667 0.001866666667)
(-5e-05 0.001933333333 0.001866666667)
(5e-05 0.001933333333 0.001866666667)
(-5e-05 0.002 0.001866666667)
(5e-05 0.002 0.001866666667)
(-5e-05 0.002066666667 0.001866666667)
(5e-05 0.002066666667 0.001866666667)
(-5e-05 0.002133333333 0.001866666667)
(5e-05 0.002133333333 0.001866666667)
(-5e-05 0.0022 0.001866666667)
(5e-05 0.0022 0.001866666667)
(-5e-05 0.002266666667 0.001866666667)
(5e-05 0.002266666667 0.001866666667)
(-5e-05 0.002333333333 0.001866666667)
(5e-05 0.002333333333 0.001866666667)
(-5e-05 0.0024 0.001866666667)
(5e-05 0.0024 0.001866666667)
(-5e-05 0.002466666667 0.001866666667)
(5e-05 0.002466666667 0.001866666667)
(-5e-05 0.002533333333 0.001866666667)
(5e-05 0.002533333333 0.001866666667)
(-5e-05 0.0026 0.001866666667)
(5e-05 0.0026 0.001866666667)
(-5e-05 0.002666666667 0.001866666667)
(5e-05 0.002666666667 0.001866666667)
(-5e-05 0.002733333333 0.001866666667)
(5e-05 0.002733333333 0.001866666667)
(-5e-05 0.0028 0.001866666667)
(5e-05 0.0028 0.001866666667)
(-5e-05 0.002866666667 0.001866666667)
(5e-05 0.002866666667 0.001866666667)
(-5e-05 0.002933333333 0.001866666667)
(5e-05 0.002933333333 0.001866666667)
(-5e-05 0.003 0.001866666667)
(5e-05 0.003 0.001866666667)
(-5e-05 0.003066666667 0.001866666667)
(5e-05 0.003066666667 0.001866666667)
(-5e-05 0.003133333333 0.001866666667)
(5e-05 0.003133333333 0.001866666667)
(-5e-05 0.0032 0.001866666667)
(5e-05 0.0032 0.001866666667)
(-5e-05 0.003266666667 0.001866666667)
(5e-05 0.003266666667 0.001866666667)
(-5e-05 0.003333333333 0.001866666667)
(5e-05 0.003333333333 0.001866666667)
(-5e-05 0.0034 0.001866666667)
(5e-05 0.0034 0.001866666667)
(-5e-05 0.003466666667 0.001866666667)
(5e-05 0.003466666667 0.001866666667)
(-5e-05 0.003533333333 0.001866666667)
(5e-05 0.003533333333 0.001866666667)
(-5e-05 0.0036 0.001866666667)
(5e-05 0.0036 0.001866666667)
(-5e-05 0.003666666667 0.001866666667)
(5e-05 0.003666666667 0.001866666667)
(-5e-05 0.003733333333 0.001866666667)
(5e-05 0.003733333333 0.001866666667)
(-5e-05 0.0038 0.001866666667)
(5e-05 0.0038 0.001866666667)
(-5e-05 0.003866666667 0.001866666667)
(5e-05 0.003866666667 0.001866666667)
(-5e-05 0.003933333333 0.001866666667)
(5e-05 0.003933333333 0.001866666667)
(-5e-05 0.004 0.001866666667)
(5e-05 0.004 0.001866666667)
(-5e-05 0 0.001933333333)
(5e-05 0 0.001933333333)
(-5e-05 6.666666667e-05 0.001933333333)
(5e-05 6.666666667e-05 0.001933333333)
(-5e-05 0.0001333333333 0.001933333333)
(5e-05 0.0001333333333 0.001933333333)
(-5e-05 0.0002 0.001933333333)
(5e-05 0.0002 0.001933333333)
(-5e-05 0.0002666666667 0.001933333333)
(5e-05 0.0002666666667 0.001933333333)
(-5e-05 0.0003333333333 0.001933333333)
(5e-05 0.0003333333333 0.001933333333)
(-5e-05 0.0004 0.001933333333)
(5e-05 0.0004 0.001933333333)
(-5e-05 0.0004666666667 0.001933333333)
(5e-05 0.0004666666667 0.001933333333)
(-5e-05 0.0005333333333 0.001933333333)
(5e-05 0.0005333333333 0.001933333333)
(-5e-05 0.0006 0.001933333333)
(5e-05 0.0006 0.001933333333)
(-5e-05 0.0006666666667 0.001933333333)
(5e-05 0.0006666666667 0.001933333333)
(-5e-05 0.0007333333333 0.001933333333)
(5e-05 0.0007333333333 0.001933333333)
(-5e-05 0.0008 0.001933333333)
(5e-05 0.0008 0.001933333333)
(-5e-05 0.0008666666667 0.001933333333)
(5e-05 0.0008666666667 0.001933333333)
(-5e-05 0.0009333333333 0.001933333333)
(5e-05 0.0009333333333 0.001933333333)
(-5e-05 0.001 0.001933333333)
(5e-05 0.001 0.001933333333)
(-5e-05 0.001066666667 0.001933333333)
(5e-05 0.001066666667 0.001933333333)
(-5e-05 0.001133333333 0.001933333333)
(5e-05 0.001133333333 0.001933333333)
(-5e-05 0.0012 0.001933333333)
(5e-05 0.0012 0.001933333333)
(-5e-05 0.001266666667 0.001933333333)
(5e-05 0.001266666667 0.001933333333)
(-5e-05 0.001333333333 0.001933333333)
(5e-05 0.001333333333 0.001933333333)
(-5e-05 0.0014 0.001933333333)
(5e-05 0.0014 0.001933333333)
(-5e-05 0.001466666667 0.001933333333)
(5e-05 0.001466666667 0.001933333333)
(-5e-05 0.001533333333 0.001933333333)
(5e-05 0.001533333333 0.001933333333)
(-5e-05 0.0016 0.001933333333)
(5e-05 0.0016 0.001933333333)
(-5e-05 0.001666666667 0.001933333333)
(5e-05 0.001666666667 0.001933333333)
(-5e-05 0.001733333333 0.001933333333)
(5e-05 0.001733333333 0.001933333333)
(-5e-05 0.0018 0.001933333333)
(5e-05 0.0018 0.001933333333)
(-5e-05 0.001866666667 0.001933333333)
(5e-05 0.001866666667 0.001933333333)
(-5e-05 0.001933333333 0.001933333333)
(5e-05 0.001933333333 0.001933333333)
(-5e-05 0.002 0.001933333333)
(5e-05 0.002 0.001933333333)
(-5e-05 0.002066666667 0.001933333333)
(5e-05 0.002066666667 0.001933333333)
(-5e-05 0.002133333333 0.001933333333)
(5e-05 0.002133333333 0.001933333333)
(-5e-05 0.0022 0.001933333333)
(5e-05 0.0022 0.001933333333)
(-5e-05 0.002266666667 0.001933333333)
(5e-05 0.002266666667 0.001933333333)
(-5e-05 0.002333333333 0.001933333333)
(5e-05 0.002333333333 0.001933333333)
(-5e-05 0.0024 0.001933333333)
(5e-05 0.0024 0.001933333333)
(-5e-05 0.002466666667 0.001933333333)
(5e-05 0.002466666667 0.001933333333)
(-5e-05 0.002533333333 0.001933333333)
(5e-05 0.002533333333 0.001933333333)
(-5e-05 0.0026 0.001933333333)
(5e-05 0.0026 0.001933333333)
(-5e-05 0.002666666667 0.001933333333)
(5e-05 0.002666666667 0.001933333333)
(-5e-05 0.002733333333 0.001933333333)
(5e-05 0.002733333333 0.001933333333)
(-5e-05 0.0028 0.001933333333)
(5e-05 0.0028 0.001933333333)
(-5e-05 0.002866666667 0.001933333333)
(5e-05 0.002866666667 0.001933333333)
(-5e-05 0.002933333333 0.001933333333)
(5e-05 0.002933333333 0.001933333333)
(-5e-05 0.003 0.001933333333)
(5e-05 0.003 0.001933333333)
(-5e-05 0.003066666667 0.001933333333)
(5e-05 0.003066666667 0.001933333333)
(-5e-05 0.003133333333 0.001933333333)
(5e-05 0.003133333333 0.001933333333)
(-5e-05 0.0032 0.001933333333)
(5e-05 0.0032 0.001933333333)
(-5e-05 0.003266666667 0.001933333333)
(5e-05 0.003266666667 0.001933333333)
(-5e-05 0.003333333333 0.001933333333)
(5e-05 0.003333333333 0.001933333333)
(-5e-05 0.0034 0.001933333333)
(5e-05 0.0034 0.001933333333)
(-5e-05 0.003466666667 0.001933333333)
(5e-05 0.003466666667 0.001933333333)
(-5e-05 0.003533333333 0.001933333333)
(5e-05 0.003533333333 0.001933333333)
(-5e-05 0.0036 0.001933333333)
(5e-05 0.0036 0.001933333333)
(-5e-05 0.003666666667 0.001933333333)
(5e-05 0.003666666667 0.001933333333)
(-5e-05 0.003733333333 0.001933333333)
(5e-05 0.003733333333 0.001933333333)
(-5e-05 0.0038 0.001933333333)
(5e-05 0.0038 0.001933333333)
(-5e-05 0.003866666667 0.001933333333)
(5e-05 0.003866666667 0.001933333333)
(-5e-05 0.003933333333 0.001933333333)
(5e-05 0.003933333333 0.001933333333)
(-5e-05 0.004 0.001933333333)
(5e-05 0.004 0.001933333333)
(-5e-05 0 0.002)
(5e-05 0 0.002)
(-5e-05 6.666666667e-05 0.002)
(5e-05 6.666666667e-05 0.002)
(-5e-05 0.0001333333333 0.002)
(5e-05 0.0001333333333 0.002)
(-5e-05 0.0002 0.002)
(5e-05 0.0002 0.002)
(-5e-05 0.0002666666667 0.002)
(5e-05 0.0002666666667 0.002)
(-5e-05 0.0003333333333 0.002)
(5e-05 0.0003333333333 0.002)
(-5e-05 0.0004 0.002)
(5e-05 0.0004 0.002)
(-5e-05 0.0004666666667 0.002)
(5e-05 0.0004666666667 0.002)
(-5e-05 0.0005333333333 0.002)
(5e-05 0.0005333333333 0.002)
(-5e-05 0.0006 0.002)
(5e-05 0.0006 0.002)
(-5e-05 0.0006666666667 0.002)
(5e-05 0.0006666666667 0.002)
(-5e-05 0.0007333333333 0.002)
(5e-05 0.0007333333333 0.002)
(-5e-05 0.0008 0.002)
(5e-05 0.0008 0.002)
(-5e-05 0.0008666666667 0.002)
(5e-05 0.0008666666667 0.002)
(-5e-05 0.0009333333333 0.002)
(5e-05 0.0009333333333 0.002)
(-5e-05 0.001 0.002)
(5e-05 0.001 0.002)
(-5e-05 0.001066666667 0.002)
(5e-05 0.001066666667 0.002)
(-5e-05 0.001133333333 0.002)
(5e-05 0.001133333333 0.002)
(-5e-05 0.0012 0.002)
(5e-05 0.0012 0.002)
(-5e-05 0.001266666667 0.002)
(5e-05 0.001266666667 0.002)
(-5e-05 0.001333333333 0.002)
(5e-05 0.001333333333 0.002)
(-5e-05 0.0014 0.002)
(5e-05 0.0014 0.002)
(-5e-05 0.001466666667 0.002)
(5e-05 0.001466666667 0.002)
(-5e-05 0.001533333333 0.002)
(5e-05 0.001533333333 0.002)
(-5e-05 0.0016 0.002)
(5e-05 0.0016 0.002)
(-5e-05 0.001666666667 0.002)
(5e-05 0.001666666667 0.002)
(-5e-05 0.001733333333 0.002)
(5e-05 0.001733333333 0.002)
(-5e-05 0.0018 0.002)
(5e-05 0.0018 0.002)
(-5e-05 0.001866666667 0.002)
(5e-05 0.001866666667 0.002)
(-5e-05 0.001933333333 0.002)
(5e-05 0.001933333333 0.002)
(-5e-05 0.002 0.002)
(5e-05 0.002 0.002)
(-5e-05 0.002066666667 0.002)
(5e-05 0.002066666667 0.002)
(-5e-05 0.002133333333 0.002)
(5e-05 0.002133333333 0.002)
(-5e-05 0.0022 0.002)
(5e-05 0.0022 0.002)
(-5e-05 0.002266666667 0.002)
(5e-05 0.002266666667 0.002)
(-5e-05 0.002333333333 0.002)
(5e-05 0.002333333333 0.002)
(-5e-05 0.0024 0.002)
(5e-05 0.0024 0.002)
(-5e-05 0.002466666667 0.002)
(5e-05 0.002466666667 0.002)
(-5e-05 0.002533333333 0.002)
(5e-05 0.002533333333 0.002)
(-5e-05 0.0026 0.002)
(5e-05 0.0026 0.002)
(-5e-05 0.002666666667 0.002)
(5e-05 0.002666666667 0.002)
(-5e-05 0.002733333333 0.002)
(5e-05 0.002733333333 0.002)
(-5e-05 0.0028 0.002)
(5e-05 0.0028 0.002)
(-5e-05 0.002866666667 0.002)
(5e-05 0.002866666667 0.002)
(-5e-05 0.002933333333 0.002)
(5e-05 0.002933333333 0.002)
(-5e-05 0.003 0.002)
(5e-05 0.003 0.002)
(-5e-05 0.003066666667 0.002)
(5e-05 0.003066666667 0.002)
(-5e-05 0.003133333333 0.002)
(5e-05 0.003133333333 0.002)
(-5e-05 0.0032 0.002)
(5e-05 0.0032 0.002)
(-5e-05 0.003266666667 0.002)
(5e-05 0.003266666667 0.002)
(-5e-05 0.003333333333 0.002)
(5e-05 0.003333333333 0.002)
(-5e-05 0.0034 0.002)
(5e-05 0.0034 0.002)
(-5e-05 0.003466666667 0.002)
(5e-05 0.003466666667 0.002)
(-5e-05 0.003533333333 0.002)
(5e-05 0.003533333333 0.002)
(-5e-05 0.0036 0.002)
(5e-05 0.0036 0.002)
(-5e-05 0.003666666667 0.002)
(5e-05 0.003666666667 0.002)
(-5e-05 0.003733333333 0.002)
(5e-05 0.003733333333 0.002)
(-5e-05 0.0038 0.002)
(5e-05 0.0038 0.002)
(-5e-05 0.003866666667 0.002)
(5e-05 0.003866666667 0.002)
(-5e-05 0.003933333333 0.002)
(5e-05 0.003933333333 0.002)
(-5e-05 0.004 0.002)
(5e-05 0.004 0.002)
(-5e-05 0 0.002066666667)
(5e-05 0 0.002066666667)
(-5e-05 6.666666667e-05 0.002066666667)
(5e-05 6.666666667e-05 0.002066666667)
(-5e-05 0.0001333333333 0.002066666667)
(5e-05 0.0001333333333 0.002066666667)
(-5e-05 0.0002 0.002066666667)
(5e-05 0.0002 0.002066666667)
(-5e-05 0.0002666666667 0.002066666667)
(5e-05 0.0002666666667 0.002066666667)
(-5e-05 0.0003333333333 0.002066666667)
(5e-05 0.0003333333333 0.002066666667)
(-5e-05 0.0004 0.002066666667)
(5e-05 0.0004 0.002066666667)
(-5e-05 0.0004666666667 0.002066666667)
(5e-05 0.0004666666667 0.002066666667)
(-5e-05 0.0005333333333 0.002066666667)
(5e-05 0.0005333333333 0.002066666667)
(-5e-05 0.0006 0.002066666667)
(5e-05 0.0006 0.002066666667)
(-5e-05 0.0006666666667 0.002066666667)
(5e-05 0.0006666666667 0.002066666667)
(-5e-05 0.0007333333333 0.002066666667)
(5e-05 0.0007333333333 0.002066666667)
(-5e-05 0.0008 0.002066666667)
(5e-05 0.0008 0.002066666667)
(-5e-05 0.0008666666667 0.002066666667)
(5e-05 0.0008666666667 0.002066666667)
(-5e-05 0.0009333333333 0.002066666667)
(5e-05 0.0009333333333 0.002066666667)
(-5e-05 0.001 0.002066666667)
(5e-05 0.001 0.002066666667)
(-5e-05 0.001066666667 0.002066666667)
(5e-05 0.001066666667 0.002066666667)
(-5e-05 0.001133333333 0.002066666667)
(5e-05 0.001133333333 0.002066666667)
(-5e-05 0.0012 0.002066666667)
(5e-05 0.0012 0.002066666667)
(-5e-05 0.001266666667 0.002066666667)
(5e-05 0.001266666667 0.002066666667)
(-5e-05 0.001333333333 0.002066666667)
(5e-05 0.001333333333 0.002066666667)
(-5e-05 0.0014 0.002066666667)
(5e-05 0.0014 0.002066666667)
(-5e-05 0.001466666667 0.002066666667)
(5e-05 0.001466666667 0.002066666667)
(-5e-05 0.001533333333 0.002066666667)
(5e-05 0.001533333333 0.002066666667)
(-5e-05 0.0016 0.002066666667)
(5e-05 0.0016 0.002066666667)
(-5e-05 0.001666666667 0.002066666667)
(5e-05 0.001666666667 0.002066666667)
(-5e-05 0.001733333333 0.002066666667)
(5e-05 0.001733333333 0.002066666667)
(-5e-05 0.0018 0.002066666667)
(5e-05 0.0018 0.002066666667)
(-5e-05 0.001866666667 0.002066666667)
(5e-05 0.001866666667 0.002066666667)
(-5e-05 0.001933333333 0.002066666667)
(5e-05 0.001933333333 0.002066666667)
(-5e-05 0.002 0.002066666667)
(5e-05 0.002 0.002066666667)
(-5e-05 0.002066666667 0.002066666667)
(5e-05 0.002066666667 0.002066666667)
(-5e-05 0.002133333333 0.002066666667)
(5e-05 0.002133333333 0.002066666667)
(-5e-05 0.0022 0.002066666667)
(5e-05 0.0022 0.002066666667)
(-5e-05 0.002266666667 0.002066666667)
(5e-05 0.002266666667 0.002066666667)
(-5e-05 0.002333333333 0.002066666667)
(5e-05 0.002333333333 0.002066666667)
(-5e-05 0.0024 0.002066666667)
(5e-05 0.0024 0.002066666667)
(-5e-05 0.002466666667 0.002066666667)
(5e-05 0.002466666667 0.002066666667)
(-5e-05 0.002533333333 0.002066666667)
(5e-05 0.002533333333 0.002066666667)
(-5e-05 0.0026 0.002066666667)
(5e-05 0.0026 0.002066666667)
(-5e-05 0.002666666667 0.002066666667)
(5e-05 0.002666666667 0.002066666667)
(-5e-05 0.002733333333 0.002066666667)
(5e-05 0.002733333333 0.002066666667)
(-5e-05 0.0028 0.002066666667)
(5e-05 0.0028 0.002066666667)
(-5e-05 0.002866666667 0.002066666667)
(5e-05 0.002866666667 0.002066666667)
(-5e-05 0.002933333333 0.002066666667)
(5e-05 0.002933333333 0.002066666667)
(-5e-05 0.003 0.002066666667)
(5e-05 0.003 0.002066666667)
(-5e-05 0.003066666667 0.002066666667)
(5e-05 0.003066666667 0.002066666667)
(-5e-05 0.003133333333 0.002066666667)
(5e-05 0.003133333333 0.002066666667)
(-5e-05 0.0032 0.002066666667)
(5e-05 0.0032 0.002066666667)
(-5e-05 0.003266666667 0.002066666667)
(5e-05 0.003266666667 0.002066666667)
(-5e-05 0.003333333333 0.002066666667)
(5e-05 0.003333333333 0.002066666667)
(-5e-05 0.0034 0.002066666667)
(5e-05 0.0034 0.002066666667)
(-5e-05 0.003466666667 0.002066666667)
(5e-05 0.003466666667 0.002066666667)
(-5e-05 0.003533333333 0.002066666667)
(5e-05 0.003533333333 0.002066666667)
(-5e-05 0.0036 0.002066666667)
(5e-05 0.0036 0.002066666667)
(-5e-05 0.003666666667 0.002066666667)
(5e-05 0.003666666667 0.002066666667)
(-5e-05 0.003733333333 0.002066666667)
(5e-05 0.003733333333 0.002066666667)
(-5e-05 0.0038 0.002066666667)
(5e-05 0.0038 0.002066666667)
(-5e-05 0.003866666667 0.002066666667)
(5e-05 0.003866666667 0.002066666667)
(-5e-05 0.003933333333 0.002066666667)
(5e-05 0.003933333333 0.002066666667)
(-5e-05 0.004 0.002066666667)
(5e-05 0.004 0.002066666667)
(-5e-05 0 0.002133333333)
(5e-05 0 0.002133333333)
(-5e-05 6.666666667e-05 0.002133333333)
(5e-05 6.666666667e-05 0.002133333333)
(-5e-05 0.0001333333333 0.002133333333)
(5e-05 0.0001333333333 0.002133333333)
(-5e-05 0.0002 0.002133333333)
(5e-05 0.0002 0.002133333333)
(-5e-05 0.0002666666667 0.002133333333)
(5e-05 0.0002666666667 0.002133333333)
(-5e-05 0.0003333333333 0.002133333333)
(5e-05 0.0003333333333 0.002133333333)
(-5e-05 0.0004 0.002133333333)
(5e-05 0.0004 0.002133333333)
(-5e-05 0.0004666666667 0.002133333333)
(5e-05 0.0004666666667 0.002133333333)
(-5e-05 0.0005333333333 0.002133333333)
(5e-05 0.0005333333333 0.002133333333)
(-5e-05 0.0006 0.002133333333)
(5e-05 0.0006 0.002133333333)
(-5e-05 0.0006666666667 0.002133333333)
(5e-05 0.0006666666667 0.002133333333)
(-5e-05 0.0007333333333 0.002133333333)
(5e-05 0.0007333333333 0.002133333333)
(-5e-05 0.0008 0.002133333333)
(5e-05 0.0008 0.002133333333)
(-5e-05 0.0008666666667 0.002133333333)
(5e-05 0.0008666666667 0.002133333333)
(-5e-05 0.0009333333333 0.002133333333)
(5e-05 0.0009333333333 0.002133333333)
(-5e-05 0.001 0.002133333333)
(5e-05 0.001 0.002133333333)
(-5e-05 0.001066666667 0.002133333333)
(5e-05 0.001066666667 0.002133333333)
(-5e-05 0.001133333333 0.002133333333)
(5e-05 0.001133333333 0.002133333333)
(-5e-05 0.0012 0.002133333333)
(5e-05 0.0012 0.002133333333)
(-5e-05 0.001266666667 0.002133333333)
(5e-05 0.001266666667 0.002133333333)
(-5e-05 0.001333333333 0.002133333333)
(5e-05 0.001333333333 0.002133333333)
(-5e-05 0.0014 0.002133333333)
(5e-05 0.0014 0.002133333333)
(-5e-05 0.001466666667 0.002133333333)
(5e-05 0.001466666667 0.002133333333)
(-5e-05 0.001533333333 0.002133333333)
(5e-05 0.001533333333 0.002133333333)
(-5e-05 0.0016 0.002133333333)
(5e-05 0.0016 0.002133333333)
(-5e-05 0.001666666667 0.002133333333)
(5e-05 0.001666666667 0.002133333333)
(-5e-05 0.001733333333 0.002133333333)
(5e-05 0.001733333333 0.002133333333)
(-5e-05 0.0018 0.002133333333)
(5e-05 0.0018 0.002133333333)
(-5e-05 0.001866666667 0.002133333333)
(5e-05 0.001866666667 0.002133333333)
(-5e-05 0.001933333333 0.002133333333)
(5e-05 0.001933333333 0.002133333333)
(-5e-05 0.002 0.002133333333)
(5e-05 0.002 0.002133333333)
(-5e-05 0.002066666667 0.002133333333)
(5e-05 0.002066666667 0.002133333333)
(-5e-05 0.002133333333 0.002133333333)
(5e-05 0.002133333333 0.002133333333)
(-5e-05 0.0022 0.002133333333)
(5e-05 0.0022 0.002133333333)
(-5e-05 0.002266666667 0.002133333333)
(5e-05 0.002266666667 0.002133333333)
(-5e-05 0.002333333333 0.002133333333)
(5e-05 0.002333333333 0.002133333333)
(-5e-05 0.0024 0.002133333333)
(5e-05 0.0024 0.002133333333)
(-5e-05 0.002466666667 0.002133333333)
(5e-05 0.002466666667 0.002133333333)
(-5e-05 0.002533333333 0.002133333333)
(5e-05 0.002533333333 0.002133333333)
(-5e-05 0.0026 0.002133333333)
(5e-05 0.0026 0.002133333333)
(-5e-05 0.002666666667 0.002133333333)
(5e-05 0.002666666667 0.002133333333)
(-5e-05 0.002733333333 0.002133333333)
(5e-05 0.002733333333 0.002133333333)
(-5e-05 0.0028 0.002133333333)
(5e-05 0.0028 0.002133333333)
(-5e-05 0.002866666667 0.002133333333)
(5e-05 0.002866666667 0.002133333333)
(-5e-05 0.002933333333 0.002133333333)
(5e-05 0.002933333333 0.002133333333)
(-5e-05 0.003 0.002133333333)
(5e-05 0.003 0.002133333333)
(-5e-05 0.003066666667 0.002133333333)
(5e-05 0.003066666667 0.002133333333)
(-5e-05 0.003133333333 0.002133333333)
(5e-05 0.003133333333 0.002133333333)
(-5e-05 0.0032 0.002133333333)
(5e-05 0.0032 0.002133333333)
(-5e-05 0.003266666667 0.002133333333)
(5e-05 0.003266666667 0.002133333333)
(-5e-05 0.003333333333 0.002133333333)
(5e-05 0.003333333333 0.002133333333)
(-5e-05 0.0034 0.002133333333)
(5e-05 0.0034 0.002133333333)
(-5e-05 0.003466666667 0.002133333333)
(5e-05 0.003466666667 0.002133333333)
(-5e-05 0.003533333333 0.002133333333)
(5e-05 0.003533333333 0.002133333333)
(-5e-05 0.0036 0.002133333333)
(5e-05 0.0036 0.002133333333)
(-5e-05 0.003666666667 0.002133333333)
(5e-05 0.003666666667 0.002133333333)
(-5e-05 0.003733333333 0.002133333333)
(5e-05 0.003733333333 0.002133333333)
(-5e-05 0.0038 0.002133333333)
(5e-05 0.0038 0.002133333333)
(-5e-05 0.003866666667 0.002133333333)
(5e-05 0.003866666667 0.002133333333)
(-5e-05 0.003933333333 0.002133333333)
(5e-05 0.003933333333 0.002133333333)
(-5e-05 0.004 0.002133333333)
(5e-05 0.004 0.002133333333)
(-5e-05 0 0.0022)
(5e-05 0 0.0022)
(-5e-05 6.666666667e-05 0.0022)
(5e-05 6.666666667e-05 0.0022)
(-5e-05 0.0001333333333 0.0022)
(5e-05 0.0001333333333 0.0022)
(-5e-05 0.0002 0.0022)
(5e-05 0.0002 0.0022)
(-5e-05 0.0002666666667 0.0022)
(5e-05 0.0002666666667 0.0022)
(-5e-05 0.0003333333333 0.0022)
(5e-05 0.0003333333333 0.0022)
(-5e-05 0.0004 0.0022)
(5e-05 0.0004 0.0022)
(-5e-05 0.0004666666667 0.0022)
(5e-05 0.0004666666667 0.0022)
(-5e-05 0.0005333333333 0.0022)
(5e-05 0.0005333333333 0.0022)
(-5e-05 0.0006 0.0022)
(5e-05 0.0006 0.0022)
(-5e-05 0.0006666666667 0.0022)
(5e-05 0.0006666666667 0.0022)
(-5e-05 0.0007333333333 0.0022)
(5e-05 0.0007333333333 0.0022)
(-5e-05 0.0008 0.0022)
(5e-05 0.0008 0.0022)
(-5e-05 0.0008666666667 0.0022)
(5e-05 0.0008666666667 0.0022)
(-5e-05 0.0009333333333 0.0022)
(5e-05 0.0009333333333 0.0022)
(-5e-05 0.001 0.0022)
(5e-05 0.001 0.0022)
(-5e-05 0.001066666667 0.0022)
(5e-05 0.001066666667 0.0022)
(-5e-05 0.001133333333 0.0022)
(5e-05 0.001133333333 0.0022)
(-5e-05 0.0012 0.0022)
(5e-05 0.0012 0.0022)
(-5e-05 0.001266666667 0.0022)
(5e-05 0.001266666667 0.0022)
(-5e-05 0.001333333333 0.0022)
(5e-05 0.001333333333 0.0022)
(-5e-05 0.0014 0.0022)
(5e-05 0.0014 0.0022)
(-5e-05 0.001466666667 0.0022)
(5e-05 0.001466666667 0.0022)
(-5e-05 0.001533333333 0.0022)
(5e-05 0.001533333333 0.0022)
(-5e-05 0.0016 0.0022)
(5e-05 0.0016 0.0022)
(-5e-05 0.001666666667 0.0022)
(5e-05 0.001666666667 0.0022)
(-5e-05 0.001733333333 0.0022)
(5e-05 0.001733333333 0.0022)
(-5e-05 0.0018 0.0022)
(5e-05 0.0018 0.0022)
(-5e-05 0.001866666667 0.0022)
(5e-05 0.001866666667 0.0022)
(-5e-05 0.001933333333 0.0022)
(5e-05 0.001933333333 0.0022)
(-5e-05 0.002 0.0022)
(5e-05 0.002 0.0022)
(-5e-05 0.002066666667 0.0022)
(5e-05 0.002066666667 0.0022)
(-5e-05 0.002133333333 0.0022)
(5e-05 0.002133333333 0.0022)
(-5e-05 0.0022 0.0022)
(5e-05 0.0022 0.0022)
(-5e-05 0.002266666667 0.0022)
(5e-05 0.002266666667 0.0022)
(-5e-05 0.002333333333 0.0022)
(5e-05 0.002333333333 0.0022)
(-5e-05 0.0024 0.0022)
(5e-05 0.0024 0.0022)
(-5e-05 0.002466666667 0.0022)
(5e-05 0.002466666667 0.0022)
(-5e-05 0.002533333333 0.0022)
(5e-05 0.002533333333 0.0022)
(-5e-05 0.0026 0.0022)
(5e-05 0.0026 0.0022)
(-5e-05 0.002666666667 0.0022)
(5e-05 0.002666666667 0.0022)
(-5e-05 0.002733333333 0.0022)
(5e-05 0.002733333333 0.0022)
(-5e-05 0.0028 0.0022)
(5e-05 0.0028 0.0022)
(-5e-05 0.002866666667 0.0022)
(5e-05 0.002866666667 0.0022)
(-5e-05 0.002933333333 0.0022)
(5e-05 0.002933333333 0.0022)
(-5e-05 0.003 0.0022)
(5e-05 0.003 0.0022)
(-5e-05 0.003066666667 0.0022)
(5e-05 0.003066666667 0.0022)
(-5e-05 0.003133333333 0.0022)
(5e-05 0.003133333333 0.0022)
(-5e-05 0.0032 0.0022)
(5e-05 0.0032 0.0022)
(-5e-05 0.003266666667 0.0022)
(5e-05 0.003266666667 0.0022)
(-5e-05 0.003333333333 0.0022)
(5e-05 0.003333333333 0.0022)
(-5e-05 0.0034 0.0022)
(5e-05 0.0034 0.0022)
(-5e-05 0.003466666667 0.0022)
(5e-05 0.003466666667 0.0022)
(-5e-05 0.003533333333 0.0022)
(5e-05 0.003533333333 0.0022)
(-5e-05 0.0036 0.0022)
(5e-05 0.0036 0.0022)
(-5e-05 0.003666666667 0.0022)
(5e-05 0.003666666667 0.0022)
(-5e-05 0.003733333333 0.0022)
(5e-05 0.003733333333 0.0022)
(-5e-05 0.0038 0.0022)
(5e-05 0.0038 0.0022)
(-5e-05 0.003866666667 0.0022)
(5e-05 0.003866666667 0.0022)
(-5e-05 0.003933333333 0.0022)
(5e-05 0.003933333333 0.0022)
(-5e-05 0.004 0.0022)
(5e-05 0.004 0.0022)
(-5e-05 0 0.002266666667)
(5e-05 0 0.002266666667)
(-5e-05 6.666666667e-05 0.002266666667)
(5e-05 6.666666667e-05 0.002266666667)
(-5e-05 0.0001333333333 0.002266666667)
(5e-05 0.0001333333333 0.002266666667)
(-5e-05 0.0002 0.002266666667)
(5e-05 0.0002 0.002266666667)
(-5e-05 0.0002666666667 0.002266666667)
(5e-05 0.0002666666667 0.002266666667)
(-5e-05 0.0003333333333 0.002266666667)
(5e-05 0.0003333333333 0.002266666667)
(-5e-05 0.0004 0.002266666667)
(5e-05 0.0004 0.002266666667)
(-5e-05 0.0004666666667 0.002266666667)
(5e-05 0.0004666666667 0.002266666667)
(-5e-05 0.0005333333333 0.002266666667)
(5e-05 0.0005333333333 0.002266666667)
(-5e-05 0.0006 0.002266666667)
(5e-05 0.0006 0.002266666667)
(-5e-05 0.0006666666667 0.002266666667)
(5e-05 0.0006666666667 0.002266666667)
(-5e-05 0.0007333333333 0.002266666667)
(5e-05 0.0007333333333 0.002266666667)
(-5e-05 0.0008 0.002266666667)
(5e-05 0.0008 0.002266666667)
(-5e-05 0.0008666666667 0.002266666667)
(5e-05 0.0008666666667 0.002266666667)
(-5e-05 0.0009333333333 0.002266666667)
(5e-05 0.0009333333333 0.002266666667)
(-5e-05 0.001 0.002266666667)
(5e-05 0.001 0.002266666667)
(-5e-05 0.001066666667 0.002266666667)
(5e-05 0.001066666667 0.002266666667)
(-5e-05 0.001133333333 0.002266666667)
(5e-05 0.001133333333 0.002266666667)
(-5e-05 0.0012 0.002266666667)
(5e-05 0.0012 0.002266666667)
(-5e-05 0.001266666667 0.002266666667)
(5e-05 0.001266666667 0.002266666667)
(-5e-05 0.001333333333 0.002266666667)
(5e-05 0.001333333333 0.002266666667)
(-5e-05 0.0014 0.002266666667)
(5e-05 0.0014 0.002266666667)
(-5e-05 0.001466666667 0.002266666667)
(5e-05 0.001466666667 0.002266666667)
(-5e-05 0.001533333333 0.002266666667)
(5e-05 0.001533333333 0.002266666667)
(-5e-05 0.0016 0.002266666667)
(5e-05 0.0016 0.002266666667)
(-5e-05 0.001666666667 0.002266666667)
(5e-05 0.001666666667 0.002266666667)
(-5e-05 0.001733333333 0.002266666667)
(5e-05 0.001733333333 0.002266666667)
(-5e-05 0.0018 0.002266666667)
(5e-05 0.0018 0.002266666667)
(-5e-05 0.001866666667 0.002266666667)
(5e-05 0.001866666667 0.002266666667)
(-5e-05 0.001933333333 0.002266666667)
(5e-05 0.001933333333 0.002266666667)
(-5e-05 0.002 0.002266666667)
(5e-05 0.002 0.002266666667)
(-5e-05 0.002066666667 0.002266666667)
(5e-05 0.002066666667 0.002266666667)
(-5e-05 0.002133333333 0.002266666667)
(5e-05 0.002133333333 0.002266666667)
(-5e-05 0.0022 0.002266666667)
(5e-05 0.0022 0.002266666667)
(-5e-05 0.002266666667 0.002266666667)
(5e-05 0.002266666667 0.002266666667)
(-5e-05 0.002333333333 0.002266666667)
(5e-05 0.002333333333 0.002266666667)
(-5e-05 0.0024 0.002266666667)
(5e-05 0.0024 0.002266666667)
(-5e-05 0.002466666667 0.002266666667)
(5e-05 0.002466666667 0.002266666667)
(-5e-05 0.002533333333 0.002266666667)
(5e-05 0.002533333333 0.002266666667)
(-5e-05 0.0026 0.002266666667)
(5e-05 0.0026 0.002266666667)
(-5e-05 0.002666666667 0.002266666667)
(5e-05 0.002666666667 0.002266666667)
(-5e-05 0.002733333333 0.002266666667)
(5e-05 0.002733333333 0.002266666667)
(-5e-05 0.0028 0.002266666667)
(5e-05 0.0028 0.002266666667)
(-5e-05 0.002866666667 0.002266666667)
(5e-05 0.002866666667 0.002266666667)
(-5e-05 0.002933333333 0.002266666667)
(5e-05 0.002933333333 0.002266666667)
(-5e-05 0.003 0.002266666667)
(5e-05 0.003 0.002266666667)
(-5e-05 0.003066666667 0.002266666667)
(5e-05 0.003066666667 0.002266666667)
(-5e-05 0.003133333333 0.002266666667)
(5e-05 0.003133333333 0.002266666667)
(-5e-05 0.0032 0.002266666667)
(5e-05 0.0032 0.002266666667)
(-5e-05 0.003266666667 0.002266666667)
(5e-05 0.003266666667 0.002266666667)
(-5e-05 0.003333333333 0.002266666667)
(5e-05 0.003333333333 0.002266666667)
(-5e-05 0.0034 0.002266666667)
(5e-05 0.0034 0.002266666667)
(-5e-05 0.003466666667 0.002266666667)
(5e-05 0.003466666667 0.002266666667)
(-5e-05 0.003533333333 0.002266666667)
(5e-05 0.003533333333 0.002266666667)
(-5e-05 0.0036 0.002266666667)
(5e-05 0.0036 0.002266666667)
(-5e-05 0.003666666667 0.002266666667)
(5e-05 0.003666666667 0.002266666667)
(-5e-05 0.003733333333 0.002266666667)
(5e-05 0.003733333333 0.002266666667)
(-5e-05 0.0038 0.002266666667)
(5e-05 0.0038 0.002266666667)
(-5e-05 0.003866666667 0.002266666667)
(5e-05 0.003866666667 0.002266666667)
(-5e-05 0.003933333333 0.002266666667)
(5e-05 0.003933333333 0.002266666667)
(-5e-05 0.004 0.002266666667)
(5e-05 0.004 0.002266666667)
(-5e-05 0 0.002333333333)
(5e-05 0 0.002333333333)
(-5e-05 6.666666667e-05 0.002333333333)
(5e-05 6.666666667e-05 0.002333333333)
(-5e-05 0.0001333333333 0.002333333333)
(5e-05 0.0001333333333 0.002333333333)
(-5e-05 0.0002 0.002333333333)
(5e-05 0.0002 0.002333333333)
(-5e-05 0.0002666666667 0.002333333333)
(5e-05 0.0002666666667 0.002333333333)
(-5e-05 0.0003333333333 0.002333333333)
(5e-05 0.0003333333333 0.002333333333)
(-5e-05 0.0004 0.002333333333)
(5e-05 0.0004 0.002333333333)
(-5e-05 0.0004666666667 0.002333333333)
(5e-05 0.0004666666667 0.002333333333)
(-5e-05 0.0005333333333 0.002333333333)
(5e-05 0.0005333333333 0.002333333333)
(-5e-05 0.0006 0.002333333333)
(5e-05 0.0006 0.002333333333)
(-5e-05 0.0006666666667 0.002333333333)
(5e-05 0.0006666666667 0.002333333333)
(-5e-05 0.0007333333333 0.002333333333)
(5e-05 0.0007333333333 0.002333333333)
(-5e-05 0.0008 0.002333333333)
(5e-05 0.0008 0.002333333333)
(-5e-05 0.0008666666667 0.002333333333)
(5e-05 0.0008666666667 0.002333333333)
(-5e-05 0.0009333333333 0.002333333333)
(5e-05 0.0009333333333 0.002333333333)
(-5e-05 0.001 0.002333333333)
(5e-05 0.001 0.002333333333)
(-5e-05 0.001066666667 0.002333333333)
(5e-05 0.001066666667 0.002333333333)
(-5e-05 0.001133333333 0.002333333333)
(5e-05 0.001133333333 0.002333333333)
(-5e-05 0.0012 0.002333333333)
(5e-05 0.0012 0.002333333333)
(-5e-05 0.001266666667 0.002333333333)
(5e-05 0.001266666667 0.002333333333)
(-5e-05 0.001333333333 0.002333333333)
(5e-05 0.001333333333 0.002333333333)
(-5e-05 0.0014 0.002333333333)
(5e-05 0.0014 0.002333333333)
(-5e-05 0.001466666667 0.002333333333)
(5e-05 0.001466666667 0.002333333333)
(-5e-05 0.001533333333 0.002333333333)
(5e-05 0.001533333333 0.002333333333)
(-5e-05 0.0016 0.002333333333)
(5e-05 0.0016 0.002333333333)
(-5e-05 0.001666666667 0.002333333333)
(5e-05 0.001666666667 0.002333333333)
(-5e-05 0.001733333333 0.002333333333)
(5e-05 0.001733333333 0.002333333333)
(-5e-05 0.0018 0.002333333333)
(5e-05 0.0018 0.002333333333)
(-5e-05 0.001866666667 0.002333333333)
(5e-05 0.001866666667 0.002333333333)
(-5e-05 0.001933333333 0.002333333333)
(5e-05 0.001933333333 0.002333333333)
(-5e-05 0.002 0.002333333333)
(5e-05 0.002 0.002333333333)
(-5e-05 0.002066666667 0.002333333333)
(5e-05 0.002066666667 0.002333333333)
(-5e-05 0.002133333333 0.002333333333)
(5e-05 0.002133333333 0.002333333333)
(-5e-05 0.0022 0.002333333333)
(5e-05 0.0022 0.002333333333)
(-5e-05 0.002266666667 0.002333333333)
(5e-05 0.002266666667 0.002333333333)
(-5e-05 0.002333333333 0.002333333333)
(5e-05 0.002333333333 0.002333333333)
(-5e-05 0.0024 0.002333333333)
(5e-05 0.0024 0.002333333333)
(-5e-05 0.002466666667 0.002333333333)
(5e-05 0.002466666667 0.002333333333)
(-5e-05 0.002533333333 0.002333333333)
(5e-05 0.002533333333 0.002333333333)
(-5e-05 0.0026 0.002333333333)
(5e-05 0.0026 0.002333333333)
(-5e-05 0.002666666667 0.002333333333)
(5e-05 0.002666666667 0.002333333333)
(-5e-05 0.002733333333 0.002333333333)
(5e-05 0.002733333333 0.002333333333)
(-5e-05 0.0028 0.002333333333)
(5e-05 0.0028 0.002333333333)
(-5e-05 0.002866666667 0.002333333333)
(5e-05 0.002866666667 0.002333333333)
(-5e-05 0.002933333333 0.002333333333)
(5e-05 0.002933333333 0.002333333333)
(-5e-05 0.003 0.002333333333)
(5e-05 0.003 0.002333333333)
(-5e-05 0.003066666667 0.002333333333)
(5e-05 0.003066666667 0.002333333333)
(-5e-05 0.003133333333 0.002333333333)
(5e-05 0.003133333333 0.002333333333)
(-5e-05 0.0032 0.002333333333)
(5e-05 0.0032 0.002333333333)
(-5e-05 0.003266666667 0.002333333333)
(5e-05 0.003266666667 0.002333333333)
(-5e-05 0.003333333333 0.002333333333)
(5e-05 0.003333333333 0.002333333333)
(-5e-05 0.0034 0.002333333333)
(5e-05 0.0034 0.002333333333)
(-5e-05 0.003466666667 0.002333333333)
(5e-05 0.003466666667 0.002333333333)
(-5e-05 0.003533333333 0.002333333333)
(5e-05 0.003533333333 0.002333333333)
(-5e-05 0.0036 0.002333333333)
(5e-05 0.0036 0.002333333333)
(-5e-05 0.003666666667 0.002333333333)
(5e-05 0.003666666667 0.002333333333)
(-5e-05 0.003733333333 0.002333333333)
(5e-05 0.003733333333 0.002333333333)
(-5e-05 0.0038 0.002333333333)
(5e-05 0.0038 0.002333333333)
(-5e-05 0.003866666667 0.002333333333)
(5e-05 0.003866666667 0.002333333333)
(-5e-05 0.003933333333 0.002333333333)
(5e-05 0.003933333333 0.002333333333)
(-5e-05 0.004 0.002333333333)
(5e-05 0.004 0.002333333333)
(-5e-05 0 0.0024)
(5e-05 0 0.0024)
(-5e-05 6.666666667e-05 0.0024)
(5e-05 6.666666667e-05 0.0024)
(-5e-05 0.0001333333333 0.0024)
(5e-05 0.0001333333333 0.0024)
(-5e-05 0.0002 0.0024)
(5e-05 0.0002 0.0024)
(-5e-05 0.0002666666667 0.0024)
(5e-05 0.0002666666667 0.0024)
(-5e-05 0.0003333333333 0.0024)
(5e-05 0.0003333333333 0.0024)
(-5e-05 0.0004 0.0024)
(5e-05 0.0004 0.0024)
(-5e-05 0.0004666666667 0.0024)
(5e-05 0.0004666666667 0.0024)
(-5e-05 0.0005333333333 0.0024)
(5e-05 0.0005333333333 0.0024)
(-5e-05 0.0006 0.0024)
(5e-05 0.0006 0.0024)
(-5e-05 0.0006666666667 0.0024)
(5e-05 0.0006666666667 0.0024)
(-5e-05 0.0007333333333 0.0024)
(5e-05 0.0007333333333 0.0024)
(-5e-05 0.0008 0.0024)
(5e-05 0.0008 0.0024)
(-5e-05 0.0008666666667 0.0024)
(5e-05 0.0008666666667 0.0024)
(-5e-05 0.0009333333333 0.0024)
(5e-05 0.0009333333333 0.0024)
(-5e-05 0.001 0.0024)
(5e-05 0.001 0.0024)
(-5e-05 0.001066666667 0.0024)
(5e-05 0.001066666667 0.0024)
(-5e-05 0.001133333333 0.0024)
(5e-05 0.001133333333 0.0024)
(-5e-05 0.0012 0.0024)
(5e-05 0.0012 0.0024)
(-5e-05 0.001266666667 0.0024)
(5e-05 0.001266666667 0.0024)
(-5e-05 0.001333333333 0.0024)
(5e-05 0.001333333333 0.0024)
(-5e-05 0.0014 0.0024)
(5e-05 0.0014 0.0024)
(-5e-05 0.001466666667 0.0024)
(5e-05 0.001466666667 0.0024)
(-5e-05 0.001533333333 0.0024)
(5e-05 0.001533333333 0.0024)
(-5e-05 0.0016 0.0024)
(5e-05 0.0016 0.0024)
(-5e-05 0.001666666667 0.0024)
(5e-05 0.001666666667 0.0024)
(-5e-05 0.001733333333 0.0024)
(5e-05 0.001733333333 0.0024)
(-5e-05 0.0018 0.0024)
(5e-05 0.0018 0.0024)
(-5e-05 0.001866666667 0.0024)
(5e-05 0.001866666667 0.0024)
(-5e-05 0.001933333333 0.0024)
(5e-05 0.001933333333 0.0024)
(-5e-05 0.002 0.0024)
(5e-05 0.002 0.0024)
(-5e-05 0.002066666667 0.0024)
(5e-05 0.002066666667 0.0024)
(-5e-05 0.002133333333 0.0024)
(5e-05 0.002133333333 0.0024)
(-5e-05 0.0022 0.0024)
(5e-05 0.0022 0.0024)
(-5e-05 0.002266666667 0.0024)
(5e-05 0.002266666667 0.0024)
(-5e-05 0.002333333333 0.0024)
(5e-05 0.002333333333 0.0024)
(-5e-05 0.0024 0.0024)
(5e-05 0.0024 0.0024)
(-5e-05 0.002466666667 0.0024)
(5e-05 0.002466666667 0.0024)
(-5e-05 0.002533333333 0.0024)
(5e-05 0.002533333333 0.0024)
(-5e-05 0.0026 0.0024)
(5e-05 0.0026 0.0024)
(-5e-05 0.002666666667 0.0024)
(5e-05 0.002666666667 0.0024)
(-5e-05 0.002733333333 0.0024)
(5e-05 0.002733333333 0.0024)
(-5e-05 0.0028 0.0024)
(5e-05 0.0028 0.0024)
(-5e-05 0.002866666667 0.0024)
(5e-05 0.002866666667 0.0024)
(-5e-05 0.002933333333 0.0024)
(5e-05 0.002933333333 0.0024)
(-5e-05 0.003 0.0024)
(5e-05 0.003 0.0024)
(-5e-05 0.003066666667 0.0024)
(5e-05 0.003066666667 0.0024)
(-5e-05 0.003133333333 0.0024)
(5e-05 0.003133333333 0.0024)
(-5e-05 0.0032 0.0024)
(5e-05 0.0032 0.0024)
(-5e-05 0.003266666667 0.0024)
(5e-05 0.003266666667 0.0024)
(-5e-05 0.003333333333 0.0024)
(5e-05 0.003333333333 0.0024)
(-5e-05 0.0034 0.0024)
(5e-05 0.0034 0.0024)
(-5e-05 0.003466666667 0.0024)
(5e-05 0.003466666667 0.0024)
(-5e-05 0.003533333333 0.0024)
(5e-05 0.003533333333 0.0024)
(-5e-05 0.0036 0.0024)
(5e-05 0.0036 0.0024)
(-5e-05 0.003666666667 0.0024)
(5e-05 0.003666666667 0.0024)
(-5e-05 0.003733333333 0.0024)
(5e-05 0.003733333333 0.0024)
(-5e-05 0.0038 0.0024)
(5e-05 0.0038 0.0024)
(-5e-05 0.003866666667 0.0024)
(5e-05 0.003866666667 0.0024)
(-5e-05 0.003933333333 0.0024)
(5e-05 0.003933333333 0.0024)
(-5e-05 0.004 0.0024)
(5e-05 0.004 0.0024)
(-5e-05 0 0.002466666667)
(5e-05 0 0.002466666667)
(-5e-05 6.666666667e-05 0.002466666667)
(5e-05 6.666666667e-05 0.002466666667)
(-5e-05 0.0001333333333 0.002466666667)
(5e-05 0.0001333333333 0.002466666667)
(-5e-05 0.0002 0.002466666667)
(5e-05 0.0002 0.002466666667)
(-5e-05 0.0002666666667 0.002466666667)
(5e-05 0.0002666666667 0.002466666667)
(-5e-05 0.0003333333333 0.002466666667)
(5e-05 0.0003333333333 0.002466666667)
(-5e-05 0.0004 0.002466666667)
(5e-05 0.0004 0.002466666667)
(-5e-05 0.0004666666667 0.002466666667)
(5e-05 0.0004666666667 0.002466666667)
(-5e-05 0.0005333333333 0.002466666667)
(5e-05 0.0005333333333 0.002466666667)
(-5e-05 0.0006 0.002466666667)
(5e-05 0.0006 0.002466666667)
(-5e-05 0.0006666666667 0.002466666667)
(5e-05 0.0006666666667 0.002466666667)
(-5e-05 0.0007333333333 0.002466666667)
(5e-05 0.0007333333333 0.002466666667)
(-5e-05 0.0008 0.002466666667)
(5e-05 0.0008 0.002466666667)
(-5e-05 0.0008666666667 0.002466666667)
(5e-05 0.0008666666667 0.002466666667)
(-5e-05 0.0009333333333 0.002466666667)
(5e-05 0.0009333333333 0.002466666667)
(-5e-05 0.001 0.002466666667)
(5e-05 0.001 0.002466666667)
(-5e-05 0.001066666667 0.002466666667)
(5e-05 0.001066666667 0.002466666667)
(-5e-05 0.001133333333 0.002466666667)
(5e-05 0.001133333333 0.002466666667)
(-5e-05 0.0012 0.002466666667)
(5e-05 0.0012 0.002466666667)
(-5e-05 0.001266666667 0.002466666667)
(5e-05 0.001266666667 0.002466666667)
(-5e-05 0.001333333333 0.002466666667)
(5e-05 0.001333333333 0.002466666667)
(-5e-05 0.0014 0.002466666667)
(5e-05 0.0014 0.002466666667)
(-5e-05 0.001466666667 0.002466666667)
(5e-05 0.001466666667 0.002466666667)
(-5e-05 0.001533333333 0.002466666667)
(5e-05 0.001533333333 0.002466666667)
(-5e-05 0.0016 0.002466666667)
(5e-05 0.0016 0.002466666667)
(-5e-05 0.001666666667 0.002466666667)
(5e-05 0.001666666667 0.002466666667)
(-5e-05 0.001733333333 0.002466666667)
(5e-05 0.001733333333 0.002466666667)
(-5e-05 0.0018 0.002466666667)
(5e-05 0.0018 0.002466666667)
(-5e-05 0.001866666667 0.002466666667)
(5e-05 0.001866666667 0.002466666667)
(-5e-05 0.001933333333 0.002466666667)
(5e-05 0.001933333333 0.002466666667)
(-5e-05 0.002 0.002466666667)
(5e-05 0.002 0.002466666667)
(-5e-05 0.002066666667 0.002466666667)
(5e-05 0.002066666667 0.002466666667)
(-5e-05 0.002133333333 0.002466666667)
(5e-05 0.002133333333 0.002466666667)
(-5e-05 0.0022 0.002466666667)
(5e-05 0.0022 0.002466666667)
(-5e-05 0.002266666667 0.002466666667)
(5e-05 0.002266666667 0.002466666667)
(-5e-05 0.002333333333 0.002466666667)
(5e-05 0.002333333333 0.002466666667)
(-5e-05 0.0024 0.002466666667)
(5e-05 0.0024 0.002466666667)
(-5e-05 0.002466666667 0.002466666667)
(5e-05 0.002466666667 0.002466666667)
(-5e-05 0.002533333333 0.002466666667)
(5e-05 0.002533333333 0.002466666667)
(-5e-05 0.0026 0.002466666667)
(5e-05 0.0026 0.002466666667)
(-5e-05 0.002666666667 0.002466666667)
(5e-05 0.002666666667 0.002466666667)
(-5e-05 0.002733333333 0.002466666667)
(5e-05 0.002733333333 0.002466666667)
(-5e-05 0.0028 0.002466666667)
(5e-05 0.0028 0.002466666667)
(-5e-05 0.002866666667 0.002466666667)
(5e-05 0.002866666667 0.002466666667)
(-5e-05 0.002933333333 0.002466666667)
(5e-05 0.002933333333 0.002466666667)
(-5e-05 0.003 0.002466666667)
(5e-05 0.003 0.002466666667)
(-5e-05 0.003066666667 0.002466666667)
(5e-05 0.003066666667 0.002466666667)
(-5e-05 0.003133333333 0.002466666667)
(5e-05 0.003133333333 0.002466666667)
(-5e-05 0.0032 0.002466666667)
(5e-05 0.0032 0.002466666667)
(-5e-05 0.003266666667 0.002466666667)
(5e-05 0.003266666667 0.002466666667)
(-5e-05 0.003333333333 0.002466666667)
(5e-05 0.003333333333 0.002466666667)
(-5e-05 0.0034 0.002466666667)
(5e-05 0.0034 0.002466666667)
(-5e-05 0.003466666667 0.002466666667)
(5e-05 0.003466666667 0.002466666667)
(-5e-05 0.003533333333 0.002466666667)
(5e-05 0.003533333333 0.002466666667)
(-5e-05 0.0036 0.002466666667)
(5e-05 0.0036 0.002466666667)
(-5e-05 0.003666666667 0.002466666667)
(5e-05 0.003666666667 0.002466666667)
(-5e-05 0.003733333333 0.002466666667)
(5e-05 0.003733333333 0.002466666667)
(-5e-05 0.0038 0.002466666667)
(5e-05 0.0038 0.002466666667)
(-5e-05 0.003866666667 0.002466666667)
(5e-05 0.003866666667 0.002466666667)
(-5e-05 0.003933333333 0.002466666667)
(5e-05 0.003933333333 0.002466666667)
(-5e-05 0.004 0.002466666667)
(5e-05 0.004 0.002466666667)
(-5e-05 0 0.002533333333)
(5e-05 0 0.002533333333)
(-5e-05 6.666666667e-05 0.002533333333)
(5e-05 6.666666667e-05 0.002533333333)
(-5e-05 0.0001333333333 0.002533333333)
(5e-05 0.0001333333333 0.002533333333)
(-5e-05 0.0002 0.002533333333)
(5e-05 0.0002 0.002533333333)
(-5e-05 0.0002666666667 0.002533333333)
(5e-05 0.0002666666667 0.002533333333)
(-5e-05 0.0003333333333 0.002533333333)
(5e-05 0.0003333333333 0.002533333333)
(-5e-05 0.0004 0.002533333333)
(5e-05 0.0004 0.002533333333)
(-5e-05 0.0004666666667 0.002533333333)
(5e-05 0.0004666666667 0.002533333333)
(-5e-05 0.0005333333333 0.002533333333)
(5e-05 0.0005333333333 0.002533333333)
(-5e-05 0.0006 0.002533333333)
(5e-05 0.0006 0.002533333333)
(-5e-05 0.0006666666667 0.002533333333)
(5e-05 0.0006666666667 0.002533333333)
(-5e-05 0.0007333333333 0.002533333333)
(5e-05 0.0007333333333 0.002533333333)
(-5e-05 0.0008 0.002533333333)
(5e-05 0.0008 0.002533333333)
(-5e-05 0.0008666666667 0.002533333333)
(5e-05 0.0008666666667 0.002533333333)
(-5e-05 0.0009333333333 0.002533333333)
(5e-05 0.0009333333333 0.002533333333)
(-5e-05 0.001 0.002533333333)
(5e-05 0.001 0.002533333333)
(-5e-05 0.001066666667 0.002533333333)
(5e-05 0.001066666667 0.002533333333)
(-5e-05 0.001133333333 0.002533333333)
(5e-05 0.001133333333 0.002533333333)
(-5e-05 0.0012 0.002533333333)
(5e-05 0.0012 0.002533333333)
(-5e-05 0.001266666667 0.002533333333)
(5e-05 0.001266666667 0.002533333333)
(-5e-05 0.001333333333 0.002533333333)
(5e-05 0.001333333333 0.002533333333)
(-5e-05 0.0014 0.002533333333)
(5e-05 0.0014 0.002533333333)
(-5e-05 0.001466666667 0.002533333333)
(5e-05 0.001466666667 0.002533333333)
(-5e-05 0.001533333333 0.002533333333)
(5e-05 0.001533333333 0.002533333333)
(-5e-05 0.0016 0.002533333333)
(5e-05 0.0016 0.002533333333)
(-5e-05 0.001666666667 0.002533333333)
(5e-05 0.001666666667 0.002533333333)
(-5e-05 0.001733333333 0.002533333333)
(5e-05 0.001733333333 0.002533333333)
(-5e-05 0.0018 0.002533333333)
(5e-05 0.0018 0.002533333333)
(-5e-05 0.001866666667 0.002533333333)
(5e-05 0.001866666667 0.002533333333)
(-5e-05 0.001933333333 0.002533333333)
(5e-05 0.001933333333 0.002533333333)
(-5e-05 0.002 0.002533333333)
(5e-05 0.002 0.002533333333)
(-5e-05 0.002066666667 0.002533333333)
(5e-05 0.002066666667 0.002533333333)
(-5e-05 0.002133333333 0.002533333333)
(5e-05 0.002133333333 0.002533333333)
(-5e-05 0.0022 0.002533333333)
(5e-05 0.0022 0.002533333333)
(-5e-05 0.002266666667 0.002533333333)
(5e-05 0.002266666667 0.002533333333)
(-5e-05 0.002333333333 0.002533333333)
(5e-05 0.002333333333 0.002533333333)
(-5e-05 0.0024 0.002533333333)
(5e-05 0.0024 0.002533333333)
(-5e-05 0.002466666667 0.002533333333)
(5e-05 0.002466666667 0.002533333333)
(-5e-05 0.002533333333 0.002533333333)
(5e-05 0.002533333333 0.002533333333)
(-5e-05 0.0026 0.002533333333)
(5e-05 0.0026 0.002533333333)
(-5e-05 0.002666666667 0.002533333333)
(5e-05 0.002666666667 0.002533333333)
(-5e-05 0.002733333333 0.002533333333)
(5e-05 0.002733333333 0.002533333333)
(-5e-05 0.0028 0.002533333333)
(5e-05 0.0028 0.002533333333)
(-5e-05 0.002866666667 0.002533333333)
(5e-05 0.002866666667 0.002533333333)
(-5e-05 0.002933333333 0.002533333333)
(5e-05 0.002933333333 0.002533333333)
(-5e-05 0.003 0.002533333333)
(5e-05 0.003 0.002533333333)
(-5e-05 0.003066666667 0.002533333333)
(5e-05 0.003066666667 0.002533333333)
(-5e-05 0.003133333333 0.002533333333)
(5e-05 0.003133333333 0.002533333333)
(-5e-05 0.0032 0.002533333333)
(5e-05 0.0032 0.002533333333)
(-5e-05 0.003266666667 0.002533333333)
(5e-05 0.003266666667 0.002533333333)
(-5e-05 0.003333333333 0.002533333333)
(5e-05 0.003333333333 0.002533333333)
(-5e-05 0.0034 0.002533333333)
(5e-05 0.0034 0.002533333333)
(-5e-05 0.003466666667 0.002533333333)
(5e-05 0.003466666667 0.002533333333)
(-5e-05 0.003533333333 0.002533333333)
(5e-05 0.003533333333 0.002533333333)
(-5e-05 0.0036 0.002533333333)
(5e-05 0.0036 0.002533333333)
(-5e-05 0.003666666667 0.002533333333)
(5e-05 0.003666666667 0.002533333333)
(-5e-05 0.003733333333 0.002533333333)
(5e-05 0.003733333333 0.002533333333)
(-5e-05 0.0038 0.002533333333)
(5e-05 0.0038 0.002533333333)
(-5e-05 0.003866666667 0.002533333333)
(5e-05 0.003866666667 0.002533333333)
(-5e-05 0.003933333333 0.002533333333)
(5e-05 0.003933333333 0.002533333333)
(-5e-05 0.004 0.002533333333)
(5e-05 0.004 0.002533333333)
(-5e-05 0 0.0026)
(5e-05 0 0.0026)
(-5e-05 6.666666667e-05 0.0026)
(5e-05 6.666666667e-05 0.0026)
(-5e-05 0.0001333333333 0.0026)
(5e-05 0.0001333333333 0.0026)
(-5e-05 0.0002 0.0026)
(5e-05 0.0002 0.0026)
(-5e-05 0.0002666666667 0.0026)
(5e-05 0.0002666666667 0.0026)
(-5e-05 0.0003333333333 0.0026)
(5e-05 0.0003333333333 0.0026)
(-5e-05 0.0004 0.0026)
(5e-05 0.0004 0.0026)
(-5e-05 0.0004666666667 0.0026)
(5e-05 0.0004666666667 0.0026)
(-5e-05 0.0005333333333 0.0026)
(5e-05 0.0005333333333 0.0026)
(-5e-05 0.0006 0.0026)
(5e-05 0.0006 0.0026)
(-5e-05 0.0006666666667 0.0026)
(5e-05 0.0006666666667 0.0026)
(-5e-05 0.0007333333333 0.0026)
(5e-05 0.0007333333333 0.0026)
(-5e-05 0.0008 0.0026)
(5e-05 0.0008 0.0026)
(-5e-05 0.0008666666667 0.0026)
(5e-05 0.0008666666667 0.0026)
(-5e-05 0.0009333333333 0.0026)
(5e-05 0.0009333333333 0.0026)
(-5e-05 0.001 0.0026)
(5e-05 0.001 0.0026)
(-5e-05 0.001066666667 0.0026)
(5e-05 0.001066666667 0.0026)
(-5e-05 0.001133333333 0.0026)
(5e-05 0.001133333333 0.0026)
(-5e-05 0.0012 0.0026)
(5e-05 0.0012 0.0026)
(-5e-05 0.001266666667 0.0026)
(5e-05 0.001266666667 0.0026)
(-5e-05 0.001333333333 0.0026)
(5e-05 0.001333333333 0.0026)
(-5e-05 0.0014 0.0026)
(5e-05 0.0014 0.0026)
(-5e-05 0.001466666667 0.0026)
(5e-05 0.001466666667 0.0026)
(-5e-05 0.001533333333 0.0026)
(5e-05 0.001533333333 0.0026)
(-5e-05 0.0016 0.0026)
(5e-05 0.0016 0.0026)
(-5e-05 0.001666666667 0.0026)
(5e-05 0.001666666667 0.0026)
(-5e-05 0.001733333333 0.0026)
(5e-05 0.001733333333 0.0026)
(-5e-05 0.0018 0.0026)
(5e-05 0.0018 0.0026)
(-5e-05 0.001866666667 0.0026)
(5e-05 0.001866666667 0.0026)
(-5e-05 0.001933333333 0.0026)
(5e-05 0.001933333333 0.0026)
(-5e-05 0.002 0.0026)
(5e-05 0.002 0.0026)
(-5e-05 0.002066666667 0.0026)
(5e-05 0.002066666667 0.0026)
(-5e-05 0.002133333333 0.0026)
(5e-05 0.002133333333 0.0026)
(-5e-05 0.0022 0.0026)
(5e-05 0.0022 0.0026)
(-5e-05 0.002266666667 0.0026)
(5e-05 0.002266666667 0.0026)
(-5e-05 0.002333333333 0.0026)
(5e-05 0.002333333333 0.0026)
(-5e-05 0.0024 0.0026)
(5e-05 0.0024 0.0026)
(-5e-05 0.002466666667 0.0026)
(5e-05 0.002466666667 0.0026)
(-5e-05 0.002533333333 0.0026)
(5e-05 0.002533333333 0.0026)
(-5e-05 0.0026 0.0026)
(5e-05 0.0026 0.0026)
(-5e-05 0.002666666667 0.0026)
(5e-05 0.002666666667 0.0026)
(-5e-05 0.002733333333 0.0026)
(5e-05 0.002733333333 0.0026)
(-5e-05 0.0028 0.0026)
(5e-05 0.0028 0.0026)
(-5e-05 0.002866666667 0.0026)
(5e-05 0.002866666667 0.0026)
(-5e-05 0.002933333333 0.0026)
(5e-05 0.002933333333 0.0026)
(-5e-05 0.003 0.0026)
(5e-05 0.003 0.0026)
(-5e-05 0.003066666667 0.0026)
(5e-05 0.003066666667 0.0026)
(-5e-05 0.003133333333 0.0026)
(5e-05 0.003133333333 0.0026)
(-5e-05 0.0032 0.0026)
(5e-05 0.0032 0.0026)
(-5e-05 0.003266666667 0.0026)
(5e-05 0.003266666667 0.0026)
(-5e-05 0.003333333333 0.0026)
(5e-05 0.003333333333 0.0026)
(-5e-05 0.0034 0.0026)
(5e-05 0.0034 0.0026)
(-5e-05 0.003466666667 0.0026)
(5e-05 0.003466666667 0.0026)
(-5e-05 0.003533333333 0.0026)
(5e-05 0.003533333333 0.0026)
(-5e-05 0.0036 0.0026)
(5e-05 0.0036 0.0026)
(-5e-05 0.003666666667 0.0026)
(5e-05 0.003666666667 0.0026)
(-5e-05 0.003733333333 0.0026)
(5e-05 0.003733333333 0.0026)
(-5e-05 0.0038 0.0026)
(5e-05 0.0038 0.0026)
(-5e-05 0.003866666667 0.0026)
(5e-05 0.003866666667 0.0026)
(-5e-05 0.003933333333 0.0026)
(5e-05 0.003933333333 0.0026)
(-5e-05 0.004 0.0026)
(5e-05 0.004 0.0026)
(-5e-05 0 0.002666666667)
(5e-05 0 0.002666666667)
(-5e-05 6.666666667e-05 0.002666666667)
(5e-05 6.666666667e-05 0.002666666667)
(-5e-05 0.0001333333333 0.002666666667)
(5e-05 0.0001333333333 0.002666666667)
(-5e-05 0.0002 0.002666666667)
(5e-05 0.0002 0.002666666667)
(-5e-05 0.0002666666667 0.002666666667)
(5e-05 0.0002666666667 0.002666666667)
(-5e-05 0.0003333333333 0.002666666667)
(5e-05 0.0003333333333 0.002666666667)
(-5e-05 0.0004 0.002666666667)
(5e-05 0.0004 0.002666666667)
(-5e-05 0.0004666666667 0.002666666667)
(5e-05 0.0004666666667 0.002666666667)
(-5e-05 0.0005333333333 0.002666666667)
(5e-05 0.0005333333333 0.002666666667)
(-5e-05 0.0006 0.002666666667)
(5e-05 0.0006 0.002666666667)
(-5e-05 0.0006666666667 0.002666666667)
(5e-05 0.0006666666667 0.002666666667)
(-5e-05 0.0007333333333 0.002666666667)
(5e-05 0.0007333333333 0.002666666667)
(-5e-05 0.0008 0.002666666667)
(5e-05 0.0008 0.002666666667)
(-5e-05 0.0008666666667 0.002666666667)
(5e-05 0.0008666666667 0.002666666667)
(-5e-05 0.0009333333333 0.002666666667)
(5e-05 0.0009333333333 0.002666666667)
(-5e-05 0.001 0.002666666667)
(5e-05 0.001 0.002666666667)
(-5e-05 0.001066666667 0.002666666667)
(5e-05 0.001066666667 0.002666666667)
(-5e-05 0.001133333333 0.002666666667)
(5e-05 0.001133333333 0.002666666667)
(-5e-05 0.0012 0.002666666667)
(5e-05 0.0012 0.002666666667)
(-5e-05 0.001266666667 0.002666666667)
(5e-05 0.001266666667 0.002666666667)
(-5e-05 0.001333333333 0.002666666667)
(5e-05 0.001333333333 0.002666666667)
(-5e-05 0.0014 0.002666666667)
(5e-05 0.0014 0.002666666667)
(-5e-05 0.001466666667 0.002666666667)
(5e-05 0.001466666667 0.002666666667)
(-5e-05 0.001533333333 0.002666666667)
(5e-05 0.001533333333 0.002666666667)
(-5e-05 0.0016 0.002666666667)
(5e-05 0.0016 0.002666666667)
(-5e-05 0.001666666667 0.002666666667)
(5e-05 0.001666666667 0.002666666667)
(-5e-05 0.001733333333 0.002666666667)
(5e-05 0.001733333333 0.002666666667)
(-5e-05 0.0018 0.002666666667)
(5e-05 0.0018 0.002666666667)
(-5e-05 0.001866666667 0.002666666667)
(5e-05 0.001866666667 0.002666666667)
(-5e-05 0.001933333333 0.002666666667)
(5e-05 0.001933333333 0.002666666667)
(-5e-05 0.002 0.002666666667)
(5e-05 0.002 0.002666666667)
(-5e-05 0.002066666667 0.002666666667)
(5e-05 0.002066666667 0.002666666667)
(-5e-05 0.002133333333 0.002666666667)
(5e-05 0.002133333333 0.002666666667)
(-5e-05 0.0022 0.002666666667)
(5e-05 0.0022 0.002666666667)
(-5e-05 0.002266666667 0.002666666667)
(5e-05 0.002266666667 0.002666666667)
(-5e-05 0.002333333333 0.002666666667)
(5e-05 0.002333333333 0.002666666667)
(-5e-05 0.0024 0.002666666667)
(5e-05 0.0024 0.002666666667)
(-5e-05 0.002466666667 0.002666666667)
(5e-05 0.002466666667 0.002666666667)
(-5e-05 0.002533333333 0.002666666667)
(5e-05 0.002533333333 0.002666666667)
(-5e-05 0.0026 0.002666666667)
(5e-05 0.0026 0.002666666667)
(-5e-05 0.002666666667 0.002666666667)
(5e-05 0.002666666667 0.002666666667)
(-5e-05 0.002733333333 0.002666666667)
(5e-05 0.002733333333 0.002666666667)
(-5e-05 0.0028 0.002666666667)
(5e-05 0.0028 0.002666666667)
(-5e-05 0.002866666667 0.002666666667)
(5e-05 0.002866666667 0.002666666667)
(-5e-05 0.002933333333 0.002666666667)
(5e-05 0.002933333333 0.002666666667)
(-5e-05 0.003 0.002666666667)
(5e-05 0.003 0.002666666667)
(-5e-05 0.003066666667 0.002666666667)
(5e-05 0.003066666667 0.002666666667)
(-5e-05 0.003133333333 0.002666666667)
(5e-05 0.003133333333 0.002666666667)
(-5e-05 0.0032 0.002666666667)
(5e-05 0.0032 0.002666666667)
(-5e-05 0.003266666667 0.002666666667)
(5e-05 0.003266666667 0.002666666667)
(-5e-05 0.003333333333 0.002666666667)
(5e-05 0.003333333333 0.002666666667)
(-5e-05 0.0034 0.002666666667)
(5e-05 0.0034 0.002666666667)
(-5e-05 0.003466666667 0.002666666667)
(5e-05 0.003466666667 0.002666666667)
(-5e-05 0.003533333333 0.002666666667)
(5e-05 0.003533333333 0.002666666667)
(-5e-05 0.0036 0.002666666667)
(5e-05 0.0036 0.002666666667)
(-5e-05 0.003666666667 0.002666666667)
(5e-05 0.003666666667 0.002666666667)
(-5e-05 0.003733333333 0.002666666667)
(5e-05 0.003733333333 0.002666666667)
(-5e-05 0.0038 0.002666666667)
(5e-05 0.0038 0.002666666667)
(-5e-05 0.003866666667 0.002666666667)
(5e-05 0.003866666667 0.002666666667)
(-5e-05 0.003933333333 0.002666666667)
(5e-05 0.003933333333 0.002666666667)
(-5e-05 0.004 0.002666666667)
(5e-05 0.004 0.002666666667)
(-5e-05 0 0.002733333333)
(5e-05 0 0.002733333333)
(-5e-05 6.666666667e-05 0.002733333333)
(5e-05 6.666666667e-05 0.002733333333)
(-5e-05 0.0001333333333 0.002733333333)
(5e-05 0.0001333333333 0.002733333333)
(-5e-05 0.0002 0.002733333333)
(5e-05 0.0002 0.002733333333)
(-5e-05 0.0002666666667 0.002733333333)
(5e-05 0.0002666666667 0.002733333333)
(-5e-05 0.0003333333333 0.002733333333)
(5e-05 0.0003333333333 0.002733333333)
(-5e-05 0.0004 0.002733333333)
(5e-05 0.0004 0.002733333333)
(-5e-05 0.0004666666667 0.002733333333)
(5e-05 0.0004666666667 0.002733333333)
(-5e-05 0.0005333333333 0.002733333333)
(5e-05 0.0005333333333 0.002733333333)
(-5e-05 0.0006 0.002733333333)
(5e-05 0.0006 0.002733333333)
(-5e-05 0.0006666666667 0.002733333333)
(5e-05 0.0006666666667 0.002733333333)
(-5e-05 0.0007333333333 0.002733333333)
(5e-05 0.0007333333333 0.002733333333)
(-5e-05 0.0008 0.002733333333)
(5e-05 0.0008 0.002733333333)
(-5e-05 0.0008666666667 0.002733333333)
(5e-05 0.0008666666667 0.002733333333)
(-5e-05 0.0009333333333 0.002733333333)
(5e-05 0.0009333333333 0.002733333333)
(-5e-05 0.001 0.002733333333)
(5e-05 0.001 0.002733333333)
(-5e-05 0.001066666667 0.002733333333)
(5e-05 0.001066666667 0.002733333333)
(-5e-05 0.001133333333 0.002733333333)
(5e-05 0.001133333333 0.002733333333)
(-5e-05 0.0012 0.002733333333)
(5e-05 0.0012 0.002733333333)
(-5e-05 0.001266666667 0.002733333333)
(5e-05 0.001266666667 0.002733333333)
(-5e-05 0.001333333333 0.002733333333)
(5e-05 0.001333333333 0.002733333333)
(-5e-05 0.0014 0.002733333333)
(5e-05 0.0014 0.002733333333)
(-5e-05 0.001466666667 0.002733333333)
(5e-05 0.001466666667 0.002733333333)
(-5e-05 0.001533333333 0.002733333333)
(5e-05 0.001533333333 0.002733333333)
(-5e-05 0.0016 0.002733333333)
(5e-05 0.0016 0.002733333333)
(-5e-05 0.001666666667 0.002733333333)
(5e-05 0.001666666667 0.002733333333)
(-5e-05 0.001733333333 0.002733333333)
(5e-05 0.001733333333 0.002733333333)
(-5e-05 0.0018 0.002733333333)
(5e-05 0.0018 0.002733333333)
(-5e-05 0.001866666667 0.002733333333)
(5e-05 0.001866666667 0.002733333333)
(-5e-05 0.001933333333 0.002733333333)
(5e-05 0.001933333333 0.002733333333)
(-5e-05 0.002 0.002733333333)
(5e-05 0.002 0.002733333333)
(-5e-05 0.002066666667 0.002733333333)
(5e-05 0.002066666667 0.002733333333)
(-5e-05 0.002133333333 0.002733333333)
(5e-05 0.002133333333 0.002733333333)
(-5e-05 0.0022 0.002733333333)
(5e-05 0.0022 0.002733333333)
(-5e-05 0.002266666667 0.002733333333)
(5e-05 0.002266666667 0.002733333333)
(-5e-05 0.002333333333 0.002733333333)
(5e-05 0.002333333333 0.002733333333)
(-5e-05 0.0024 0.002733333333)
(5e-05 0.0024 0.002733333333)
(-5e-05 0.002466666667 0.002733333333)
(5e-05 0.002466666667 0.002733333333)
(-5e-05 0.002533333333 0.002733333333)
(5e-05 0.002533333333 0.002733333333)
(-5e-05 0.0026 0.002733333333)
(5e-05 0.0026 0.002733333333)
(-5e-05 0.002666666667 0.002733333333)
(5e-05 0.002666666667 0.002733333333)
(-5e-05 0.002733333333 0.002733333333)
(5e-05 0.002733333333 0.002733333333)
(-5e-05 0.0028 0.002733333333)
(5e-05 0.0028 0.002733333333)
(-5e-05 0.002866666667 0.002733333333)
(5e-05 0.002866666667 0.002733333333)
(-5e-05 0.002933333333 0.002733333333)
(5e-05 0.002933333333 0.002733333333)
(-5e-05 0.003 0.002733333333)
(5e-05 0.003 0.002733333333)
(-5e-05 0.003066666667 0.002733333333)
(5e-05 0.003066666667 0.002733333333)
(-5e-05 0.003133333333 0.002733333333)
(5e-05 0.003133333333 0.002733333333)
(-5e-05 0.0032 0.002733333333)
(5e-05 0.0032 0.002733333333)
(-5e-05 0.003266666667 0.002733333333)
(5e-05 0.003266666667 0.002733333333)
(-5e-05 0.003333333333 0.002733333333)
(5e-05 0.003333333333 0.002733333333)
(-5e-05 0.0034 0.002733333333)
(5e-05 0.0034 0.002733333333)
(-5e-05 0.003466666667 0.002733333333)
(5e-05 0.003466666667 0.002733333333)
(-5e-05 0.003533333333 0.002733333333)
(5e-05 0.003533333333 0.002733333333)
(-5e-05 0.0036 0.002733333333)
(5e-05 0.0036 0.002733333333)
(-5e-05 0.003666666667 0.002733333333)
(5e-05 0.003666666667 0.002733333333)
(-5e-05 0.003733333333 0.002733333333)
(5e-05 0.003733333333 0.002733333333)
(-5e-05 0.0038 0.002733333333)
(5e-05 0.0038 0.002733333333)
(-5e-05 0.003866666667 0.002733333333)
(5e-05 0.003866666667 0.002733333333)
(-5e-05 0.003933333333 0.002733333333)
(5e-05 0.003933333333 0.002733333333)
(-5e-05 0.004 0.002733333333)
(5e-05 0.004 0.002733333333)
(-5e-05 0 0.0028)
(5e-05 0 0.0028)
(-5e-05 6.666666667e-05 0.0028)
(5e-05 6.666666667e-05 0.0028)
(-5e-05 0.0001333333333 0.0028)
(5e-05 0.0001333333333 0.0028)
(-5e-05 0.0002 0.0028)
(5e-05 0.0002 0.0028)
(-5e-05 0.0002666666667 0.0028)
(5e-05 0.0002666666667 0.0028)
(-5e-05 0.0003333333333 0.0028)
(5e-05 0.0003333333333 0.0028)
(-5e-05 0.0004 0.0028)
(5e-05 0.0004 0.0028)
(-5e-05 0.0004666666667 0.0028)
(5e-05 0.0004666666667 0.0028)
(-5e-05 0.0005333333333 0.0028)
(5e-05 0.0005333333333 0.0028)
(-5e-05 0.0006 0.0028)
(5e-05 0.0006 0.0028)
(-5e-05 0.0006666666667 0.0028)
(5e-05 0.0006666666667 0.0028)
(-5e-05 0.0007333333333 0.0028)
(5e-05 0.0007333333333 0.0028)
(-5e-05 0.0008 0.0028)
(5e-05 0.0008 0.0028)
(-5e-05 0.0008666666667 0.0028)
(5e-05 0.0008666666667 0.0028)
(-5e-05 0.0009333333333 0.0028)
(5e-05 0.0009333333333 0.0028)
(-5e-05 0.001 0.0028)
(5e-05 0.001 0.0028)
(-5e-05 0.001066666667 0.0028)
(5e-05 0.001066666667 0.0028)
(-5e-05 0.001133333333 0.0028)
(5e-05 0.001133333333 0.0028)
(-5e-05 0.0012 0.0028)
(5e-05 0.0012 0.0028)
(-5e-05 0.001266666667 0.0028)
(5e-05 0.001266666667 0.0028)
(-5e-05 0.001333333333 0.0028)
(5e-05 0.001333333333 0.0028)
(-5e-05 0.0014 0.0028)
(5e-05 0.0014 0.0028)
(-5e-05 0.001466666667 0.0028)
(5e-05 0.001466666667 0.0028)
(-5e-05 0.001533333333 0.0028)
(5e-05 0.001533333333 0.0028)
(-5e-05 0.0016 0.0028)
(5e-05 0.0016 0.0028)
(-5e-05 0.001666666667 0.0028)
(5e-05 0.001666666667 0.0028)
(-5e-05 0.001733333333 0.0028)
(5e-05 0.001733333333 0.0028)
(-5e-05 0.0018 0.0028)
(5e-05 0.0018 0.0028)
(-5e-05 0.001866666667 0.0028)
(5e-05 0.001866666667 0.0028)
(-5e-05 0.001933333333 0.0028)
(5e-05 0.001933333333 0.0028)
(-5e-05 0.002 0.0028)
(5e-05 0.002 0.0028)
(-5e-05 0.002066666667 0.0028)
(5e-05 0.002066666667 0.0028)
(-5e-05 0.002133333333 0.0028)
(5e-05 0.002133333333 0.0028)
(-5e-05 0.0022 0.0028)
(5e-05 0.0022 0.0028)
(-5e-05 0.002266666667 0.0028)
(5e-05 0.002266666667 0.0028)
(-5e-05 0.002333333333 0.0028)
(5e-05 0.002333333333 0.0028)
(-5e-05 0.0024 0.0028)
(5e-05 0.0024 0.0028)
(-5e-05 0.002466666667 0.0028)
(5e-05 0.002466666667 0.0028)
(-5e-05 0.002533333333 0.0028)
(5e-05 0.002533333333 0.0028)
(-5e-05 0.0026 0.0028)
(5e-05 0.0026 0.0028)
(-5e-05 0.002666666667 0.0028)
(5e-05 0.002666666667 0.0028)
(-5e-05 0.002733333333 0.0028)
(5e-05 0.002733333333 0.0028)
(-5e-05 0.0028 0.0028)
(5e-05 0.0028 0.0028)
(-5e-05 0.002866666667 0.0028)
(5e-05 0.002866666667 0.0028)
(-5e-05 0.002933333333 0.0028)
(5e-05 0.002933333333 0.0028)
(-5e-05 0.003 0.0028)
(5e-05 0.003 0.0028)
(-5e-05 0.003066666667 0.0028)
(5e-05 0.003066666667 0.0028)
(-5e-05 0.003133333333 0.0028)
(5e-05 0.003133333333 0.0028)
(-5e-05 0.0032 0.0028)
(5e-05 0.0032 0.0028)
(-5e-05 0.003266666667 0.0028)
(5e-05 0.003266666667 0.0028)
(-5e-05 0.003333333333 0.0028)
(5e-05 0.003333333333 0.0028)
(-5e-05 0.0034 0.0028)
(5e-05 0.0034 0.0028)
(-5e-05 0.003466666667 0.0028)
(5e-05 0.003466666667 0.0028)
(-5e-05 0.003533333333 0.0028)
(5e-05 0.003533333333 0.0028)
(-5e-05 0.0036 0.0028)
(5e-05 0.0036 0.0028)
(-5e-05 0.003666666667 0.0028)
(5e-05 0.003666666667 0.0028)
(-5e-05 0.003733333333 0.0028)
(5e-05 0.003733333333 0.0028)
(-5e-05 0.0038 0.0028)
(5e-05 0.0038 0.0028)
(-5e-05 0.003866666667 0.0028)
(5e-05 0.003866666667 0.0028)
(-5e-05 0.003933333333 0.0028)
(5e-05 0.003933333333 0.0028)
(-5e-05 0.004 0.0028)
(5e-05 0.004 0.0028)
(-5e-05 0 0.002866666667)
(5e-05 0 0.002866666667)
(-5e-05 6.666666667e-05 0.002866666667)
(5e-05 6.666666667e-05 0.002866666667)
(-5e-05 0.0001333333333 0.002866666667)
(5e-05 0.0001333333333 0.002866666667)
(-5e-05 0.0002 0.002866666667)
(5e-05 0.0002 0.002866666667)
(-5e-05 0.0002666666667 0.002866666667)
(5e-05 0.0002666666667 0.002866666667)
(-5e-05 0.0003333333333 0.002866666667)
(5e-05 0.0003333333333 0.002866666667)
(-5e-05 0.0004 0.002866666667)
(5e-05 0.0004 0.002866666667)
(-5e-05 0.0004666666667 0.002866666667)
(5e-05 0.0004666666667 0.002866666667)
(-5e-05 0.0005333333333 0.002866666667)
(5e-05 0.0005333333333 0.002866666667)
(-5e-05 0.0006 0.002866666667)
(5e-05 0.0006 0.002866666667)
(-5e-05 0.0006666666667 0.002866666667)
(5e-05 0.0006666666667 0.002866666667)
(-5e-05 0.0007333333333 0.002866666667)
(5e-05 0.0007333333333 0.002866666667)
(-5e-05 0.0008 0.002866666667)
(5e-05 0.0008 0.002866666667)
(-5e-05 0.0008666666667 0.002866666667)
(5e-05 0.0008666666667 0.002866666667)
(-5e-05 0.0009333333333 0.002866666667)
(5e-05 0.0009333333333 0.002866666667)
(-5e-05 0.001 0.002866666667)
(5e-05 0.001 0.002866666667)
(-5e-05 0.001066666667 0.002866666667)
(5e-05 0.001066666667 0.002866666667)
(-5e-05 0.001133333333 0.002866666667)
(5e-05 0.001133333333 0.002866666667)
(-5e-05 0.0012 0.002866666667)
(5e-05 0.0012 0.002866666667)
(-5e-05 0.001266666667 0.002866666667)
(5e-05 0.001266666667 0.002866666667)
(-5e-05 0.001333333333 0.002866666667)
(5e-05 0.001333333333 0.002866666667)
(-5e-05 0.0014 0.002866666667)
(5e-05 0.0014 0.002866666667)
(-5e-05 0.001466666667 0.002866666667)
(5e-05 0.001466666667 0.002866666667)
(-5e-05 0.001533333333 0.002866666667)
(5e-05 0.001533333333 0.002866666667)
(-5e-05 0.0016 0.002866666667)
(5e-05 0.0016 0.002866666667)
(-5e-05 0.001666666667 0.002866666667)
(5e-05 0.001666666667 0.002866666667)
(-5e-05 0.001733333333 0.002866666667)
(5e-05 0.001733333333 0.002866666667)
(-5e-05 0.0018 0.002866666667)
(5e-05 0.0018 0.002866666667)
(-5e-05 0.001866666667 0.002866666667)
(5e-05 0.001866666667 0.002866666667)
(-5e-05 0.001933333333 0.002866666667)
(5e-05 0.001933333333 0.002866666667)
(-5e-05 0.002 0.002866666667)
(5e-05 0.002 0.002866666667)
(-5e-05 0.002066666667 0.002866666667)
(5e-05 0.002066666667 0.002866666667)
(-5e-05 0.002133333333 0.002866666667)
(5e-05 0.002133333333 0.002866666667)
(-5e-05 0.0022 0.002866666667)
(5e-05 0.0022 0.002866666667)
(-5e-05 0.002266666667 0.002866666667)
(5e-05 0.002266666667 0.002866666667)
(-5e-05 0.002333333333 0.002866666667)
(5e-05 0.002333333333 0.002866666667)
(-5e-05 0.0024 0.002866666667)
(5e-05 0.0024 0.002866666667)
(-5e-05 0.002466666667 0.002866666667)
(5e-05 0.002466666667 0.002866666667)
(-5e-05 0.002533333333 0.002866666667)
(5e-05 0.002533333333 0.002866666667)
(-5e-05 0.0026 0.002866666667)
(5e-05 0.0026 0.002866666667)
(-5e-05 0.002666666667 0.002866666667)
(5e-05 0.002666666667 0.002866666667)
(-5e-05 0.002733333333 0.002866666667)
(5e-05 0.002733333333 0.002866666667)
(-5e-05 0.0028 0.002866666667)
(5e-05 0.0028 0.002866666667)
(-5e-05 0.002866666667 0.002866666667)
(5e-05 0.002866666667 0.002866666667)
(-5e-05 0.002933333333 0.002866666667)
(5e-05 0.002933333333 0.002866666667)
(-5e-05 0.003 0.002866666667)
(5e-05 0.003 0.002866666667)
(-5e-05 0.003066666667 0.002866666667)
(5e-05 0.003066666667 0.002866666667)
(-5e-05 0.003133333333 0.002866666667)
(5e-05 0.003133333333 0.002866666667)
(-5e-05 0.0032 0.002866666667)
(5e-05 0.0032 0.002866666667)
(-5e-05 0.003266666667 0.002866666667)
(5e-05 0.003266666667 0.002866666667)
(-5e-05 0.003333333333 0.002866666667)
(5e-05 0.003333333333 0.002866666667)
(-5e-05 0.0034 0.002866666667)
(5e-05 0.0034 0.002866666667)
(-5e-05 0.003466666667 0.002866666667)
(5e-05 0.003466666667 0.002866666667)
(-5e-05 0.003533333333 0.002866666667)
(5e-05 0.003533333333 0.002866666667)
(-5e-05 0.0036 0.002866666667)
(5e-05 0.0036 0.002866666667)
(-5e-05 0.003666666667 0.002866666667)
(5e-05 0.003666666667 0.002866666667)
(-5e-05 0.003733333333 0.002866666667)
(5e-05 0.003733333333 0.002866666667)
(-5e-05 0.0038 0.002866666667)
(5e-05 0.0038 0.002866666667)
(-5e-05 0.003866666667 0.002866666667)
(5e-05 0.003866666667 0.002866666667)
(-5e-05 0.003933333333 0.002866666667)
(5e-05 0.003933333333 0.002866666667)
(-5e-05 0.004 0.002866666667)
(5e-05 0.004 0.002866666667)
(-5e-05 0 0.002933333333)
(5e-05 0 0.002933333333)
(-5e-05 6.666666667e-05 0.002933333333)
(5e-05 6.666666667e-05 0.002933333333)
(-5e-05 0.0001333333333 0.002933333333)
(5e-05 0.0001333333333 0.002933333333)
(-5e-05 0.0002 0.002933333333)
(5e-05 0.0002 0.002933333333)
(-5e-05 0.0002666666667 0.002933333333)
(5e-05 0.0002666666667 0.002933333333)
(-5e-05 0.0003333333333 0.002933333333)
(5e-05 0.0003333333333 0.002933333333)
(-5e-05 0.0004 0.002933333333)
(5e-05 0.0004 0.002933333333)
(-5e-05 0.0004666666667 0.002933333333)
(5e-05 0.0004666666667 0.002933333333)
(-5e-05 0.0005333333333 0.002933333333)
(5e-05 0.0005333333333 0.002933333333)
(-5e-05 0.0006 0.002933333333)
(5e-05 0.0006 0.002933333333)
(-5e-05 0.0006666666667 0.002933333333)
(5e-05 0.0006666666667 0.002933333333)
(-5e-05 0.0007333333333 0.002933333333)
(5e-05 0.0007333333333 0.002933333333)
(-5e-05 0.0008 0.002933333333)
(5e-05 0.0008 0.002933333333)
(-5e-05 0.0008666666667 0.002933333333)
(5e-05 0.0008666666667 0.002933333333)
(-5e-05 0.0009333333333 0.002933333333)
(5e-05 0.0009333333333 0.002933333333)
(-5e-05 0.001 0.002933333333)
(5e-05 0.001 0.002933333333)
(-5e-05 0.001066666667 0.002933333333)
(5e-05 0.001066666667 0.002933333333)
(-5e-05 0.001133333333 0.002933333333)
(5e-05 0.001133333333 0.002933333333)
(-5e-05 0.0012 0.002933333333)
(5e-05 0.0012 0.002933333333)
(-5e-05 0.001266666667 0.002933333333)
(5e-05 0.001266666667 0.002933333333)
(-5e-05 0.001333333333 0.002933333333)
(5e-05 0.001333333333 0.002933333333)
(-5e-05 0.0014 0.002933333333)
(5e-05 0.0014 0.002933333333)
(-5e-05 0.001466666667 0.002933333333)
(5e-05 0.001466666667 0.002933333333)
(-5e-05 0.001533333333 0.002933333333)
(5e-05 0.001533333333 0.002933333333)
(-5e-05 0.0016 0.002933333333)
(5e-05 0.0016 0.002933333333)
(-5e-05 0.001666666667 0.002933333333)
(5e-05 0.001666666667 0.002933333333)
(-5e-05 0.001733333333 0.002933333333)
(5e-05 0.001733333333 0.002933333333)
(-5e-05 0.0018 0.002933333333)
(5e-05 0.0018 0.002933333333)
(-5e-05 0.001866666667 0.002933333333)
(5e-05 0.001866666667 0.002933333333)
(-5e-05 0.001933333333 0.002933333333)
(5e-05 0.001933333333 0.002933333333)
(-5e-05 0.002 0.002933333333)
(5e-05 0.002 0.002933333333)
(-5e-05 0.002066666667 0.002933333333)
(5e-05 0.002066666667 0.002933333333)
(-5e-05 0.002133333333 0.002933333333)
(5e-05 0.002133333333 0.002933333333)
(-5e-05 0.0022 0.002933333333)
(5e-05 0.0022 0.002933333333)
(-5e-05 0.002266666667 0.002933333333)
(5e-05 0.002266666667 0.002933333333)
(-5e-05 0.002333333333 0.002933333333)
(5e-05 0.002333333333 0.002933333333)
(-5e-05 0.0024 0.002933333333)
(5e-05 0.0024 0.002933333333)
(-5e-05 0.002466666667 0.002933333333)
(5e-05 0.002466666667 0.002933333333)
(-5e-05 0.002533333333 0.002933333333)
(5e-05 0.002533333333 0.002933333333)
(-5e-05 0.0026 0.002933333333)
(5e-05 0.0026 0.002933333333)
(-5e-05 0.002666666667 0.002933333333)
(5e-05 0.002666666667 0.002933333333)
(-5e-05 0.002733333333 0.002933333333)
(5e-05 0.002733333333 0.002933333333)
(-5e-05 0.0028 0.002933333333)
(5e-05 0.0028 0.002933333333)
(-5e-05 0.002866666667 0.002933333333)
(5e-05 0.002866666667 0.002933333333)
(-5e-05 0.002933333333 0.002933333333)
(5e-05 0.002933333333 0.002933333333)
(-5e-05 0.003 0.002933333333)
(5e-05 0.003 0.002933333333)
(-5e-05 0.003066666667 0.002933333333)
(5e-05 0.003066666667 0.002933333333)
(-5e-05 0.003133333333 0.002933333333)
(5e-05 0.003133333333 0.002933333333)
(-5e-05 0.0032 0.002933333333)
(5e-05 0.0032 0.002933333333)
(-5e-05 0.003266666667 0.002933333333)
(5e-05 0.003266666667 0.002933333333)
(-5e-05 0.003333333333 0.002933333333)
(5e-05 0.003333333333 0.002933333333)
(-5e-05 0.0034 0.002933333333)
(5e-05 0.0034 0.002933333333)
(-5e-05 0.003466666667 0.002933333333)
(5e-05 0.003466666667 0.002933333333)
(-5e-05 0.003533333333 0.002933333333)
(5e-05 0.003533333333 0.002933333333)
(-5e-05 0.0036 0.002933333333)
(5e-05 0.0036 0.002933333333)
(-5e-05 0.003666666667 0.002933333333)
(5e-05 0.003666666667 0.002933333333)
(-5e-05 0.003733333333 0.002933333333)
(5e-05 0.003733333333 0.002933333333)
(-5e-05 0.0038 0.002933333333)
(5e-05 0.0038 0.002933333333)
(-5e-05 0.003866666667 0.002933333333)
(5e-05 0.003866666667 0.002933333333)
(-5e-05 0.003933333333 0.002933333333)
(5e-05 0.003933333333 0.002933333333)
(-5e-05 0.004 0.002933333333)
(5e-05 0.004 0.002933333333)
(-5e-05 0 0.003)
(5e-05 0 0.003)
(-5e-05 6.666666667e-05 0.003)
(5e-05 6.666666667e-05 0.003)
(-5e-05 0.0001333333333 0.003)
(5e-05 0.0001333333333 0.003)
(-5e-05 0.0002 0.003)
(5e-05 0.0002 0.003)
(-5e-05 0.0002666666667 0.003)
(5e-05 0.0002666666667 0.003)
(-5e-05 0.0003333333333 0.003)
(5e-05 0.0003333333333 0.003)
(-5e-05 0.0004 0.003)
(5e-05 0.0004 0.003)
(-5e-05 0.0004666666667 0.003)
(5e-05 0.0004666666667 0.003)
(-5e-05 0.0005333333333 0.003)
(5e-05 0.0005333333333 0.003)
(-5e-05 0.0006 0.003)
(5e-05 0.0006 0.003)
(-5e-05 0.0006666666667 0.003)
(5e-05 0.0006666666667 0.003)
(-5e-05 0.0007333333333 0.003)
(5e-05 0.0007333333333 0.003)
(-5e-05 0.0008 0.003)
(5e-05 0.0008 0.003)
(-5e-05 0.0008666666667 0.003)
(5e-05 0.0008666666667 0.003)
(-5e-05 0.0009333333333 0.003)
(5e-05 0.0009333333333 0.003)
(-5e-05 0.001 0.003)
(5e-05 0.001 0.003)
(-5e-05 0.001066666667 0.003)
(5e-05 0.001066666667 0.003)
(-5e-05 0.001133333333 0.003)
(5e-05 0.001133333333 0.003)
(-5e-05 0.0012 0.003)
(5e-05 0.0012 0.003)
(-5e-05 0.001266666667 0.003)
(5e-05 0.001266666667 0.003)
(-5e-05 0.001333333333 0.003)
(5e-05 0.001333333333 0.003)
(-5e-05 0.0014 0.003)
(5e-05 0.0014 0.003)
(-5e-05 0.001466666667 0.003)
(5e-05 0.001466666667 0.003)
(-5e-05 0.001533333333 0.003)
(5e-05 0.001533333333 0.003)
(-5e-05 0.0016 0.003)
(5e-05 0.0016 0.003)
(-5e-05 0.001666666667 0.003)
(5e-05 0.001666666667 0.003)
(-5e-05 0.001733333333 0.003)
(5e-05 0.001733333333 0.003)
(-5e-05 0.0018 0.003)
(5e-05 0.0018 0.003)
(-5e-05 0.001866666667 0.003)
(5e-05 0.001866666667 0.003)
(-5e-05 0.001933333333 0.003)
(5e-05 0.001933333333 0.003)
(-5e-05 0.002 0.003)
(5e-05 0.002 0.003)
(-5e-05 0.002066666667 0.003)
(5e-05 0.002066666667 0.003)
(-5e-05 0.002133333333 0.003)
(5e-05 0.002133333333 0.003)
(-5e-05 0.0022 0.003)
(5e-05 0.0022 0.003)
(-5e-05 0.002266666667 0.003)
(5e-05 0.002266666667 0.003)
(-5e-05 0.002333333333 0.003)
(5e-05 0.002333333333 0.003)
(-5e-05 0.0024 0.003)
(5e-05 0.0024 0.003)
(-5e-05 0.002466666667 0.003)
(5e-05 0.002466666667 0.003)
(-5e-05 0.002533333333 0.003)
(5e-05 0.002533333333 0.003)
(-5e-05 0.0026 0.003)
(5e-05 0.0026 0.003)
(-5e-05 0.002666666667 0.003)
(5e-05 0.002666666667 0.003)
(-5e-05 0.002733333333 0.003)
(5e-05 0.002733333333 0.003)
(-5e-05 0.0028 0.003)
(5e-05 0.0028 0.003)
(-5e-05 0.002866666667 0.003)
(5e-05 0.002866666667 0.003)
(-5e-05 0.002933333333 0.003)
(5e-05 0.002933333333 0.003)
(-5e-05 0.003 0.003)
(5e-05 0.003 0.003)
(-5e-05 0.003066666667 0.003)
(5e-05 0.003066666667 0.003)
(-5e-05 0.003133333333 0.003)
(5e-05 0.003133333333 0.003)
(-5e-05 0.0032 0.003)
(5e-05 0.0032 0.003)
(-5e-05 0.003266666667 0.003)
(5e-05 0.003266666667 0.003)
(-5e-05 0.003333333333 0.003)
(5e-05 0.003333333333 0.003)
(-5e-05 0.0034 0.003)
(5e-05 0.0034 0.003)
(-5e-05 0.003466666667 0.003)
(5e-05 0.003466666667 0.003)
(-5e-05 0.003533333333 0.003)
(5e-05 0.003533333333 0.003)
(-5e-05 0.0036 0.003)
(5e-05 0.0036 0.003)
(-5e-05 0.003666666667 0.003)
(5e-05 0.003666666667 0.003)
(-5e-05 0.003733333333 0.003)
(5e-05 0.003733333333 0.003)
(-5e-05 0.0038 0.003)
(5e-05 0.0038 0.003)
(-5e-05 0.003866666667 0.003)
(5e-05 0.003866666667 0.003)
(-5e-05 0.003933333333 0.003)
(5e-05 0.003933333333 0.003)
(-5e-05 0.004 0.003)
(5e-05 0.004 0.003)
(-5e-05 0 0.003066666667)
(5e-05 0 0.003066666667)
(-5e-05 6.666666667e-05 0.003066666667)
(5e-05 6.666666667e-05 0.003066666667)
(-5e-05 0.0001333333333 0.003066666667)
(5e-05 0.0001333333333 0.003066666667)
(-5e-05 0.0002 0.003066666667)
(5e-05 0.0002 0.003066666667)
(-5e-05 0.0002666666667 0.003066666667)
(5e-05 0.0002666666667 0.003066666667)
(-5e-05 0.0003333333333 0.003066666667)
(5e-05 0.0003333333333 0.003066666667)
(-5e-05 0.0004 0.003066666667)
(5e-05 0.0004 0.003066666667)
(-5e-05 0.0004666666667 0.003066666667)
(5e-05 0.0004666666667 0.003066666667)
(-5e-05 0.0005333333333 0.003066666667)
(5e-05 0.0005333333333 0.003066666667)
(-5e-05 0.0006 0.003066666667)
(5e-05 0.0006 0.003066666667)
(-5e-05 0.0006666666667 0.003066666667)
(5e-05 0.0006666666667 0.003066666667)
(-5e-05 0.0007333333333 0.003066666667)
(5e-05 0.0007333333333 0.003066666667)
(-5e-05 0.0008 0.003066666667)
(5e-05 0.0008 0.003066666667)
(-5e-05 0.0008666666667 0.003066666667)
(5e-05 0.0008666666667 0.003066666667)
(-5e-05 0.0009333333333 0.003066666667)
(5e-05 0.0009333333333 0.003066666667)
(-5e-05 0.001 0.003066666667)
(5e-05 0.001 0.003066666667)
(-5e-05 0.001066666667 0.003066666667)
(5e-05 0.001066666667 0.003066666667)
(-5e-05 0.001133333333 0.003066666667)
(5e-05 0.001133333333 0.003066666667)
(-5e-05 0.0012 0.003066666667)
(5e-05 0.0012 0.003066666667)
(-5e-05 0.001266666667 0.003066666667)
(5e-05 0.001266666667 0.003066666667)
(-5e-05 0.001333333333 0.003066666667)
(5e-05 0.001333333333 0.003066666667)
(-5e-05 0.0014 0.003066666667)
(5e-05 0.0014 0.003066666667)
(-5e-05 0.001466666667 0.003066666667)
(5e-05 0.001466666667 0.003066666667)
(-5e-05 0.001533333333 0.003066666667)
(5e-05 0.001533333333 0.003066666667)
(-5e-05 0.0016 0.003066666667)
(5e-05 0.0016 0.003066666667)
(-5e-05 0.001666666667 0.003066666667)
(5e-05 0.001666666667 0.003066666667)
(-5e-05 0.001733333333 0.003066666667)
(5e-05 0.001733333333 0.003066666667)
(-5e-05 0.0018 0.003066666667)
(5e-05 0.0018 0.003066666667)
(-5e-05 0.001866666667 0.003066666667)
(5e-05 0.001866666667 0.003066666667)
(-5e-05 0.001933333333 0.003066666667)
(5e-05 0.001933333333 0.003066666667)
(-5e-05 0.002 0.003066666667)
(5e-05 0.002 0.003066666667)
(-5e-05 0.002066666667 0.003066666667)
(5e-05 0.002066666667 0.003066666667)
(-5e-05 0.002133333333 0.003066666667)
(5e-05 0.002133333333 0.003066666667)
(-5e-05 0.0022 0.003066666667)
(5e-05 0.0022 0.003066666667)
(-5e-05 0.002266666667 0.003066666667)
(5e-05 0.002266666667 0.003066666667)
(-5e-05 0.002333333333 0.003066666667)
(5e-05 0.002333333333 0.003066666667)
(-5e-05 0.0024 0.003066666667)
(5e-05 0.0024 0.003066666667)
(-5e-05 0.002466666667 0.003066666667)
(5e-05 0.002466666667 0.003066666667)
(-5e-05 0.002533333333 0.003066666667)
(5e-05 0.002533333333 0.003066666667)
(-5e-05 0.0026 0.003066666667)
(5e-05 0.0026 0.003066666667)
(-5e-05 0.002666666667 0.003066666667)
(5e-05 0.002666666667 0.003066666667)
(-5e-05 0.002733333333 0.003066666667)
(5e-05 0.002733333333 0.003066666667)
(-5e-05 0.0028 0.003066666667)
(5e-05 0.0028 0.003066666667)
(-5e-05 0.002866666667 0.003066666667)
(5e-05 0.002866666667 0.003066666667)
(-5e-05 0.002933333333 0.003066666667)
(5e-05 0.002933333333 0.003066666667)
(-5e-05 0.003 0.003066666667)
(5e-05 0.003 0.003066666667)
(-5e-05 0.003066666667 0.003066666667)
(5e-05 0.003066666667 0.003066666667)
(-5e-05 0.003133333333 0.003066666667)
(5e-05 0.003133333333 0.003066666667)
(-5e-05 0.0032 0.003066666667)
(5e-05 0.0032 0.003066666667)
(-5e-05 0.003266666667 0.003066666667)
(5e-05 0.003266666667 0.003066666667)
(-5e-05 0.003333333333 0.003066666667)
(5e-05 0.003333333333 0.003066666667)
(-5e-05 0.0034 0.003066666667)
(5e-05 0.0034 0.003066666667)
(-5e-05 0.003466666667 0.003066666667)
(5e-05 0.003466666667 0.003066666667)
(-5e-05 0.003533333333 0.003066666667)
(5e-05 0.003533333333 0.003066666667)
(-5e-05 0.0036 0.003066666667)
(5e-05 0.0036 0.003066666667)
(-5e-05 0.003666666667 0.003066666667)
(5e-05 0.003666666667 0.003066666667)
(-5e-05 0.003733333333 0.003066666667)
(5e-05 0.003733333333 0.003066666667)
(-5e-05 0.0038 0.003066666667)
(5e-05 0.0038 0.003066666667)
(-5e-05 0.003866666667 0.003066666667)
(5e-05 0.003866666667 0.003066666667)
(-5e-05 0.003933333333 0.003066666667)
(5e-05 0.003933333333 0.003066666667)
(-5e-05 0.004 0.003066666667)
(5e-05 0.004 0.003066666667)
(-5e-05 0 0.003133333333)
(5e-05 0 0.003133333333)
(-5e-05 6.666666667e-05 0.003133333333)
(5e-05 6.666666667e-05 0.003133333333)
(-5e-05 0.0001333333333 0.003133333333)
(5e-05 0.0001333333333 0.003133333333)
(-5e-05 0.0002 0.003133333333)
(5e-05 0.0002 0.003133333333)
(-5e-05 0.0002666666667 0.003133333333)
(5e-05 0.0002666666667 0.003133333333)
(-5e-05 0.0003333333333 0.003133333333)
(5e-05 0.0003333333333 0.003133333333)
(-5e-05 0.0004 0.003133333333)
(5e-05 0.0004 0.003133333333)
(-5e-05 0.0004666666667 0.003133333333)
(5e-05 0.0004666666667 0.003133333333)
(-5e-05 0.0005333333333 0.003133333333)
(5e-05 0.0005333333333 0.003133333333)
(-5e-05 0.0006 0.003133333333)
(5e-05 0.0006 0.003133333333)
(-5e-05 0.0006666666667 0.003133333333)
(5e-05 0.0006666666667 0.003133333333)
(-5e-05 0.0007333333333 0.003133333333)
(5e-05 0.0007333333333 0.003133333333)
(-5e-05 0.0008 0.003133333333)
(5e-05 0.0008 0.003133333333)
(-5e-05 0.0008666666667 0.003133333333)
(5e-05 0.0008666666667 0.003133333333)
(-5e-05 0.0009333333333 0.003133333333)
(5e-05 0.0009333333333 0.003133333333)
(-5e-05 0.001 0.003133333333)
(5e-05 0.001 0.003133333333)
(-5e-05 0.001066666667 0.003133333333)
(5e-05 0.001066666667 0.003133333333)
(-5e-05 0.001133333333 0.003133333333)
(5e-05 0.001133333333 0.003133333333)
(-5e-05 0.0012 0.003133333333)
(5e-05 0.0012 0.003133333333)
(-5e-05 0.001266666667 0.003133333333)
(5e-05 0.001266666667 0.003133333333)
(-5e-05 0.001333333333 0.003133333333)
(5e-05 0.001333333333 0.003133333333)
(-5e-05 0.0014 0.003133333333)
(5e-05 0.0014 0.003133333333)
(-5e-05 0.001466666667 0.003133333333)
(5e-05 0.001466666667 0.003133333333)
(-5e-05 0.001533333333 0.003133333333)
(5e-05 0.001533333333 0.003133333333)
(-5e-05 0.0016 0.003133333333)
(5e-05 0.0016 0.003133333333)
(-5e-05 0.001666666667 0.003133333333)
(5e-05 0.001666666667 0.003133333333)
(-5e-05 0.001733333333 0.003133333333)
(5e-05 0.001733333333 0.003133333333)
(-5e-05 0.0018 0.003133333333)
(5e-05 0.0018 0.003133333333)
(-5e-05 0.001866666667 0.003133333333)
(5e-05 0.001866666667 0.003133333333)
(-5e-05 0.001933333333 0.003133333333)
(5e-05 0.001933333333 0.003133333333)
(-5e-05 0.002 0.003133333333)
(5e-05 0.002 0.003133333333)
(-5e-05 0.002066666667 0.003133333333)
(5e-05 0.002066666667 0.003133333333)
(-5e-05 0.002133333333 0.003133333333)
(5e-05 0.002133333333 0.003133333333)
(-5e-05 0.0022 0.003133333333)
(5e-05 0.0022 0.003133333333)
(-5e-05 0.002266666667 0.003133333333)
(5e-05 0.002266666667 0.003133333333)
(-5e-05 0.002333333333 0.003133333333)
(5e-05 0.002333333333 0.003133333333)
(-5e-05 0.0024 0.003133333333)
(5e-05 0.0024 0.003133333333)
(-5e-05 0.002466666667 0.003133333333)
(5e-05 0.002466666667 0.003133333333)
(-5e-05 0.002533333333 0.003133333333)
(5e-05 0.002533333333 0.003133333333)
(-5e-05 0.0026 0.003133333333)
(5e-05 0.0026 0.003133333333)
(-5e-05 0.002666666667 0.003133333333)
(5e-05 0.002666666667 0.003133333333)
(-5e-05 0.002733333333 0.003133333333)
(5e-05 0.002733333333 0.003133333333)
(-5e-05 0.0028 0.003133333333)
(5e-05 0.0028 0.003133333333)
(-5e-05 0.002866666667 0.003133333333)
(5e-05 0.002866666667 0.003133333333)
(-5e-05 0.002933333333 0.003133333333)
(5e-05 0.002933333333 0.003133333333)
(-5e-05 0.003 0.003133333333)
(5e-05 0.003 0.003133333333)
(-5e-05 0.003066666667 0.003133333333)
(5e-05 0.003066666667 0.003133333333)
(-5e-05 0.003133333333 0.003133333333)
(5e-05 0.003133333333 0.003133333333)
(-5e-05 0.0032 0.003133333333)
(5e-05 0.0032 0.003133333333)
(-5e-05 0.003266666667 0.003133333333)
(5e-05 0.003266666667 0.003133333333)
(-5e-05 0.003333333333 0.003133333333)
(5e-05 0.003333333333 0.003133333333)
(-5e-05 0.0034 0.003133333333)
(5e-05 0.0034 0.003133333333)
(-5e-05 0.003466666667 0.003133333333)
(5e-05 0.003466666667 0.003133333333)
(-5e-05 0.003533333333 0.003133333333)
(5e-05 0.003533333333 0.003133333333)
(-5e-05 0.0036 0.003133333333)
(5e-05 0.0036 0.003133333333)
(-5e-05 0.003666666667 0.003133333333)
(5e-05 0.003666666667 0.003133333333)
(-5e-05 0.003733333333 0.003133333333)
(5e-05 0.003733333333 0.003133333333)
(-5e-05 0.0038 0.003133333333)
(5e-05 0.0038 0.003133333333)
(-5e-05 0.003866666667 0.003133333333)
(5e-05 0.003866666667 0.003133333333)
(-5e-05 0.003933333333 0.003133333333)
(5e-05 0.003933333333 0.003133333333)
(-5e-05 0.004 0.003133333333)
(5e-05 0.004 0.003133333333)
(-5e-05 0 0.0032)
(5e-05 0 0.0032)
(-5e-05 6.666666667e-05 0.0032)
(5e-05 6.666666667e-05 0.0032)
(-5e-05 0.0001333333333 0.0032)
(5e-05 0.0001333333333 0.0032)
(-5e-05 0.0002 0.0032)
(5e-05 0.0002 0.0032)
(-5e-05 0.0002666666667 0.0032)
(5e-05 0.0002666666667 0.0032)
(-5e-05 0.0003333333333 0.0032)
(5e-05 0.0003333333333 0.0032)
(-5e-05 0.0004 0.0032)
(5e-05 0.0004 0.0032)
(-5e-05 0.0004666666667 0.0032)
(5e-05 0.0004666666667 0.0032)
(-5e-05 0.0005333333333 0.0032)
(5e-05 0.0005333333333 0.0032)
(-5e-05 0.0006 0.0032)
(5e-05 0.0006 0.0032)
(-5e-05 0.0006666666667 0.0032)
(5e-05 0.0006666666667 0.0032)
(-5e-05 0.0007333333333 0.0032)
(5e-05 0.0007333333333 0.0032)
(-5e-05 0.0008 0.0032)
(5e-05 0.0008 0.0032)
(-5e-05 0.0008666666667 0.0032)
(5e-05 0.0008666666667 0.0032)
(-5e-05 0.0009333333333 0.0032)
(5e-05 0.0009333333333 0.0032)
(-5e-05 0.001 0.0032)
(5e-05 0.001 0.0032)
(-5e-05 0.001066666667 0.0032)
(5e-05 0.001066666667 0.0032)
(-5e-05 0.001133333333 0.0032)
(5e-05 0.001133333333 0.0032)
(-5e-05 0.0012 0.0032)
(5e-05 0.0012 0.0032)
(-5e-05 0.001266666667 0.0032)
(5e-05 0.001266666667 0.0032)
(-5e-05 0.001333333333 0.0032)
(5e-05 0.001333333333 0.0032)
(-5e-05 0.0014 0.0032)
(5e-05 0.0014 0.0032)
(-5e-05 0.001466666667 0.0032)
(5e-05 0.001466666667 0.0032)
(-5e-05 0.001533333333 0.0032)
(5e-05 0.001533333333 0.0032)
(-5e-05 0.0016 0.0032)
(5e-05 0.0016 0.0032)
(-5e-05 0.001666666667 0.0032)
(5e-05 0.001666666667 0.0032)
(-5e-05 0.001733333333 0.0032)
(5e-05 0.001733333333 0.0032)
(-5e-05 0.0018 0.0032)
(5e-05 0.0018 0.0032)
(-5e-05 0.001866666667 0.0032)
(5e-05 0.001866666667 0.0032)
(-5e-05 0.001933333333 0.0032)
(5e-05 0.001933333333 0.0032)
(-5e-05 0.002 0.0032)
(5e-05 0.002 0.0032)
(-5e-05 0.002066666667 0.0032)
(5e-05 0.002066666667 0.0032)
(-5e-05 0.002133333333 0.0032)
(5e-05 0.002133333333 0.0032)
(-5e-05 0.0022 0.0032)
(5e-05 0.0022 0.0032)
(-5e-05 0.002266666667 0.0032)
(5e-05 0.002266666667 0.0032)
(-5e-05 0.002333333333 0.0032)
(5e-05 0.002333333333 0.0032)
(-5e-05 0.0024 0.0032)
(5e-05 0.0024 0.0032)
(-5e-05 0.002466666667 0.0032)
(5e-05 0.002466666667 0.0032)
(-5e-05 0.002533333333 0.0032)
(5e-05 0.002533333333 0.0032)
(-5e-05 0.0026 0.0032)
(5e-05 0.0026 0.0032)
(-5e-05 0.002666666667 0.0032)
(5e-05 0.002666666667 0.0032)
(-5e-05 0.002733333333 0.0032)
(5e-05 0.002733333333 0.0032)
(-5e-05 0.0028 0.0032)
(5e-05 0.0028 0.0032)
(-5e-05 0.002866666667 0.0032)
(5e-05 0.002866666667 0.0032)
(-5e-05 0.002933333333 0.0032)
(5e-05 0.002933333333 0.0032)
(-5e-05 0.003 0.0032)
(5e-05 0.003 0.0032)
(-5e-05 0.003066666667 0.0032)
(5e-05 0.003066666667 0.0032)
(-5e-05 0.003133333333 0.0032)
(5e-05 0.003133333333 0.0032)
(-5e-05 0.0032 0.0032)
(5e-05 0.0032 0.0032)
(-5e-05 0.003266666667 0.0032)
(5e-05 0.003266666667 0.0032)
(-5e-05 0.003333333333 0.0032)
(5e-05 0.003333333333 0.0032)
(-5e-05 0.0034 0.0032)
(5e-05 0.0034 0.0032)
(-5e-05 0.003466666667 0.0032)
(5e-05 0.003466666667 0.0032)
(-5e-05 0.003533333333 0.0032)
(5e-05 0.003533333333 0.0032)
(-5e-05 0.0036 0.0032)
(5e-05 0.0036 0.0032)
(-5e-05 0.003666666667 0.0032)
(5e-05 0.003666666667 0.0032)
(-5e-05 0.003733333333 0.0032)
(5e-05 0.003733333333 0.0032)
(-5e-05 0.0038 0.0032)
(5e-05 0.0038 0.0032)
(-5e-05 0.003866666667 0.0032)
(5e-05 0.003866666667 0.0032)
(-5e-05 0.003933333333 0.0032)
(5e-05 0.003933333333 0.0032)
(-5e-05 0.004 0.0032)
(5e-05 0.004 0.0032)
(-5e-05 0 0.003266666667)
(5e-05 0 0.003266666667)
(-5e-05 6.666666667e-05 0.003266666667)
(5e-05 6.666666667e-05 0.003266666667)
(-5e-05 0.0001333333333 0.003266666667)
(5e-05 0.0001333333333 0.003266666667)
(-5e-05 0.0002 0.003266666667)
(5e-05 0.0002 0.003266666667)
(-5e-05 0.0002666666667 0.003266666667)
(5e-05 0.0002666666667 0.003266666667)
(-5e-05 0.0003333333333 0.003266666667)
(5e-05 0.0003333333333 0.003266666667)
(-5e-05 0.0004 0.003266666667)
(5e-05 0.0004 0.003266666667)
(-5e-05 0.0004666666667 0.003266666667)
(5e-05 0.0004666666667 0.003266666667)
(-5e-05 0.0005333333333 0.003266666667)
(5e-05 0.0005333333333 0.003266666667)
(-5e-05 0.0006 0.003266666667)
(5e-05 0.0006 0.003266666667)
(-5e-05 0.0006666666667 0.003266666667)
(5e-05 0.0006666666667 0.003266666667)
(-5e-05 0.0007333333333 0.003266666667)
(5e-05 0.0007333333333 0.003266666667)
(-5e-05 0.0008 0.003266666667)
(5e-05 0.0008 0.003266666667)
(-5e-05 0.0008666666667 0.003266666667)
(5e-05 0.0008666666667 0.003266666667)
(-5e-05 0.0009333333333 0.003266666667)
(5e-05 0.0009333333333 0.003266666667)
(-5e-05 0.001 0.003266666667)
(5e-05 0.001 0.003266666667)
(-5e-05 0.001066666667 0.003266666667)
(5e-05 0.001066666667 0.003266666667)
(-5e-05 0.001133333333 0.003266666667)
(5e-05 0.001133333333 0.003266666667)
(-5e-05 0.0012 0.003266666667)
(5e-05 0.0012 0.003266666667)
(-5e-05 0.001266666667 0.003266666667)
(5e-05 0.001266666667 0.003266666667)
(-5e-05 0.001333333333 0.003266666667)
(5e-05 0.001333333333 0.003266666667)
(-5e-05 0.0014 0.003266666667)
(5e-05 0.0014 0.003266666667)
(-5e-05 0.001466666667 0.003266666667)
(5e-05 0.001466666667 0.003266666667)
(-5e-05 0.001533333333 0.003266666667)
(5e-05 0.001533333333 0.003266666667)
(-5e-05 0.0016 0.003266666667)
(5e-05 0.0016 0.003266666667)
(-5e-05 0.001666666667 0.003266666667)
(5e-05 0.001666666667 0.003266666667)
(-5e-05 0.001733333333 0.003266666667)
(5e-05 0.001733333333 0.003266666667)
(-5e-05 0.0018 0.003266666667)
(5e-05 0.0018 0.003266666667)
(-5e-05 0.001866666667 0.003266666667)
(5e-05 0.001866666667 0.003266666667)
(-5e-05 0.001933333333 0.003266666667)
(5e-05 0.001933333333 0.003266666667)
(-5e-05 0.002 0.003266666667)
(5e-05 0.002 0.003266666667)
(-5e-05 0.002066666667 0.003266666667)
(5e-05 0.002066666667 0.003266666667)
(-5e-05 0.002133333333 0.003266666667)
(5e-05 0.002133333333 0.003266666667)
(-5e-05 0.0022 0.003266666667)
(5e-05 0.0022 0.003266666667)
(-5e-05 0.002266666667 0.003266666667)
(5e-05 0.002266666667 0.003266666667)
(-5e-05 0.002333333333 0.003266666667)
(5e-05 0.002333333333 0.003266666667)
(-5e-05 0.0024 0.003266666667)
(5e-05 0.0024 0.003266666667)
(-5e-05 0.002466666667 0.003266666667)
(5e-05 0.002466666667 0.003266666667)
(-5e-05 0.002533333333 0.003266666667)
(5e-05 0.002533333333 0.003266666667)
(-5e-05 0.0026 0.003266666667)
(5e-05 0.0026 0.003266666667)
(-5e-05 0.002666666667 0.003266666667)
(5e-05 0.002666666667 0.003266666667)
(-5e-05 0.002733333333 0.003266666667)
(5e-05 0.002733333333 0.003266666667)
(-5e-05 0.0028 0.003266666667)
(5e-05 0.0028 0.003266666667)
(-5e-05 0.002866666667 0.003266666667)
(5e-05 0.002866666667 0.003266666667)
(-5e-05 0.002933333333 0.003266666667)
(5e-05 0.002933333333 0.003266666667)
(-5e-05 0.003 0.003266666667)
(5e-05 0.003 0.003266666667)
(-5e-05 0.003066666667 0.003266666667)
(5e-05 0.003066666667 0.003266666667)
(-5e-05 0.003133333333 0.003266666667)
(5e-05 0.003133333333 0.003266666667)
(-5e-05 0.0032 0.003266666667)
(5e-05 0.0032 0.003266666667)
(-5e-05 0.003266666667 0.003266666667)
(5e-05 0.003266666667 0.003266666667)
(-5e-05 0.003333333333 0.003266666667)
(5e-05 0.003333333333 0.003266666667)
(-5e-05 0.0034 0.003266666667)
(5e-05 0.0034 0.003266666667)
(-5e-05 0.003466666667 0.003266666667)
(5e-05 0.003466666667 0.003266666667)
(-5e-05 0.003533333333 0.003266666667)
(5e-05 0.003533333333 0.003266666667)
(-5e-05 0.0036 0.003266666667)
(5e-05 0.0036 0.003266666667)
(-5e-05 0.003666666667 0.003266666667)
(5e-05 0.003666666667 0.003266666667)
(-5e-05 0.003733333333 0.003266666667)
(5e-05 0.003733333333 0.003266666667)
(-5e-05 0.0038 0.003266666667)
(5e-05 0.0038 0.003266666667)
(-5e-05 0.003866666667 0.003266666667)
(5e-05 0.003866666667 0.003266666667)
(-5e-05 0.003933333333 0.003266666667)
(5e-05 0.003933333333 0.003266666667)
(-5e-05 0.004 0.003266666667)
(5e-05 0.004 0.003266666667)
(-5e-05 0 0.003333333333)
(5e-05 0 0.003333333333)
(-5e-05 6.666666667e-05 0.003333333333)
(5e-05 6.666666667e-05 0.003333333333)
(-5e-05 0.0001333333333 0.003333333333)
(5e-05 0.0001333333333 0.003333333333)
(-5e-05 0.0002 0.003333333333)
(5e-05 0.0002 0.003333333333)
(-5e-05 0.0002666666667 0.003333333333)
(5e-05 0.0002666666667 0.003333333333)
(-5e-05 0.0003333333333 0.003333333333)
(5e-05 0.0003333333333 0.003333333333)
(-5e-05 0.0004 0.003333333333)
(5e-05 0.0004 0.003333333333)
(-5e-05 0.0004666666667 0.003333333333)
(5e-05 0.0004666666667 0.003333333333)
(-5e-05 0.0005333333333 0.003333333333)
(5e-05 0.0005333333333 0.003333333333)
(-5e-05 0.0006 0.003333333333)
(5e-05 0.0006 0.003333333333)
(-5e-05 0.0006666666667 0.003333333333)
(5e-05 0.0006666666667 0.003333333333)
(-5e-05 0.0007333333333 0.003333333333)
(5e-05 0.0007333333333 0.003333333333)
(-5e-05 0.0008 0.003333333333)
(5e-05 0.0008 0.003333333333)
(-5e-05 0.0008666666667 0.003333333333)
(5e-05 0.0008666666667 0.003333333333)
(-5e-05 0.0009333333333 0.003333333333)
(5e-05 0.0009333333333 0.003333333333)
(-5e-05 0.001 0.003333333333)
(5e-05 0.001 0.003333333333)
(-5e-05 0.001066666667 0.003333333333)
(5e-05 0.001066666667 0.003333333333)
(-5e-05 0.001133333333 0.003333333333)
(5e-05 0.001133333333 0.003333333333)
(-5e-05 0.0012 0.003333333333)
(5e-05 0.0012 0.003333333333)
(-5e-05 0.001266666667 0.003333333333)
(5e-05 0.001266666667 0.003333333333)
(-5e-05 0.001333333333 0.003333333333)
(5e-05 0.001333333333 0.003333333333)
(-5e-05 0.0014 0.003333333333)
(5e-05 0.0014 0.003333333333)
(-5e-05 0.001466666667 0.003333333333)
(5e-05 0.001466666667 0.003333333333)
(-5e-05 0.001533333333 0.003333333333)
(5e-05 0.001533333333 0.003333333333)
(-5e-05 0.0016 0.003333333333)
(5e-05 0.0016 0.003333333333)
(-5e-05 0.001666666667 0.003333333333)
(5e-05 0.001666666667 0.003333333333)
(-5e-05 0.001733333333 0.003333333333)
(5e-05 0.001733333333 0.003333333333)
(-5e-05 0.0018 0.003333333333)
(5e-05 0.0018 0.003333333333)
(-5e-05 0.001866666667 0.003333333333)
(5e-05 0.001866666667 0.003333333333)
(-5e-05 0.001933333333 0.003333333333)
(5e-05 0.001933333333 0.003333333333)
(-5e-05 0.002 0.003333333333)
(5e-05 0.002 0.003333333333)
(-5e-05 0.002066666667 0.003333333333)
(5e-05 0.002066666667 0.003333333333)
(-5e-05 0.002133333333 0.003333333333)
(5e-05 0.002133333333 0.003333333333)
(-5e-05 0.0022 0.003333333333)
(5e-05 0.0022 0.003333333333)
(-5e-05 0.002266666667 0.003333333333)
(5e-05 0.002266666667 0.003333333333)
(-5e-05 0.002333333333 0.003333333333)
(5e-05 0.002333333333 0.003333333333)
(-5e-05 0.0024 0.003333333333)
(5e-05 0.0024 0.003333333333)
(-5e-05 0.002466666667 0.003333333333)
(5e-05 0.002466666667 0.003333333333)
(-5e-05 0.002533333333 0.003333333333)
(5e-05 0.002533333333 0.003333333333)
(-5e-05 0.0026 0.003333333333)
(5e-05 0.0026 0.003333333333)
(-5e-05 0.002666666667 0.003333333333)
(5e-05 0.002666666667 0.003333333333)
(-5e-05 0.002733333333 0.003333333333)
(5e-05 0.002733333333 0.003333333333)
(-5e-05 0.0028 0.003333333333)
(5e-05 0.0028 0.003333333333)
(-5e-05 0.002866666667 0.003333333333)
(5e-05 0.002866666667 0.003333333333)
(-5e-05 0.002933333333 0.003333333333)
(5e-05 0.002933333333 0.003333333333)
(-5e-05 0.003 0.003333333333)
(5e-05 0.003 0.003333333333)
(-5e-05 0.003066666667 0.003333333333)
(5e-05 0.003066666667 0.003333333333)
(-5e-05 0.003133333333 0.003333333333)
(5e-05 0.003133333333 0.003333333333)
(-5e-05 0.0032 0.003333333333)
(5e-05 0.0032 0.003333333333)
(-5e-05 0.003266666667 0.003333333333)
(5e-05 0.003266666667 0.003333333333)
(-5e-05 0.003333333333 0.003333333333)
(5e-05 0.003333333333 0.003333333333)
(-5e-05 0.0034 0.003333333333)
(5e-05 0.0034 0.003333333333)
(-5e-05 0.003466666667 0.003333333333)
(5e-05 0.003466666667 0.003333333333)
(-5e-05 0.003533333333 0.003333333333)
(5e-05 0.003533333333 0.003333333333)
(-5e-05 0.0036 0.003333333333)
(5e-05 0.0036 0.003333333333)
(-5e-05 0.003666666667 0.003333333333)
(5e-05 0.003666666667 0.003333333333)
(-5e-05 0.003733333333 0.003333333333)
(5e-05 0.003733333333 0.003333333333)
(-5e-05 0.0038 0.003333333333)
(5e-05 0.0038 0.003333333333)
(-5e-05 0.003866666667 0.003333333333)
(5e-05 0.003866666667 0.003333333333)
(-5e-05 0.003933333333 0.003333333333)
(5e-05 0.003933333333 0.003333333333)
(-5e-05 0.004 0.003333333333)
(5e-05 0.004 0.003333333333)
(-5e-05 0 0.0034)
(5e-05 0 0.0034)
(-5e-05 6.666666667e-05 0.0034)
(5e-05 6.666666667e-05 0.0034)
(-5e-05 0.0001333333333 0.0034)
(5e-05 0.0001333333333 0.0034)
(-5e-05 0.0002 0.0034)
(5e-05 0.0002 0.0034)
(-5e-05 0.0002666666667 0.0034)
(5e-05 0.0002666666667 0.0034)
(-5e-05 0.0003333333333 0.0034)
(5e-05 0.0003333333333 0.0034)
(-5e-05 0.0004 0.0034)
(5e-05 0.0004 0.0034)
(-5e-05 0.0004666666667 0.0034)
(5e-05 0.0004666666667 0.0034)
(-5e-05 0.0005333333333 0.0034)
(5e-05 0.0005333333333 0.0034)
(-5e-05 0.0006 0.0034)
(5e-05 0.0006 0.0034)
(-5e-05 0.0006666666667 0.0034)
(5e-05 0.0006666666667 0.0034)
(-5e-05 0.0007333333333 0.0034)
(5e-05 0.0007333333333 0.0034)
(-5e-05 0.0008 0.0034)
(5e-05 0.0008 0.0034)
(-5e-05 0.0008666666667 0.0034)
(5e-05 0.0008666666667 0.0034)
(-5e-05 0.0009333333333 0.0034)
(5e-05 0.0009333333333 0.0034)
(-5e-05 0.001 0.0034)
(5e-05 0.001 0.0034)
(-5e-05 0.001066666667 0.0034)
(5e-05 0.001066666667 0.0034)
(-5e-05 0.001133333333 0.0034)
(5e-05 0.001133333333 0.0034)
(-5e-05 0.0012 0.0034)
(5e-05 0.0012 0.0034)
(-5e-05 0.001266666667 0.0034)
(5e-05 0.001266666667 0.0034)
(-5e-05 0.001333333333 0.0034)
(5e-05 0.001333333333 0.0034)
(-5e-05 0.0014 0.0034)
(5e-05 0.0014 0.0034)
(-5e-05 0.001466666667 0.0034)
(5e-05 0.001466666667 0.0034)
(-5e-05 0.001533333333 0.0034)
(5e-05 0.001533333333 0.0034)
(-5e-05 0.0016 0.0034)
(5e-05 0.0016 0.0034)
(-5e-05 0.001666666667 0.0034)
(5e-05 0.001666666667 0.0034)
(-5e-05 0.001733333333 0.0034)
(5e-05 0.001733333333 0.0034)
(-5e-05 0.0018 0.0034)
(5e-05 0.0018 0.0034)
(-5e-05 0.001866666667 0.0034)
(5e-05 0.001866666667 0.0034)
(-5e-05 0.001933333333 0.0034)
(5e-05 0.001933333333 0.0034)
(-5e-05 0.002 0.0034)
(5e-05 0.002 0.0034)
(-5e-05 0.002066666667 0.0034)
(5e-05 0.002066666667 0.0034)
(-5e-05 0.002133333333 0.0034)
(5e-05 0.002133333333 0.0034)
(-5e-05 0.0022 0.0034)
(5e-05 0.0022 0.0034)
(-5e-05 0.002266666667 0.0034)
(5e-05 0.002266666667 0.0034)
(-5e-05 0.002333333333 0.0034)
(5e-05 0.002333333333 0.0034)
(-5e-05 0.0024 0.0034)
(5e-05 0.0024 0.0034)
(-5e-05 0.002466666667 0.0034)
(5e-05 0.002466666667 0.0034)
(-5e-05 0.002533333333 0.0034)
(5e-05 0.002533333333 0.0034)
(-5e-05 0.0026 0.0034)
(5e-05 0.0026 0.0034)
(-5e-05 0.002666666667 0.0034)
(5e-05 0.002666666667 0.0034)
(-5e-05 0.002733333333 0.0034)
(5e-05 0.002733333333 0.0034)
(-5e-05 0.0028 0.0034)
(5e-05 0.0028 0.0034)
(-5e-05 0.002866666667 0.0034)
(5e-05 0.002866666667 0.0034)
(-5e-05 0.002933333333 0.0034)
(5e-05 0.002933333333 0.0034)
(-5e-05 0.003 0.0034)
(5e-05 0.003 0.0034)
(-5e-05 0.003066666667 0.0034)
(5e-05 0.003066666667 0.0034)
(-5e-05 0.003133333333 0.0034)
(5e-05 0.003133333333 0.0034)
(-5e-05 0.0032 0.0034)
(5e-05 0.0032 0.0034)
(-5e-05 0.003266666667 0.0034)
(5e-05 0.003266666667 0.0034)
(-5e-05 0.003333333333 0.0034)
(5e-05 0.003333333333 0.0034)
(-5e-05 0.0034 0.0034)
(5e-05 0.0034 0.0034)
(-5e-05 0.003466666667 0.0034)
(5e-05 0.003466666667 0.0034)
(-5e-05 0.003533333333 0.0034)
(5e-05 0.003533333333 0.0034)
(-5e-05 0.0036 0.0034)
(5e-05 0.0036 0.0034)
(-5e-05 0.003666666667 0.0034)
(5e-05 0.003666666667 0.0034)
(-5e-05 0.003733333333 0.0034)
(5e-05 0.003733333333 0.0034)
(-5e-05 0.0038 0.0034)
(5e-05 0.0038 0.0034)
(-5e-05 0.003866666667 0.0034)
(5e-05 0.003866666667 0.0034)
(-5e-05 0.003933333333 0.0034)
(5e-05 0.003933333333 0.0034)
(-5e-05 0.004 0.0034)
(5e-05 0.004 0.0034)
(-5e-05 0 0.003466666667)
(5e-05 0 0.003466666667)
(-5e-05 6.666666667e-05 0.003466666667)
(5e-05 6.666666667e-05 0.003466666667)
(-5e-05 0.0001333333333 0.003466666667)
(5e-05 0.0001333333333 0.003466666667)
(-5e-05 0.0002 0.003466666667)
(5e-05 0.0002 0.003466666667)
(-5e-05 0.0002666666667 0.003466666667)
(5e-05 0.0002666666667 0.003466666667)
(-5e-05 0.0003333333333 0.003466666667)
(5e-05 0.0003333333333 0.003466666667)
(-5e-05 0.0004 0.003466666667)
(5e-05 0.0004 0.003466666667)
(-5e-05 0.0004666666667 0.003466666667)
(5e-05 0.0004666666667 0.003466666667)
(-5e-05 0.0005333333333 0.003466666667)
(5e-05 0.0005333333333 0.003466666667)
(-5e-05 0.0006 0.003466666667)
(5e-05 0.0006 0.003466666667)
(-5e-05 0.0006666666667 0.003466666667)
(5e-05 0.0006666666667 0.003466666667)
(-5e-05 0.0007333333333 0.003466666667)
(5e-05 0.0007333333333 0.003466666667)
(-5e-05 0.0008 0.003466666667)
(5e-05 0.0008 0.003466666667)
(-5e-05 0.0008666666667 0.003466666667)
(5e-05 0.0008666666667 0.003466666667)
(-5e-05 0.0009333333333 0.003466666667)
(5e-05 0.0009333333333 0.003466666667)
(-5e-05 0.001 0.003466666667)
(5e-05 0.001 0.003466666667)
(-5e-05 0.001066666667 0.003466666667)
(5e-05 0.001066666667 0.003466666667)
(-5e-05 0.001133333333 0.003466666667)
(5e-05 0.001133333333 0.003466666667)
(-5e-05 0.0012 0.003466666667)
(5e-05 0.0012 0.003466666667)
(-5e-05 0.001266666667 0.003466666667)
(5e-05 0.001266666667 0.003466666667)
(-5e-05 0.001333333333 0.003466666667)
(5e-05 0.001333333333 0.003466666667)
(-5e-05 0.0014 0.003466666667)
(5e-05 0.0014 0.003466666667)
(-5e-05 0.001466666667 0.003466666667)
(5e-05 0.001466666667 0.003466666667)
(-5e-05 0.001533333333 0.003466666667)
(5e-05 0.001533333333 0.003466666667)
(-5e-05 0.0016 0.003466666667)
(5e-05 0.0016 0.003466666667)
(-5e-05 0.001666666667 0.003466666667)
(5e-05 0.001666666667 0.003466666667)
(-5e-05 0.001733333333 0.003466666667)
(5e-05 0.001733333333 0.003466666667)
(-5e-05 0.0018 0.003466666667)
(5e-05 0.0018 0.003466666667)
(-5e-05 0.001866666667 0.003466666667)
(5e-05 0.001866666667 0.003466666667)
(-5e-05 0.001933333333 0.003466666667)
(5e-05 0.001933333333 0.003466666667)
(-5e-05 0.002 0.003466666667)
(5e-05 0.002 0.003466666667)
(-5e-05 0.002066666667 0.003466666667)
(5e-05 0.002066666667 0.003466666667)
(-5e-05 0.002133333333 0.003466666667)
(5e-05 0.002133333333 0.003466666667)
(-5e-05 0.0022 0.003466666667)
(5e-05 0.0022 0.003466666667)
(-5e-05 0.002266666667 0.003466666667)
(5e-05 0.002266666667 0.003466666667)
(-5e-05 0.002333333333 0.003466666667)
(5e-05 0.002333333333 0.003466666667)
(-5e-05 0.0024 0.003466666667)
(5e-05 0.0024 0.003466666667)
(-5e-05 0.002466666667 0.003466666667)
(5e-05 0.002466666667 0.003466666667)
(-5e-05 0.002533333333 0.003466666667)
(5e-05 0.002533333333 0.003466666667)
(-5e-05 0.0026 0.003466666667)
(5e-05 0.0026 0.003466666667)
(-5e-05 0.002666666667 0.003466666667)
(5e-05 0.002666666667 0.003466666667)
(-5e-05 0.002733333333 0.003466666667)
(5e-05 0.002733333333 0.003466666667)
(-5e-05 0.0028 0.003466666667)
(5e-05 0.0028 0.003466666667)
(-5e-05 0.002866666667 0.003466666667)
(5e-05 0.002866666667 0.003466666667)
(-5e-05 0.002933333333 0.003466666667)
(5e-05 0.002933333333 0.003466666667)
(-5e-05 0.003 0.003466666667)
(5e-05 0.003 0.003466666667)
(-5e-05 0.003066666667 0.003466666667)
(5e-05 0.003066666667 0.003466666667)
(-5e-05 0.003133333333 0.003466666667)
(5e-05 0.003133333333 0.003466666667)
(-5e-05 0.0032 0.003466666667)
(5e-05 0.0032 0.003466666667)
(-5e-05 0.003266666667 0.003466666667)
(5e-05 0.003266666667 0.003466666667)
(-5e-05 0.003333333333 0.003466666667)
(5e-05 0.003333333333 0.003466666667)
(-5e-05 0.0034 0.003466666667)
(5e-05 0.0034 0.003466666667)
(-5e-05 0.003466666667 0.003466666667)
(5e-05 0.003466666667 0.003466666667)
(-5e-05 0.003533333333 0.003466666667)
(5e-05 0.003533333333 0.003466666667)
(-5e-05 0.0036 0.003466666667)
(5e-05 0.0036 0.003466666667)
(-5e-05 0.003666666667 0.003466666667)
(5e-05 0.003666666667 0.003466666667)
(-5e-05 0.003733333333 0.003466666667)
(5e-05 0.003733333333 0.003466666667)
(-5e-05 0.0038 0.003466666667)
(5e-05 0.0038 0.003466666667)
(-5e-05 0.003866666667 0.003466666667)
(5e-05 0.003866666667 0.003466666667)
(-5e-05 0.003933333333 0.003466666667)
(5e-05 0.003933333333 0.003466666667)
(-5e-05 0.004 0.003466666667)
(5e-05 0.004 0.003466666667)
(-5e-05 0 0.003533333333)
(5e-05 0 0.003533333333)
(-5e-05 6.666666667e-05 0.003533333333)
(5e-05 6.666666667e-05 0.003533333333)
(-5e-05 0.0001333333333 0.003533333333)
(5e-05 0.0001333333333 0.003533333333)
(-5e-05 0.0002 0.003533333333)
(5e-05 0.0002 0.003533333333)
(-5e-05 0.0002666666667 0.003533333333)
(5e-05 0.0002666666667 0.003533333333)
(-5e-05 0.0003333333333 0.003533333333)
(5e-05 0.0003333333333 0.003533333333)
(-5e-05 0.0004 0.003533333333)
(5e-05 0.0004 0.003533333333)
(-5e-05 0.0004666666667 0.003533333333)
(5e-05 0.0004666666667 0.003533333333)
(-5e-05 0.0005333333333 0.003533333333)
(5e-05 0.0005333333333 0.003533333333)
(-5e-05 0.0006 0.003533333333)
(5e-05 0.0006 0.003533333333)
(-5e-05 0.0006666666667 0.003533333333)
(5e-05 0.0006666666667 0.003533333333)
(-5e-05 0.0007333333333 0.003533333333)
(5e-05 0.0007333333333 0.003533333333)
(-5e-05 0.0008 0.003533333333)
(5e-05 0.0008 0.003533333333)
(-5e-05 0.0008666666667 0.003533333333)
(5e-05 0.0008666666667 0.003533333333)
(-5e-05 0.0009333333333 0.003533333333)
(5e-05 0.0009333333333 0.003533333333)
(-5e-05 0.001 0.003533333333)
(5e-05 0.001 0.003533333333)
(-5e-05 0.001066666667 0.003533333333)
(5e-05 0.001066666667 0.003533333333)
(-5e-05 0.001133333333 0.003533333333)
(5e-05 0.001133333333 0.003533333333)
(-5e-05 0.0012 0.003533333333)
(5e-05 0.0012 0.003533333333)
(-5e-05 0.001266666667 0.003533333333)
(5e-05 0.001266666667 0.003533333333)
(-5e-05 0.001333333333 0.003533333333)
(5e-05 0.001333333333 0.003533333333)
(-5e-05 0.0014 0.003533333333)
(5e-05 0.0014 0.003533333333)
(-5e-05 0.001466666667 0.003533333333)
(5e-05 0.001466666667 0.003533333333)
(-5e-05 0.001533333333 0.003533333333)
(5e-05 0.001533333333 0.003533333333)
(-5e-05 0.0016 0.003533333333)
(5e-05 0.0016 0.003533333333)
(-5e-05 0.001666666667 0.003533333333)
(5e-05 0.001666666667 0.003533333333)
(-5e-05 0.001733333333 0.003533333333)
(5e-05 0.001733333333 0.003533333333)
(-5e-05 0.0018 0.003533333333)
(5e-05 0.0018 0.003533333333)
(-5e-05 0.001866666667 0.003533333333)
(5e-05 0.001866666667 0.003533333333)
(-5e-05 0.001933333333 0.003533333333)
(5e-05 0.001933333333 0.003533333333)
(-5e-05 0.002 0.003533333333)
(5e-05 0.002 0.003533333333)
(-5e-05 0.002066666667 0.003533333333)
(5e-05 0.002066666667 0.003533333333)
(-5e-05 0.002133333333 0.003533333333)
(5e-05 0.002133333333 0.003533333333)
(-5e-05 0.0022 0.003533333333)
(5e-05 0.0022 0.003533333333)
(-5e-05 0.002266666667 0.003533333333)
(5e-05 0.002266666667 0.003533333333)
(-5e-05 0.002333333333 0.003533333333)
(5e-05 0.002333333333 0.003533333333)
(-5e-05 0.0024 0.003533333333)
(5e-05 0.0024 0.003533333333)
(-5e-05 0.002466666667 0.003533333333)
(5e-05 0.002466666667 0.003533333333)
(-5e-05 0.002533333333 0.003533333333)
(5e-05 0.002533333333 0.003533333333)
(-5e-05 0.0026 0.003533333333)
(5e-05 0.0026 0.003533333333)
(-5e-05 0.002666666667 0.003533333333)
(5e-05 0.002666666667 0.003533333333)
(-5e-05 0.002733333333 0.003533333333)
(5e-05 0.002733333333 0.003533333333)
(-5e-05 0.0028 0.003533333333)
(5e-05 0.0028 0.003533333333)
(-5e-05 0.002866666667 0.003533333333)
(5e-05 0.002866666667 0.003533333333)
(-5e-05 0.002933333333 0.003533333333)
(5e-05 0.002933333333 0.003533333333)
(-5e-05 0.003 0.003533333333)
(5e-05 0.003 0.003533333333)
(-5e-05 0.003066666667 0.003533333333)
(5e-05 0.003066666667 0.003533333333)
(-5e-05 0.003133333333 0.003533333333)
(5e-05 0.003133333333 0.003533333333)
(-5e-05 0.0032 0.003533333333)
(5e-05 0.0032 0.003533333333)
(-5e-05 0.003266666667 0.003533333333)
(5e-05 0.003266666667 0.003533333333)
(-5e-05 0.003333333333 0.003533333333)
(5e-05 0.003333333333 0.003533333333)
(-5e-05 0.0034 0.003533333333)
(5e-05 0.0034 0.003533333333)
(-5e-05 0.003466666667 0.003533333333)
(5e-05 0.003466666667 0.003533333333)
(-5e-05 0.003533333333 0.003533333333)
(5e-05 0.003533333333 0.003533333333)
(-5e-05 0.0036 0.003533333333)
(5e-05 0.0036 0.003533333333)
(-5e-05 0.003666666667 0.003533333333)
(5e-05 0.003666666667 0.003533333333)
(-5e-05 0.003733333333 0.003533333333)
(5e-05 0.003733333333 0.003533333333)
(-5e-05 0.0038 0.003533333333)
(5e-05 0.0038 0.003533333333)
(-5e-05 0.003866666667 0.003533333333)
(5e-05 0.003866666667 0.003533333333)
(-5e-05 0.003933333333 0.003533333333)
(5e-05 0.003933333333 0.003533333333)
(-5e-05 0.004 0.003533333333)
(5e-05 0.004 0.003533333333)
(-5e-05 0 0.0036)
(5e-05 0 0.0036)
(-5e-05 6.666666667e-05 0.0036)
(5e-05 6.666666667e-05 0.0036)
(-5e-05 0.0001333333333 0.0036)
(5e-05 0.0001333333333 0.0036)
(-5e-05 0.0002 0.0036)
(5e-05 0.0002 0.0036)
(-5e-05 0.0002666666667 0.0036)
(5e-05 0.0002666666667 0.0036)
(-5e-05 0.0003333333333 0.0036)
(5e-05 0.0003333333333 0.0036)
(-5e-05 0.0004 0.0036)
(5e-05 0.0004 0.0036)
(-5e-05 0.0004666666667 0.0036)
(5e-05 0.0004666666667 0.0036)
(-5e-05 0.0005333333333 0.0036)
(5e-05 0.0005333333333 0.0036)
(-5e-05 0.0006 0.0036)
(5e-05 0.0006 0.0036)
(-5e-05 0.0006666666667 0.0036)
(5e-05 0.0006666666667 0.0036)
(-5e-05 0.0007333333333 0.0036)
(5e-05 0.0007333333333 0.0036)
(-5e-05 0.0008 0.0036)
(5e-05 0.0008 0.0036)
(-5e-05 0.0008666666667 0.0036)
(5e-05 0.0008666666667 0.0036)
(-5e-05 0.0009333333333 0.0036)
(5e-05 0.0009333333333 0.0036)
(-5e-05 0.001 0.0036)
(5e-05 0.001 0.0036)
(-5e-05 0.001066666667 0.0036)
(5e-05 0.001066666667 0.0036)
(-5e-05 0.001133333333 0.0036)
(5e-05 0.001133333333 0.0036)
(-5e-05 0.0012 0.0036)
(5e-05 0.0012 0.0036)
(-5e-05 0.001266666667 0.0036)
(5e-05 0.001266666667 0.0036)
(-5e-05 0.001333333333 0.0036)
(5e-05 0.001333333333 0.0036)
(-5e-05 0.0014 0.0036)
(5e-05 0.0014 0.0036)
(-5e-05 0.001466666667 0.0036)
(5e-05 0.001466666667 0.0036)
(-5e-05 0.001533333333 0.0036)
(5e-05 0.001533333333 0.0036)
(-5e-05 0.0016 0.0036)
(5e-05 0.0016 0.0036)
(-5e-05 0.001666666667 0.0036)
(5e-05 0.001666666667 0.0036)
(-5e-05 0.001733333333 0.0036)
(5e-05 0.001733333333 0.0036)
(-5e-05 0.0018 0.0036)
(5e-05 0.0018 0.0036)
(-5e-05 0.001866666667 0.0036)
(5e-05 0.001866666667 0.0036)
(-5e-05 0.001933333333 0.0036)
(5e-05 0.001933333333 0.0036)
(-5e-05 0.002 0.0036)
(5e-05 0.002 0.0036)
(-5e-05 0.002066666667 0.0036)
(5e-05 0.002066666667 0.0036)
(-5e-05 0.002133333333 0.0036)
(5e-05 0.002133333333 0.0036)
(-5e-05 0.0022 0.0036)
(5e-05 0.0022 0.0036)
(-5e-05 0.002266666667 0.0036)
(5e-05 0.002266666667 0.0036)
(-5e-05 0.002333333333 0.0036)
(5e-05 0.002333333333 0.0036)
(-5e-05 0.0024 0.0036)
(5e-05 0.0024 0.0036)
(-5e-05 0.002466666667 0.0036)
(5e-05 0.002466666667 0.0036)
(-5e-05 0.002533333333 0.0036)
(5e-05 0.002533333333 0.0036)
(-5e-05 0.0026 0.0036)
(5e-05 0.0026 0.0036)
(-5e-05 0.002666666667 0.0036)
(5e-05 0.002666666667 0.0036)
(-5e-05 0.002733333333 0.0036)
(5e-05 0.002733333333 0.0036)
(-5e-05 0.0028 0.0036)
(5e-05 0.0028 0.0036)
(-5e-05 0.002866666667 0.0036)
(5e-05 0.002866666667 0.0036)
(-5e-05 0.002933333333 0.0036)
(5e-05 0.002933333333 0.0036)
(-5e-05 0.003 0.0036)
(5e-05 0.003 0.0036)
(-5e-05 0.003066666667 0.0036)
(5e-05 0.003066666667 0.0036)
(-5e-05 0.003133333333 0.0036)
(5e-05 0.003133333333 0.0036)
(-5e-05 0.0032 0.0036)
(5e-05 0.0032 0.0036)
(-5e-05 0.003266666667 0.0036)
(5e-05 0.003266666667 0.0036)
(-5e-05 0.003333333333 0.0036)
(5e-05 0.003333333333 0.0036)
(-5e-05 0.0034 0.0036)
(5e-05 0.0034 0.0036)
(-5e-05 0.003466666667 0.0036)
(5e-05 0.003466666667 0.0036)
(-5e-05 0.003533333333 0.0036)
(5e-05 0.003533333333 0.0036)
(-5e-05 0.0036 0.0036)
(5e-05 0.0036 0.0036)
(-5e-05 0.003666666667 0.0036)
(5e-05 0.003666666667 0.0036)
(-5e-05 0.003733333333 0.0036)
(5e-05 0.003733333333 0.0036)
(-5e-05 0.0038 0.0036)
(5e-05 0.0038 0.0036)
(-5e-05 0.003866666667 0.0036)
(5e-05 0.003866666667 0.0036)
(-5e-05 0.003933333333 0.0036)
(5e-05 0.003933333333 0.0036)
(-5e-05 0.004 0.0036)
(5e-05 0.004 0.0036)
(-5e-05 0 0.003666666667)
(5e-05 0 0.003666666667)
(-5e-05 6.666666667e-05 0.003666666667)
(5e-05 6.666666667e-05 0.003666666667)
(-5e-05 0.0001333333333 0.003666666667)
(5e-05 0.0001333333333 0.003666666667)
(-5e-05 0.0002 0.003666666667)
(5e-05 0.0002 0.003666666667)
(-5e-05 0.0002666666667 0.003666666667)
(5e-05 0.0002666666667 0.003666666667)
(-5e-05 0.0003333333333 0.003666666667)
(5e-05 0.0003333333333 0.003666666667)
(-5e-05 0.0004 0.003666666667)
(5e-05 0.0004 0.003666666667)
(-5e-05 0.0004666666667 0.003666666667)
(5e-05 0.0004666666667 0.003666666667)
(-5e-05 0.0005333333333 0.003666666667)
(5e-05 0.0005333333333 0.003666666667)
(-5e-05 0.0006 0.003666666667)
(5e-05 0.0006 0.003666666667)
(-5e-05 0.0006666666667 0.003666666667)
(5e-05 0.0006666666667 0.003666666667)
(-5e-05 0.0007333333333 0.003666666667)
(5e-05 0.0007333333333 0.003666666667)
(-5e-05 0.0008 0.003666666667)
(5e-05 0.0008 0.003666666667)
(-5e-05 0.0008666666667 0.003666666667)
(5e-05 0.0008666666667 0.003666666667)
(-5e-05 0.0009333333333 0.003666666667)
(5e-05 0.0009333333333 0.003666666667)
(-5e-05 0.001 0.003666666667)
(5e-05 0.001 0.003666666667)
(-5e-05 0.001066666667 0.003666666667)
(5e-05 0.001066666667 0.003666666667)
(-5e-05 0.001133333333 0.003666666667)
(5e-05 0.001133333333 0.003666666667)
(-5e-05 0.0012 0.003666666667)
(5e-05 0.0012 0.003666666667)
(-5e-05 0.001266666667 0.003666666667)
(5e-05 0.001266666667 0.003666666667)
(-5e-05 0.001333333333 0.003666666667)
(5e-05 0.001333333333 0.003666666667)
(-5e-05 0.0014 0.003666666667)
(5e-05 0.0014 0.003666666667)
(-5e-05 0.001466666667 0.003666666667)
(5e-05 0.001466666667 0.003666666667)
(-5e-05 0.001533333333 0.003666666667)
(5e-05 0.001533333333 0.003666666667)
(-5e-05 0.0016 0.003666666667)
(5e-05 0.0016 0.003666666667)
(-5e-05 0.001666666667 0.003666666667)
(5e-05 0.001666666667 0.003666666667)
(-5e-05 0.001733333333 0.003666666667)
(5e-05 0.001733333333 0.003666666667)
(-5e-05 0.0018 0.003666666667)
(5e-05 0.0018 0.003666666667)
(-5e-05 0.001866666667 0.003666666667)
(5e-05 0.001866666667 0.003666666667)
(-5e-05 0.001933333333 0.003666666667)
(5e-05 0.001933333333 0.003666666667)
(-5e-05 0.002 0.003666666667)
(5e-05 0.002 0.003666666667)
(-5e-05 0.002066666667 0.003666666667)
(5e-05 0.002066666667 0.003666666667)
(-5e-05 0.002133333333 0.003666666667)
(5e-05 0.002133333333 0.003666666667)
(-5e-05 0.0022 0.003666666667)
(5e-05 0.0022 0.003666666667)
(-5e-05 0.002266666667 0.003666666667)
(5e-05 0.002266666667 0.003666666667)
(-5e-05 0.002333333333 0.003666666667)
(5e-05 0.002333333333 0.003666666667)
(-5e-05 0.0024 0.003666666667)
(5e-05 0.0024 0.003666666667)
(-5e-05 0.002466666667 0.003666666667)
(5e-05 0.002466666667 0.003666666667)
(-5e-05 0.002533333333 0.003666666667)
(5e-05 0.002533333333 0.003666666667)
(-5e-05 0.0026 0.003666666667)
(5e-05 0.0026 0.003666666667)
(-5e-05 0.002666666667 0.003666666667)
(5e-05 0.002666666667 0.003666666667)
(-5e-05 0.002733333333 0.003666666667)
(5e-05 0.002733333333 0.003666666667)
(-5e-05 0.0028 0.003666666667)
(5e-05 0.0028 0.003666666667)
(-5e-05 0.002866666667 0.003666666667)
(5e-05 0.002866666667 0.003666666667)
(-5e-05 0.002933333333 0.003666666667)
(5e-05 0.002933333333 0.003666666667)
(-5e-05 0.003 0.003666666667)
(5e-05 0.003 0.003666666667)
(-5e-05 0.003066666667 0.003666666667)
(5e-05 0.003066666667 0.003666666667)
(-5e-05 0.003133333333 0.003666666667)
(5e-05 0.003133333333 0.003666666667)
(-5e-05 0.0032 0.003666666667)
(5e-05 0.0032 0.003666666667)
(-5e-05 0.003266666667 0.003666666667)
(5e-05 0.003266666667 0.003666666667)
(-5e-05 0.003333333333 0.003666666667)
(5e-05 0.003333333333 0.003666666667)
(-5e-05 0.0034 0.003666666667)
(5e-05 0.0034 0.003666666667)
(-5e-05 0.003466666667 0.003666666667)
(5e-05 0.003466666667 0.003666666667)
(-5e-05 0.003533333333 0.003666666667)
(5e-05 0.003533333333 0.003666666667)
(-5e-05 0.0036 0.003666666667)
(5e-05 0.0036 0.003666666667)
(-5e-05 0.003666666667 0.003666666667)
(5e-05 0.003666666667 0.003666666667)
(-5e-05 0.003733333333 0.003666666667)
(5e-05 0.003733333333 0.003666666667)
(-5e-05 0.0038 0.003666666667)
(5e-05 0.0038 0.003666666667)
(-5e-05 0.003866666667 0.003666666667)
(5e-05 0.003866666667 0.003666666667)
(-5e-05 0.003933333333 0.003666666667)
(5e-05 0.003933333333 0.003666666667)
(-5e-05 0.004 0.003666666667)
(5e-05 0.004 0.003666666667)
(-5e-05 0 0.003733333333)
(5e-05 0 0.003733333333)
(-5e-05 6.666666667e-05 0.003733333333)
(5e-05 6.666666667e-05 0.003733333333)
(-5e-05 0.0001333333333 0.003733333333)
(5e-05 0.0001333333333 0.003733333333)
(-5e-05 0.0002 0.003733333333)
(5e-05 0.0002 0.003733333333)
(-5e-05 0.0002666666667 0.003733333333)
(5e-05 0.0002666666667 0.003733333333)
(-5e-05 0.0003333333333 0.003733333333)
(5e-05 0.0003333333333 0.003733333333)
(-5e-05 0.0004 0.003733333333)
(5e-05 0.0004 0.003733333333)
(-5e-05 0.0004666666667 0.003733333333)
(5e-05 0.0004666666667 0.003733333333)
(-5e-05 0.0005333333333 0.003733333333)
(5e-05 0.0005333333333 0.003733333333)
(-5e-05 0.0006 0.003733333333)
(5e-05 0.0006 0.003733333333)
(-5e-05 0.0006666666667 0.003733333333)
(5e-05 0.0006666666667 0.003733333333)
(-5e-05 0.0007333333333 0.003733333333)
(5e-05 0.0007333333333 0.003733333333)
(-5e-05 0.0008 0.003733333333)
(5e-05 0.0008 0.003733333333)
(-5e-05 0.0008666666667 0.003733333333)
(5e-05 0.0008666666667 0.003733333333)
(-5e-05 0.0009333333333 0.003733333333)
(5e-05 0.0009333333333 0.003733333333)
(-5e-05 0.001 0.003733333333)
(5e-05 0.001 0.003733333333)
(-5e-05 0.001066666667 0.003733333333)
(5e-05 0.001066666667 0.003733333333)
(-5e-05 0.001133333333 0.003733333333)
(5e-05 0.001133333333 0.003733333333)
(-5e-05 0.0012 0.003733333333)
(5e-05 0.0012 0.003733333333)
(-5e-05 0.001266666667 0.003733333333)
(5e-05 0.001266666667 0.003733333333)
(-5e-05 0.001333333333 0.003733333333)
(5e-05 0.001333333333 0.003733333333)
(-5e-05 0.0014 0.003733333333)
(5e-05 0.0014 0.003733333333)
(-5e-05 0.001466666667 0.003733333333)
(5e-05 0.001466666667 0.003733333333)
(-5e-05 0.001533333333 0.003733333333)
(5e-05 0.001533333333 0.003733333333)
(-5e-05 0.0016 0.003733333333)
(5e-05 0.0016 0.003733333333)
(-5e-05 0.001666666667 0.003733333333)
(5e-05 0.001666666667 0.003733333333)
(-5e-05 0.001733333333 0.003733333333)
(5e-05 0.001733333333 0.003733333333)
(-5e-05 0.0018 0.003733333333)
(5e-05 0.0018 0.003733333333)
(-5e-05 0.001866666667 0.003733333333)
(5e-05 0.001866666667 0.003733333333)
(-5e-05 0.001933333333 0.003733333333)
(5e-05 0.001933333333 0.003733333333)
(-5e-05 0.002 0.003733333333)
(5e-05 0.002 0.003733333333)
(-5e-05 0.002066666667 0.003733333333)
(5e-05 0.002066666667 0.003733333333)
(-5e-05 0.002133333333 0.003733333333)
(5e-05 0.002133333333 0.003733333333)
(-5e-05 0.0022 0.003733333333)
(5e-05 0.0022 0.003733333333)
(-5e-05 0.002266666667 0.003733333333)
(5e-05 0.002266666667 0.003733333333)
(-5e-05 0.002333333333 0.003733333333)
(5e-05 0.002333333333 0.003733333333)
(-5e-05 0.0024 0.003733333333)
(5e-05 0.0024 0.003733333333)
(-5e-05 0.002466666667 0.003733333333)
(5e-05 0.002466666667 0.003733333333)
(-5e-05 0.002533333333 0.003733333333)
(5e-05 0.002533333333 0.003733333333)
(-5e-05 0.0026 0.003733333333)
(5e-05 0.0026 0.003733333333)
(-5e-05 0.002666666667 0.003733333333)
(5e-05 0.002666666667 0.003733333333)
(-5e-05 0.002733333333 0.003733333333)
(5e-05 0.002733333333 0.003733333333)
(-5e-05 0.0028 0.003733333333)
(5e-05 0.0028 0.003733333333)
(-5e-05 0.002866666667 0.003733333333)
(5e-05 0.002866666667 0.003733333333)
(-5e-05 0.002933333333 0.003733333333)
(5e-05 0.002933333333 0.003733333333)
(-5e-05 0.003 0.003733333333)
(5e-05 0.003 0.003733333333)
(-5e-05 0.003066666667 0.003733333333)
(5e-05 0.003066666667 0.003733333333)
(-5e-05 0.003133333333 0.003733333333)
(5e-05 0.003133333333 0.003733333333)
(-5e-05 0.0032 0.003733333333)
(5e-05 0.0032 0.003733333333)
(-5e-05 0.003266666667 0.003733333333)
(5e-05 0.003266666667 0.003733333333)
(-5e-05 0.003333333333 0.003733333333)
(5e-05 0.003333333333 0.003733333333)
(-5e-05 0.0034 0.003733333333)
(5e-05 0.0034 0.003733333333)
(-5e-05 0.003466666667 0.003733333333)
(5e-05 0.003466666667 0.003733333333)
(-5e-05 0.003533333333 0.003733333333)
(5e-05 0.003533333333 0.003733333333)
(-5e-05 0.0036 0.003733333333)
(5e-05 0.0036 0.003733333333)
(-5e-05 0.003666666667 0.003733333333)
(5e-05 0.003666666667 0.003733333333)
(-5e-05 0.003733333333 0.003733333333)
(5e-05 0.003733333333 0.003733333333)
(-5e-05 0.0038 0.003733333333)
(5e-05 0.0038 0.003733333333)
(-5e-05 0.003866666667 0.003733333333)
(5e-05 0.003866666667 0.003733333333)
(-5e-05 0.003933333333 0.003733333333)
(5e-05 0.003933333333 0.003733333333)
(-5e-05 0.004 0.003733333333)
(5e-05 0.004 0.003733333333)
(-5e-05 0 0.0038)
(5e-05 0 0.0038)
(-5e-05 6.666666667e-05 0.0038)
(5e-05 6.666666667e-05 0.0038)
(-5e-05 0.0001333333333 0.0038)
(5e-05 0.0001333333333 0.0038)
(-5e-05 0.0002 0.0038)
(5e-05 0.0002 0.0038)
(-5e-05 0.0002666666667 0.0038)
(5e-05 0.0002666666667 0.0038)
(-5e-05 0.0003333333333 0.0038)
(5e-05 0.0003333333333 0.0038)
(-5e-05 0.0004 0.0038)
(5e-05 0.0004 0.0038)
(-5e-05 0.0004666666667 0.0038)
(5e-05 0.0004666666667 0.0038)
(-5e-05 0.0005333333333 0.0038)
(5e-05 0.0005333333333 0.0038)
(-5e-05 0.0006 0.0038)
(5e-05 0.0006 0.0038)
(-5e-05 0.0006666666667 0.0038)
(5e-05 0.0006666666667 0.0038)
(-5e-05 0.0007333333333 0.0038)
(5e-05 0.0007333333333 0.0038)
(-5e-05 0.0008 0.0038)
(5e-05 0.0008 0.0038)
(-5e-05 0.0008666666667 0.0038)
(5e-05 0.0008666666667 0.0038)
(-5e-05 0.0009333333333 0.0038)
(5e-05 0.0009333333333 0.0038)
(-5e-05 0.001 0.0038)
(5e-05 0.001 0.0038)
(-5e-05 0.001066666667 0.0038)
(5e-05 0.001066666667 0.0038)
(-5e-05 0.001133333333 0.0038)
(5e-05 0.001133333333 0.0038)
(-5e-05 0.0012 0.0038)
(5e-05 0.0012 0.0038)
(-5e-05 0.001266666667 0.0038)
(5e-05 0.001266666667 0.0038)
(-5e-05 0.001333333333 0.0038)
(5e-05 0.001333333333 0.0038)
(-5e-05 0.0014 0.0038)
(5e-05 0.0014 0.0038)
(-5e-05 0.001466666667 0.0038)
(5e-05 0.001466666667 0.0038)
(-5e-05 0.001533333333 0.0038)
(5e-05 0.001533333333 0.0038)
(-5e-05 0.0016 0.0038)
(5e-05 0.0016 0.0038)
(-5e-05 0.001666666667 0.0038)
(5e-05 0.001666666667 0.0038)
(-5e-05 0.001733333333 0.0038)
(5e-05 0.001733333333 0.0038)
(-5e-05 0.0018 0.0038)
(5e-05 0.0018 0.0038)
(-5e-05 0.001866666667 0.0038)
(5e-05 0.001866666667 0.0038)
(-5e-05 0.001933333333 0.0038)
(5e-05 0.001933333333 0.0038)
(-5e-05 0.002 0.0038)
(5e-05 0.002 0.0038)
(-5e-05 0.002066666667 0.0038)
(5e-05 0.002066666667 0.0038)
(-5e-05 0.002133333333 0.0038)
(5e-05 0.002133333333 0.0038)
(-5e-05 0.0022 0.0038)
(5e-05 0.0022 0.0038)
(-5e-05 0.002266666667 0.0038)
(5e-05 0.002266666667 0.0038)
(-5e-05 0.002333333333 0.0038)
(5e-05 0.002333333333 0.0038)
(-5e-05 0.0024 0.0038)
(5e-05 0.0024 0.0038)
(-5e-05 0.002466666667 0.0038)
(5e-05 0.002466666667 0.0038)
(-5e-05 0.002533333333 0.0038)
(5e-05 0.002533333333 0.0038)
(-5e-05 0.0026 0.0038)
(5e-05 0.0026 0.0038)
(-5e-05 0.002666666667 0.0038)
(5e-05 0.002666666667 0.0038)
(-5e-05 0.002733333333 0.0038)
(5e-05 0.002733333333 0.0038)
(-5e-05 0.0028 0.0038)
(5e-05 0.0028 0.0038)
(-5e-05 0.002866666667 0.0038)
(5e-05 0.002866666667 0.0038)
(-5e-05 0.002933333333 0.0038)
(5e-05 0.002933333333 0.0038)
(-5e-05 0.003 0.0038)
(5e-05 0.003 0.0038)
(-5e-05 0.003066666667 0.0038)
(5e-05 0.003066666667 0.0038)
(-5e-05 0.003133333333 0.0038)
(5e-05 0.003133333333 0.0038)
(-5e-05 0.0032 0.0038)
(5e-05 0.0032 0.0038)
(-5e-05 0.003266666667 0.0038)
(5e-05 0.003266666667 0.0038)
(-5e-05 0.003333333333 0.0038)
(5e-05 0.003333333333 0.0038)
(-5e-05 0.0034 0.0038)
(5e-05 0.0034 0.0038)
(-5e-05 0.003466666667 0.0038)
(5e-05 0.003466666667 0.0038)
(-5e-05 0.003533333333 0.0038)
(5e-05 0.003533333333 0.0038)
(-5e-05 0.0036 0.0038)
(5e-05 0.0036 0.0038)
(-5e-05 0.003666666667 0.0038)
(5e-05 0.003666666667 0.0038)
(-5e-05 0.003733333333 0.0038)
(5e-05 0.003733333333 0.0038)
(-5e-05 0.0038 0.0038)
(5e-05 0.0038 0.0038)
(-5e-05 0.003866666667 0.0038)
(5e-05 0.003866666667 0.0038)
(-5e-05 0.003933333333 0.0038)
(5e-05 0.003933333333 0.0038)
(-5e-05 0.004 0.0038)
(5e-05 0.004 0.0038)
(-5e-05 0 0.003866666667)
(5e-05 0 0.003866666667)
(-5e-05 6.666666667e-05 0.003866666667)
(5e-05 6.666666667e-05 0.003866666667)
(-5e-05 0.0001333333333 0.003866666667)
(5e-05 0.0001333333333 0.003866666667)
(-5e-05 0.0002 0.003866666667)
(5e-05 0.0002 0.003866666667)
(-5e-05 0.0002666666667 0.003866666667)
(5e-05 0.0002666666667 0.003866666667)
(-5e-05 0.0003333333333 0.003866666667)
(5e-05 0.0003333333333 0.003866666667)
(-5e-05 0.0004 0.003866666667)
(5e-05 0.0004 0.003866666667)
(-5e-05 0.0004666666667 0.003866666667)
(5e-05 0.0004666666667 0.003866666667)
(-5e-05 0.0005333333333 0.003866666667)
(5e-05 0.0005333333333 0.003866666667)
(-5e-05 0.0006 0.003866666667)
(5e-05 0.0006 0.003866666667)
(-5e-05 0.0006666666667 0.003866666667)
(5e-05 0.0006666666667 0.003866666667)
(-5e-05 0.0007333333333 0.003866666667)
(5e-05 0.0007333333333 0.003866666667)
(-5e-05 0.0008 0.003866666667)
(5e-05 0.0008 0.003866666667)
(-5e-05 0.0008666666667 0.003866666667)
(5e-05 0.0008666666667 0.003866666667)
(-5e-05 0.0009333333333 0.003866666667)
(5e-05 0.0009333333333 0.003866666667)
(-5e-05 0.001 0.003866666667)
(5e-05 0.001 0.003866666667)
(-5e-05 0.001066666667 0.003866666667)
(5e-05 0.001066666667 0.003866666667)
(-5e-05 0.001133333333 0.003866666667)
(5e-05 0.001133333333 0.003866666667)
(-5e-05 0.0012 0.003866666667)
(5e-05 0.0012 0.003866666667)
(-5e-05 0.001266666667 0.003866666667)
(5e-05 0.001266666667 0.003866666667)
(-5e-05 0.001333333333 0.003866666667)
(5e-05 0.001333333333 0.003866666667)
(-5e-05 0.0014 0.003866666667)
(5e-05 0.0014 0.003866666667)
(-5e-05 0.001466666667 0.003866666667)
(5e-05 0.001466666667 0.003866666667)
(-5e-05 0.001533333333 0.003866666667)
(5e-05 0.001533333333 0.003866666667)
(-5e-05 0.0016 0.003866666667)
(5e-05 0.0016 0.003866666667)
(-5e-05 0.001666666667 0.003866666667)
(5e-05 0.001666666667 0.003866666667)
(-5e-05 0.001733333333 0.003866666667)
(5e-05 0.001733333333 0.003866666667)
(-5e-05 0.0018 0.003866666667)
(5e-05 0.0018 0.003866666667)
(-5e-05 0.001866666667 0.003866666667)
(5e-05 0.001866666667 0.003866666667)
(-5e-05 0.001933333333 0.003866666667)
(5e-05 0.001933333333 0.003866666667)
(-5e-05 0.002 0.003866666667)
(5e-05 0.002 0.003866666667)
(-5e-05 0.002066666667 0.003866666667)
(5e-05 0.002066666667 0.003866666667)
(-5e-05 0.002133333333 0.003866666667)
(5e-05 0.002133333333 0.003866666667)
(-5e-05 0.0022 0.003866666667)
(5e-05 0.0022 0.003866666667)
(-5e-05 0.002266666667 0.003866666667)
(5e-05 0.002266666667 0.003866666667)
(-5e-05 0.002333333333 0.003866666667)
(5e-05 0.002333333333 0.003866666667)
(-5e-05 0.0024 0.003866666667)
(5e-05 0.0024 0.003866666667)
(-5e-05 0.002466666667 0.003866666667)
(5e-05 0.002466666667 0.003866666667)
(-5e-05 0.002533333333 0.003866666667)
(5e-05 0.002533333333 0.003866666667)
(-5e-05 0.0026 0.003866666667)
(5e-05 0.0026 0.003866666667)
(-5e-05 0.002666666667 0.003866666667)
(5e-05 0.002666666667 0.003866666667)
(-5e-05 0.002733333333 0.003866666667)
(5e-05 0.002733333333 0.003866666667)
(-5e-05 0.0028 0.003866666667)
(5e-05 0.0028 0.003866666667)
(-5e-05 0.002866666667 0.003866666667)
(5e-05 0.002866666667 0.003866666667)
(-5e-05 0.002933333333 0.003866666667)
(5e-05 0.002933333333 0.003866666667)
(-5e-05 0.003 0.003866666667)
(5e-05 0.003 0.003866666667)
(-5e-05 0.003066666667 0.003866666667)
(5e-05 0.003066666667 0.003866666667)
(-5e-05 0.003133333333 0.003866666667)
(5e-05 0.003133333333 0.003866666667)
(-5e-05 0.0032 0.003866666667)
(5e-05 0.0032 0.003866666667)
(-5e-05 0.003266666667 0.003866666667)
(5e-05 0.003266666667 0.003866666667)
(-5e-05 0.003333333333 0.003866666667)
(5e-05 0.003333333333 0.003866666667)
(-5e-05 0.0034 0.003866666667)
(5e-05 0.0034 0.003866666667)
(-5e-05 0.003466666667 0.003866666667)
(5e-05 0.003466666667 0.003866666667)
(-5e-05 0.003533333333 0.003866666667)
(5e-05 0.003533333333 0.003866666667)
(-5e-05 0.0036 0.003866666667)
(5e-05 0.0036 0.003866666667)
(-5e-05 0.003666666667 0.003866666667)
(5e-05 0.003666666667 0.003866666667)
(-5e-05 0.003733333333 0.003866666667)
(5e-05 0.003733333333 0.003866666667)
(-5e-05 0.0038 0.003866666667)
(5e-05 0.0038 0.003866666667)
(-5e-05 0.003866666667 0.003866666667)
(5e-05 0.003866666667 0.003866666667)
(-5e-05 0.003933333333 0.003866666667)
(5e-05 0.003933333333 0.003866666667)
(-5e-05 0.004 0.003866666667)
(5e-05 0.004 0.003866666667)
(-5e-05 0 0.003933333333)
(5e-05 0 0.003933333333)
(-5e-05 6.666666667e-05 0.003933333333)
(5e-05 6.666666667e-05 0.003933333333)
(-5e-05 0.0001333333333 0.003933333333)
(5e-05 0.0001333333333 0.003933333333)
(-5e-05 0.0002 0.003933333333)
(5e-05 0.0002 0.003933333333)
(-5e-05 0.0002666666667 0.003933333333)
(5e-05 0.0002666666667 0.003933333333)
(-5e-05 0.0003333333333 0.003933333333)
(5e-05 0.0003333333333 0.003933333333)
(-5e-05 0.0004 0.003933333333)
(5e-05 0.0004 0.003933333333)
(-5e-05 0.0004666666667 0.003933333333)
(5e-05 0.0004666666667 0.003933333333)
(-5e-05 0.0005333333333 0.003933333333)
(5e-05 0.0005333333333 0.003933333333)
(-5e-05 0.0006 0.003933333333)
(5e-05 0.0006 0.003933333333)
(-5e-05 0.0006666666667 0.003933333333)
(5e-05 0.0006666666667 0.003933333333)
(-5e-05 0.0007333333333 0.003933333333)
(5e-05 0.0007333333333 0.003933333333)
(-5e-05 0.0008 0.003933333333)
(5e-05 0.0008 0.003933333333)
(-5e-05 0.0008666666667 0.003933333333)
(5e-05 0.0008666666667 0.003933333333)
(-5e-05 0.0009333333333 0.003933333333)
(5e-05 0.0009333333333 0.003933333333)
(-5e-05 0.001 0.003933333333)
(5e-05 0.001 0.003933333333)
(-5e-05 0.001066666667 0.003933333333)
(5e-05 0.001066666667 0.003933333333)
(-5e-05 0.001133333333 0.003933333333)
(5e-05 0.001133333333 0.003933333333)
(-5e-05 0.0012 0.003933333333)
(5e-05 0.0012 0.003933333333)
(-5e-05 0.001266666667 0.003933333333)
(5e-05 0.001266666667 0.003933333333)
(-5e-05 0.001333333333 0.003933333333)
(5e-05 0.001333333333 0.003933333333)
(-5e-05 0.0014 0.003933333333)
(5e-05 0.0014 0.003933333333)
(-5e-05 0.001466666667 0.003933333333)
(5e-05 0.001466666667 0.003933333333)
(-5e-05 0.001533333333 0.003933333333)
(5e-05 0.001533333333 0.003933333333)
(-5e-05 0.0016 0.003933333333)
(5e-05 0.0016 0.003933333333)
(-5e-05 0.001666666667 0.003933333333)
(5e-05 0.001666666667 0.003933333333)
(-5e-05 0.001733333333 0.003933333333)
(5e-05 0.001733333333 0.003933333333)
(-5e-05 0.0018 0.003933333333)
(5e-05 0.0018 0.003933333333)
(-5e-05 0.001866666667 0.003933333333)
(5e-05 0.001866666667 0.003933333333)
(-5e-05 0.001933333333 0.003933333333)
(5e-05 0.001933333333 0.003933333333)
(-5e-05 0.002 0.003933333333)
(5e-05 0.002 0.003933333333)
(-5e-05 0.002066666667 0.003933333333)
(5e-05 0.002066666667 0.003933333333)
(-5e-05 0.002133333333 0.003933333333)
(5e-05 0.002133333333 0.003933333333)
(-5e-05 0.0022 0.003933333333)
(5e-05 0.0022 0.003933333333)
(-5e-05 0.002266666667 0.003933333333)
(5e-05 0.002266666667 0.003933333333)
(-5e-05 0.002333333333 0.003933333333)
(5e-05 0.002333333333 0.003933333333)
(-5e-05 0.0024 0.003933333333)
(5e-05 0.0024 0.003933333333)
(-5e-05 0.002466666667 0.003933333333)
(5e-05 0.002466666667 0.003933333333)
(-5e-05 0.002533333333 0.003933333333)
(5e-05 0.002533333333 0.003933333333)
(-5e-05 0.0026 0.003933333333)
(5e-05 0.0026 0.003933333333)
(-5e-05 0.002666666667 0.003933333333)
(5e-05 0.002666666667 0.003933333333)
(-5e-05 0.002733333333 0.003933333333)
(5e-05 0.002733333333 0.003933333333)
(-5e-05 0.0028 0.003933333333)
(5e-05 0.0028 0.003933333333)
(-5e-05 0.002866666667 0.003933333333)
(5e-05 0.002866666667 0.003933333333)
(-5e-05 0.002933333333 0.003933333333)
(5e-05 0.002933333333 0.003933333333)
(-5e-05 0.003 0.003933333333)
(5e-05 0.003 0.003933333333)
(-5e-05 0.003066666667 0.003933333333)
(5e-05 0.003066666667 0.003933333333)
(-5e-05 0.003133333333 0.003933333333)
(5e-05 0.003133333333 0.003933333333)
(-5e-05 0.0032 0.003933333333)
(5e-05 0.0032 0.003933333333)
(-5e-05 0.003266666667 0.003933333333)
(5e-05 0.003266666667 0.003933333333)
(-5e-05 0.003333333333 0.003933333333)
(5e-05 0.003333333333 0.003933333333)
(-5e-05 0.0034 0.003933333333)
(5e-05 0.0034 0.003933333333)
(-5e-05 0.003466666667 0.003933333333)
(5e-05 0.003466666667 0.003933333333)
(-5e-05 0.003533333333 0.003933333333)
(5e-05 0.003533333333 0.003933333333)
(-5e-05 0.0036 0.003933333333)
(5e-05 0.0036 0.003933333333)
(-5e-05 0.003666666667 0.003933333333)
(5e-05 0.003666666667 0.003933333333)
(-5e-05 0.003733333333 0.003933333333)
(5e-05 0.003733333333 0.003933333333)
(-5e-05 0.0038 0.003933333333)
(5e-05 0.0038 0.003933333333)
(-5e-05 0.003866666667 0.003933333333)
(5e-05 0.003866666667 0.003933333333)
(-5e-05 0.003933333333 0.003933333333)
(5e-05 0.003933333333 0.003933333333)
(-5e-05 0.004 0.003933333333)
(5e-05 0.004 0.003933333333)
(-5e-05 0 0.004)
(5e-05 0 0.004)
(-5e-05 6.666666667e-05 0.004)
(5e-05 6.666666667e-05 0.004)
(-5e-05 0.0001333333333 0.004)
(5e-05 0.0001333333333 0.004)
(-5e-05 0.0002 0.004)
(5e-05 0.0002 0.004)
(-5e-05 0.0002666666667 0.004)
(5e-05 0.0002666666667 0.004)
(-5e-05 0.0003333333333 0.004)
(5e-05 0.0003333333333 0.004)
(-5e-05 0.0004 0.004)
(5e-05 0.0004 0.004)
(-5e-05 0.0004666666667 0.004)
(5e-05 0.0004666666667 0.004)
(-5e-05 0.0005333333333 0.004)
(5e-05 0.0005333333333 0.004)
(-5e-05 0.0006 0.004)
(5e-05 0.0006 0.004)
(-5e-05 0.0006666666667 0.004)
(5e-05 0.0006666666667 0.004)
(-5e-05 0.0007333333333 0.004)
(5e-05 0.0007333333333 0.004)
(-5e-05 0.0008 0.004)
(5e-05 0.0008 0.004)
(-5e-05 0.0008666666667 0.004)
(5e-05 0.0008666666667 0.004)
(-5e-05 0.0009333333333 0.004)
(5e-05 0.0009333333333 0.004)
(-5e-05 0.001 0.004)
(5e-05 0.001 0.004)
(-5e-05 0.001066666667 0.004)
(5e-05 0.001066666667 0.004)
(-5e-05 0.001133333333 0.004)
(5e-05 0.001133333333 0.004)
(-5e-05 0.0012 0.004)
(5e-05 0.0012 0.004)
(-5e-05 0.001266666667 0.004)
(5e-05 0.001266666667 0.004)
(-5e-05 0.001333333333 0.004)
(5e-05 0.001333333333 0.004)
(-5e-05 0.0014 0.004)
(5e-05 0.0014 0.004)
(-5e-05 0.001466666667 0.004)
(5e-05 0.001466666667 0.004)
(-5e-05 0.001533333333 0.004)
(5e-05 0.001533333333 0.004)
(-5e-05 0.0016 0.004)
(5e-05 0.0016 0.004)
(-5e-05 0.001666666667 0.004)
(5e-05 0.001666666667 0.004)
(-5e-05 0.001733333333 0.004)
(5e-05 0.001733333333 0.004)
(-5e-05 0.0018 0.004)
(5e-05 0.0018 0.004)
(-5e-05 0.001866666667 0.004)
(5e-05 0.001866666667 0.004)
(-5e-05 0.001933333333 0.004)
(5e-05 0.001933333333 0.004)
(-5e-05 0.002 0.004)
(5e-05 0.002 0.004)
(-5e-05 0.002066666667 0.004)
(5e-05 0.002066666667 0.004)
(-5e-05 0.002133333333 0.004)
(5e-05 0.002133333333 0.004)
(-5e-05 0.0022 0.004)
(5e-05 0.0022 0.004)
(-5e-05 0.002266666667 0.004)
(5e-05 0.002266666667 0.004)
(-5e-05 0.002333333333 0.004)
(5e-05 0.002333333333 0.004)
(-5e-05 0.0024 0.004)
(5e-05 0.0024 0.004)
(-5e-05 0.002466666667 0.004)
(5e-05 0.002466666667 0.004)
(-5e-05 0.002533333333 0.004)
(5e-05 0.002533333333 0.004)
(-5e-05 0.0026 0.004)
(5e-05 0.0026 0.004)
(-5e-05 0.002666666667 0.004)
(5e-05 0.002666666667 0.004)
(-5e-05 0.002733333333 0.004)
(5e-05 0.002733333333 0.004)
(-5e-05 0.0028 0.004)
(5e-05 0.0028 0.004)
(-5e-05 0.002866666667 0.004)
(5e-05 0.002866666667 0.004)
(-5e-05 0.002933333333 0.004)
(5e-05 0.002933333333 0.004)
(-5e-05 0.003 0.004)
(5e-05 0.003 0.004)
(-5e-05 0.003066666667 0.004)
(5e-05 0.003066666667 0.004)
(-5e-05 0.003133333333 0.004)
(5e-05 0.003133333333 0.004)
(-5e-05 0.0032 0.004)
(5e-05 0.0032 0.004)
(-5e-05 0.003266666667 0.004)
(5e-05 0.003266666667 0.004)
(-5e-05 0.003333333333 0.004)
(5e-05 0.003333333333 0.004)
(-5e-05 0.0034 0.004)
(5e-05 0.0034 0.004)
(-5e-05 0.003466666667 0.004)
(5e-05 0.003466666667 0.004)
(-5e-05 0.003533333333 0.004)
(5e-05 0.003533333333 0.004)
(-5e-05 0.0036 0.004)
(5e-05 0.0036 0.004)
(-5e-05 0.003666666667 0.004)
(5e-05 0.003666666667 0.004)
(-5e-05 0.003733333333 0.004)
(5e-05 0.003733333333 0.004)
(-5e-05 0.0038 0.004)
(5e-05 0.0038 0.004)
(-5e-05 0.003866666667 0.004)
(5e-05 0.003866666667 0.004)
(-5e-05 0.003933333333 0.004)
(5e-05 0.003933333333 0.004)
(-5e-05 0.004 0.004)
(5e-05 0.004 0.004)
)


// ************************************************************************* //
