/*--------------------------------*- C++ -*----------------------------------*\
| =========                 |                                                 |
| \\      /  F ield         | OpenFOAM: The Open Source CFD Toolbox           |
|  \\    /   O peration     | Version:  2412                                  |
|   \\  /    A nd           | Website:  www.openfoam.com                      |
|    \\/     M anipulation  |                                                 |
\*---------------------------------------------------------------------------*/
FoamFile
{
    version     2.0;
    format      ascii;
    arch        "LSB;label=32;scalar=64";
    note        "nPoints:38475  nCells:34944  nFaces:108256  nInternalFaces:101408";
    class       labelList;
    location    "constant/polyMesh";
    object      neighbour;
}
// * * * * * * * * * * * * * * * * * * * * * * * * * * * * * * * * * * * * * //


101408
(
1
24
624
2
25
625
3
26
626
4
27
627
5
28
628
6
29
629
7
30
630
8
31
631
9
32
632
10
33
633
11
34
634
12
35
635
13
36
636
14
37
637
15
38
638
16
39
639
17
40
640
18
41
641
19
42
642
20
43
643
21
44
644
22
45
645
23
46
646
47
647
25
48
648
26
49
649
27
50
650
28
51
651
29
52
652
30
53
653
31
54
654
32
55
655
33
56
656
34
57
657
35
58
658
36
59
659
37
60
660
38
61
661
39
62
662
40
63
663
41
64
664
42
65
665
43
66
666
44
67
667
45
68
668
46
69
669
47
70
670
71
671
49
72
672
50
73
673
51
74
674
52
75
675
53
76
676
54
77
677
55
78
678
56
79
679
57
80
680
58
81
681
59
82
682
60
83
683
61
84
684
62
85
685
63
86
686
64
87
687
65
88
688
66
89
689
67
90
690
68
91
691
69
92
692
70
93
693
71
94
694
95
695
73
96
696
74
97
697
75
98
698
76
99
699
77
100
700
78
101
701
79
102
702
80
103
703
81
104
704
82
105
705
83
106
706
84
107
707
85
108
708
86
109
709
87
110
710
88
111
711
89
112
712
90
113
713
91
114
714
92
115
715
93
116
716
94
117
717
95
118
718
119
719
97
120
720
98
121
721
99
122
722
100
123
723
101
124
724
102
125
725
103
126
726
104
127
727
105
128
728
106
129
729
107
130
730
108
131
731
109
132
732
110
133
733
111
134
734
112
135
735
113
136
736
114
137
737
115
138
738
116
139
739
117
140
740
118
141
741
119
142
742
143
743
121
144
744
122
145
745
123
146
746
124
147
747
125
148
748
126
149
749
127
150
750
128
151
751
129
152
752
130
153
753
131
154
754
132
155
755
133
156
756
134
157
757
135
158
758
136
159
759
137
160
760
138
161
761
139
162
762
140
163
763
141
164
764
142
165
765
143
166
766
167
767
145
168
768
146
169
769
147
170
770
148
171
771
149
172
772
150
173
773
151
174
774
152
175
775
153
176
776
154
177
777
155
178
778
156
179
779
157
180
780
158
181
781
159
182
782
160
183
783
161
184
784
162
185
785
163
186
786
164
187
787
165
188
788
166
189
789
167
190
790
191
791
169
192
792
170
193
793
171
194
794
172
195
795
173
196
796
174
197
797
175
198
798
176
199
799
177
200
800
178
201
801
179
202
802
180
203
803
181
204
804
182
205
805
183
206
806
184
207
807
185
208
808
186
209
809
187
210
810
188
211
811
189
212
812
190
213
813
191
214
814
215
815
193
216
816
194
217
817
195
218
818
196
219
819
197
220
820
198
221
821
199
222
822
200
223
823
201
224
824
202
225
825
203
226
826
204
227
827
205
228
828
206
229
829
207
230
830
208
231
831
209
232
832
210
233
833
211
234
834
212
235
835
213
236
836
214
237
837
215
238
838
239
839
217
240
840
218
241
841
219
242
842
220
243
843
221
244
844
222
245
845
223
246
846
224
247
847
225
248
848
226
249
849
227
250
850
228
251
851
229
252
852
230
253
853
231
254
854
232
255
855
233
256
856
234
257
857
235
258
858
236
259
859
237
260
860
238
261
861
239
262
862
263
863
241
264
864
242
265
865
243
266
866
244
267
867
245
268
868
246
269
869
247
270
870
248
271
871
249
272
872
250
273
873
251
274
874
252
275
875
253
276
876
254
277
877
255
278
878
256
279
879
257
280
880
258
281
881
259
282
882
260
283
883
261
284
884
262
285
885
263
286
886
287
887
265
288
888
266
289
889
267
290
890
268
291
891
269
292
892
270
293
893
271
294
894
272
295
895
273
296
896
274
297
897
275
298
898
276
299
899
277
300
900
278
301
901
279
302
902
280
303
903
281
304
904
282
305
905
283
306
906
284
307
907
285
308
908
286
309
909
287
310
910
311
911
289
312
912
290
313
913
291
314
914
292
315
915
293
316
916
294
317
917
295
318
918
296
319
919
297
320
920
298
321
921
299
322
922
300
323
923
301
324
924
302
325
925
303
326
926
304
327
927
305
328
928
306
329
929
307
330
930
308
331
931
309
332
932
310
333
933
311
334
934
335
935
313
336
936
314
337
937
315
338
938
316
339
939
317
340
940
318
341
941
319
342
942
320
343
943
321
344
944
322
345
945
323
346
946
324
347
947
325
348
948
326
349
949
327
350
950
328
351
951
329
352
952
330
353
953
331
354
954
332
355
955
333
356
956
334
357
957
335
358
958
359
959
337
360
960
338
361
961
339
362
962
340
363
963
341
364
964
342
365
965
343
366
966
344
367
967
345
368
968
346
369
969
347
370
970
348
371
971
349
372
972
350
373
973
351
374
974
352
375
975
353
376
976
354
377
977
355
378
978
356
379
979
357
380
980
358
381
981
359
382
982
383
983
361
384
984
362
385
985
363
386
986
364
387
987
365
388
988
366
389
989
367
390
990
368
391
991
369
392
992
370
393
993
371
394
994
372
395
995
373
396
996
374
397
997
375
398
998
376
399
999
377
400
1000
378
401
1001
379
402
1002
380
403
1003
381
404
1004
382
405
1005
383
406
1006
407
1007
385
408
1008
386
409
1009
387
410
1010
388
411
1011
389
412
1012
390
413
1013
391
414
1014
392
415
1015
393
416
1016
394
417
1017
395
418
1018
396
419
1019
397
420
1020
398
421
1021
399
422
1022
400
423
1023
401
424
1024
402
425
1025
403
426
1026
404
427
1027
405
428
1028
406
429
1029
407
430
1030
431
1031
409
432
1032
410
433
1033
411
434
1034
412
435
1035
413
436
1036
414
437
1037
415
438
1038
416
439
1039
417
440
1040
418
441
1041
419
442
1042
420
443
1043
421
444
1044
422
445
1045
423
446
1046
424
447
1047
425
448
1048
426
449
1049
427
450
1050
428
451
1051
429
452
1052
430
453
1053
431
454
1054
455
1055
433
456
1056
434
457
1057
435
458
1058
436
459
1059
437
460
1060
438
461
1061
439
462
1062
440
463
1063
441
464
1064
442
465
1065
443
466
1066
444
467
1067
445
468
1068
446
469
1069
447
470
1070
448
471
1071
449
472
1072
450
473
1073
451
474
1074
452
475
1075
453
476
1076
454
477
1077
455
478
1078
479
1079
457
480
1080
458
481
1081
459
482
1082
460
483
1083
461
484
1084
462
485
1085
463
486
1086
464
487
1087
465
488
1088
466
489
1089
467
490
1090
468
491
1091
469
492
1092
470
493
1093
471
494
1094
472
495
1095
473
496
1096
474
497
1097
475
498
1098
476
499
1099
477
500
1100
478
501
1101
479
502
1102
503
1103
481
504
1104
482
505
1105
483
506
1106
484
507
1107
485
508
1108
486
509
1109
487
510
1110
488
511
1111
489
512
1112
490
513
1113
491
514
1114
492
515
1115
493
516
1116
494
517
1117
495
518
1118
496
519
1119
497
520
1120
498
521
1121
499
522
1122
500
523
1123
501
524
1124
502
525
1125
503
526
1126
527
1127
505
528
1128
506
529
1129
507
530
1130
508
531
1131
509
532
1132
510
533
1133
511
534
1134
512
535
1135
513
536
1136
514
537
1137
515
538
1138
516
539
1139
517
540
1140
518
541
1141
519
542
1142
520
543
1143
521
544
1144
522
545
1145
523
546
1146
524
547
1147
525
548
1148
526
549
1149
527
550
1150
551
1151
529
552
1152
530
553
1153
531
554
1154
532
555
1155
533
556
1156
534
557
1157
535
558
1158
536
559
1159
537
560
1160
538
561
1161
539
562
1162
540
563
1163
541
564
1164
542
565
1165
543
566
1166
544
567
1167
545
568
1168
546
569
1169
547
570
1170
548
571
1171
549
572
1172
550
573
1173
551
574
1174
575
1175
553
576
1176
554
577
1177
555
578
1178
556
579
1179
557
580
1180
558
581
1181
559
582
1182
560
583
1183
561
584
1184
562
585
1185
563
586
1186
564
587
1187
565
588
1188
566
589
1189
567
590
1190
568
591
1191
569
592
1192
570
593
1193
571
594
1194
572
595
1195
573
596
1196
574
597
1197
575
598
1198
599
1199
577
600
1200
578
601
1201
579
602
1202
580
603
1203
581
604
1204
582
605
1205
583
606
1206
584
607
1207
585
608
1208
586
609
1209
587
610
1210
588
611
1211
589
612
1212
590
613
1213
591
614
1214
592
615
1215
593
616
1216
594
617
1217
595
618
1218
596
619
1219
597
620
1220
598
621
1221
599
622
1222
623
1223
601
1224
602
1225
603
1226
604
1227
605
1228
606
1229
607
1230
608
1231
609
1232
610
1233
611
1234
612
1235
613
1236
614
1237
615
1238
616
1239
617
1240
618
1241
619
1242
620
1243
621
1244
622
1245
623
1246
1247
625
648
1248
626
649
1249
627
650
1250
628
651
1251
629
652
1252
630
653
1253
631
654
1254
632
655
1255
633
656
1256
634
657
1257
635
658
1258
636
659
1259
637
660
1260
638
661
1261
639
662
1262
640
663
1263
641
664
1264
642
665
1265
643
666
1266
644
667
1267
645
668
1268
646
669
1269
647
670
1270
671
1271
649
672
1272
650
673
1273
651
674
1274
652
675
1275
653
676
1276
654
677
1277
655
678
1278
656
679
1279
657
680
1280
658
681
1281
659
682
1282
660
683
1283
661
684
1284
662
685
1285
663
686
1286
664
687
1287
665
688
1288
666
689
1289
667
690
1290
668
691
1291
669
692
1292
670
693
1293
671
694
1294
695
1295
673
696
1296
674
697
1297
675
698
1298
676
699
1299
677
700
1300
678
701
1301
679
702
1302
680
703
1303
681
704
1304
682
705
1305
683
706
1306
684
707
1307
685
708
1308
686
709
1309
687
710
1310
688
711
1311
689
712
1312
690
713
1313
691
714
1314
692
715
1315
693
716
1316
694
717
1317
695
718
1318
719
1319
697
720
1320
698
721
1321
699
722
1322
700
723
1323
701
724
1324
702
725
1325
703
726
1326
704
727
1327
705
728
1328
706
729
1329
707
730
1330
708
731
1331
709
732
1332
710
733
1333
711
734
1334
712
735
1335
713
736
1336
714
737
1337
715
738
1338
716
739
1339
717
740
1340
718
741
1341
719
742
1342
743
1343
721
744
1344
722
745
1345
723
746
1346
724
747
1347
725
748
1348
726
749
1349
727
750
1350
728
751
1351
729
752
1352
730
753
1353
731
754
1354
732
755
1355
733
756
1356
734
757
1357
735
758
1358
736
759
1359
737
760
1360
738
761
1361
739
762
1362
740
763
1363
741
764
1364
742
765
1365
743
766
1366
767
1367
745
768
1368
746
769
1369
747
770
1370
748
771
1371
749
772
1372
750
773
1373
751
774
1374
752
775
1375
753
776
1376
754
777
1377
755
778
1378
756
779
1379
757
780
1380
758
781
1381
759
782
1382
760
783
1383
761
784
1384
762
785
1385
763
786
1386
764
787
1387
765
788
1388
766
789
1389
767
790
1390
791
1391
769
792
1392
770
793
1393
771
794
1394
772
795
1395
773
796
1396
774
797
1397
775
798
1398
776
799
1399
777
800
1400
778
801
1401
779
802
1402
780
803
1403
781
804
1404
782
805
1405
783
806
1406
784
807
1407
785
808
1408
786
809
1409
787
810
1410
788
811
1411
789
812
1412
790
813
1413
791
814
1414
815
1415
793
816
1416
794
817
1417
795
818
1418
796
819
1419
797
820
1420
798
821
1421
799
822
1422
800
823
1423
801
824
1424
802
825
1425
803
826
1426
804
827
1427
805
828
1428
806
829
1429
807
830
1430
808
831
1431
809
832
1432
810
833
1433
811
834
1434
812
835
1435
813
836
1436
814
837
1437
815
838
1438
839
1439
817
840
1440
818
841
1441
819
842
1442
820
843
1443
821
844
1444
822
845
1445
823
846
1446
824
847
1447
825
848
1448
826
849
1449
827
850
1450
828
851
1451
829
852
1452
830
853
1453
831
854
1454
832
855
1455
833
856
1456
834
857
1457
835
858
1458
836
859
1459
837
860
1460
838
861
1461
839
862
1462
863
1463
841
864
1464
842
865
1465
843
866
1466
844
867
1467
845
868
1468
846
869
1469
847
870
1470
848
871
1471
849
872
1472
850
873
1473
851
874
1474
852
875
1475
853
876
1476
854
877
1477
855
878
1478
856
879
1479
857
880
1480
858
881
1481
859
882
1482
860
883
1483
861
884
1484
862
885
1485
863
886
1486
887
1487
865
888
1488
866
889
1489
867
890
1490
868
891
1491
869
892
1492
870
893
1493
871
894
1494
872
895
1495
873
896
1496
874
897
1497
875
898
1498
876
899
1499
877
900
1500
878
901
1501
879
902
1502
880
903
1503
881
904
1504
882
905
1505
883
906
1506
884
907
1507
885
908
1508
886
909
1509
887
910
1510
911
1511
889
912
1512
890
913
1513
891
914
1514
892
915
1515
893
916
1516
894
917
1517
895
918
1518
896
919
1519
897
920
1520
898
921
1521
899
922
1522
900
923
1523
901
924
1524
902
925
1525
903
926
1526
904
927
1527
905
928
1528
906
929
1529
907
930
1530
908
931
1531
909
932
1532
910
933
1533
911
934
1534
935
1535
913
936
1536
914
937
1537
915
938
1538
916
939
1539
917
940
1540
918
941
1541
919
942
1542
920
943
1543
921
944
1544
922
945
1545
923
946
1546
924
947
1547
925
948
1548
926
949
1549
927
950
1550
928
951
1551
929
952
1552
930
953
1553
931
954
1554
932
955
1555
933
956
1556
934
957
1557
935
958
1558
959
1559
937
960
1560
938
961
1561
939
962
1562
940
963
1563
941
964
1564
942
965
1565
943
966
1566
944
967
1567
945
968
1568
946
969
1569
947
970
1570
948
971
1571
949
972
1572
950
973
1573
951
974
1574
952
975
1575
953
976
1576
954
977
1577
955
978
1578
956
979
1579
957
980
1580
958
981
1581
959
982
1582
983
1583
961
984
1584
962
985
1585
963
986
1586
964
987
1587
965
988
1588
966
989
1589
967
990
1590
968
991
1591
969
992
1592
970
993
1593
971
994
1594
972
995
1595
973
996
1596
974
997
1597
975
998
1598
976
999
1599
977
1000
1600
978
1001
1601
979
1002
1602
980
1003
1603
981
1004
1604
982
1005
1605
983
1006
1606
1007
1607
985
1008
1608
986
1009
1609
987
1010
1610
988
1011
1611
989
1012
1612
990
1013
1613
991
1014
1614
992
1015
1615
993
1016
1616
994
1017
1617
995
1018
1618
996
1019
1619
997
1020
1620
998
1021
1621
999
1022
1622
1000
1023
1623
1001
1024
1624
1002
1025
1625
1003
1026
1626
1004
1027
1627
1005
1028
1628
1006
1029
1629
1007
1030
1630
1031
1631
1009
1032
1632
1010
1033
1633
1011
1034
1634
1012
1035
1635
1013
1036
1636
1014
1037
1637
1015
1038
1638
1016
1039
1639
1017
1040
1640
1018
1041
1641
1019
1042
1642
1020
1043
1643
1021
1044
1644
1022
1045
1645
1023
1046
1646
1024
1047
1647
1025
1048
1648
1026
1049
1649
1027
1050
1650
1028
1051
1651
1029
1052
1652
1030
1053
1653
1031
1054
1654
1055
1655
1033
1056
1656
1034
1057
1657
1035
1058
1658
1036
1059
1659
1037
1060
1660
1038
1061
1661
1039
1062
1662
1040
1063
1663
1041
1064
1664
1042
1065
1665
1043
1066
1666
1044
1067
1667
1045
1068
1668
1046
1069
1669
1047
1070
1670
1048
1071
1671
1049
1072
1672
1050
1073
1673
1051
1074
1674
1052
1075
1675
1053
1076
1676
1054
1077
1677
1055
1078
1678
1079
1679
1057
1080
1680
1058
1081
1681
1059
1082
1682
1060
1083
1683
1061
1084
1684
1062
1085
1685
1063
1086
1686
1064
1087
1687
1065
1088
1688
1066
1089
1689
1067
1090
1690
1068
1091
1691
1069
1092
1692
1070
1093
1693
1071
1094
1694
1072
1095
1695
1073
1096
1696
1074
1097
1697
1075
1098
1698
1076
1099
1699
1077
1100
1700
1078
1101
1701
1079
1102
1702
1103
1703
1081
1104
1704
1082
1105
1705
1083
1106
1706
1084
1107
1707
1085
1108
1708
1086
1109
1709
1087
1110
1710
1088
1111
1711
1089
1112
1712
1090
1113
1713
1091
1114
1714
1092
1115
1715
1093
1116
1716
1094
1117
1717
1095
1118
1718
1096
1119
1719
1097
1120
1720
1098
1121
1721
1099
1122
1722
1100
1123
1723
1101
1124
1724
1102
1125
1725
1103
1126
1726
1127
1727
1105
1128
1728
1106
1129
1729
1107
1130
1730
1108
1131
1731
1109
1132
1732
1110
1133
1733
1111
1134
1734
1112
1135
1735
1113
1136
1736
1114
1137
1737
1115
1138
1738
1116
1139
1739
1117
1140
1740
1118
1141
1741
1119
1142
1742
1120
1143
1743
1121
1144
1744
1122
1145
1745
1123
1146
1746
1124
1147
1747
1125
1148
1748
1126
1149
1749
1127
1150
1750
1151
1751
1129
1152
1752
1130
1153
1753
1131
1154
1754
1132
1155
1755
1133
1156
1756
1134
1157
1757
1135
1158
1758
1136
1159
1759
1137
1160
1760
1138
1161
1761
1139
1162
1762
1140
1163
1763
1141
1164
1764
1142
1165
1765
1143
1166
1766
1144
1167
1767
1145
1168
1768
1146
1169
1769
1147
1170
1770
1148
1171
1771
1149
1172
1772
1150
1173
1773
1151
1174
1774
1175
1775
1153
1176
1776
1154
1177
1777
1155
1178
1778
1156
1179
1779
1157
1180
1780
1158
1181
1781
1159
1182
1782
1160
1183
1783
1161
1184
1784
1162
1185
1785
1163
1186
1786
1164
1187
1787
1165
1188
1788
1166
1189
1789
1167
1190
1790
1168
1191
1791
1169
1192
1792
1170
1193
1793
1171
1194
1794
1172
1195
1795
1173
1196
1796
1174
1197
1797
1175
1198
1798
1199
1799
1177
1200
1800
1178
1201
1801
1179
1202
1802
1180
1203
1803
1181
1204
1804
1182
1205
1805
1183
1206
1806
1184
1207
1807
1185
1208
1808
1186
1209
1809
1187
1210
1810
1188
1211
1811
1189
1212
1812
1190
1213
1813
1191
1214
1814
1192
1215
1815
1193
1216
1816
1194
1217
1817
1195
1218
1818
1196
1219
1819
1197
1220
1820
1198
1221
1821
1199
1222
1822
1223
1823
1201
1224
1824
1202
1225
1825
1203
1226
1826
1204
1227
1827
1205
1228
1828
1206
1229
1829
1207
1230
1830
1208
1231
1831
1209
1232
1832
1210
1233
1833
1211
1234
1834
1212
1235
1835
1213
1236
1836
1214
1237
1837
1215
1238
1838
1216
1239
1839
1217
1240
1840
1218
1241
1841
1219
1242
1842
1220
1243
1843
1221
1244
1844
1222
1245
1845
1223
1246
1846
1247
1847
1225
1848
1226
1849
1227
1850
1228
1851
1229
1852
1230
1853
1231
1854
1232
1855
1233
1856
1234
1857
1235
1858
1236
1859
1237
1860
1238
1861
1239
1862
1240
1863
1241
1864
1242
1865
1243
1866
1244
1867
1245
1868
1246
1869
1247
1870
1871
1249
1272
1872
1250
1273
1873
1251
1274
1874
1252
1275
1875
1253
1276
1876
1254
1277
1877
1255
1278
1878
1256
1279
1879
1257
1280
1880
1258
1281
1881
1259
1282
1882
1260
1283
1883
1261
1284
1884
1262
1285
1885
1263
1286
1886
1264
1287
1887
1265
1288
1888
1266
1289
1889
1267
1290
1890
1268
1291
1891
1269
1292
1892
1270
1293
1893
1271
1294
1894
1295
1895
1273
1296
1896
1274
1297
1897
1275
1298
1898
1276
1299
1899
1277
1300
1900
1278
1301
1901
1279
1302
1902
1280
1303
1903
1281
1304
1904
1282
1305
1905
1283
1306
1906
1284
1307
1907
1285
1308
1908
1286
1309
1909
1287
1310
1910
1288
1311
1911
1289
1312
1912
1290
1313
1913
1291
1314
1914
1292
1315
1915
1293
1316
1916
1294
1317
1917
1295
1318
1918
1319
1919
1297
1320
1920
1298
1321
1921
1299
1322
1922
1300
1323
1923
1301
1324
1924
1302
1325
1925
1303
1326
1926
1304
1327
1927
1305
1328
1928
1306
1329
1929
1307
1330
1930
1308
1331
1931
1309
1332
1932
1310
1333
1933
1311
1334
1934
1312
1335
1935
1313
1336
1936
1314
1337
1937
1315
1338
1938
1316
1339
1939
1317
1340
1940
1318
1341
1941
1319
1342
1942
1343
1943
1321
1344
1944
1322
1345
1945
1323
1346
1946
1324
1347
1947
1325
1348
1948
1326
1349
1949
1327
1350
1950
1328
1351
1951
1329
1352
1952
1330
1353
1953
1331
1354
1954
1332
1355
1955
1333
1356
1956
1334
1357
1957
1335
1358
1958
1336
1359
1959
1337
1360
1960
1338
1361
1961
1339
1362
1962
1340
1363
1963
1341
1364
1964
1342
1365
1965
1343
1366
1966
1367
1967
1345
1368
1968
1346
1369
1969
1347
1370
1970
1348
1371
1971
1349
1372
1972
1350
1373
1973
1351
1374
1974
1352
1375
1975
1353
1376
1976
1354
1377
1977
1355
1378
1978
1356
1379
1979
1357
1380
1980
1358
1381
1981
1359
1382
1982
1360
1383
1983
1361
1384
1984
1362
1385
1985
1363
1386
1986
1364
1387
1987
1365
1388
1988
1366
1389
1989
1367
1390
1990
1391
1991
1369
1392
1992
1370
1393
1993
1371
1394
1994
1372
1395
1995
1373
1396
1996
1374
1397
1997
1375
1398
1998
1376
1399
1999
1377
1400
2000
1378
1401
2001
1379
1402
2002
1380
1403
2003
1381
1404
2004
1382
1405
2005
1383
1406
2006
1384
1407
2007
1385
1408
2008
1386
1409
2009
1387
1410
2010
1388
1411
2011
1389
1412
2012
1390
1413
2013
1391
1414
2014
1415
2015
1393
1416
2016
1394
1417
2017
1395
1418
2018
1396
1419
2019
1397
1420
2020
1398
1421
2021
1399
1422
2022
1400
1423
2023
1401
1424
2024
1402
1425
2025
1403
1426
2026
1404
1427
2027
1405
1428
2028
1406
1429
2029
1407
1430
2030
1408
1431
2031
1409
1432
2032
1410
1433
2033
1411
1434
2034
1412
1435
2035
1413
1436
2036
1414
1437
2037
1415
1438
2038
1439
2039
1417
1440
2040
1418
1441
2041
1419
1442
2042
1420
1443
2043
1421
1444
2044
1422
1445
2045
1423
1446
2046
1424
1447
2047
1425
1448
2048
1426
1449
2049
1427
1450
2050
1428
1451
2051
1429
1452
2052
1430
1453
2053
1431
1454
2054
1432
1455
2055
1433
1456
2056
1434
1457
2057
1435
1458
2058
1436
1459
2059
1437
1460
2060
1438
1461
2061
1439
1462
2062
1463
2063
1441
1464
2064
1442
1465
2065
1443
1466
2066
1444
1467
2067
1445
1468
2068
1446
1469
2069
1447
1470
2070
1448
1471
2071
1449
1472
2072
1450
1473
2073
1451
1474
2074
1452
1475
2075
1453
1476
2076
1454
1477
2077
1455
1478
2078
1456
1479
2079
1457
1480
2080
1458
1481
2081
1459
1482
2082
1460
1483
2083
1461
1484
2084
1462
1485
2085
1463
1486
2086
1487
2087
1465
1488
2088
1466
1489
2089
1467
1490
2090
1468
1491
2091
1469
1492
2092
1470
1493
2093
1471
1494
2094
1472
1495
2095
1473
1496
2096
1474
1497
2097
1475
1498
2098
1476
1499
2099
1477
1500
2100
1478
1501
2101
1479
1502
2102
1480
1503
2103
1481
1504
2104
1482
1505
2105
1483
1506
2106
1484
1507
2107
1485
1508
2108
1486
1509
2109
1487
1510
2110
1511
2111
1489
1512
2112
1490
1513
2113
1491
1514
2114
1492
1515
2115
1493
1516
2116
1494
1517
2117
1495
1518
2118
1496
1519
2119
1497
1520
2120
1498
1521
2121
1499
1522
2122
1500
1523
2123
1501
1524
2124
1502
1525
2125
1503
1526
2126
1504
1527
2127
1505
1528
2128
1506
1529
2129
1507
1530
2130
1508
1531
2131
1509
1532
2132
1510
1533
2133
1511
1534
2134
1535
2135
1513
1536
2136
1514
1537
2137
1515
1538
2138
1516
1539
2139
1517
1540
2140
1518
1541
2141
1519
1542
2142
1520
1543
2143
1521
1544
2144
1522
1545
2145
1523
1546
2146
1524
1547
2147
1525
1548
2148
1526
1549
2149
1527
1550
2150
1528
1551
2151
1529
1552
2152
1530
1553
2153
1531
1554
2154
1532
1555
2155
1533
1556
2156
1534
1557
2157
1535
1558
2158
1559
2159
1537
1560
2160
1538
1561
2161
1539
1562
2162
1540
1563
2163
1541
1564
2164
1542
1565
2165
1543
1566
2166
1544
1567
2167
1545
1568
2168
1546
1569
2169
1547
1570
2170
1548
1571
2171
1549
1572
2172
1550
1573
2173
1551
1574
2174
1552
1575
2175
1553
1576
2176
1554
1577
2177
1555
1578
2178
1556
1579
2179
1557
1580
2180
1558
1581
2181
1559
1582
2182
1583
2183
1561
1584
2184
1562
1585
2185
1563
1586
2186
1564
1587
2187
1565
1588
2188
1566
1589
2189
1567
1590
2190
1568
1591
2191
1569
1592
2192
1570
1593
2193
1571
1594
2194
1572
1595
2195
1573
1596
2196
1574
1597
2197
1575
1598
2198
1576
1599
2199
1577
1600
2200
1578
1601
2201
1579
1602
2202
1580
1603
2203
1581
1604
2204
1582
1605
2205
1583
1606
2206
1607
2207
1585
1608
2208
1586
1609
2209
1587
1610
2210
1588
1611
2211
1589
1612
2212
1590
1613
2213
1591
1614
2214
1592
1615
2215
1593
1616
2216
1594
1617
2217
1595
1618
2218
1596
1619
2219
1597
1620
2220
1598
1621
2221
1599
1622
2222
1600
1623
2223
1601
1624
2224
1602
1625
2225
1603
1626
2226
1604
1627
2227
1605
1628
2228
1606
1629
2229
1607
1630
2230
1631
2231
1609
1632
2232
1610
1633
2233
1611
1634
2234
1612
1635
2235
1613
1636
2236
1614
1637
2237
1615
1638
2238
1616
1639
2239
1617
1640
2240
1618
1641
2241
1619
1642
2242
1620
1643
2243
1621
1644
2244
1622
1645
2245
1623
1646
2246
1624
1647
2247
1625
1648
2248
1626
1649
2249
1627
1650
2250
1628
1651
2251
1629
1652
2252
1630
1653
2253
1631
1654
2254
1655
2255
1633
1656
2256
1634
1657
2257
1635
1658
2258
1636
1659
2259
1637
1660
2260
1638
1661
2261
1639
1662
2262
1640
1663
2263
1641
1664
2264
1642
1665
2265
1643
1666
2266
1644
1667
2267
1645
1668
2268
1646
1669
2269
1647
1670
2270
1648
1671
2271
1649
1672
2272
1650
1673
2273
1651
1674
2274
1652
1675
2275
1653
1676
2276
1654
1677
2277
1655
1678
2278
1679
2279
1657
1680
2280
1658
1681
2281
1659
1682
2282
1660
1683
2283
1661
1684
2284
1662
1685
2285
1663
1686
2286
1664
1687
2287
1665
1688
2288
1666
1689
2289
1667
1690
2290
1668
1691
2291
1669
1692
2292
1670
1693
2293
1671
1694
2294
1672
1695
2295
1673
1696
2296
1674
1697
2297
1675
1698
2298
1676
1699
2299
1677
1700
2300
1678
1701
2301
1679
1702
2302
1703
2303
1681
1704
2304
1682
1705
2305
1683
1706
2306
1684
1707
2307
1685
1708
2308
1686
1709
2309
1687
1710
2310
1688
1711
2311
1689
1712
2312
1690
1713
2313
1691
1714
2314
1692
1715
2315
1693
1716
2316
1694
1717
2317
1695
1718
2318
1696
1719
2319
1697
1720
2320
1698
1721
2321
1699
1722
2322
1700
1723
2323
1701
1724
2324
1702
1725
2325
1703
1726
2326
1727
2327
1705
1728
2328
1706
1729
2329
1707
1730
2330
1708
1731
2331
1709
1732
2332
1710
1733
2333
1711
1734
2334
1712
1735
2335
1713
1736
2336
1714
1737
2337
1715
1738
2338
1716
1739
2339
1717
1740
2340
1718
1741
2341
1719
1742
2342
1720
1743
2343
1721
1744
2344
1722
1745
2345
1723
1746
2346
1724
1747
2347
1725
1748
2348
1726
1749
2349
1727
1750
2350
1751
2351
1729
1752
2352
1730
1753
2353
1731
1754
2354
1732
1755
2355
1733
1756
2356
1734
1757
2357
1735
1758
2358
1736
1759
2359
1737
1760
2360
1738
1761
2361
1739
1762
2362
1740
1763
2363
1741
1764
2364
1742
1765
2365
1743
1766
2366
1744
1767
2367
1745
1768
2368
1746
1769
2369
1747
1770
2370
1748
1771
2371
1749
1772
2372
1750
1773
2373
1751
1774
2374
1775
2375
1753
1776
2376
1754
1777
2377
1755
1778
2378
1756
1779
2379
1757
1780
2380
1758
1781
2381
1759
1782
2382
1760
1783
2383
1761
1784
2384
1762
1785
2385
1763
1786
2386
1764
1787
2387
1765
1788
2388
1766
1789
2389
1767
1790
2390
1768
1791
2391
1769
1792
2392
1770
1793
2393
1771
1794
2394
1772
1795
2395
1773
1796
2396
1774
1797
2397
1775
1798
2398
1799
2399
1777
1800
2400
1778
1801
2401
1779
1802
2402
1780
1803
2403
1781
1804
2404
1782
1805
2405
1783
1806
2406
1784
1807
2407
1785
1808
2408
1786
1809
2409
1787
1810
2410
1788
1811
2411
1789
1812
2412
1790
1813
2413
1791
1814
2414
1792
1815
2415
1793
1816
2416
1794
1817
2417
1795
1818
2418
1796
1819
2419
1797
1820
2420
1798
1821
2421
1799
1822
2422
1823
2423
1801
1824
2424
1802
1825
2425
1803
1826
2426
1804
1827
2427
1805
1828
2428
1806
1829
2429
1807
1830
2430
1808
1831
2431
1809
1832
2432
1810
1833
2433
1811
1834
2434
1812
1835
2435
1813
1836
2436
1814
1837
2437
1815
1838
2438
1816
1839
2439
1817
1840
2440
1818
1841
2441
1819
1842
2442
1820
1843
2443
1821
1844
2444
1822
1845
2445
1823
1846
2446
1847
2447
1825
1848
2448
1826
1849
2449
1827
1850
2450
1828
1851
2451
1829
1852
2452
1830
1853
2453
1831
1854
2454
1832
1855
2455
1833
1856
2456
1834
1857
2457
1835
1858
2458
1836
1859
2459
1837
1860
2460
1838
1861
2461
1839
1862
2462
1840
1863
2463
1841
1864
2464
1842
1865
2465
1843
1866
2466
1844
1867
2467
1845
1868
2468
1846
1869
2469
1847
1870
2470
1871
2471
1849
2472
1850
2473
1851
2474
1852
2475
1853
2476
1854
2477
1855
2478
1856
2479
1857
2480
1858
2481
1859
2482
1860
2483
1861
2484
1862
2485
1863
2486
1864
2487
1865
2488
1866
2489
1867
2490
1868
2491
1869
2492
1870
2493
1871
2494
2495
1873
1896
2496
1874
1897
2497
1875
1898
2498
1876
1899
2499
1877
1900
2500
1878
1901
2501
1879
1902
2502
1880
1903
2503
1881
1904
2504
1882
1905
2505
1883
1906
2506
1884
1907
2507
1885
1908
2508
1886
1909
2509
1887
1910
2510
1888
1911
2511
1889
1912
2512
1890
1913
2513
1891
1914
2514
1892
1915
2515
1893
1916
2516
1894
1917
2517
1895
1918
2518
1919
2519
1897
1920
2520
1898
1921
2521
1899
1922
2522
1900
1923
2523
1901
1924
2524
1902
1925
2525
1903
1926
2526
1904
1927
2527
1905
1928
2528
1906
1929
2529
1907
1930
2530
1908
1931
2531
1909
1932
2532
1910
1933
2533
1911
1934
2534
1912
1935
2535
1913
1936
2536
1914
1937
2537
1915
1938
2538
1916
1939
2539
1917
1940
2540
1918
1941
2541
1919
1942
2542
1943
2543
1921
1944
2544
1922
1945
2545
1923
1946
2546
1924
1947
2547
1925
1948
2548
1926
1949
2549
1927
1950
2550
1928
1951
2551
1929
1952
2552
1930
1953
2553
1931
1954
2554
1932
1955
2555
1933
1956
2556
1934
1957
2557
1935
1958
2558
1936
1959
2559
1937
1960
2560
1938
1961
2561
1939
1962
2562
1940
1963
2563
1941
1964
2564
1942
1965
2565
1943
1966
2566
1967
2567
1945
1968
2568
1946
1969
2569
1947
1970
2570
1948
1971
2571
1949
1972
2572
1950
1973
2573
1951
1974
2574
1952
1975
2575
1953
1976
2576
1954
1977
2577
1955
1978
2578
1956
1979
2579
1957
1980
2580
1958
1981
2581
1959
1982
2582
1960
1983
2583
1961
1984
2584
1962
1985
2585
1963
1986
2586
1964
1987
2587
1965
1988
2588
1966
1989
2589
1967
1990
2590
1991
2591
1969
1992
2592
1970
1993
2593
1971
1994
2594
1972
1995
2595
1973
1996
2596
1974
1997
2597
1975
1998
2598
1976
1999
2599
1977
2000
2600
1978
2001
2601
1979
2002
2602
1980
2003
2603
1981
2004
2604
1982
2005
2605
1983
2006
2606
1984
2007
2607
1985
2008
2608
1986
2009
2609
1987
2010
2610
1988
2011
2611
1989
2012
2612
1990
2013
2613
1991
2014
2614
2015
2615
1993
2016
2616
1994
2017
2617
1995
2018
2618
1996
2019
2619
1997
2020
2620
1998
2021
2621
1999
2022
2622
2000
2023
2623
2001
2024
2624
2002
2025
2625
2003
2026
2626
2004
2027
2627
2005
2028
2628
2006
2029
2629
2007
2030
2630
2008
2031
2631
2009
2032
2632
2010
2033
2633
2011
2034
2634
2012
2035
2635
2013
2036
2636
2014
2037
2637
2015
2038
2638
2039
2639
2017
2040
2640
2018
2041
2641
2019
2042
2642
2020
2043
2643
2021
2044
2644
2022
2045
2645
2023
2046
2646
2024
2047
2647
2025
2048
2648
2026
2049
2649
2027
2050
2650
2028
2051
2651
2029
2052
2652
2030
2053
2653
2031
2054
2654
2032
2055
2655
2033
2056
2656
2034
2057
2657
2035
2058
2658
2036
2059
2659
2037
2060
2660
2038
2061
2661
2039
2062
2662
2063
2663
2041
2064
2664
2042
2065
2665
2043
2066
2666
2044
2067
2667
2045
2068
2668
2046
2069
2669
2047
2070
2670
2048
2071
2671
2049
2072
2672
2050
2073
2673
2051
2074
2674
2052
2075
2675
2053
2076
2676
2054
2077
2677
2055
2078
2678
2056
2079
2679
2057
2080
2680
2058
2081
2681
2059
2082
2682
2060
2083
2683
2061
2084
2684
2062
2085
2685
2063
2086
2686
2087
2687
2065
2088
2688
2066
2089
2689
2067
2090
2690
2068
2091
2691
2069
2092
2692
2070
2093
2693
2071
2094
2694
2072
2095
2695
2073
2096
2696
2074
2097
2697
2075
2098
2698
2076
2099
2699
2077
2100
2700
2078
2101
2701
2079
2102
2702
2080
2103
2703
2081
2104
2704
2082
2105
2705
2083
2106
2706
2084
2107
2707
2085
2108
2708
2086
2109
2709
2087
2110
2710
2111
2711
2089
2112
2712
2090
2113
2713
2091
2114
2714
2092
2115
2715
2093
2116
2716
2094
2117
2717
2095
2118
2718
2096
2119
2719
2097
2120
2720
2098
2121
2721
2099
2122
2722
2100
2123
2723
2101
2124
2724
2102
2125
2725
2103
2126
2726
2104
2127
2727
2105
2128
2728
2106
2129
2729
2107
2130
2730
2108
2131
2731
2109
2132
2732
2110
2133
2733
2111
2134
2734
2135
2735
2113
2136
2736
2114
2137
2737
2115
2138
2738
2116
2139
2739
2117
2140
2740
2118
2141
2741
2119
2142
2742
2120
2143
2743
2121
2144
2744
2122
2145
2745
2123
2146
2746
2124
2147
2747
2125
2148
2748
2126
2149
2749
2127
2150
2750
2128
2151
2751
2129
2152
2752
2130
2153
2753
2131
2154
2754
2132
2155
2755
2133
2156
2756
2134
2157
2757
2135
2158
2758
2159
2759
2137
2160
2760
2138
2161
2761
2139
2162
2762
2140
2163
2763
2141
2164
2764
2142
2165
2765
2143
2166
2766
2144
2167
2767
2145
2168
2768
2146
2169
2769
2147
2170
2770
2148
2171
2771
2149
2172
2772
2150
2173
2773
2151
2174
2774
2152
2175
2775
2153
2176
2776
2154
2177
2777
2155
2178
2778
2156
2179
2779
2157
2180
2780
2158
2181
2781
2159
2182
2782
2183
2783
2161
2184
2784
2162
2185
2785
2163
2186
2786
2164
2187
2787
2165
2188
2788
2166
2189
2789
2167
2190
2790
2168
2191
2791
2169
2192
2792
2170
2193
2793
2171
2194
2794
2172
2195
2795
2173
2196
2796
2174
2197
2797
2175
2198
2798
2176
2199
2799
2177
2200
2800
2178
2201
2801
2179
2202
2802
2180
2203
2803
2181
2204
2804
2182
2205
2805
2183
2206
2806
2207
2807
2185
2208
2808
2186
2209
2809
2187
2210
2810
2188
2211
2811
2189
2212
2812
2190
2213
2813
2191
2214
2814
2192
2215
2815
2193
2216
2816
2194
2217
2817
2195
2218
2818
2196
2219
2819
2197
2220
2820
2198
2221
2821
2199
2222
2822
2200
2223
2823
2201
2224
2824
2202
2225
2825
2203
2226
2826
2204
2227
2827
2205
2228
2828
2206
2229
2829
2207
2230
2830
2231
2831
2209
2232
2832
2210
2233
2833
2211
2234
2834
2212
2235
2835
2213
2236
2836
2214
2237
2837
2215
2238
2838
2216
2239
2839
2217
2240
2840
2218
2241
2841
2219
2242
2842
2220
2243
2843
2221
2244
2844
2222
2245
2845
2223
2246
2846
2224
2247
2847
2225
2248
2848
2226
2249
2849
2227
2250
2850
2228
2251
2851
2229
2252
2852
2230
2253
2853
2231
2254
2854
2255
2855
2233
2256
2856
2234
2257
2857
2235
2258
2858
2236
2259
2859
2237
2260
2860
2238
2261
2861
2239
2262
2862
2240
2263
2863
2241
2264
2864
2242
2265
2865
2243
2266
2866
2244
2267
2867
2245
2268
2868
2246
2269
2869
2247
2270
2870
2248
2271
2871
2249
2272
2872
2250
2273
2873
2251
2274
2874
2252
2275
2875
2253
2276
2876
2254
2277
2877
2255
2278
2878
2279
2879
2257
2280
2880
2258
2281
2881
2259
2282
2882
2260
2283
2883
2261
2284
2884
2262
2285
2885
2263
2286
2886
2264
2287
2887
2265
2288
2888
2266
2289
2889
2267
2290
2890
2268
2291
2891
2269
2292
2892
2270
2293
2893
2271
2294
2894
2272
2295
2895
2273
2296
2896
2274
2297
2897
2275
2298
2898
2276
2299
2899
2277
2300
2900
2278
2301
2901
2279
2302
2902
2303
2903
2281
2304
2904
2282
2305
2905
2283
2306
2906
2284
2307
2907
2285
2308
2908
2286
2309
2909
2287
2310
2910
2288
2311
2911
2289
2312
2912
2290
2313
2913
2291
2314
2914
2292
2315
2915
2293
2316
2916
2294
2317
2917
2295
2318
2918
2296
2319
2919
2297
2320
2920
2298
2321
2921
2299
2322
2922
2300
2323
2923
2301
2324
2924
2302
2325
2925
2303
2326
2926
2327
2927
2305
2328
2928
2306
2329
2929
2307
2330
2930
2308
2331
2931
2309
2332
2932
2310
2333
2933
2311
2334
2934
2312
2335
2935
2313
2336
2936
2314
2337
2937
2315
2338
2938
2316
2339
2939
2317
2340
2940
2318
2341
2941
2319
2342
2942
2320
2343
2943
2321
2344
2944
2322
2345
2945
2323
2346
2946
2324
2347
2947
2325
2348
2948
2326
2349
2949
2327
2350
2950
2351
2951
2329
2352
2952
2330
2353
2953
2331
2354
2954
2332
2355
2955
2333
2356
2956
2334
2357
2957
2335
2358
2958
2336
2359
2959
2337
2360
2960
2338
2361
2961
2339
2362
2962
2340
2363
2963
2341
2364
2964
2342
2365
2965
2343
2366
2966
2344
2367
2967
2345
2368
2968
2346
2369
2969
2347
2370
2970
2348
2371
2971
2349
2372
2972
2350
2373
2973
2351
2374
2974
2375
2975
2353
2376
2976
2354
2377
2977
2355
2378
2978
2356
2379
2979
2357
2380
2980
2358
2381
2981
2359
2382
2982
2360
2383
2983
2361
2384
2984
2362
2385
2985
2363
2386
2986
2364
2387
2987
2365
2388
2988
2366
2389
2989
2367
2390
2990
2368
2391
2991
2369
2392
2992
2370
2393
2993
2371
2394
2994
2372
2395
2995
2373
2396
2996
2374
2397
2997
2375
2398
2998
2399
2999
2377
2400
3000
2378
2401
3001
2379
2402
3002
2380
2403
3003
2381
2404
3004
2382
2405
3005
2383
2406
3006
2384
2407
3007
2385
2408
3008
2386
2409
3009
2387
2410
3010
2388
2411
3011
2389
2412
3012
2390
2413
3013
2391
2414
3014
2392
2415
3015
2393
2416
3016
2394
2417
3017
2395
2418
3018
2396
2419
3019
2397
2420
3020
2398
2421
3021
2399
2422
3022
2423
3023
2401
2424
3024
2402
2425
3025
2403
2426
3026
2404
2427
3027
2405
2428
3028
2406
2429
3029
2407
2430
3030
2408
2431
3031
2409
2432
3032
2410
2433
3033
2411
2434
3034
2412
2435
3035
2413
2436
3036
2414
2437
3037
2415
2438
3038
2416
2439
3039
2417
2440
3040
2418
2441
3041
2419
2442
3042
2420
2443
3043
2421
2444
3044
2422
2445
3045
2423
2446
3046
2447
3047
2425
2448
3048
2426
2449
3049
2427
2450
3050
2428
2451
3051
2429
2452
3052
2430
2453
3053
2431
2454
3054
2432
2455
3055
2433
2456
3056
2434
2457
3057
2435
2458
3058
2436
2459
3059
2437
2460
3060
2438
2461
3061
2439
2462
3062
2440
2463
3063
2441
2464
3064
2442
2465
3065
2443
2466
3066
2444
2467
3067
2445
2468
3068
2446
2469
3069
2447
2470
3070
2471
3071
2449
2472
3072
2450
2473
3073
2451
2474
3074
2452
2475
3075
2453
2476
3076
2454
2477
3077
2455
2478
3078
2456
2479
3079
2457
2480
3080
2458
2481
3081
2459
2482
3082
2460
2483
3083
2461
2484
3084
2462
2485
3085
2463
2486
3086
2464
2487
3087
2465
2488
3088
2466
2489
3089
2467
2490
3090
2468
2491
3091
2469
2492
3092
2470
2493
3093
2471
2494
3094
2495
3095
2473
3096
2474
3097
2475
3098
2476
3099
2477
3100
2478
3101
2479
3102
2480
3103
2481
3104
2482
3105
2483
3106
2484
3107
2485
3108
2486
3109
2487
3110
2488
3111
2489
3112
2490
3113
2491
3114
2492
3115
2493
3116
2494
3117
2495
3118
3119
2497
2520
3120
2498
2521
3121
2499
2522
3122
2500
2523
3123
2501
2524
3124
2502
2525
3125
2503
2526
3126
2504
2527
3127
2505
2528
3128
2506
2529
3129
2507
2530
3130
2508
2531
3131
2509
2532
3132
2510
2533
3133
2511
2534
3134
2512
2535
3135
2513
2536
3136
2514
2537
3137
2515
2538
3138
2516
2539
3139
2517
2540
3140
2518
2541
3141
2519
2542
3142
2543
3143
2521
2544
3144
2522
2545
3145
2523
2546
3146
2524
2547
3147
2525
2548
3148
2526
2549
3149
2527
2550
3150
2528
2551
3151
2529
2552
3152
2530
2553
3153
2531
2554
3154
2532
2555
3155
2533
2556
3156
2534
2557
3157
2535
2558
3158
2536
2559
3159
2537
2560
3160
2538
2561
3161
2539
2562
3162
2540
2563
3163
2541
2564
3164
2542
2565
3165
2543
2566
3166
2567
3167
2545
2568
3168
2546
2569
3169
2547
2570
3170
2548
2571
3171
2549
2572
3172
2550
2573
3173
2551
2574
3174
2552
2575
3175
2553
2576
3176
2554
2577
3177
2555
2578
3178
2556
2579
3179
2557
2580
3180
2558
2581
3181
2559
2582
3182
2560
2583
3183
2561
2584
3184
2562
2585
3185
2563
2586
3186
2564
2587
3187
2565
2588
3188
2566
2589
3189
2567
2590
3190
2591
3191
2569
2592
3192
2570
2593
3193
2571
2594
3194
2572
2595
3195
2573
2596
3196
2574
2597
3197
2575
2598
3198
2576
2599
3199
2577
2600
3200
2578
2601
3201
2579
2602
3202
2580
2603
3203
2581
2604
3204
2582
2605
3205
2583
2606
3206
2584
2607
3207
2585
2608
3208
2586
2609
3209
2587
2610
3210
2588
2611
3211
2589
2612
3212
2590
2613
3213
2591
2614
3214
2615
3215
2593
2616
3216
2594
2617
3217
2595
2618
3218
2596
2619
3219
2597
2620
3220
2598
2621
3221
2599
2622
3222
2600
2623
3223
2601
2624
3224
2602
2625
3225
2603
2626
3226
2604
2627
3227
2605
2628
3228
2606
2629
3229
2607
2630
3230
2608
2631
3231
2609
2632
3232
2610
2633
3233
2611
2634
3234
2612
2635
3235
2613
2636
3236
2614
2637
3237
2615
2638
3238
2639
3239
2617
2640
3240
2618
2641
3241
2619
2642
3242
2620
2643
3243
2621
2644
3244
2622
2645
3245
2623
2646
3246
2624
2647
3247
2625
2648
3248
2626
2649
3249
2627
2650
3250
2628
2651
3251
2629
2652
3252
2630
2653
3253
2631
2654
3254
2632
2655
3255
2633
2656
3256
2634
2657
3257
2635
2658
3258
2636
2659
3259
2637
2660
3260
2638
2661
3261
2639
2662
3262
2663
3263
2641
2664
3264
2642
2665
3265
2643
2666
3266
2644
2667
3267
2645
2668
3268
2646
2669
3269
2647
2670
3270
2648
2671
3271
2649
2672
3272
2650
2673
3273
2651
2674
3274
2652
2675
3275
2653
2676
3276
2654
2677
3277
2655
2678
3278
2656
2679
3279
2657
2680
3280
2658
2681
3281
2659
2682
3282
2660
2683
3283
2661
2684
3284
2662
2685
3285
2663
2686
3286
2687
3287
2665
2688
3288
2666
2689
3289
2667
2690
3290
2668
2691
3291
2669
2692
3292
2670
2693
3293
2671
2694
3294
2672
2695
3295
2673
2696
3296
2674
2697
3297
2675
2698
3298
2676
2699
3299
2677
2700
3300
2678
2701
3301
2679
2702
3302
2680
2703
3303
2681
2704
3304
2682
2705
3305
2683
2706
3306
2684
2707
3307
2685
2708
3308
2686
2709
3309
2687
2710
3310
2711
3311
2689
2712
3312
2690
2713
3313
2691
2714
3314
2692
2715
3315
2693
2716
3316
2694
2717
3317
2695
2718
3318
2696
2719
3319
2697
2720
3320
2698
2721
3321
2699
2722
3322
2700
2723
3323
2701
2724
3324
2702
2725
3325
2703
2726
3326
2704
2727
3327
2705
2728
3328
2706
2729
3329
2707
2730
3330
2708
2731
3331
2709
2732
3332
2710
2733
3333
2711
2734
3334
2735
3335
2713
2736
3336
2714
2737
3337
2715
2738
3338
2716
2739
3339
2717
2740
3340
2718
2741
3341
2719
2742
3342
2720
2743
3343
2721
2744
3344
2722
2745
3345
2723
2746
3346
2724
2747
3347
2725
2748
3348
2726
2749
3349
2727
2750
3350
2728
2751
3351
2729
2752
3352
2730
2753
3353
2731
2754
3354
2732
2755
3355
2733
2756
3356
2734
2757
3357
2735
2758
3358
2759
3359
2737
2760
3360
2738
2761
3361
2739
2762
3362
2740
2763
3363
2741
2764
3364
2742
2765
3365
2743
2766
3366
2744
2767
3367
2745
2768
3368
2746
2769
3369
2747
2770
3370
2748
2771
3371
2749
2772
3372
2750
2773
3373
2751
2774
3374
2752
2775
3375
2753
2776
3376
2754
2777
3377
2755
2778
3378
2756
2779
3379
2757
2780
3380
2758
2781
3381
2759
2782
3382
2783
3383
2761
2784
3384
2762
2785
3385
2763
2786
3386
2764
2787
3387
2765
2788
3388
2766
2789
3389
2767
2790
3390
2768
2791
3391
2769
2792
3392
2770
2793
3393
2771
2794
3394
2772
2795
3395
2773
2796
3396
2774
2797
3397
2775
2798
3398
2776
2799
3399
2777
2800
3400
2778
2801
3401
2779
2802
3402
2780
2803
3403
2781
2804
3404
2782
2805
3405
2783
2806
3406
2807
3407
2785
2808
3408
2786
2809
3409
2787
2810
3410
2788
2811
3411
2789
2812
3412
2790
2813
3413
2791
2814
3414
2792
2815
3415
2793
2816
3416
2794
2817
3417
2795
2818
3418
2796
2819
3419
2797
2820
3420
2798
2821
3421
2799
2822
3422
2800
2823
3423
2801
2824
3424
2802
2825
3425
2803
2826
3426
2804
2827
3427
2805
2828
3428
2806
2829
3429
2807
2830
3430
2831
3431
2809
2832
3432
2810
2833
3433
2811
2834
3434
2812
2835
3435
2813
2836
3436
2814
2837
3437
2815
2838
3438
2816
2839
3439
2817
2840
3440
2818
2841
3441
2819
2842
3442
2820
2843
3443
2821
2844
3444
2822
2845
3445
2823
2846
3446
2824
2847
3447
2825
2848
3448
2826
2849
3449
2827
2850
3450
2828
2851
3451
2829
2852
3452
2830
2853
3453
2831
2854
3454
2855
3455
2833
2856
3456
2834
2857
3457
2835
2858
3458
2836
2859
3459
2837
2860
3460
2838
2861
3461
2839
2862
3462
2840
2863
3463
2841
2864
3464
2842
2865
3465
2843
2866
3466
2844
2867
3467
2845
2868
3468
2846
2869
3469
2847
2870
3470
2848
2871
3471
2849
2872
3472
2850
2873
3473
2851
2874
3474
2852
2875
3475
2853
2876
3476
2854
2877
3477
2855
2878
3478
2879
3479
2857
2880
3480
2858
2881
3481
2859
2882
3482
2860
2883
3483
2861
2884
3484
2862
2885
3485
2863
2886
3486
2864
2887
3487
2865
2888
3488
2866
2889
3489
2867
2890
3490
2868
2891
3491
2869
2892
3492
2870
2893
3493
2871
2894
3494
2872
2895
3495
2873
2896
3496
2874
2897
3497
2875
2898
3498
2876
2899
3499
2877
2900
3500
2878
2901
3501
2879
2902
3502
2903
3503
2881
2904
3504
2882
2905
3505
2883
2906
3506
2884
2907
3507
2885
2908
3508
2886
2909
3509
2887
2910
3510
2888
2911
3511
2889
2912
3512
2890
2913
3513
2891
2914
3514
2892
2915
3515
2893
2916
3516
2894
2917
3517
2895
2918
3518
2896
2919
3519
2897
2920
3520
2898
2921
3521
2899
2922
3522
2900
2923
3523
2901
2924
3524
2902
2925
3525
2903
2926
3526
2927
3527
2905
2928
3528
2906
2929
3529
2907
2930
3530
2908
2931
3531
2909
2932
3532
2910
2933
3533
2911
2934
3534
2912
2935
3535
2913
2936
3536
2914
2937
3537
2915
2938
3538
2916
2939
3539
2917
2940
3540
2918
2941
3541
2919
2942
3542
2920
2943
3543
2921
2944
3544
2922
2945
3545
2923
2946
3546
2924
2947
3547
2925
2948
3548
2926
2949
3549
2927
2950
3550
2951
3551
2929
2952
3552
2930
2953
3553
2931
2954
3554
2932
2955
3555
2933
2956
3556
2934
2957
3557
2935
2958
3558
2936
2959
3559
2937
2960
3560
2938
2961
3561
2939
2962
3562
2940
2963
3563
2941
2964
3564
2942
2965
3565
2943
2966
3566
2944
2967
3567
2945
2968
3568
2946
2969
3569
2947
2970
3570
2948
2971
3571
2949
2972
3572
2950
2973
3573
2951
2974
3574
2975
3575
2953
2976
3576
2954
2977
3577
2955
2978
3578
2956
2979
3579
2957
2980
3580
2958
2981
3581
2959
2982
3582
2960
2983
3583
2961
2984
3584
2962
2985
3585
2963
2986
3586
2964
2987
3587
2965
2988
3588
2966
2989
3589
2967
2990
3590
2968
2991
3591
2969
2992
3592
2970
2993
3593
2971
2994
3594
2972
2995
3595
2973
2996
3596
2974
2997
3597
2975
2998
3598
2999
3599
2977
3000
3600
2978
3001
3601
2979
3002
3602
2980
3003
3603
2981
3004
3604
2982
3005
3605
2983
3006
3606
2984
3007
3607
2985
3008
3608
2986
3009
3609
2987
3010
3610
2988
3011
3611
2989
3012
3612
2990
3013
3613
2991
3014
3614
2992
3015
3615
2993
3016
3616
2994
3017
3617
2995
3018
3618
2996
3019
3619
2997
3020
3620
2998
3021
3621
2999
3022
3622
3023
3623
3001
3024
3624
3002
3025
3625
3003
3026
3626
3004
3027
3627
3005
3028
3628
3006
3029
3629
3007
3030
3630
3008
3031
3631
3009
3032
3632
3010
3033
3633
3011
3034
3634
3012
3035
3635
3013
3036
3636
3014
3037
3637
3015
3038
3638
3016
3039
3639
3017
3040
3640
3018
3041
3641
3019
3042
3642
3020
3043
3643
3021
3044
3644
3022
3045
3645
3023
3046
3646
3047
3647
3025
3048
3648
3026
3049
3649
3027
3050
3650
3028
3051
3651
3029
3052
3652
3030
3053
3653
3031
3054
3654
3032
3055
3655
3033
3056
3656
3034
3057
3657
3035
3058
3658
3036
3059
3659
3037
3060
3660
3038
3061
3661
3039
3062
3662
3040
3063
3663
3041
3064
3664
3042
3065
3665
3043
3066
3666
3044
3067
3667
3045
3068
3668
3046
3069
3669
3047
3070
3670
3071
3671
3049
3072
3672
3050
3073
3673
3051
3074
3674
3052
3075
3675
3053
3076
3676
3054
3077
3677
3055
3078
3678
3056
3079
3679
3057
3080
3680
3058
3081
3681
3059
3082
3682
3060
3083
3683
3061
3084
3684
3062
3085
3685
3063
3086
3686
3064
3087
3687
3065
3088
3688
3066
3089
3689
3067
3090
3690
3068
3091
3691
3069
3092
3692
3070
3093
3693
3071
3094
3694
3095
3695
3073
3096
3696
3074
3097
3697
3075
3098
3698
3076
3099
3699
3077
3100
3700
3078
3101
3701
3079
3102
3702
3080
3103
3703
3081
3104
3704
3082
3105
3705
3083
3106
3706
3084
3107
3707
3085
3108
3708
3086
3109
3709
3087
3110
3710
3088
3111
3711
3089
3112
3712
3090
3113
3713
3091
3114
3714
3092
3115
3715
3093
3116
3716
3094
3117
3717
3095
3118
3718
3119
3719
3097
3720
3098
3721
3099
3722
3100
3723
3101
3724
3102
3725
3103
3726
3104
3727
3105
3728
3106
3729
3107
3730
3108
3731
3109
3732
3110
3733
3111
3734
3112
3735
3113
3736
3114
3737
3115
3738
3116
3739
3117
3740
3118
3741
3119
3742
3743
3121
3144
3744
3122
3145
3745
3123
3146
3746
3124
3147
3747
3125
3148
3748
3126
3149
3749
3127
3150
3750
3128
3151
3751
3129
3152
3752
3130
3153
3753
3131
3154
3754
3132
3155
3755
3133
3156
3756
3134
3157
3757
3135
3158
3758
3136
3159
3759
3137
3160
3760
3138
3161
3761
3139
3162
3762
3140
3163
3763
3141
3164
3764
3142
3165
3765
3143
3166
3766
3167
3767
3145
3168
3768
3146
3169
3769
3147
3170
3770
3148
3171
3771
3149
3172
3772
3150
3173
3773
3151
3174
3774
3152
3175
3775
3153
3176
3776
3154
3177
3777
3155
3178
3778
3156
3179
3779
3157
3180
3780
3158
3181
3781
3159
3182
3782
3160
3183
3783
3161
3184
3784
3162
3185
3785
3163
3186
3786
3164
3187
3787
3165
3188
3788
3166
3189
3789
3167
3190
3790
3191
3791
3169
3192
3792
3170
3193
3793
3171
3194
3794
3172
3195
3795
3173
3196
3796
3174
3197
3797
3175
3198
3798
3176
3199
3799
3177
3200
3800
3178
3201
3801
3179
3202
3802
3180
3203
3803
3181
3204
3804
3182
3205
3805
3183
3206
3806
3184
3207
3807
3185
3208
3808
3186
3209
3809
3187
3210
3810
3188
3211
3811
3189
3212
3812
3190
3213
3813
3191
3214
3814
3215
3815
3193
3216
3816
3194
3217
3817
3195
3218
3818
3196
3219
3819
3197
3220
3820
3198
3221
3821
3199
3222
3822
3200
3223
3823
3201
3224
3824
3202
3225
3825
3203
3226
3826
3204
3227
3827
3205
3228
3828
3206
3229
3829
3207
3230
3830
3208
3231
3831
3209
3232
3832
3210
3233
3833
3211
3234
3834
3212
3235
3835
3213
3236
3836
3214
3237
3837
3215
3238
3838
3239
3839
3217
3240
3840
3218
3241
3841
3219
3242
3842
3220
3243
3843
3221
3244
3844
3222
3245
3845
3223
3246
3846
3224
3247
3847
3225
3248
3848
3226
3249
3849
3227
3250
3850
3228
3251
3851
3229
3252
3852
3230
3253
3853
3231
3254
3854
3232
3255
3855
3233
3256
3856
3234
3257
3857
3235
3258
3858
3236
3259
3859
3237
3260
3860
3238
3261
3861
3239
3262
3862
3263
3863
3241
3264
3864
3242
3265
3865
3243
3266
3866
3244
3267
3867
3245
3268
3868
3246
3269
3869
3247
3270
3870
3248
3271
3871
3249
3272
3872
3250
3273
3873
3251
3274
3874
3252
3275
3875
3253
3276
3876
3254
3277
3877
3255
3278
3878
3256
3279
3879
3257
3280
3880
3258
3281
3881
3259
3282
3882
3260
3283
3883
3261
3284
3884
3262
3285
3885
3263
3286
3886
3287
3887
3265
3288
3888
3266
3289
3889
3267
3290
3890
3268
3291
3891
3269
3292
3892
3270
3293
3893
3271
3294
3894
3272
3295
3895
3273
3296
3896
3274
3297
3897
3275
3298
3898
3276
3299
3899
3277
3300
3900
3278
3301
3901
3279
3302
3902
3280
3303
3903
3281
3304
3904
3282
3305
3905
3283
3306
3906
3284
3307
3907
3285
3308
3908
3286
3309
3909
3287
3310
3910
3311
3911
3289
3312
3912
3290
3313
3913
3291
3314
3914
3292
3315
3915
3293
3316
3916
3294
3317
3917
3295
3318
3918
3296
3319
3919
3297
3320
3920
3298
3321
3921
3299
3322
3922
3300
3323
3923
3301
3324
3924
3302
3325
3925
3303
3326
3926
3304
3327
3927
3305
3328
3928
3306
3329
3929
3307
3330
3930
3308
3331
3931
3309
3332
3932
3310
3333
3933
3311
3334
3934
3335
3935
3313
3336
3936
3314
3337
3937
3315
3338
3938
3316
3339
3939
3317
3340
3940
3318
3341
3941
3319
3342
3942
3320
3343
3943
3321
3344
3944
3322
3345
3945
3323
3346
3946
3324
3347
3947
3325
3348
3948
3326
3349
3949
3327
3350
3950
3328
3351
3951
3329
3352
3952
3330
3353
3953
3331
3354
3954
3332
3355
3955
3333
3356
3956
3334
3357
3957
3335
3358
3958
3359
3959
3337
3360
3960
3338
3361
3961
3339
3362
3962
3340
3363
3963
3341
3364
3964
3342
3365
3965
3343
3366
3966
3344
3367
3967
3345
3368
3968
3346
3369
3969
3347
3370
3970
3348
3371
3971
3349
3372
3972
3350
3373
3973
3351
3374
3974
3352
3375
3975
3353
3376
3976
3354
3377
3977
3355
3378
3978
3356
3379
3979
3357
3380
3980
3358
3381
3981
3359
3382
3982
3383
3983
3361
3384
3984
3362
3385
3985
3363
3386
3986
3364
3387
3987
3365
3388
3988
3366
3389
3989
3367
3390
3990
3368
3391
3991
3369
3392
3992
3370
3393
3993
3371
3394
3994
3372
3395
3995
3373
3396
3996
3374
3397
3997
3375
3398
3998
3376
3399
3999
3377
3400
4000
3378
3401
4001
3379
3402
4002
3380
3403
4003
3381
3404
4004
3382
3405
4005
3383
3406
4006
3407
4007
3385
3408
4008
3386
3409
4009
3387
3410
4010
3388
3411
4011
3389
3412
4012
3390
3413
4013
3391
3414
4014
3392
3415
4015
3393
3416
4016
3394
3417
4017
3395
3418
4018
3396
3419
4019
3397
3420
4020
3398
3421
4021
3399
3422
4022
3400
3423
4023
3401
3424
4024
3402
3425
4025
3403
3426
4026
3404
3427
4027
3405
3428
4028
3406
3429
4029
3407
3430
4030
3431
4031
3409
3432
4032
3410
3433
4033
3411
3434
4034
3412
3435
4035
3413
3436
4036
3414
3437
4037
3415
3438
4038
3416
3439
4039
3417
3440
4040
3418
3441
4041
3419
3442
4042
3420
3443
4043
3421
3444
4044
3422
3445
4045
3423
3446
4046
3424
3447
4047
3425
3448
4048
3426
3449
4049
3427
3450
4050
3428
3451
4051
3429
3452
4052
3430
3453
4053
3431
3454
4054
3455
4055
3433
3456
4056
3434
3457
4057
3435
3458
4058
3436
3459
4059
3437
3460
4060
3438
3461
4061
3439
3462
4062
3440
3463
4063
3441
3464
4064
3442
3465
4065
3443
3466
4066
3444
3467
4067
3445
3468
4068
3446
3469
4069
3447
3470
4070
3448
3471
4071
3449
3472
4072
3450
3473
4073
3451
3474
4074
3452
3475
4075
3453
3476
4076
3454
3477
4077
3455
3478
4078
3479
4079
3457
3480
4080
3458
3481
4081
3459
3482
4082
3460
3483
4083
3461
3484
4084
3462
3485
4085
3463
3486
4086
3464
3487
4087
3465
3488
4088
3466
3489
4089
3467
3490
4090
3468
3491
4091
3469
3492
4092
3470
3493
4093
3471
3494
4094
3472
3495
4095
3473
3496
4096
3474
3497
4097
3475
3498
4098
3476
3499
4099
3477
3500
4100
3478
3501
4101
3479
3502
4102
3503
4103
3481
3504
4104
3482
3505
4105
3483
3506
4106
3484
3507
4107
3485
3508
4108
3486
3509
4109
3487
3510
4110
3488
3511
4111
3489
3512
4112
3490
3513
4113
3491
3514
4114
3492
3515
4115
3493
3516
4116
3494
3517
4117
3495
3518
4118
3496
3519
4119
3497
3520
4120
3498
3521
4121
3499
3522
4122
3500
3523
4123
3501
3524
4124
3502
3525
4125
3503
3526
4126
3527
4127
3505
3528
4128
3506
3529
4129
3507
3530
4130
3508
3531
4131
3509
3532
4132
3510
3533
4133
3511
3534
4134
3512
3535
4135
3513
3536
4136
3514
3537
4137
3515
3538
4138
3516
3539
4139
3517
3540
4140
3518
3541
4141
3519
3542
4142
3520
3543
4143
3521
3544
4144
3522
3545
4145
3523
3546
4146
3524
3547
4147
3525
3548
4148
3526
3549
4149
3527
3550
4150
3551
4151
3529
3552
4152
3530
3553
4153
3531
3554
4154
3532
3555
4155
3533
3556
4156
3534
3557
4157
3535
3558
4158
3536
3559
4159
3537
3560
4160
3538
3561
4161
3539
3562
4162
3540
3563
4163
3541
3564
4164
3542
3565
4165
3543
3566
4166
3544
3567
4167
3545
3568
4168
3546
3569
4169
3547
3570
4170
3548
3571
4171
3549
3572
4172
3550
3573
4173
3551
3574
4174
3575
4175
3553
3576
4176
3554
3577
4177
3555
3578
4178
3556
3579
4179
3557
3580
4180
3558
3581
4181
3559
3582
4182
3560
3583
4183
3561
3584
4184
3562
3585
4185
3563
3586
4186
3564
3587
4187
3565
3588
4188
3566
3589
4189
3567
3590
4190
3568
3591
4191
3569
3592
4192
3570
3593
4193
3571
3594
4194
3572
3595
4195
3573
3596
4196
3574
3597
4197
3575
3598
4198
3599
4199
3577
3600
4200
3578
3601
4201
3579
3602
4202
3580
3603
4203
3581
3604
4204
3582
3605
4205
3583
3606
4206
3584
3607
4207
3585
3608
4208
3586
3609
4209
3587
3610
4210
3588
3611
4211
3589
3612
4212
3590
3613
4213
3591
3614
4214
3592
3615
4215
3593
3616
4216
3594
3617
4217
3595
3618
4218
3596
3619
4219
3597
3620
4220
3598
3621
4221
3599
3622
4222
3623
4223
3601
3624
4224
3602
3625
4225
3603
3626
4226
3604
3627
4227
3605
3628
4228
3606
3629
4229
3607
3630
4230
3608
3631
4231
3609
3632
4232
3610
3633
4233
3611
3634
4234
3612
3635
4235
3613
3636
4236
3614
3637
4237
3615
3638
4238
3616
3639
4239
3617
3640
4240
3618
3641
4241
3619
3642
4242
3620
3643
4243
3621
3644
4244
3622
3645
4245
3623
3646
4246
3647
4247
3625
3648
4248
3626
3649
4249
3627
3650
4250
3628
3651
4251
3629
3652
4252
3630
3653
4253
3631
3654
4254
3632
3655
4255
3633
3656
4256
3634
3657
4257
3635
3658
4258
3636
3659
4259
3637
3660
4260
3638
3661
4261
3639
3662
4262
3640
3663
4263
3641
3664
4264
3642
3665
4265
3643
3666
4266
3644
3667
4267
3645
3668
4268
3646
3669
4269
3647
3670
4270
3671
4271
3649
3672
4272
3650
3673
4273
3651
3674
4274
3652
3675
4275
3653
3676
4276
3654
3677
4277
3655
3678
4278
3656
3679
4279
3657
3680
4280
3658
3681
4281
3659
3682
4282
3660
3683
4283
3661
3684
4284
3662
3685
4285
3663
3686
4286
3664
3687
4287
3665
3688
4288
3666
3689
4289
3667
3690
4290
3668
3691
4291
3669
3692
4292
3670
3693
4293
3671
3694
4294
3695
4295
3673
3696
4296
3674
3697
4297
3675
3698
4298
3676
3699
4299
3677
3700
4300
3678
3701
4301
3679
3702
4302
3680
3703
4303
3681
3704
4304
3682
3705
4305
3683
3706
4306
3684
3707
4307
3685
3708
4308
3686
3709
4309
3687
3710
4310
3688
3711
4311
3689
3712
4312
3690
3713
4313
3691
3714
4314
3692
3715
4315
3693
3716
4316
3694
3717
4317
3695
3718
4318
3719
4319
3697
3720
4320
3698
3721
4321
3699
3722
4322
3700
3723
4323
3701
3724
4324
3702
3725
4325
3703
3726
4326
3704
3727
4327
3705
3728
4328
3706
3729
4329
3707
3730
4330
3708
3731
4331
3709
3732
4332
3710
3733
4333
3711
3734
4334
3712
3735
4335
3713
3736
4336
3714
3737
4337
3715
3738
4338
3716
3739
4339
3717
3740
4340
3718
3741
4341
3719
3742
4342
3743
4343
3721
4344
3722
4345
3723
4346
3724
4347
3725
4348
3726
4349
3727
4350
3728
4351
3729
4352
3730
4353
3731
4354
3732
4355
3733
4356
3734
4357
3735
4358
3736
4359
3737
4360
3738
4361
3739
4362
3740
4363
3741
4364
3742
4365
3743
4366
4367
3745
3768
4368
3746
3769
4369
3747
3770
4370
3748
3771
4371
3749
3772
4372
3750
3773
4373
3751
3774
4374
3752
3775
4375
3753
3776
4376
3754
3777
4377
3755
3778
4378
3756
3779
4379
3757
3780
4380
3758
3781
4381
3759
3782
4382
3760
3783
4383
3761
3784
4384
3762
3785
4385
3763
3786
4386
3764
3787
4387
3765
3788
4388
3766
3789
4389
3767
3790
4390
3791
4391
3769
3792
4392
3770
3793
4393
3771
3794
4394
3772
3795
4395
3773
3796
4396
3774
3797
4397
3775
3798
4398
3776
3799
4399
3777
3800
4400
3778
3801
4401
3779
3802
4402
3780
3803
4403
3781
3804
4404
3782
3805
4405
3783
3806
4406
3784
3807
4407
3785
3808
4408
3786
3809
4409
3787
3810
4410
3788
3811
4411
3789
3812
4412
3790
3813
4413
3791
3814
4414
3815
4415
3793
3816
4416
3794
3817
4417
3795
3818
4418
3796
3819
4419
3797
3820
4420
3798
3821
4421
3799
3822
4422
3800
3823
4423
3801
3824
4424
3802
3825
4425
3803
3826
4426
3804
3827
4427
3805
3828
4428
3806
3829
4429
3807
3830
4430
3808
3831
4431
3809
3832
4432
3810
3833
4433
3811
3834
4434
3812
3835
4435
3813
3836
4436
3814
3837
4437
3815
3838
4438
3839
4439
3817
3840
4440
3818
3841
4441
3819
3842
4442
3820
3843
4443
3821
3844
4444
3822
3845
4445
3823
3846
4446
3824
3847
4447
3825
3848
4448
3826
3849
4449
3827
3850
4450
3828
3851
4451
3829
3852
4452
3830
3853
4453
3831
3854
4454
3832
3855
4455
3833
3856
4456
3834
3857
4457
3835
3858
4458
3836
3859
4459
3837
3860
4460
3838
3861
4461
3839
3862
4462
3863
4463
3841
3864
4464
3842
3865
4465
3843
3866
4466
3844
3867
4467
3845
3868
4468
3846
3869
4469
3847
3870
4470
3848
3871
4471
3849
3872
4472
3850
3873
4473
3851
3874
4474
3852
3875
4475
3853
3876
4476
3854
3877
4477
3855
3878
4478
3856
3879
4479
3857
3880
4480
3858
3881
4481
3859
3882
4482
3860
3883
4483
3861
3884
4484
3862
3885
4485
3863
3886
4486
3887
4487
3865
3888
4488
3866
3889
4489
3867
3890
4490
3868
3891
4491
3869
3892
4492
3870
3893
4493
3871
3894
4494
3872
3895
4495
3873
3896
4496
3874
3897
4497
3875
3898
4498
3876
3899
4499
3877
3900
4500
3878
3901
4501
3879
3902
4502
3880
3903
4503
3881
3904
4504
3882
3905
4505
3883
3906
4506
3884
3907
4507
3885
3908
4508
3886
3909
4509
3887
3910
4510
3911
4511
3889
3912
4512
3890
3913
4513
3891
3914
4514
3892
3915
4515
3893
3916
4516
3894
3917
4517
3895
3918
4518
3896
3919
4519
3897
3920
4520
3898
3921
4521
3899
3922
4522
3900
3923
4523
3901
3924
4524
3902
3925
4525
3903
3926
4526
3904
3927
4527
3905
3928
4528
3906
3929
4529
3907
3930
4530
3908
3931
4531
3909
3932
4532
3910
3933
4533
3911
3934
4534
3935
4535
3913
3936
4536
3914
3937
4537
3915
3938
4538
3916
3939
4539
3917
3940
4540
3918
3941
4541
3919
3942
4542
3920
3943
4543
3921
3944
4544
3922
3945
4545
3923
3946
4546
3924
3947
4547
3925
3948
4548
3926
3949
4549
3927
3950
4550
3928
3951
4551
3929
3952
4552
3930
3953
4553
3931
3954
4554
3932
3955
4555
3933
3956
4556
3934
3957
4557
3935
3958
4558
3959
4559
3937
3960
4560
3938
3961
4561
3939
3962
4562
3940
3963
4563
3941
3964
4564
3942
3965
4565
3943
3966
4566
3944
3967
4567
3945
3968
4568
3946
3969
4569
3947
3970
4570
3948
3971
4571
3949
3972
4572
3950
3973
4573
3951
3974
4574
3952
3975
4575
3953
3976
4576
3954
3977
4577
3955
3978
4578
3956
3979
4579
3957
3980
4580
3958
3981
4581
3959
3982
4582
3983
4583
3961
3984
4584
3962
3985
4585
3963
3986
4586
3964
3987
4587
3965
3988
4588
3966
3989
4589
3967
3990
4590
3968
3991
4591
3969
3992
4592
3970
3993
4593
3971
3994
4594
3972
3995
4595
3973
3996
4596
3974
3997
4597
3975
3998
4598
3976
3999
4599
3977
4000
4600
3978
4001
4601
3979
4002
4602
3980
4003
4603
3981
4004
4604
3982
4005
4605
3983
4006
4606
4007
4607
3985
4008
4608
3986
4009
4609
3987
4010
4610
3988
4011
4611
3989
4012
4612
3990
4013
4613
3991
4014
4614
3992
4015
4615
3993
4016
4616
3994
4017
4617
3995
4018
4618
3996
4019
4619
3997
4020
4620
3998
4021
4621
3999
4022
4622
4000
4023
4623
4001
4024
4624
4002
4025
4625
4003
4026
4626
4004
4027
4627
4005
4028
4628
4006
4029
4629
4007
4030
4630
4031
4631
4009
4032
4632
4010
4033
4633
4011
4034
4634
4012
4035
4635
4013
4036
4636
4014
4037
4637
4015
4038
4638
4016
4039
4639
4017
4040
4640
4018
4041
4641
4019
4042
4642
4020
4043
4643
4021
4044
4644
4022
4045
4645
4023
4046
4646
4024
4047
4647
4025
4048
4648
4026
4049
4649
4027
4050
4650
4028
4051
4651
4029
4052
4652
4030
4053
4653
4031
4054
4654
4055
4655
4033
4056
4656
4034
4057
4657
4035
4058
4658
4036
4059
4659
4037
4060
4660
4038
4061
4661
4039
4062
4662
4040
4063
4663
4041
4064
4664
4042
4065
4665
4043
4066
4666
4044
4067
4667
4045
4068
4668
4046
4069
4669
4047
4070
4670
4048
4071
4671
4049
4072
4672
4050
4073
4673
4051
4074
4674
4052
4075
4675
4053
4076
4676
4054
4077
4677
4055
4078
4678
4079
4679
4057
4080
4680
4058
4081
4681
4059
4082
4682
4060
4083
4683
4061
4084
4684
4062
4085
4685
4063
4086
4686
4064
4087
4687
4065
4088
4688
4066
4089
4689
4067
4090
4690
4068
4091
4691
4069
4092
4692
4070
4093
4693
4071
4094
4694
4072
4095
4695
4073
4096
4696
4074
4097
4697
4075
4098
4698
4076
4099
4699
4077
4100
4700
4078
4101
4701
4079
4102
4702
4103
4703
4081
4104
4704
4082
4105
4705
4083
4106
4706
4084
4107
4707
4085
4108
4708
4086
4109
4709
4087
4110
4710
4088
4111
4711
4089
4112
4712
4090
4113
4713
4091
4114
4714
4092
4115
4715
4093
4116
4716
4094
4117
4717
4095
4118
4718
4096
4119
4719
4097
4120
4720
4098
4121
4721
4099
4122
4722
4100
4123
4723
4101
4124
4724
4102
4125
4725
4103
4126
4726
4127
4727
4105
4128
4728
4106
4129
4729
4107
4130
4730
4108
4131
4731
4109
4132
4732
4110
4133
4733
4111
4134
4734
4112
4135
4735
4113
4136
4736
4114
4137
4737
4115
4138
4738
4116
4139
4739
4117
4140
4740
4118
4141
4741
4119
4142
4742
4120
4143
4743
4121
4144
4744
4122
4145
4745
4123
4146
4746
4124
4147
4747
4125
4148
4748
4126
4149
4749
4127
4150
4750
4151
4751
4129
4152
4752
4130
4153
4753
4131
4154
4754
4132
4155
4755
4133
4156
4756
4134
4157
4757
4135
4158
4758
4136
4159
4759
4137
4160
4760
4138
4161
4761
4139
4162
4762
4140
4163
4763
4141
4164
4764
4142
4165
4765
4143
4166
4766
4144
4167
4767
4145
4168
4768
4146
4169
4769
4147
4170
4770
4148
4171
4771
4149
4172
4772
4150
4173
4773
4151
4174
4774
4175
4775
4153
4176
4776
4154
4177
4777
4155
4178
4778
4156
4179
4779
4157
4180
4780
4158
4181
4781
4159
4182
4782
4160
4183
4783
4161
4184
4784
4162
4185
4785
4163
4186
4786
4164
4187
4787
4165
4188
4788
4166
4189
4789
4167
4190
4790
4168
4191
4791
4169
4192
4792
4170
4193
4793
4171
4194
4794
4172
4195
4795
4173
4196
4796
4174
4197
4797
4175
4198
4798
4199
4799
4177
4200
4800
4178
4201
4801
4179
4202
4802
4180
4203
4803
4181
4204
4804
4182
4205
4805
4183
4206
4806
4184
4207
4807
4185
4208
4808
4186
4209
4809
4187
4210
4810
4188
4211
4811
4189
4212
4812
4190
4213
4813
4191
4214
4814
4192
4215
4815
4193
4216
4816
4194
4217
4817
4195
4218
4818
4196
4219
4819
4197
4220
4820
4198
4221
4821
4199
4222
4822
4223
4823
4201
4224
4824
4202
4225
4825
4203
4226
4826
4204
4227
4827
4205
4228
4828
4206
4229
4829
4207
4230
4830
4208
4231
4831
4209
4232
4832
4210
4233
4833
4211
4234
4834
4212
4235
4835
4213
4236
4836
4214
4237
4837
4215
4238
4838
4216
4239
4839
4217
4240
4840
4218
4241
4841
4219
4242
4842
4220
4243
4843
4221
4244
4844
4222
4245
4845
4223
4246
4846
4247
4847
4225
4248
4848
4226
4249
4849
4227
4250
4850
4228
4251
4851
4229
4252
4852
4230
4253
4853
4231
4254
4854
4232
4255
4855
4233
4256
4856
4234
4257
4857
4235
4258
4858
4236
4259
4859
4237
4260
4860
4238
4261
4861
4239
4262
4862
4240
4263
4863
4241
4264
4864
4242
4265
4865
4243
4266
4866
4244
4267
4867
4245
4268
4868
4246
4269
4869
4247
4270
4870
4271
4871
4249
4272
4872
4250
4273
4873
4251
4274
4874
4252
4275
4875
4253
4276
4876
4254
4277
4877
4255
4278
4878
4256
4279
4879
4257
4280
4880
4258
4281
4881
4259
4282
4882
4260
4283
4883
4261
4284
4884
4262
4285
4885
4263
4286
4886
4264
4287
4887
4265
4288
4888
4266
4289
4889
4267
4290
4890
4268
4291
4891
4269
4292
4892
4270
4293
4893
4271
4294
4894
4295
4895
4273
4296
4896
4274
4297
4897
4275
4298
4898
4276
4299
4899
4277
4300
4900
4278
4301
4901
4279
4302
4902
4280
4303
4903
4281
4304
4904
4282
4305
4905
4283
4306
4906
4284
4307
4907
4285
4308
4908
4286
4309
4909
4287
4310
4910
4288
4311
4911
4289
4312
4912
4290
4313
4913
4291
4314
4914
4292
4315
4915
4293
4316
4916
4294
4317
4917
4295
4318
4918
4319
4919
4297
4320
4920
4298
4321
4921
4299
4322
4922
4300
4323
4923
4301
4324
4924
4302
4325
4925
4303
4326
4926
4304
4327
4927
4305
4328
4928
4306
4329
4929
4307
4330
4930
4308
4331
4931
4309
4332
4932
4310
4333
4933
4311
4334
4934
4312
4335
4935
4313
4336
4936
4314
4337
4937
4315
4338
4938
4316
4339
4939
4317
4340
4940
4318
4341
4941
4319
4342
4942
4343
4943
4321
4344
4944
4322
4345
4945
4323
4346
4946
4324
4347
4947
4325
4348
4948
4326
4349
4949
4327
4350
4950
4328
4351
4951
4329
4352
4952
4330
4353
4953
4331
4354
4954
4332
4355
4955
4333
4356
4956
4334
4357
4957
4335
4358
4958
4336
4359
4959
4337
4360
4960
4338
4361
4961
4339
4362
4962
4340
4363
4963
4341
4364
4964
4342
4365
4965
4343
4366
4966
4367
4967
4345
4968
4346
4969
4347
4970
4348
4971
4349
4972
4350
4973
4351
4974
4352
4975
4353
4976
4354
4977
4355
4978
4356
4979
4357
4980
4358
4981
4359
4982
4360
4983
4361
4984
4362
4985
4363
4986
4364
4987
4365
4988
4366
4989
4367
4990
4991
4369
4392
4992
4370
4393
4993
4371
4394
4994
4372
4395
4995
4373
4396
4996
4374
4397
4997
4375
4398
4998
4376
4399
4999
4377
4400
5000
4378
4401
5001
4379
4402
5002
4380
4403
5003
4381
4404
5004
4382
4405
5005
4383
4406
5006
4384
4407
5007
4385
4408
5008
4386
4409
5009
4387
4410
5010
4388
4411
5011
4389
4412
5012
4390
4413
5013
4391
4414
5014
4415
5015
4393
4416
5016
4394
4417
5017
4395
4418
5018
4396
4419
5019
4397
4420
5020
4398
4421
5021
4399
4422
5022
4400
4423
5023
4401
4424
5024
4402
4425
5025
4403
4426
5026
4404
4427
5027
4405
4428
5028
4406
4429
5029
4407
4430
5030
4408
4431
5031
4409
4432
5032
4410
4433
5033
4411
4434
5034
4412
4435
5035
4413
4436
5036
4414
4437
5037
4415
4438
5038
4439
5039
4417
4440
5040
4418
4441
5041
4419
4442
5042
4420
4443
5043
4421
4444
5044
4422
4445
5045
4423
4446
5046
4424
4447
5047
4425
4448
5048
4426
4449
5049
4427
4450
5050
4428
4451
5051
4429
4452
5052
4430
4453
5053
4431
4454
5054
4432
4455
5055
4433
4456
5056
4434
4457
5057
4435
4458
5058
4436
4459
5059
4437
4460
5060
4438
4461
5061
4439
4462
5062
4463
5063
4441
4464
5064
4442
4465
5065
4443
4466
5066
4444
4467
5067
4445
4468
5068
4446
4469
5069
4447
4470
5070
4448
4471
5071
4449
4472
5072
4450
4473
5073
4451
4474
5074
4452
4475
5075
4453
4476
5076
4454
4477
5077
4455
4478
5078
4456
4479
5079
4457
4480
5080
4458
4481
5081
4459
4482
5082
4460
4483
5083
4461
4484
5084
4462
4485
5085
4463
4486
5086
4487
5087
4465
4488
5088
4466
4489
5089
4467
4490
5090
4468
4491
5091
4469
4492
5092
4470
4493
5093
4471
4494
5094
4472
4495
5095
4473
4496
5096
4474
4497
5097
4475
4498
5098
4476
4499
5099
4477
4500
5100
4478
4501
5101
4479
4502
5102
4480
4503
5103
4481
4504
5104
4482
4505
5105
4483
4506
5106
4484
4507
5107
4485
4508
5108
4486
4509
5109
4487
4510
5110
4511
5111
4489
4512
5112
4490
4513
5113
4491
4514
5114
4492
4515
5115
4493
4516
5116
4494
4517
5117
4495
4518
5118
4496
4519
5119
4497
4520
5120
4498
4521
5121
4499
4522
5122
4500
4523
5123
4501
4524
5124
4502
4525
5125
4503
4526
5126
4504
4527
5127
4505
4528
5128
4506
4529
5129
4507
4530
5130
4508
4531
5131
4509
4532
5132
4510
4533
5133
4511
4534
5134
4535
5135
4513
4536
5136
4514
4537
5137
4515
4538
5138
4516
4539
5139
4517
4540
5140
4518
4541
5141
4519
4542
5142
4520
4543
5143
4521
4544
5144
4522
4545
5145
4523
4546
5146
4524
4547
5147
4525
4548
5148
4526
4549
5149
4527
4550
5150
4528
4551
5151
4529
4552
5152
4530
4553
5153
4531
4554
5154
4532
4555
5155
4533
4556
5156
4534
4557
5157
4535
4558
5158
4559
5159
4537
4560
5160
4538
4561
5161
4539
4562
5162
4540
4563
5163
4541
4564
5164
4542
4565
5165
4543
4566
5166
4544
4567
5167
4545
4568
5168
4546
4569
5169
4547
4570
5170
4548
4571
5171
4549
4572
5172
4550
4573
5173
4551
4574
5174
4552
4575
5175
4553
4576
5176
4554
4577
5177
4555
4578
5178
4556
4579
5179
4557
4580
5180
4558
4581
5181
4559
4582
5182
4583
5183
4561
4584
5184
4562
4585
5185
4563
4586
5186
4564
4587
5187
4565
4588
5188
4566
4589
5189
4567
4590
5190
4568
4591
5191
4569
4592
5192
4570
4593
5193
4571
4594
5194
4572
4595
5195
4573
4596
5196
4574
4597
5197
4575
4598
5198
4576
4599
5199
4577
4600
5200
4578
4601
5201
4579
4602
5202
4580
4603
5203
4581
4604
5204
4582
4605
5205
4583
4606
5206
4607
5207
4585
4608
5208
4586
4609
5209
4587
4610
5210
4588
4611
5211
4589
4612
5212
4590
4613
5213
4591
4614
5214
4592
4615
5215
4593
4616
5216
4594
4617
5217
4595
4618
5218
4596
4619
5219
4597
4620
5220
4598
4621
5221
4599
4622
5222
4600
4623
5223
4601
4624
5224
4602
4625
5225
4603
4626
5226
4604
4627
5227
4605
4628
5228
4606
4629
5229
4607
4630
5230
4631
5231
4609
4632
5232
4610
4633
5233
4611
4634
5234
4612
4635
5235
4613
4636
5236
4614
4637
5237
4615
4638
5238
4616
4639
5239
4617
4640
5240
4618
4641
5241
4619
4642
5242
4620
4643
5243
4621
4644
5244
4622
4645
5245
4623
4646
5246
4624
4647
5247
4625
4648
5248
4626
4649
5249
4627
4650
5250
4628
4651
5251
4629
4652
5252
4630
4653
5253
4631
4654
5254
4655
5255
4633
4656
5256
4634
4657
5257
4635
4658
5258
4636
4659
5259
4637
4660
5260
4638
4661
5261
4639
4662
5262
4640
4663
5263
4641
4664
5264
4642
4665
5265
4643
4666
5266
4644
4667
5267
4645
4668
5268
4646
4669
5269
4647
4670
5270
4648
4671
5271
4649
4672
5272
4650
4673
5273
4651
4674
5274
4652
4675
5275
4653
4676
5276
4654
4677
5277
4655
4678
5278
4679
5279
4657
4680
5280
4658
4681
5281
4659
4682
5282
4660
4683
5283
4661
4684
5284
4662
4685
5285
4663
4686
5286
4664
4687
5287
4665
4688
5288
4666
4689
5289
4667
4690
5290
4668
4691
5291
4669
4692
5292
4670
4693
5293
4671
4694
5294
4672
4695
5295
4673
4696
5296
4674
4697
5297
4675
4698
5298
4676
4699
5299
4677
4700
5300
4678
4701
5301
4679
4702
5302
4703
5303
4681
4704
5304
4682
4705
5305
4683
4706
5306
4684
4707
5307
4685
4708
5308
4686
4709
5309
4687
4710
5310
4688
4711
5311
4689
4712
5312
4690
4713
5313
4691
4714
5314
4692
4715
5315
4693
4716
5316
4694
4717
5317
4695
4718
5318
4696
4719
5319
4697
4720
5320
4698
4721
5321
4699
4722
5322
4700
4723
5323
4701
4724
5324
4702
4725
5325
4703
4726
5326
4727
5327
4705
4728
5328
4706
4729
5329
4707
4730
5330
4708
4731
5331
4709
4732
5332
4710
4733
5333
4711
4734
5334
4712
4735
5335
4713
4736
5336
4714
4737
5337
4715
4738
5338
4716
4739
5339
4717
4740
5340
4718
4741
5341
4719
4742
5342
4720
4743
5343
4721
4744
5344
4722
4745
5345
4723
4746
5346
4724
4747
5347
4725
4748
5348
4726
4749
5349
4727
4750
5350
4751
5351
4729
4752
5352
4730
4753
5353
4731
4754
5354
4732
4755
5355
4733
4756
5356
4734
4757
5357
4735
4758
5358
4736
4759
5359
4737
4760
5360
4738
4761
5361
4739
4762
5362
4740
4763
5363
4741
4764
5364
4742
4765
5365
4743
4766
5366
4744
4767
5367
4745
4768
5368
4746
4769
5369
4747
4770
5370
4748
4771
5371
4749
4772
5372
4750
4773
5373
4751
4774
5374
4775
5375
4753
4776
5376
4754
4777
5377
4755
4778
5378
4756
4779
5379
4757
4780
5380
4758
4781
5381
4759
4782
5382
4760
4783
5383
4761
4784
5384
4762
4785
5385
4763
4786
5386
4764
4787
5387
4765
4788
5388
4766
4789
5389
4767
4790
5390
4768
4791
5391
4769
4792
5392
4770
4793
5393
4771
4794
5394
4772
4795
5395
4773
4796
5396
4774
4797
5397
4775
4798
5398
4799
5399
4777
4800
5400
4778
4801
5401
4779
4802
5402
4780
4803
5403
4781
4804
5404
4782
4805
5405
4783
4806
5406
4784
4807
5407
4785
4808
5408
4786
4809
5409
4787
4810
5410
4788
4811
5411
4789
4812
5412
4790
4813
5413
4791
4814
5414
4792
4815
5415
4793
4816
5416
4794
4817
5417
4795
4818
5418
4796
4819
5419
4797
4820
5420
4798
4821
5421
4799
4822
5422
4823
5423
4801
4824
5424
4802
4825
5425
4803
4826
5426
4804
4827
5427
4805
4828
5428
4806
4829
5429
4807
4830
5430
4808
4831
5431
4809
4832
5432
4810
4833
5433
4811
4834
5434
4812
4835
5435
4813
4836
5436
4814
4837
5437
4815
4838
5438
4816
4839
5439
4817
4840
5440
4818
4841
5441
4819
4842
5442
4820
4843
5443
4821
4844
5444
4822
4845
5445
4823
4846
5446
4847
5447
4825
4848
5448
4826
4849
5449
4827
4850
5450
4828
4851
5451
4829
4852
5452
4830
4853
5453
4831
4854
5454
4832
4855
5455
4833
4856
5456
4834
4857
5457
4835
4858
5458
4836
4859
5459
4837
4860
5460
4838
4861
5461
4839
4862
5462
4840
4863
5463
4841
4864
5464
4842
4865
5465
4843
4866
5466
4844
4867
5467
4845
4868
5468
4846
4869
5469
4847
4870
5470
4871
5471
4849
4872
5472
4850
4873
5473
4851
4874
5474
4852
4875
5475
4853
4876
5476
4854
4877
5477
4855
4878
5478
4856
4879
5479
4857
4880
5480
4858
4881
5481
4859
4882
5482
4860
4883
5483
4861
4884
5484
4862
4885
5485
4863
4886
5486
4864
4887
5487
4865
4888
5488
4866
4889
5489
4867
4890
5490
4868
4891
5491
4869
4892
5492
4870
4893
5493
4871
4894
5494
4895
5495
4873
4896
5496
4874
4897
5497
4875
4898
5498
4876
4899
5499
4877
4900
5500
4878
4901
5501
4879
4902
5502
4880
4903
5503
4881
4904
5504
4882
4905
5505
4883
4906
5506
4884
4907
5507
4885
4908
5508
4886
4909
5509
4887
4910
5510
4888
4911
5511
4889
4912
5512
4890
4913
5513
4891
4914
5514
4892
4915
5515
4893
4916
5516
4894
4917
5517
4895
4918
5518
4919
5519
4897
4920
5520
4898
4921
5521
4899
4922
5522
4900
4923
5523
4901
4924
5524
4902
4925
5525
4903
4926
5526
4904
4927
5527
4905
4928
5528
4906
4929
5529
4907
4930
5530
4908
4931
5531
4909
4932
5532
4910
4933
5533
4911
4934
5534
4912
4935
5535
4913
4936
5536
4914
4937
5537
4915
4938
5538
4916
4939
5539
4917
4940
5540
4918
4941
5541
4919
4942
5542
4943
5543
4921
4944
5544
4922
4945
5545
4923
4946
5546
4924
4947
5547
4925
4948
5548
4926
4949
5549
4927
4950
5550
4928
4951
5551
4929
4952
5552
4930
4953
5553
4931
4954
5554
4932
4955
5555
4933
4956
5556
4934
4957
5557
4935
4958
5558
4936
4959
5559
4937
4960
5560
4938
4961
5561
4939
4962
5562
4940
4963
5563
4941
4964
5564
4942
4965
5565
4943
4966
5566
4967
5567
4945
4968
5568
4946
4969
5569
4947
4970
5570
4948
4971
5571
4949
4972
5572
4950
4973
5573
4951
4974
5574
4952
4975
5575
4953
4976
5576
4954
4977
5577
4955
4978
5578
4956
4979
5579
4957
4980
5580
4958
4981
5581
4959
4982
5582
4960
4983
5583
4961
4984
5584
4962
4985
5585
4963
4986
5586
4964
4987
5587
4965
4988
5588
4966
4989
5589
4967
4990
5590
4991
5591
4969
5592
4970
5593
4971
5594
4972
5595
4973
5596
4974
5597
4975
5598
4976
5599
4977
5600
4978
5601
4979
5602
4980
5603
4981
5604
4982
5605
4983
5606
4984
5607
4985
5608
4986
5609
4987
5610
4988
5611
4989
5612
4990
5613
4991
5614
5615
4993
5016
5616
4994
5017
5617
4995
5018
5618
4996
5019
5619
4997
5020
5620
4998
5021
5621
4999
5022
5622
5000
5023
5623
5001
5024
5624
5002
5025
5625
5003
5026
5626
5004
5027
5627
5005
5028
5628
5006
5029
5629
5007
5030
5630
5008
5031
5631
5009
5032
5632
5010
5033
5633
5011
5034
5634
5012
5035
5635
5013
5036
5636
5014
5037
5637
5015
5038
5638
5039
5639
5017
5040
5640
5018
5041
5641
5019
5042
5642
5020
5043
5643
5021
5044
5644
5022
5045
5645
5023
5046
5646
5024
5047
5647
5025
5048
5648
5026
5049
5649
5027
5050
5650
5028
5051
5651
5029
5052
5652
5030
5053
5653
5031
5054
5654
5032
5055
5655
5033
5056
5656
5034
5057
5657
5035
5058
5658
5036
5059
5659
5037
5060
5660
5038
5061
5661
5039
5062
5662
5063
5663
5041
5064
5664
5042
5065
5665
5043
5066
5666
5044
5067
5667
5045
5068
5668
5046
5069
5669
5047
5070
5670
5048
5071
5671
5049
5072
5672
5050
5073
5673
5051
5074
5674
5052
5075
5675
5053
5076
5676
5054
5077
5677
5055
5078
5678
5056
5079
5679
5057
5080
5680
5058
5081
5681
5059
5082
5682
5060
5083
5683
5061
5084
5684
5062
5085
5685
5063
5086
5686
5087
5687
5065
5088
5688
5066
5089
5689
5067
5090
5690
5068
5091
5691
5069
5092
5692
5070
5093
5693
5071
5094
5694
5072
5095
5695
5073
5096
5696
5074
5097
5697
5075
5098
5698
5076
5099
5699
5077
5100
5700
5078
5101
5701
5079
5102
5702
5080
5103
5703
5081
5104
5704
5082
5105
5705
5083
5106
5706
5084
5107
5707
5085
5108
5708
5086
5109
5709
5087
5110
5710
5111
5711
5089
5112
5712
5090
5113
5713
5091
5114
5714
5092
5115
5715
5093
5116
5716
5094
5117
5717
5095
5118
5718
5096
5119
5719
5097
5120
5720
5098
5121
5721
5099
5122
5722
5100
5123
5723
5101
5124
5724
5102
5125
5725
5103
5126
5726
5104
5127
5727
5105
5128
5728
5106
5129
5729
5107
5130
5730
5108
5131
5731
5109
5132
5732
5110
5133
5733
5111
5134
5734
5135
5735
5113
5136
5736
5114
5137
5737
5115
5138
5738
5116
5139
5739
5117
5140
5740
5118
5141
5741
5119
5142
5742
5120
5143
5743
5121
5144
5744
5122
5145
5745
5123
5146
5746
5124
5147
5747
5125
5148
5748
5126
5149
5749
5127
5150
5750
5128
5151
5751
5129
5152
5752
5130
5153
5753
5131
5154
5754
5132
5155
5755
5133
5156
5756
5134
5157
5757
5135
5158
5758
5159
5759
5137
5160
5760
5138
5161
5761
5139
5162
5762
5140
5163
5763
5141
5164
5764
5142
5165
5765
5143
5166
5766
5144
5167
5767
5145
5168
5768
5146
5169
5769
5147
5170
5770
5148
5171
5771
5149
5172
5772
5150
5173
5773
5151
5174
5774
5152
5175
5775
5153
5176
5776
5154
5177
5777
5155
5178
5778
5156
5179
5779
5157
5180
5780
5158
5181
5781
5159
5182
5782
5183
5783
5161
5184
5784
5162
5185
5785
5163
5186
5786
5164
5187
5787
5165
5188
5788
5166
5189
5789
5167
5190
5790
5168
5191
5791
5169
5192
5792
5170
5193
5793
5171
5194
5794
5172
5195
5795
5173
5196
5796
5174
5197
5797
5175
5198
5798
5176
5199
5799
5177
5200
5800
5178
5201
5801
5179
5202
5802
5180
5203
5803
5181
5204
5804
5182
5205
5805
5183
5206
5806
5207
5807
5185
5208
5808
5186
5209
5809
5187
5210
5810
5188
5211
5811
5189
5212
5812
5190
5213
5813
5191
5214
5814
5192
5215
5815
5193
5216
5816
5194
5217
5817
5195
5218
5818
5196
5219
5819
5197
5220
5820
5198
5221
5821
5199
5222
5822
5200
5223
5823
5201
5224
5824
5202
5225
5825
5203
5226
5826
5204
5227
5827
5205
5228
5828
5206
5229
5829
5207
5230
5830
5231
5831
5209
5232
5832
5210
5233
5833
5211
5234
5834
5212
5235
5835
5213
5236
5836
5214
5237
5837
5215
5238
5838
5216
5239
5839
5217
5240
5840
5218
5241
5841
5219
5242
5842
5220
5243
5843
5221
5244
5844
5222
5245
5845
5223
5246
5846
5224
5247
5847
5225
5248
5848
5226
5249
5849
5227
5250
5850
5228
5251
5851
5229
5252
5852
5230
5253
5853
5231
5254
5854
5255
5855
5233
5256
5856
5234
5257
5857
5235
5258
5858
5236
5259
5859
5237
5260
5860
5238
5261
5861
5239
5262
5862
5240
5263
5863
5241
5264
5864
5242
5265
5865
5243
5266
5866
5244
5267
5867
5245
5268
5868
5246
5269
5869
5247
5270
5870
5248
5271
5871
5249
5272
5872
5250
5273
5873
5251
5274
5874
5252
5275
5875
5253
5276
5876
5254
5277
5877
5255
5278
5878
5279
5879
5257
5280
5880
5258
5281
5881
5259
5282
5882
5260
5283
5883
5261
5284
5884
5262
5285
5885
5263
5286
5886
5264
5287
5887
5265
5288
5888
5266
5289
5889
5267
5290
5890
5268
5291
5891
5269
5292
5892
5270
5293
5893
5271
5294
5894
5272
5295
5895
5273
5296
5896
5274
5297
5897
5275
5298
5898
5276
5299
5899
5277
5300
5900
5278
5301
5901
5279
5302
5902
5303
5903
5281
5304
5904
5282
5305
5905
5283
5306
5906
5284
5307
5907
5285
5308
5908
5286
5309
5909
5287
5310
5910
5288
5311
5911
5289
5312
5912
5290
5313
5913
5291
5314
5914
5292
5315
5915
5293
5316
5916
5294
5317
5917
5295
5318
5918
5296
5319
5919
5297
5320
5920
5298
5321
5921
5299
5322
5922
5300
5323
5923
5301
5324
5924
5302
5325
5925
5303
5326
5926
5327
5927
5305
5328
5928
5306
5329
5929
5307
5330
5930
5308
5331
5931
5309
5332
5932
5310
5333
5933
5311
5334
5934
5312
5335
5935
5313
5336
5936
5314
5337
5937
5315
5338
5938
5316
5339
5939
5317
5340
5940
5318
5341
5941
5319
5342
5942
5320
5343
5943
5321
5344
5944
5322
5345
5945
5323
5346
5946
5324
5347
5947
5325
5348
5948
5326
5349
5949
5327
5350
5950
5351
5951
5329
5352
5952
5330
5353
5953
5331
5354
5954
5332
5355
5955
5333
5356
5956
5334
5357
5957
5335
5358
5958
5336
5359
5959
5337
5360
5960
5338
5361
5961
5339
5362
5962
5340
5363
5963
5341
5364
5964
5342
5365
5965
5343
5366
5966
5344
5367
5967
5345
5368
5968
5346
5369
5969
5347
5370
5970
5348
5371
5971
5349
5372
5972
5350
5373
5973
5351
5374
5974
5375
5975
5353
5376
5976
5354
5377
5977
5355
5378
5978
5356
5379
5979
5357
5380
5980
5358
5381
5981
5359
5382
5982
5360
5383
5983
5361
5384
5984
5362
5385
5985
5363
5386
5986
5364
5387
5987
5365
5388
5988
5366
5389
5989
5367
5390
5990
5368
5391
5991
5369
5392
5992
5370
5393
5993
5371
5394
5994
5372
5395
5995
5373
5396
5996
5374
5397
5997
5375
5398
5998
5399
5999
5377
5400
6000
5378
5401
6001
5379
5402
6002
5380
5403
6003
5381
5404
6004
5382
5405
6005
5383
5406
6006
5384
5407
6007
5385
5408
6008
5386
5409
6009
5387
5410
6010
5388
5411
6011
5389
5412
6012
5390
5413
6013
5391
5414
6014
5392
5415
6015
5393
5416
6016
5394
5417
6017
5395
5418
6018
5396
5419
6019
5397
5420
6020
5398
5421
6021
5399
5422
6022
5423
6023
5401
5424
6024
5402
5425
6025
5403
5426
6026
5404
5427
6027
5405
5428
6028
5406
5429
6029
5407
5430
6030
5408
5431
6031
5409
5432
6032
5410
5433
6033
5411
5434
6034
5412
5435
6035
5413
5436
6036
5414
5437
6037
5415
5438
6038
5416
5439
6039
5417
5440
6040
5418
5441
6041
5419
5442
6042
5420
5443
6043
5421
5444
6044
5422
5445
6045
5423
5446
6046
5447
6047
5425
5448
6048
5426
5449
6049
5427
5450
6050
5428
5451
6051
5429
5452
6052
5430
5453
6053
5431
5454
6054
5432
5455
6055
5433
5456
6056
5434
5457
6057
5435
5458
6058
5436
5459
6059
5437
5460
6060
5438
5461
6061
5439
5462
6062
5440
5463
6063
5441
5464
6064
5442
5465
6065
5443
5466
6066
5444
5467
6067
5445
5468
6068
5446
5469
6069
5447
5470
6070
5471
6071
5449
5472
6072
5450
5473
6073
5451
5474
6074
5452
5475
6075
5453
5476
6076
5454
5477
6077
5455
5478
6078
5456
5479
6079
5457
5480
6080
5458
5481
6081
5459
5482
6082
5460
5483
6083
5461
5484
6084
5462
5485
6085
5463
5486
6086
5464
5487
6087
5465
5488
6088
5466
5489
6089
5467
5490
6090
5468
5491
6091
5469
5492
6092
5470
5493
6093
5471
5494
6094
5495
6095
5473
5496
6096
5474
5497
6097
5475
5498
6098
5476
5499
6099
5477
5500
6100
5478
5501
6101
5479
5502
6102
5480
5503
6103
5481
5504
6104
5482
5505
6105
5483
5506
6106
5484
5507
6107
5485
5508
6108
5486
5509
6109
5487
5510
6110
5488
5511
6111
5489
5512
6112
5490
5513
6113
5491
5514
6114
5492
5515
6115
5493
5516
6116
5494
5517
6117
5495
5518
6118
5519
6119
5497
5520
6120
5498
5521
6121
5499
5522
6122
5500
5523
6123
5501
5524
6124
5502
5525
6125
5503
5526
6126
5504
5527
6127
5505
5528
6128
5506
5529
6129
5507
5530
6130
5508
5531
6131
5509
5532
6132
5510
5533
6133
5511
5534
6134
5512
5535
6135
5513
5536
6136
5514
5537
6137
5515
5538
6138
5516
5539
6139
5517
5540
6140
5518
5541
6141
5519
5542
6142
5543
6143
5521
5544
6144
5522
5545
6145
5523
5546
6146
5524
5547
6147
5525
5548
6148
5526
5549
6149
5527
5550
6150
5528
5551
6151
5529
5552
6152
5530
5553
6153
5531
5554
6154
5532
5555
6155
5533
5556
6156
5534
5557
6157
5535
5558
6158
5536
5559
6159
5537
5560
6160
5538
5561
6161
5539
5562
6162
5540
5563
6163
5541
5564
6164
5542
5565
6165
5543
5566
6166
5567
6167
5545
5568
6168
5546
5569
6169
5547
5570
6170
5548
5571
6171
5549
5572
6172
5550
5573
6173
5551
5574
6174
5552
5575
6175
5553
5576
6176
5554
5577
6177
5555
5578
6178
5556
5579
6179
5557
5580
6180
5558
5581
6181
5559
5582
6182
5560
5583
6183
5561
5584
6184
5562
5585
6185
5563
5586
6186
5564
5587
6187
5565
5588
6188
5566
5589
6189
5567
5590
6190
5591
6191
5569
5592
6192
5570
5593
6193
5571
5594
6194
5572
5595
6195
5573
5596
6196
5574
5597
6197
5575
5598
6198
5576
5599
6199
5577
5600
6200
5578
5601
6201
5579
5602
6202
5580
5603
6203
5581
5604
6204
5582
5605
6205
5583
5606
6206
5584
5607
6207
5585
5608
6208
5586
5609
6209
5587
5610
6210
5588
5611
6211
5589
5612
6212
5590
5613
6213
5591
5614
6214
5615
6215
5593
6216
5594
6217
5595
6218
5596
6219
5597
6220
5598
6221
5599
6222
5600
6223
5601
6224
5602
6225
5603
6226
5604
6227
5605
6228
5606
6229
5607
6230
5608
6231
5609
6232
5610
6233
5611
6234
5612
6235
5613
6236
5614
6237
5615
6238
6239
5617
5640
6240
5618
5641
6241
5619
5642
6242
5620
5643
6243
5621
5644
6244
5622
5645
6245
5623
5646
6246
5624
5647
6247
5625
5648
6248
5626
5649
6249
5627
5650
6250
5628
5651
6251
5629
5652
6252
5630
5653
6253
5631
5654
6254
5632
5655
6255
5633
5656
6256
5634
5657
6257
5635
5658
6258
5636
5659
6259
5637
5660
6260
5638
5661
6261
5639
5662
6262
5663
6263
5641
5664
6264
5642
5665
6265
5643
5666
6266
5644
5667
6267
5645
5668
6268
5646
5669
6269
5647
5670
6270
5648
5671
6271
5649
5672
6272
5650
5673
6273
5651
5674
6274
5652
5675
6275
5653
5676
6276
5654
5677
6277
5655
5678
6278
5656
5679
6279
5657
5680
6280
5658
5681
6281
5659
5682
6282
5660
5683
6283
5661
5684
6284
5662
5685
6285
5663
5686
6286
5687
6287
5665
5688
6288
5666
5689
6289
5667
5690
6290
5668
5691
6291
5669
5692
6292
5670
5693
6293
5671
5694
6294
5672
5695
6295
5673
5696
6296
5674
5697
6297
5675
5698
6298
5676
5699
6299
5677
5700
6300
5678
5701
6301
5679
5702
6302
5680
5703
6303
5681
5704
6304
5682
5705
6305
5683
5706
6306
5684
5707
6307
5685
5708
6308
5686
5709
6309
5687
5710
6310
5711
6311
5689
5712
6312
5690
5713
6313
5691
5714
6314
5692
5715
6315
5693
5716
6316
5694
5717
6317
5695
5718
6318
5696
5719
6319
5697
5720
6320
5698
5721
6321
5699
5722
6322
5700
5723
6323
5701
5724
6324
5702
5725
6325
5703
5726
6326
5704
5727
6327
5705
5728
6328
5706
5729
6329
5707
5730
6330
5708
5731
6331
5709
5732
6332
5710
5733
6333
5711
5734
6334
5735
6335
5713
5736
6336
5714
5737
6337
5715
5738
6338
5716
5739
6339
5717
5740
6340
5718
5741
6341
5719
5742
6342
5720
5743
6343
5721
5744
6344
5722
5745
6345
5723
5746
6346
5724
5747
6347
5725
5748
6348
5726
5749
6349
5727
5750
6350
5728
5751
6351
5729
5752
6352
5730
5753
6353
5731
5754
6354
5732
5755
6355
5733
5756
6356
5734
5757
6357
5735
5758
6358
5759
6359
5737
5760
6360
5738
5761
6361
5739
5762
6362
5740
5763
6363
5741
5764
6364
5742
5765
6365
5743
5766
6366
5744
5767
6367
5745
5768
6368
5746
5769
6369
5747
5770
6370
5748
5771
6371
5749
5772
6372
5750
5773
6373
5751
5774
6374
5752
5775
6375
5753
5776
6376
5754
5777
6377
5755
5778
6378
5756
5779
6379
5757
5780
6380
5758
5781
6381
5759
5782
6382
5783
6383
5761
5784
6384
5762
5785
6385
5763
5786
6386
5764
5787
6387
5765
5788
6388
5766
5789
6389
5767
5790
6390
5768
5791
6391
5769
5792
6392
5770
5793
6393
5771
5794
6394
5772
5795
6395
5773
5796
6396
5774
5797
6397
5775
5798
6398
5776
5799
6399
5777
5800
6400
5778
5801
6401
5779
5802
6402
5780
5803
6403
5781
5804
6404
5782
5805
6405
5783
5806
6406
5807
6407
5785
5808
6408
5786
5809
6409
5787
5810
6410
5788
5811
6411
5789
5812
6412
5790
5813
6413
5791
5814
6414
5792
5815
6415
5793
5816
6416
5794
5817
6417
5795
5818
6418
5796
5819
6419
5797
5820
6420
5798
5821
6421
5799
5822
6422
5800
5823
6423
5801
5824
6424
5802
5825
6425
5803
5826
6426
5804
5827
6427
5805
5828
6428
5806
5829
6429
5807
5830
6430
5831
6431
5809
5832
6432
5810
5833
6433
5811
5834
6434
5812
5835
6435
5813
5836
6436
5814
5837
6437
5815
5838
6438
5816
5839
6439
5817
5840
6440
5818
5841
6441
5819
5842
6442
5820
5843
6443
5821
5844
6444
5822
5845
6445
5823
5846
6446
5824
5847
6447
5825
5848
6448
5826
5849
6449
5827
5850
6450
5828
5851
6451
5829
5852
6452
5830
5853
6453
5831
5854
6454
5855
6455
5833
5856
6456
5834
5857
6457
5835
5858
6458
5836
5859
6459
5837
5860
6460
5838
5861
6461
5839
5862
6462
5840
5863
6463
5841
5864
6464
5842
5865
6465
5843
5866
6466
5844
5867
6467
5845
5868
6468
5846
5869
6469
5847
5870
6470
5848
5871
6471
5849
5872
6472
5850
5873
6473
5851
5874
6474
5852
5875
6475
5853
5876
6476
5854
5877
6477
5855
5878
6478
5879
6479
5857
5880
6480
5858
5881
6481
5859
5882
6482
5860
5883
6483
5861
5884
6484
5862
5885
6485
5863
5886
6486
5864
5887
6487
5865
5888
6488
5866
5889
6489
5867
5890
6490
5868
5891
6491
5869
5892
6492
5870
5893
6493
5871
5894
6494
5872
5895
6495
5873
5896
6496
5874
5897
6497
5875
5898
6498
5876
5899
6499
5877
5900
6500
5878
5901
6501
5879
5902
6502
5903
6503
5881
5904
6504
5882
5905
6505
5883
5906
6506
5884
5907
6507
5885
5908
6508
5886
5909
6509
5887
5910
6510
5888
5911
6511
5889
5912
6512
5890
5913
6513
5891
5914
6514
5892
5915
6515
5893
5916
6516
5894
5917
6517
5895
5918
6518
5896
5919
6519
5897
5920
6520
5898
5921
6521
5899
5922
6522
5900
5923
6523
5901
5924
6524
5902
5925
6525
5903
5926
6526
5927
6527
5905
5928
6528
5906
5929
6529
5907
5930
6530
5908
5931
6531
5909
5932
6532
5910
5933
6533
5911
5934
6534
5912
5935
6535
5913
5936
6536
5914
5937
6537
5915
5938
6538
5916
5939
6539
5917
5940
6540
5918
5941
6541
5919
5942
6542
5920
5943
6543
5921
5944
6544
5922
5945
6545
5923
5946
6546
5924
5947
6547
5925
5948
6548
5926
5949
6549
5927
5950
6550
5951
6551
5929
5952
6552
5930
5953
6553
5931
5954
6554
5932
5955
6555
5933
5956
6556
5934
5957
6557
5935
5958
6558
5936
5959
6559
5937
5960
6560
5938
5961
6561
5939
5962
6562
5940
5963
6563
5941
5964
6564
5942
5965
6565
5943
5966
6566
5944
5967
6567
5945
5968
6568
5946
5969
6569
5947
5970
6570
5948
5971
6571
5949
5972
6572
5950
5973
6573
5951
5974
6574
5975
6575
5953
5976
6576
5954
5977
6577
5955
5978
6578
5956
5979
6579
5957
5980
6580
5958
5981
6581
5959
5982
6582
5960
5983
6583
5961
5984
6584
5962
5985
6585
5963
5986
6586
5964
5987
6587
5965
5988
6588
5966
5989
6589
5967
5990
6590
5968
5991
6591
5969
5992
6592
5970
5993
6593
5971
5994
6594
5972
5995
6595
5973
5996
6596
5974
5997
6597
5975
5998
6598
5999
6599
5977
6000
6600
5978
6001
6601
5979
6002
6602
5980
6003
6603
5981
6004
6604
5982
6005
6605
5983
6006
6606
5984
6007
6607
5985
6008
6608
5986
6009
6609
5987
6010
6610
5988
6011
6611
5989
6012
6612
5990
6013
6613
5991
6014
6614
5992
6015
6615
5993
6016
6616
5994
6017
6617
5995
6018
6618
5996
6019
6619
5997
6020
6620
5998
6021
6621
5999
6022
6622
6023
6623
6001
6024
6624
6002
6025
6625
6003
6026
6626
6004
6027
6627
6005
6028
6628
6006
6029
6629
6007
6030
6630
6008
6031
6631
6009
6032
6632
6010
6033
6633
6011
6034
6634
6012
6035
6635
6013
6036
6636
6014
6037
6637
6015
6038
6638
6016
6039
6639
6017
6040
6640
6018
6041
6641
6019
6042
6642
6020
6043
6643
6021
6044
6644
6022
6045
6645
6023
6046
6646
6047
6647
6025
6048
6648
6026
6049
6649
6027
6050
6650
6028
6051
6651
6029
6052
6652
6030
6053
6653
6031
6054
6654
6032
6055
6655
6033
6056
6656
6034
6057
6657
6035
6058
6658
6036
6059
6659
6037
6060
6660
6038
6061
6661
6039
6062
6662
6040
6063
6663
6041
6064
6664
6042
6065
6665
6043
6066
6666
6044
6067
6667
6045
6068
6668
6046
6069
6669
6047
6070
6670
6071
6671
6049
6072
6672
6050
6073
6673
6051
6074
6674
6052
6075
6675
6053
6076
6676
6054
6077
6677
6055
6078
6678
6056
6079
6679
6057
6080
6680
6058
6081
6681
6059
6082
6682
6060
6083
6683
6061
6084
6684
6062
6085
6685
6063
6086
6686
6064
6087
6687
6065
6088
6688
6066
6089
6689
6067
6090
6690
6068
6091
6691
6069
6092
6692
6070
6093
6693
6071
6094
6694
6095
6695
6073
6096
6696
6074
6097
6697
6075
6098
6698
6076
6099
6699
6077
6100
6700
6078
6101
6701
6079
6102
6702
6080
6103
6703
6081
6104
6704
6082
6105
6705
6083
6106
6706
6084
6107
6707
6085
6108
6708
6086
6109
6709
6087
6110
6710
6088
6111
6711
6089
6112
6712
6090
6113
6713
6091
6114
6714
6092
6115
6715
6093
6116
6716
6094
6117
6717
6095
6118
6718
6119
6719
6097
6120
6720
6098
6121
6721
6099
6122
6722
6100
6123
6723
6101
6124
6724
6102
6125
6725
6103
6126
6726
6104
6127
6727
6105
6128
6728
6106
6129
6729
6107
6130
6730
6108
6131
6731
6109
6132
6732
6110
6133
6733
6111
6134
6734
6112
6135
6735
6113
6136
6736
6114
6137
6737
6115
6138
6738
6116
6139
6739
6117
6140
6740
6118
6141
6741
6119
6142
6742
6143
6743
6121
6144
6744
6122
6145
6745
6123
6146
6746
6124
6147
6747
6125
6148
6748
6126
6149
6749
6127
6150
6750
6128
6151
6751
6129
6152
6752
6130
6153
6753
6131
6154
6754
6132
6155
6755
6133
6156
6756
6134
6157
6757
6135
6158
6758
6136
6159
6759
6137
6160
6760
6138
6161
6761
6139
6162
6762
6140
6163
6763
6141
6164
6764
6142
6165
6765
6143
6166
6766
6167
6767
6145
6168
6768
6146
6169
6769
6147
6170
6770
6148
6171
6771
6149
6172
6772
6150
6173
6773
6151
6174
6774
6152
6175
6775
6153
6176
6776
6154
6177
6777
6155
6178
6778
6156
6179
6779
6157
6180
6780
6158
6181
6781
6159
6182
6782
6160
6183
6783
6161
6184
6784
6162
6185
6785
6163
6186
6786
6164
6187
6787
6165
6188
6788
6166
6189
6789
6167
6190
6790
6191
6791
6169
6192
6792
6170
6193
6793
6171
6194
6794
6172
6195
6795
6173
6196
6796
6174
6197
6797
6175
6198
6798
6176
6199
6799
6177
6200
6800
6178
6201
6801
6179
6202
6802
6180
6203
6803
6181
6204
6804
6182
6205
6805
6183
6206
6806
6184
6207
6807
6185
6208
6808
6186
6209
6809
6187
6210
6810
6188
6211
6811
6189
6212
6812
6190
6213
6813
6191
6214
6814
6215
6815
6193
6216
6816
6194
6217
6817
6195
6218
6818
6196
6219
6819
6197
6220
6820
6198
6221
6821
6199
6222
6822
6200
6223
6823
6201
6224
6824
6202
6225
6825
6203
6226
6826
6204
6227
6827
6205
6228
6828
6206
6229
6829
6207
6230
6830
6208
6231
6831
6209
6232
6832
6210
6233
6833
6211
6234
6834
6212
6235
6835
6213
6236
6836
6214
6237
6837
6215
6238
6838
6239
6839
6217
6840
6218
6841
6219
6842
6220
6843
6221
6844
6222
6845
6223
6846
6224
6847
6225
6848
6226
6849
6227
6850
6228
6851
6229
6852
6230
6853
6231
6854
6232
6855
6233
6856
6234
6857
6235
6858
6236
6859
6237
6860
6238
6861
6239
6862
6863
6241
6264
6864
6242
6265
6865
6243
6266
6866
6244
6267
6867
6245
6268
6868
6246
6269
6869
6247
6270
6870
6248
6271
6871
6249
6272
6872
6250
6273
6873
6251
6274
6874
6252
6275
6875
6253
6276
6876
6254
6277
6877
6255
6278
6878
6256
6279
6879
6257
6280
6880
6258
6281
6881
6259
6282
6882
6260
6283
6883
6261
6284
6884
6262
6285
6885
6263
6286
6886
6287
6887
6265
6288
6888
6266
6289
6889
6267
6290
6890
6268
6291
6891
6269
6292
6892
6270
6293
6893
6271
6294
6894
6272
6295
6895
6273
6296
6896
6274
6297
6897
6275
6298
6898
6276
6299
6899
6277
6300
6900
6278
6301
6901
6279
6302
6902
6280
6303
6903
6281
6304
6904
6282
6305
6905
6283
6306
6906
6284
6307
6907
6285
6308
6908
6286
6309
6909
6287
6310
6910
6311
6911
6289
6312
6912
6290
6313
6913
6291
6314
6914
6292
6315
6915
6293
6316
6916
6294
6317
6917
6295
6318
6918
6296
6319
6919
6297
6320
6920
6298
6321
6921
6299
6322
6922
6300
6323
6923
6301
6324
6924
6302
6325
6925
6303
6326
6926
6304
6327
6927
6305
6328
6928
6306
6329
6929
6307
6330
6930
6308
6331
6931
6309
6332
6932
6310
6333
6933
6311
6334
6934
6335
6935
6313
6336
6936
6314
6337
6937
6315
6338
6938
6316
6339
6939
6317
6340
6940
6318
6341
6941
6319
6342
6942
6320
6343
6943
6321
6344
6944
6322
6345
6945
6323
6346
6946
6324
6347
6947
6325
6348
6948
6326
6349
6949
6327
6350
6950
6328
6351
6951
6329
6352
6952
6330
6353
6953
6331
6354
6954
6332
6355
6955
6333
6356
6956
6334
6357
6957
6335
6358
6958
6359
6959
6337
6360
6960
6338
6361
6961
6339
6362
6962
6340
6363
6963
6341
6364
6964
6342
6365
6965
6343
6366
6966
6344
6367
6967
6345
6368
6968
6346
6369
6969
6347
6370
6970
6348
6371
6971
6349
6372
6972
6350
6373
6973
6351
6374
6974
6352
6375
6975
6353
6376
6976
6354
6377
6977
6355
6378
6978
6356
6379
6979
6357
6380
6980
6358
6381
6981
6359
6382
6982
6383
6983
6361
6384
6984
6362
6385
6985
6363
6386
6986
6364
6387
6987
6365
6388
6988
6366
6389
6989
6367
6390
6990
6368
6391
6991
6369
6392
6992
6370
6393
6993
6371
6394
6994
6372
6395
6995
6373
6396
6996
6374
6397
6997
6375
6398
6998
6376
6399
6999
6377
6400
7000
6378
6401
7001
6379
6402
7002
6380
6403
7003
6381
6404
7004
6382
6405
7005
6383
6406
7006
6407
7007
6385
6408
7008
6386
6409
7009
6387
6410
7010
6388
6411
7011
6389
6412
7012
6390
6413
7013
6391
6414
7014
6392
6415
7015
6393
6416
7016
6394
6417
7017
6395
6418
7018
6396
6419
7019
6397
6420
7020
6398
6421
7021
6399
6422
7022
6400
6423
7023
6401
6424
7024
6402
6425
7025
6403
6426
7026
6404
6427
7027
6405
6428
7028
6406
6429
7029
6407
6430
7030
6431
7031
6409
6432
7032
6410
6433
7033
6411
6434
7034
6412
6435
7035
6413
6436
7036
6414
6437
7037
6415
6438
7038
6416
6439
7039
6417
6440
7040
6418
6441
7041
6419
6442
7042
6420
6443
7043
6421
6444
7044
6422
6445
7045
6423
6446
7046
6424
6447
7047
6425
6448
7048
6426
6449
7049
6427
6450
7050
6428
6451
7051
6429
6452
7052
6430
6453
7053
6431
6454
7054
6455
7055
6433
6456
7056
6434
6457
7057
6435
6458
7058
6436
6459
7059
6437
6460
7060
6438
6461
7061
6439
6462
7062
6440
6463
7063
6441
6464
7064
6442
6465
7065
6443
6466
7066
6444
6467
7067
6445
6468
7068
6446
6469
7069
6447
6470
7070
6448
6471
7071
6449
6472
7072
6450
6473
7073
6451
6474
7074
6452
6475
7075
6453
6476
7076
6454
6477
7077
6455
6478
7078
6479
7079
6457
6480
7080
6458
6481
7081
6459
6482
7082
6460
6483
7083
6461
6484
7084
6462
6485
7085
6463
6486
7086
6464
6487
7087
6465
6488
7088
6466
6489
7089
6467
6490
7090
6468
6491
7091
6469
6492
7092
6470
6493
7093
6471
6494
7094
6472
6495
7095
6473
6496
7096
6474
6497
7097
6475
6498
7098
6476
6499
7099
6477
6500
7100
6478
6501
7101
6479
6502
7102
6503
7103
6481
6504
7104
6482
6505
7105
6483
6506
7106
6484
6507
7107
6485
6508
7108
6486
6509
7109
6487
6510
7110
6488
6511
7111
6489
6512
7112
6490
6513
7113
6491
6514
7114
6492
6515
7115
6493
6516
7116
6494
6517
7117
6495
6518
7118
6496
6519
7119
6497
6520
7120
6498
6521
7121
6499
6522
7122
6500
6523
7123
6501
6524
7124
6502
6525
7125
6503
6526
7126
6527
7127
6505
6528
7128
6506
6529
7129
6507
6530
7130
6508
6531
7131
6509
6532
7132
6510
6533
7133
6511
6534
7134
6512
6535
7135
6513
6536
7136
6514
6537
7137
6515
6538
7138
6516
6539
7139
6517
6540
7140
6518
6541
7141
6519
6542
7142
6520
6543
7143
6521
6544
7144
6522
6545
7145
6523
6546
7146
6524
6547
7147
6525
6548
7148
6526
6549
7149
6527
6550
7150
6551
7151
6529
6552
7152
6530
6553
7153
6531
6554
7154
6532
6555
7155
6533
6556
7156
6534
6557
7157
6535
6558
7158
6536
6559
7159
6537
6560
7160
6538
6561
7161
6539
6562
7162
6540
6563
7163
6541
6564
7164
6542
6565
7165
6543
6566
7166
6544
6567
7167
6545
6568
7168
6546
6569
7169
6547
6570
7170
6548
6571
7171
6549
6572
7172
6550
6573
7173
6551
6574
7174
6575
7175
6553
6576
7176
6554
6577
7177
6555
6578
7178
6556
6579
7179
6557
6580
7180
6558
6581
7181
6559
6582
7182
6560
6583
7183
6561
6584
7184
6562
6585
7185
6563
6586
7186
6564
6587
7187
6565
6588
7188
6566
6589
7189
6567
6590
7190
6568
6591
7191
6569
6592
7192
6570
6593
7193
6571
6594
7194
6572
6595
7195
6573
6596
7196
6574
6597
7197
6575
6598
7198
6599
7199
6577
6600
7200
6578
6601
7201
6579
6602
7202
6580
6603
7203
6581
6604
7204
6582
6605
7205
6583
6606
7206
6584
6607
7207
6585
6608
7208
6586
6609
7209
6587
6610
7210
6588
6611
7211
6589
6612
7212
6590
6613
7213
6591
6614
7214
6592
6615
7215
6593
6616
7216
6594
6617
7217
6595
6618
7218
6596
6619
7219
6597
6620
7220
6598
6621
7221
6599
6622
7222
6623
7223
6601
6624
7224
6602
6625
7225
6603
6626
7226
6604
6627
7227
6605
6628
7228
6606
6629
7229
6607
6630
7230
6608
6631
7231
6609
6632
7232
6610
6633
7233
6611
6634
7234
6612
6635
7235
6613
6636
7236
6614
6637
7237
6615
6638
7238
6616
6639
7239
6617
6640
7240
6618
6641
7241
6619
6642
7242
6620
6643
7243
6621
6644
7244
6622
6645
7245
6623
6646
7246
6647
7247
6625
6648
7248
6626
6649
7249
6627
6650
7250
6628
6651
7251
6629
6652
7252
6630
6653
7253
6631
6654
7254
6632
6655
7255
6633
6656
7256
6634
6657
7257
6635
6658
7258
6636
6659
7259
6637
6660
7260
6638
6661
7261
6639
6662
7262
6640
6663
7263
6641
6664
7264
6642
6665
7265
6643
6666
7266
6644
6667
7267
6645
6668
7268
6646
6669
7269
6647
6670
7270
6671
7271
6649
6672
7272
6650
6673
7273
6651
6674
7274
6652
6675
7275
6653
6676
7276
6654
6677
7277
6655
6678
7278
6656
6679
7279
6657
6680
7280
6658
6681
7281
6659
6682
7282
6660
6683
7283
6661
6684
7284
6662
6685
7285
6663
6686
7286
6664
6687
7287
6665
6688
7288
6666
6689
7289
6667
6690
7290
6668
6691
7291
6669
6692
7292
6670
6693
7293
6671
6694
7294
6695
7295
6673
6696
7296
6674
6697
7297
6675
6698
7298
6676
6699
7299
6677
6700
7300
6678
6701
7301
6679
6702
7302
6680
6703
7303
6681
6704
7304
6682
6705
7305
6683
6706
7306
6684
6707
7307
6685
6708
7308
6686
6709
7309
6687
6710
7310
6688
6711
7311
6689
6712
7312
6690
6713
7313
6691
6714
7314
6692
6715
7315
6693
6716
7316
6694
6717
7317
6695
6718
7318
6719
7319
6697
6720
7320
6698
6721
7321
6699
6722
7322
6700
6723
7323
6701
6724
7324
6702
6725
7325
6703
6726
7326
6704
6727
7327
6705
6728
7328
6706
6729
7329
6707
6730
7330
6708
6731
7331
6709
6732
7332
6710
6733
7333
6711
6734
7334
6712
6735
7335
6713
6736
7336
6714
6737
7337
6715
6738
7338
6716
6739
7339
6717
6740
7340
6718
6741
7341
6719
6742
7342
6743
7343
6721
6744
7344
6722
6745
7345
6723
6746
7346
6724
6747
7347
6725
6748
7348
6726
6749
7349
6727
6750
7350
6728
6751
7351
6729
6752
7352
6730
6753
7353
6731
6754
7354
6732
6755
7355
6733
6756
7356
6734
6757
7357
6735
6758
7358
6736
6759
7359
6737
6760
7360
6738
6761
7361
6739
6762
7362
6740
6763
7363
6741
6764
7364
6742
6765
7365
6743
6766
7366
6767
7367
6745
6768
7368
6746
6769
7369
6747
6770
7370
6748
6771
7371
6749
6772
7372
6750
6773
7373
6751
6774
7374
6752
6775
7375
6753
6776
7376
6754
6777
7377
6755
6778
7378
6756
6779
7379
6757
6780
7380
6758
6781
7381
6759
6782
7382
6760
6783
7383
6761
6784
7384
6762
6785
7385
6763
6786
7386
6764
6787
7387
6765
6788
7388
6766
6789
7389
6767
6790
7390
6791
7391
6769
6792
7392
6770
6793
7393
6771
6794
7394
6772
6795
7395
6773
6796
7396
6774
6797
7397
6775
6798
7398
6776
6799
7399
6777
6800
7400
6778
6801
7401
6779
6802
7402
6780
6803
7403
6781
6804
7404
6782
6805
7405
6783
6806
7406
6784
6807
7407
6785
6808
7408
6786
6809
7409
6787
6810
7410
6788
6811
7411
6789
6812
7412
6790
6813
7413
6791
6814
7414
6815
7415
6793
6816
7416
6794
6817
7417
6795
6818
7418
6796
6819
7419
6797
6820
7420
6798
6821
7421
6799
6822
7422
6800
6823
7423
6801
6824
7424
6802
6825
7425
6803
6826
7426
6804
6827
7427
6805
6828
7428
6806
6829
7429
6807
6830
7430
6808
6831
7431
6809
6832
7432
6810
6833
7433
6811
6834
7434
6812
6835
7435
6813
6836
7436
6814
6837
7437
6815
6838
7438
6839
7439
6817
6840
7440
6818
6841
7441
6819
6842
7442
6820
6843
7443
6821
6844
7444
6822
6845
7445
6823
6846
7446
6824
6847
7447
6825
6848
7448
6826
6849
7449
6827
6850
7450
6828
6851
7451
6829
6852
7452
6830
6853
7453
6831
6854
7454
6832
6855
7455
6833
6856
7456
6834
6857
7457
6835
6858
7458
6836
6859
7459
6837
6860
7460
6838
6861
7461
6839
6862
7462
6863
7463
6841
7464
6842
7465
6843
7466
6844
7467
6845
7468
6846
7469
6847
7470
6848
7471
6849
7472
6850
7473
6851
7474
6852
7475
6853
7476
6854
7477
6855
7478
6856
7479
6857
7480
6858
7481
6859
7482
6860
7483
6861
7484
6862
7485
6863
7486
7487
6865
6888
7488
6866
6889
7489
6867
6890
7490
6868
6891
7491
6869
6892
7492
6870
6893
7493
6871
6894
7494
6872
6895
7495
6873
6896
7496
6874
6897
7497
6875
6898
7498
6876
6899
7499
6877
6900
7500
6878
6901
7501
6879
6902
7502
6880
6903
7503
6881
6904
7504
6882
6905
7505
6883
6906
7506
6884
6907
7507
6885
6908
7508
6886
6909
7509
6887
6910
7510
6911
7511
6889
6912
7512
6890
6913
7513
6891
6914
7514
6892
6915
7515
6893
6916
7516
6894
6917
7517
6895
6918
7518
6896
6919
7519
6897
6920
7520
6898
6921
7521
6899
6922
7522
6900
6923
7523
6901
6924
7524
6902
6925
7525
6903
6926
7526
6904
6927
7527
6905
6928
7528
6906
6929
7529
6907
6930
7530
6908
6931
7531
6909
6932
7532
6910
6933
7533
6911
6934
7534
6935
7535
6913
6936
7536
6914
6937
7537
6915
6938
7538
6916
6939
7539
6917
6940
7540
6918
6941
7541
6919
6942
7542
6920
6943
7543
6921
6944
7544
6922
6945
7545
6923
6946
7546
6924
6947
7547
6925
6948
7548
6926
6949
7549
6927
6950
7550
6928
6951
7551
6929
6952
7552
6930
6953
7553
6931
6954
7554
6932
6955
7555
6933
6956
7556
6934
6957
7557
6935
6958
7558
6959
7559
6937
6960
7560
6938
6961
7561
6939
6962
7562
6940
6963
7563
6941
6964
7564
6942
6965
7565
6943
6966
7566
6944
6967
7567
6945
6968
7568
6946
6969
7569
6947
6970
7570
6948
6971
7571
6949
6972
7572
6950
6973
7573
6951
6974
7574
6952
6975
7575
6953
6976
7576
6954
6977
7577
6955
6978
7578
6956
6979
7579
6957
6980
7580
6958
6981
7581
6959
6982
7582
6983
7583
6961
6984
7584
6962
6985
7585
6963
6986
7586
6964
6987
7587
6965
6988
7588
6966
6989
7589
6967
6990
7590
6968
6991
7591
6969
6992
7592
6970
6993
7593
6971
6994
7594
6972
6995
7595
6973
6996
7596
6974
6997
7597
6975
6998
7598
6976
6999
7599
6977
7000
7600
6978
7001
7601
6979
7002
7602
6980
7003
7603
6981
7004
7604
6982
7005
7605
6983
7006
7606
7007
7607
6985
7008
7608
6986
7009
7609
6987
7010
7610
6988
7011
7611
6989
7012
7612
6990
7013
7613
6991
7014
7614
6992
7015
7615
6993
7016
7616
6994
7017
7617
6995
7018
7618
6996
7019
7619
6997
7020
7620
6998
7021
7621
6999
7022
7622
7000
7023
7623
7001
7024
7624
7002
7025
7625
7003
7026
7626
7004
7027
7627
7005
7028
7628
7006
7029
7629
7007
7030
7630
7031
7631
7009
7032
7632
7010
7033
7633
7011
7034
7634
7012
7035
7635
7013
7036
7636
7014
7037
7637
7015
7038
7638
7016
7039
7639
7017
7040
7640
7018
7041
7641
7019
7042
7642
7020
7043
7643
7021
7044
7644
7022
7045
7645
7023
7046
7646
7024
7047
7647
7025
7048
7648
7026
7049
7649
7027
7050
7650
7028
7051
7651
7029
7052
7652
7030
7053
7653
7031
7054
7654
7055
7655
7033
7056
7656
7034
7057
7657
7035
7058
7658
7036
7059
7659
7037
7060
7660
7038
7061
7661
7039
7062
7662
7040
7063
7663
7041
7064
7664
7042
7065
7665
7043
7066
7666
7044
7067
7667
7045
7068
7668
7046
7069
7669
7047
7070
7670
7048
7071
7671
7049
7072
7672
7050
7073
7673
7051
7074
7674
7052
7075
7675
7053
7076
7676
7054
7077
7677
7055
7078
7678
7079
7679
7057
7080
7680
7058
7081
7681
7059
7082
7682
7060
7083
7683
7061
7084
7684
7062
7085
7685
7063
7086
7686
7064
7087
7687
7065
7088
7688
7066
7089
7689
7067
7090
7690
7068
7091
7691
7069
7092
7692
7070
7093
7693
7071
7094
7694
7072
7095
7695
7073
7096
7696
7074
7097
7697
7075
7098
7698
7076
7099
7699
7077
7100
7700
7078
7101
7701
7079
7102
7702
7103
7703
7081
7104
7704
7082
7105
7705
7083
7106
7706
7084
7107
7707
7085
7108
7708
7086
7109
7709
7087
7110
7710
7088
7111
7711
7089
7112
7712
7090
7113
7713
7091
7114
7714
7092
7115
7715
7093
7116
7716
7094
7117
7717
7095
7118
7718
7096
7119
7719
7097
7120
7720
7098
7121
7721
7099
7122
7722
7100
7123
7723
7101
7124
7724
7102
7125
7725
7103
7126
7726
7127
7727
7105
7128
7728
7106
7129
7729
7107
7130
7730
7108
7131
7731
7109
7132
7732
7110
7133
7733
7111
7134
7734
7112
7135
7735
7113
7136
7736
7114
7137
7737
7115
7138
7738
7116
7139
7739
7117
7140
7740
7118
7141
7741
7119
7142
7742
7120
7143
7743
7121
7144
7744
7122
7145
7745
7123
7146
7746
7124
7147
7747
7125
7148
7748
7126
7149
7749
7127
7150
7750
7151
7751
7129
7152
7752
7130
7153
7753
7131
7154
7754
7132
7155
7755
7133
7156
7756
7134
7157
7757
7135
7158
7758
7136
7159
7759
7137
7160
7760
7138
7161
7761
7139
7162
7762
7140
7163
7763
7141
7164
7764
7142
7165
7765
7143
7166
7766
7144
7167
7767
7145
7168
7768
7146
7169
7769
7147
7170
7770
7148
7171
7771
7149
7172
7772
7150
7173
7773
7151
7174
7774
7175
7775
7153
7176
7776
7154
7177
7777
7155
7178
7778
7156
7179
7779
7157
7180
7780
7158
7181
7781
7159
7182
7782
7160
7183
7783
7161
7184
7784
7162
7185
7785
7163
7186
7786
7164
7187
7787
7165
7188
7788
7166
7189
7789
7167
7190
7790
7168
7191
7791
7169
7192
7792
7170
7193
7793
7171
7194
7794
7172
7195
7795
7173
7196
7796
7174
7197
7797
7175
7198
7798
7199
7799
7177
7200
7800
7178
7201
7801
7179
7202
7802
7180
7203
7803
7181
7204
7804
7182
7205
7805
7183
7206
7806
7184
7207
7807
7185
7208
7808
7186
7209
7809
7187
7210
7810
7188
7211
7811
7189
7212
7812
7190
7213
7813
7191
7214
7814
7192
7215
7815
7193
7216
7816
7194
7217
7817
7195
7218
7818
7196
7219
7819
7197
7220
7820
7198
7221
7821
7199
7222
7822
7223
7823
7201
7224
7824
7202
7225
7825
7203
7226
7826
7204
7227
7827
7205
7228
7828
7206
7229
7829
7207
7230
7830
7208
7231
7831
7209
7232
7832
7210
7233
7833
7211
7234
7834
7212
7235
7835
7213
7236
7836
7214
7237
7837
7215
7238
7838
7216
7239
7839
7217
7240
7840
7218
7241
7841
7219
7242
7842
7220
7243
7843
7221
7244
7844
7222
7245
7845
7223
7246
7846
7247
7847
7225
7248
7848
7226
7249
7849
7227
7250
7850
7228
7251
7851
7229
7252
7852
7230
7253
7853
7231
7254
7854
7232
7255
7855
7233
7256
7856
7234
7257
7857
7235
7258
7858
7236
7259
7859
7237
7260
7860
7238
7261
7861
7239
7262
7862
7240
7263
7863
7241
7264
7864
7242
7265
7865
7243
7266
7866
7244
7267
7867
7245
7268
7868
7246
7269
7869
7247
7270
7870
7271
7871
7249
7272
7872
7250
7273
7873
7251
7274
7874
7252
7275
7875
7253
7276
7876
7254
7277
7877
7255
7278
7878
7256
7279
7879
7257
7280
7880
7258
7281
7881
7259
7282
7882
7260
7283
7883
7261
7284
7884
7262
7285
7885
7263
7286
7886
7264
7287
7887
7265
7288
7888
7266
7289
7889
7267
7290
7890
7268
7291
7891
7269
7292
7892
7270
7293
7893
7271
7294
7894
7295
7895
7273
7296
7896
7274
7297
7897
7275
7298
7898
7276
7299
7899
7277
7300
7900
7278
7301
7901
7279
7302
7902
7280
7303
7903
7281
7304
7904
7282
7305
7905
7283
7306
7906
7284
7307
7907
7285
7308
7908
7286
7309
7909
7287
7310
7910
7288
7311
7911
7289
7312
7912
7290
7313
7913
7291
7314
7914
7292
7315
7915
7293
7316
7916
7294
7317
7917
7295
7318
7918
7319
7919
7297
7320
7920
7298
7321
7921
7299
7322
7922
7300
7323
7923
7301
7324
7924
7302
7325
7925
7303
7326
7926
7304
7327
7927
7305
7328
7928
7306
7329
7929
7307
7330
7930
7308
7331
7931
7309
7332
7932
7310
7333
7933
7311
7334
7934
7312
7335
7935
7313
7336
7936
7314
7337
7937
7315
7338
7938
7316
7339
7939
7317
7340
7940
7318
7341
7941
7319
7342
7942
7343
7943
7321
7344
7944
7322
7345
7945
7323
7346
7946
7324
7347
7947
7325
7348
7948
7326
7349
7949
7327
7350
7950
7328
7351
7951
7329
7352
7952
7330
7353
7953
7331
7354
7954
7332
7355
7955
7333
7356
7956
7334
7357
7957
7335
7358
7958
7336
7359
7959
7337
7360
7960
7338
7361
7961
7339
7362
7962
7340
7363
7963
7341
7364
7964
7342
7365
7965
7343
7366
7966
7367
7967
7345
7368
7968
7346
7369
7969
7347
7370
7970
7348
7371
7971
7349
7372
7972
7350
7373
7973
7351
7374
7974
7352
7375
7975
7353
7376
7976
7354
7377
7977
7355
7378
7978
7356
7379
7979
7357
7380
7980
7358
7381
7981
7359
7382
7982
7360
7383
7983
7361
7384
7984
7362
7385
7985
7363
7386
7986
7364
7387
7987
7365
7388
7988
7366
7389
7989
7367
7390
7990
7391
7991
7369
7392
7992
7370
7393
7993
7371
7394
7994
7372
7395
7995
7373
7396
7996
7374
7397
7997
7375
7398
7998
7376
7399
7999
7377
7400
8000
7378
7401
8001
7379
7402
8002
7380
7403
8003
7381
7404
8004
7382
7405
8005
7383
7406
8006
7384
7407
8007
7385
7408
8008
7386
7409
8009
7387
7410
8010
7388
7411
8011
7389
7412
8012
7390
7413
8013
7391
7414
8014
7415
8015
7393
7416
8016
7394
7417
8017
7395
7418
8018
7396
7419
8019
7397
7420
8020
7398
7421
8021
7399
7422
8022
7400
7423
8023
7401
7424
8024
7402
7425
8025
7403
7426
8026
7404
7427
8027
7405
7428
8028
7406
7429
8029
7407
7430
8030
7408
7431
8031
7409
7432
8032
7410
7433
8033
7411
7434
8034
7412
7435
8035
7413
7436
8036
7414
7437
8037
7415
7438
8038
7439
8039
7417
7440
8040
7418
7441
8041
7419
7442
8042
7420
7443
8043
7421
7444
8044
7422
7445
8045
7423
7446
8046
7424
7447
8047
7425
7448
8048
7426
7449
8049
7427
7450
8050
7428
7451
8051
7429
7452
8052
7430
7453
8053
7431
7454
8054
7432
7455
8055
7433
7456
8056
7434
7457
8057
7435
7458
8058
7436
7459
8059
7437
7460
8060
7438
7461
8061
7439
7462
8062
7463
8063
7441
7464
8064
7442
7465
8065
7443
7466
8066
7444
7467
8067
7445
7468
8068
7446
7469
8069
7447
7470
8070
7448
7471
8071
7449
7472
8072
7450
7473
8073
7451
7474
8074
7452
7475
8075
7453
7476
8076
7454
7477
8077
7455
7478
8078
7456
7479
8079
7457
7480
8080
7458
7481
8081
7459
7482
8082
7460
7483
8083
7461
7484
8084
7462
7485
8085
7463
7486
8086
7487
8087
7465
8088
7466
8089
7467
8090
7468
8091
7469
8092
7470
8093
7471
8094
7472
8095
7473
8096
7474
8097
7475
8098
7476
8099
7477
8100
7478
8101
7479
8102
7480
8103
7481
8104
7482
8105
7483
8106
7484
8107
7485
8108
7486
8109
7487
8110
8111
7489
7512
8112
7490
7513
8113
7491
7514
8114
7492
7515
8115
7493
7516
8116
7494
7517
8117
7495
7518
8118
7496
7519
8119
7497
7520
8120
7498
7521
8121
7499
7522
8122
7500
7523
8123
7501
7524
8124
7502
7525
8125
7503
7526
8126
7504
7527
8127
7505
7528
8128
7506
7529
8129
7507
7530
8130
7508
7531
8131
7509
7532
8132
7510
7533
8133
7511
7534
8134
7535
8135
7513
7536
8136
7514
7537
8137
7515
7538
8138
7516
7539
8139
7517
7540
8140
7518
7541
8141
7519
7542
8142
7520
7543
8143
7521
7544
8144
7522
7545
8145
7523
7546
8146
7524
7547
8147
7525
7548
8148
7526
7549
8149
7527
7550
8150
7528
7551
8151
7529
7552
8152
7530
7553
8153
7531
7554
8154
7532
7555
8155
7533
7556
8156
7534
7557
8157
7535
7558
8158
7559
8159
7537
7560
8160
7538
7561
8161
7539
7562
8162
7540
7563
8163
7541
7564
8164
7542
7565
8165
7543
7566
8166
7544
7567
8167
7545
7568
8168
7546
7569
8169
7547
7570
8170
7548
7571
8171
7549
7572
8172
7550
7573
8173
7551
7574
8174
7552
7575
8175
7553
7576
8176
7554
7577
8177
7555
7578
8178
7556
7579
8179
7557
7580
8180
7558
7581
8181
7559
7582
8182
7583
8183
7561
7584
8184
7562
7585
8185
7563
7586
8186
7564
7587
8187
7565
7588
8188
7566
7589
8189
7567
7590
8190
7568
7591
8191
7569
7592
8192
7570
7593
8193
7571
7594
8194
7572
7595
8195
7573
7596
8196
7574
7597
8197
7575
7598
8198
7576
7599
8199
7577
7600
8200
7578
7601
8201
7579
7602
8202
7580
7603
8203
7581
7604
8204
7582
7605
8205
7583
7606
8206
7607
8207
7585
7608
8208
7586
7609
8209
7587
7610
8210
7588
7611
8211
7589
7612
8212
7590
7613
8213
7591
7614
8214
7592
7615
8215
7593
7616
8216
7594
7617
8217
7595
7618
8218
7596
7619
8219
7597
7620
8220
7598
7621
8221
7599
7622
8222
7600
7623
8223
7601
7624
8224
7602
7625
8225
7603
7626
8226
7604
7627
8227
7605
7628
8228
7606
7629
8229
7607
7630
8230
7631
8231
7609
7632
8232
7610
7633
8233
7611
7634
8234
7612
7635
8235
7613
7636
8236
7614
7637
8237
7615
7638
8238
7616
7639
8239
7617
7640
8240
7618
7641
8241
7619
7642
8242
7620
7643
8243
7621
7644
8244
7622
7645
8245
7623
7646
8246
7624
7647
8247
7625
7648
8248
7626
7649
8249
7627
7650
8250
7628
7651
8251
7629
7652
8252
7630
7653
8253
7631
7654
8254
7655
8255
7633
7656
8256
7634
7657
8257
7635
7658
8258
7636
7659
8259
7637
7660
8260
7638
7661
8261
7639
7662
8262
7640
7663
8263
7641
7664
8264
7642
7665
8265
7643
7666
8266
7644
7667
8267
7645
7668
8268
7646
7669
8269
7647
7670
8270
7648
7671
8271
7649
7672
8272
7650
7673
8273
7651
7674
8274
7652
7675
8275
7653
7676
8276
7654
7677
8277
7655
7678
8278
7679
8279
7657
7680
8280
7658
7681
8281
7659
7682
8282
7660
7683
8283
7661
7684
8284
7662
7685
8285
7663
7686
8286
7664
7687
8287
7665
7688
8288
7666
7689
8289
7667
7690
8290
7668
7691
8291
7669
7692
8292
7670
7693
8293
7671
7694
8294
7672
7695
8295
7673
7696
8296
7674
7697
8297
7675
7698
8298
7676
7699
8299
7677
7700
8300
7678
7701
8301
7679
7702
8302
7703
8303
7681
7704
8304
7682
7705
8305
7683
7706
8306
7684
7707
8307
7685
7708
8308
7686
7709
8309
7687
7710
8310
7688
7711
8311
7689
7712
8312
7690
7713
8313
7691
7714
8314
7692
7715
8315
7693
7716
8316
7694
7717
8317
7695
7718
8318
7696
7719
8319
7697
7720
8320
7698
7721
8321
7699
7722
8322
7700
7723
8323
7701
7724
8324
7702
7725
8325
7703
7726
8326
7727
8327
7705
7728
8328
7706
7729
8329
7707
7730
8330
7708
7731
8331
7709
7732
8332
7710
7733
8333
7711
7734
8334
7712
7735
8335
7713
7736
8336
7714
7737
8337
7715
7738
8338
7716
7739
8339
7717
7740
8340
7718
7741
8341
7719
7742
8342
7720
7743
8343
7721
7744
8344
7722
7745
8345
7723
7746
8346
7724
7747
8347
7725
7748
8348
7726
7749
8349
7727
7750
8350
7751
8351
7729
7752
8352
7730
7753
8353
7731
7754
8354
7732
7755
8355
7733
7756
8356
7734
7757
8357
7735
7758
8358
7736
7759
8359
7737
7760
8360
7738
7761
8361
7739
7762
8362
7740
7763
8363
7741
7764
8364
7742
7765
8365
7743
7766
8366
7744
7767
8367
7745
7768
8368
7746
7769
8369
7747
7770
8370
7748
7771
8371
7749
7772
8372
7750
7773
8373
7751
7774
8374
7775
8375
7753
7776
8376
7754
7777
8377
7755
7778
8378
7756
7779
8379
7757
7780
8380
7758
7781
8381
7759
7782
8382
7760
7783
8383
7761
7784
8384
7762
7785
8385
7763
7786
8386
7764
7787
8387
7765
7788
8388
7766
7789
8389
7767
7790
8390
7768
7791
8391
7769
7792
8392
7770
7793
8393
7771
7794
8394
7772
7795
8395
7773
7796
8396
7774
7797
8397
7775
7798
8398
7799
8399
7777
7800
8400
7778
7801
8401
7779
7802
8402
7780
7803
8403
7781
7804
8404
7782
7805
8405
7783
7806
8406
7784
7807
8407
7785
7808
8408
7786
7809
8409
7787
7810
8410
7788
7811
8411
7789
7812
8412
7790
7813
8413
7791
7814
8414
7792
7815
8415
7793
7816
8416
7794
7817
8417
7795
7818
8418
7796
7819
8419
7797
7820
8420
7798
7821
8421
7799
7822
8422
7823
8423
7801
7824
8424
7802
7825
8425
7803
7826
8426
7804
7827
8427
7805
7828
8428
7806
7829
8429
7807
7830
8430
7808
7831
8431
7809
7832
8432
7810
7833
8433
7811
7834
8434
7812
7835
8435
7813
7836
8436
7814
7837
8437
7815
7838
8438
7816
7839
8439
7817
7840
8440
7818
7841
8441
7819
7842
8442
7820
7843
8443
7821
7844
8444
7822
7845
8445
7823
7846
8446
7847
8447
7825
7848
8448
7826
7849
8449
7827
7850
8450
7828
7851
8451
7829
7852
8452
7830
7853
8453
7831
7854
8454
7832
7855
8455
7833
7856
8456
7834
7857
8457
7835
7858
8458
7836
7859
8459
7837
7860
8460
7838
7861
8461
7839
7862
8462
7840
7863
8463
7841
7864
8464
7842
7865
8465
7843
7866
8466
7844
7867
8467
7845
7868
8468
7846
7869
8469
7847
7870
8470
7871
8471
7849
7872
8472
7850
7873
8473
7851
7874
8474
7852
7875
8475
7853
7876
8476
7854
7877
8477
7855
7878
8478
7856
7879
8479
7857
7880
8480
7858
7881
8481
7859
7882
8482
7860
7883
8483
7861
7884
8484
7862
7885
8485
7863
7886
8486
7864
7887
8487
7865
7888
8488
7866
7889
8489
7867
7890
8490
7868
7891
8491
7869
7892
8492
7870
7893
8493
7871
7894
8494
7895
8495
7873
7896
8496
7874
7897
8497
7875
7898
8498
7876
7899
8499
7877
7900
8500
7878
7901
8501
7879
7902
8502
7880
7903
8503
7881
7904
8504
7882
7905
8505
7883
7906
8506
7884
7907
8507
7885
7908
8508
7886
7909
8509
7887
7910
8510
7888
7911
8511
7889
7912
8512
7890
7913
8513
7891
7914
8514
7892
7915
8515
7893
7916
8516
7894
7917
8517
7895
7918
8518
7919
8519
7897
7920
8520
7898
7921
8521
7899
7922
8522
7900
7923
8523
7901
7924
8524
7902
7925
8525
7903
7926
8526
7904
7927
8527
7905
7928
8528
7906
7929
8529
7907
7930
8530
7908
7931
8531
7909
7932
8532
7910
7933
8533
7911
7934
8534
7912
7935
8535
7913
7936
8536
7914
7937
8537
7915
7938
8538
7916
7939
8539
7917
7940
8540
7918
7941
8541
7919
7942
8542
7943
8543
7921
7944
8544
7922
7945
8545
7923
7946
8546
7924
7947
8547
7925
7948
8548
7926
7949
8549
7927
7950
8550
7928
7951
8551
7929
7952
8552
7930
7953
8553
7931
7954
8554
7932
7955
8555
7933
7956
8556
7934
7957
8557
7935
7958
8558
7936
7959
8559
7937
7960
8560
7938
7961
8561
7939
7962
8562
7940
7963
8563
7941
7964
8564
7942
7965
8565
7943
7966
8566
7967
8567
7945
7968
8568
7946
7969
8569
7947
7970
8570
7948
7971
8571
7949
7972
8572
7950
7973
8573
7951
7974
8574
7952
7975
8575
7953
7976
8576
7954
7977
8577
7955
7978
8578
7956
7979
8579
7957
7980
8580
7958
7981
8581
7959
7982
8582
7960
7983
8583
7961
7984
8584
7962
7985
8585
7963
7986
8586
7964
7987
8587
7965
7988
8588
7966
7989
8589
7967
7990
8590
7991
8591
7969
7992
8592
7970
7993
8593
7971
7994
8594
7972
7995
8595
7973
7996
8596
7974
7997
8597
7975
7998
8598
7976
7999
8599
7977
8000
8600
7978
8001
8601
7979
8002
8602
7980
8003
8603
7981
8004
8604
7982
8005
8605
7983
8006
8606
7984
8007
8607
7985
8008
8608
7986
8009
8609
7987
8010
8610
7988
8011
8611
7989
8012
8612
7990
8013
8613
7991
8014
8614
8015
8615
7993
8016
8616
7994
8017
8617
7995
8018
8618
7996
8019
8619
7997
8020
8620
7998
8021
8621
7999
8022
8622
8000
8023
8623
8001
8024
8624
8002
8025
8625
8003
8026
8626
8004
8027
8627
8005
8028
8628
8006
8029
8629
8007
8030
8630
8008
8031
8631
8009
8032
8632
8010
8033
8633
8011
8034
8634
8012
8035
8635
8013
8036
8636
8014
8037
8637
8015
8038
8638
8039
8639
8017
8040
8640
8018
8041
8641
8019
8042
8642
8020
8043
8643
8021
8044
8644
8022
8045
8645
8023
8046
8646
8024
8047
8647
8025
8048
8648
8026
8049
8649
8027
8050
8650
8028
8051
8651
8029
8052
8652
8030
8053
8653
8031
8054
8654
8032
8055
8655
8033
8056
8656
8034
8057
8657
8035
8058
8658
8036
8059
8659
8037
8060
8660
8038
8061
8661
8039
8062
8662
8063
8663
8041
8064
8664
8042
8065
8665
8043
8066
8666
8044
8067
8667
8045
8068
8668
8046
8069
8669
8047
8070
8670
8048
8071
8671
8049
8072
8672
8050
8073
8673
8051
8074
8674
8052
8075
8675
8053
8076
8676
8054
8077
8677
8055
8078
8678
8056
8079
8679
8057
8080
8680
8058
8081
8681
8059
8082
8682
8060
8083
8683
8061
8084
8684
8062
8085
8685
8063
8086
8686
8087
8687
8065
8088
8688
8066
8089
8689
8067
8090
8690
8068
8091
8691
8069
8092
8692
8070
8093
8693
8071
8094
8694
8072
8095
8695
8073
8096
8696
8074
8097
8697
8075
8098
8698
8076
8099
8699
8077
8100
8700
8078
8101
8701
8079
8102
8702
8080
8103
8703
8081
8104
8704
8082
8105
8705
8083
8106
8706
8084
8107
8707
8085
8108
8708
8086
8109
8709
8087
8110
8710
8111
8711
8089
8712
8090
8713
8091
8714
8092
8715
8093
8716
8094
8717
8095
8718
8096
8719
8097
8720
8098
8721
8099
8722
8100
8723
8101
8724
8102
8725
8103
8726
8104
8727
8105
8728
8106
8729
8107
8730
8108
8731
8109
8732
8110
8733
8111
8734
8735
8113
8136
8736
8114
8137
8737
8115
8138
8738
8116
8139
8739
8117
8140
8740
8118
8141
8741
8119
8142
8742
8120
8143
8743
8121
8144
8744
8122
8145
8745
8123
8146
8746
8124
8147
8747
8125
8148
8748
8126
8149
8749
8127
8150
8750
8128
8151
8751
8129
8152
8752
8130
8153
8753
8131
8154
8754
8132
8155
8755
8133
8156
8756
8134
8157
8757
8135
8158
8758
8159
8759
8137
8160
8760
8138
8161
8761
8139
8162
8762
8140
8163
8763
8141
8164
8764
8142
8165
8765
8143
8166
8766
8144
8167
8767
8145
8168
8768
8146
8169
8769
8147
8170
8770
8148
8171
8771
8149
8172
8772
8150
8173
8773
8151
8174
8774
8152
8175
8775
8153
8176
8776
8154
8177
8777
8155
8178
8778
8156
8179
8779
8157
8180
8780
8158
8181
8781
8159
8182
8782
8183
8783
8161
8184
8784
8162
8185
8785
8163
8186
8786
8164
8187
8787
8165
8188
8788
8166
8189
8789
8167
8190
8790
8168
8191
8791
8169
8192
8792
8170
8193
8793
8171
8194
8794
8172
8195
8795
8173
8196
8796
8174
8197
8797
8175
8198
8798
8176
8199
8799
8177
8200
8800
8178
8201
8801
8179
8202
8802
8180
8203
8803
8181
8204
8804
8182
8205
8805
8183
8206
8806
8207
8807
8185
8208
8808
8186
8209
8809
8187
8210
8810
8188
8211
8811
8189
8212
8812
8190
8213
8813
8191
8214
8814
8192
8215
8815
8193
8216
8816
8194
8217
8817
8195
8218
8818
8196
8219
8819
8197
8220
8820
8198
8221
8821
8199
8222
8822
8200
8223
8823
8201
8224
8824
8202
8225
8825
8203
8226
8826
8204
8227
8827
8205
8228
8828
8206
8229
8829
8207
8230
8830
8231
8831
8209
8232
8832
8210
8233
8833
8211
8234
8834
8212
8235
8835
8213
8236
8836
8214
8237
8837
8215
8238
8838
8216
8239
8839
8217
8240
8840
8218
8241
8841
8219
8242
8842
8220
8243
8843
8221
8244
8844
8222
8245
8845
8223
8246
8846
8224
8247
8847
8225
8248
8848
8226
8249
8849
8227
8250
8850
8228
8251
8851
8229
8252
8852
8230
8253
8853
8231
8254
8854
8255
8855
8233
8256
8856
8234
8257
8857
8235
8258
8858
8236
8259
8859
8237
8260
8860
8238
8261
8861
8239
8262
8862
8240
8263
8863
8241
8264
8864
8242
8265
8865
8243
8266
8866
8244
8267
8867
8245
8268
8868
8246
8269
8869
8247
8270
8870
8248
8271
8871
8249
8272
8872
8250
8273
8873
8251
8274
8874
8252
8275
8875
8253
8276
8876
8254
8277
8877
8255
8278
8878
8279
8879
8257
8280
8880
8258
8281
8881
8259
8282
8882
8260
8283
8883
8261
8284
8884
8262
8285
8885
8263
8286
8886
8264
8287
8887
8265
8288
8888
8266
8289
8889
8267
8290
8890
8268
8291
8891
8269
8292
8892
8270
8293
8893
8271
8294
8894
8272
8295
8895
8273
8296
8896
8274
8297
8897
8275
8298
8898
8276
8299
8899
8277
8300
8900
8278
8301
8901
8279
8302
8902
8303
8903
8281
8304
8904
8282
8305
8905
8283
8306
8906
8284
8307
8907
8285
8308
8908
8286
8309
8909
8287
8310
8910
8288
8311
8911
8289
8312
8912
8290
8313
8913
8291
8314
8914
8292
8315
8915
8293
8316
8916
8294
8317
8917
8295
8318
8918
8296
8319
8919
8297
8320
8920
8298
8321
8921
8299
8322
8922
8300
8323
8923
8301
8324
8924
8302
8325
8925
8303
8326
8926
8327
8927
8305
8328
8928
8306
8329
8929
8307
8330
8930
8308
8331
8931
8309
8332
8932
8310
8333
8933
8311
8334
8934
8312
8335
8935
8313
8336
8936
8314
8337
8937
8315
8338
8938
8316
8339
8939
8317
8340
8940
8318
8341
8941
8319
8342
8942
8320
8343
8943
8321
8344
8944
8322
8345
8945
8323
8346
8946
8324
8347
8947
8325
8348
8948
8326
8349
8949
8327
8350
8950
8351
8951
8329
8352
8952
8330
8353
8953
8331
8354
8954
8332
8355
8955
8333
8356
8956
8334
8357
8957
8335
8358
8958
8336
8359
8959
8337
8360
8960
8338
8361
8961
8339
8362
8962
8340
8363
8963
8341
8364
8964
8342
8365
8965
8343
8366
8966
8344
8367
8967
8345
8368
8968
8346
8369
8969
8347
8370
8970
8348
8371
8971
8349
8372
8972
8350
8373
8973
8351
8374
8974
8375
8975
8353
8376
8976
8354
8377
8977
8355
8378
8978
8356
8379
8979
8357
8380
8980
8358
8381
8981
8359
8382
8982
8360
8383
8983
8361
8384
8984
8362
8385
8985
8363
8386
8986
8364
8387
8987
8365
8388
8988
8366
8389
8989
8367
8390
8990
8368
8391
8991
8369
8392
8992
8370
8393
8993
8371
8394
8994
8372
8395
8995
8373
8396
8996
8374
8397
8997
8375
8398
8998
8399
8999
8377
8400
9000
8378
8401
9001
8379
8402
9002
8380
8403
9003
8381
8404
9004
8382
8405
9005
8383
8406
9006
8384
8407
9007
8385
8408
9008
8386
8409
9009
8387
8410
9010
8388
8411
9011
8389
8412
9012
8390
8413
9013
8391
8414
9014
8392
8415
9015
8393
8416
9016
8394
8417
9017
8395
8418
9018
8396
8419
9019
8397
8420
9020
8398
8421
9021
8399
8422
9022
8423
9023
8401
8424
9024
8402
8425
9025
8403
8426
9026
8404
8427
9027
8405
8428
9028
8406
8429
9029
8407
8430
9030
8408
8431
9031
8409
8432
9032
8410
8433
9033
8411
8434
9034
8412
8435
9035
8413
8436
9036
8414
8437
9037
8415
8438
9038
8416
8439
9039
8417
8440
9040
8418
8441
9041
8419
8442
9042
8420
8443
9043
8421
8444
9044
8422
8445
9045
8423
8446
9046
8447
9047
8425
8448
9048
8426
8449
9049
8427
8450
9050
8428
8451
9051
8429
8452
9052
8430
8453
9053
8431
8454
9054
8432
8455
9055
8433
8456
9056
8434
8457
9057
8435
8458
9058
8436
8459
9059
8437
8460
9060
8438
8461
9061
8439
8462
9062
8440
8463
9063
8441
8464
9064
8442
8465
9065
8443
8466
9066
8444
8467
9067
8445
8468
9068
8446
8469
9069
8447
8470
9070
8471
9071
8449
8472
9072
8450
8473
9073
8451
8474
9074
8452
8475
9075
8453
8476
9076
8454
8477
9077
8455
8478
9078
8456
8479
9079
8457
8480
9080
8458
8481
9081
8459
8482
9082
8460
8483
9083
8461
8484
9084
8462
8485
9085
8463
8486
9086
8464
8487
9087
8465
8488
9088
8466
8489
9089
8467
8490
9090
8468
8491
9091
8469
8492
9092
8470
8493
9093
8471
8494
9094
8495
9095
8473
8496
9096
8474
8497
9097
8475
8498
9098
8476
8499
9099
8477
8500
9100
8478
8501
9101
8479
8502
9102
8480
8503
9103
8481
8504
9104
8482
8505
9105
8483
8506
9106
8484
8507
9107
8485
8508
9108
8486
8509
9109
8487
8510
9110
8488
8511
9111
8489
8512
9112
8490
8513
9113
8491
8514
9114
8492
8515
9115
8493
8516
9116
8494
8517
9117
8495
8518
9118
8519
9119
8497
8520
9120
8498
8521
9121
8499
8522
9122
8500
8523
9123
8501
8524
9124
8502
8525
9125
8503
8526
9126
8504
8527
9127
8505
8528
9128
8506
8529
9129
8507
8530
9130
8508
8531
9131
8509
8532
9132
8510
8533
9133
8511
8534
9134
8512
8535
9135
8513
8536
9136
8514
8537
9137
8515
8538
9138
8516
8539
9139
8517
8540
9140
8518
8541
9141
8519
8542
9142
8543
9143
8521
8544
9144
8522
8545
9145
8523
8546
9146
8524
8547
9147
8525
8548
9148
8526
8549
9149
8527
8550
9150
8528
8551
9151
8529
8552
9152
8530
8553
9153
8531
8554
9154
8532
8555
9155
8533
8556
9156
8534
8557
9157
8535
8558
9158
8536
8559
9159
8537
8560
9160
8538
8561
9161
8539
8562
9162
8540
8563
9163
8541
8564
9164
8542
8565
9165
8543
8566
9166
8567
9167
8545
8568
9168
8546
8569
9169
8547
8570
9170
8548
8571
9171
8549
8572
9172
8550
8573
9173
8551
8574
9174
8552
8575
9175
8553
8576
9176
8554
8577
9177
8555
8578
9178
8556
8579
9179
8557
8580
9180
8558
8581
9181
8559
8582
9182
8560
8583
9183
8561
8584
9184
8562
8585
9185
8563
8586
9186
8564
8587
9187
8565
8588
9188
8566
8589
9189
8567
8590
9190
8591
9191
8569
8592
9192
8570
8593
9193
8571
8594
9194
8572
8595
9195
8573
8596
9196
8574
8597
9197
8575
8598
9198
8576
8599
9199
8577
8600
9200
8578
8601
9201
8579
8602
9202
8580
8603
9203
8581
8604
9204
8582
8605
9205
8583
8606
9206
8584
8607
9207
8585
8608
9208
8586
8609
9209
8587
8610
9210
8588
8611
9211
8589
8612
9212
8590
8613
9213
8591
8614
9214
8615
9215
8593
8616
9216
8594
8617
9217
8595
8618
9218
8596
8619
9219
8597
8620
9220
8598
8621
9221
8599
8622
9222
8600
8623
9223
8601
8624
9224
8602
8625
9225
8603
8626
9226
8604
8627
9227
8605
8628
9228
8606
8629
9229
8607
8630
9230
8608
8631
9231
8609
8632
9232
8610
8633
9233
8611
8634
9234
8612
8635
9235
8613
8636
9236
8614
8637
9237
8615
8638
9238
8639
9239
8617
8640
9240
8618
8641
9241
8619
8642
9242
8620
8643
9243
8621
8644
9244
8622
8645
9245
8623
8646
9246
8624
8647
9247
8625
8648
9248
8626
8649
9249
8627
8650
9250
8628
8651
9251
8629
8652
9252
8630
8653
9253
8631
8654
9254
8632
8655
9255
8633
8656
9256
8634
8657
9257
8635
8658
9258
8636
8659
9259
8637
8660
9260
8638
8661
9261
8639
8662
9262
8663
9263
8641
8664
9264
8642
8665
9265
8643
8666
9266
8644
8667
9267
8645
8668
9268
8646
8669
9269
8647
8670
9270
8648
8671
9271
8649
8672
9272
8650
8673
9273
8651
8674
9274
8652
8675
9275
8653
8676
9276
8654
8677
9277
8655
8678
9278
8656
8679
9279
8657
8680
9280
8658
8681
9281
8659
8682
9282
8660
8683
9283
8661
8684
9284
8662
8685
9285
8663
8686
9286
8687
9287
8665
8688
9288
8666
8689
9289
8667
8690
9290
8668
8691
9291
8669
8692
9292
8670
8693
9293
8671
8694
9294
8672
8695
9295
8673
8696
9296
8674
8697
9297
8675
8698
9298
8676
8699
9299
8677
8700
9300
8678
8701
9301
8679
8702
9302
8680
8703
9303
8681
8704
9304
8682
8705
9305
8683
8706
9306
8684
8707
9307
8685
8708
9308
8686
8709
9309
8687
8710
9310
8711
9311
8689
8712
9312
8690
8713
9313
8691
8714
9314
8692
8715
9315
8693
8716
9316
8694
8717
9317
8695
8718
9318
8696
8719
9319
8697
8720
9320
8698
8721
9321
8699
8722
9322
8700
8723
9323
8701
8724
9324
8702
8725
9325
8703
8726
9326
8704
8727
9327
8705
8728
9328
8706
8729
9329
8707
8730
9330
8708
8731
9331
8709
8732
9332
8710
8733
9333
8711
8734
9334
8735
9335
8713
9336
8714
9337
8715
9338
8716
9339
8717
9340
8718
9341
8719
9342
8720
9343
8721
9344
8722
9345
8723
9346
8724
9347
8725
9348
8726
9349
8727
9350
8728
9351
8729
9352
8730
9353
8731
9354
8732
9355
8733
9356
8734
9357
8735
9358
9359
8737
8760
9360
8738
8761
9361
8739
8762
9362
8740
8763
9363
8741
8764
9364
8742
8765
9365
8743
8766
9366
8744
8767
9367
8745
8768
9368
8746
8769
9369
8747
8770
9370
8748
8771
9371
8749
8772
9372
8750
8773
9373
8751
8774
9374
8752
8775
9375
8753
8776
9376
8754
8777
9377
8755
8778
9378
8756
8779
9379
8757
8780
9380
8758
8781
9381
8759
8782
9382
8783
9383
8761
8784
9384
8762
8785
9385
8763
8786
9386
8764
8787
9387
8765
8788
9388
8766
8789
9389
8767
8790
9390
8768
8791
9391
8769
8792
9392
8770
8793
9393
8771
8794
9394
8772
8795
9395
8773
8796
9396
8774
8797
9397
8775
8798
9398
8776
8799
9399
8777
8800
9400
8778
8801
9401
8779
8802
9402
8780
8803
9403
8781
8804
9404
8782
8805
9405
8783
8806
9406
8807
9407
8785
8808
9408
8786
8809
9409
8787
8810
9410
8788
8811
9411
8789
8812
9412
8790
8813
9413
8791
8814
9414
8792
8815
9415
8793
8816
9416
8794
8817
9417
8795
8818
9418
8796
8819
9419
8797
8820
9420
8798
8821
9421
8799
8822
9422
8800
8823
9423
8801
8824
9424
8802
8825
9425
8803
8826
9426
8804
8827
9427
8805
8828
9428
8806
8829
9429
8807
8830
9430
8831
9431
8809
8832
9432
8810
8833
9433
8811
8834
9434
8812
8835
9435
8813
8836
9436
8814
8837
9437
8815
8838
9438
8816
8839
9439
8817
8840
9440
8818
8841
9441
8819
8842
9442
8820
8843
9443
8821
8844
9444
8822
8845
9445
8823
8846
9446
8824
8847
9447
8825
8848
9448
8826
8849
9449
8827
8850
9450
8828
8851
9451
8829
8852
9452
8830
8853
9453
8831
8854
9454
8855
9455
8833
8856
9456
8834
8857
9457
8835
8858
9458
8836
8859
9459
8837
8860
9460
8838
8861
9461
8839
8862
9462
8840
8863
9463
8841
8864
9464
8842
8865
9465
8843
8866
9466
8844
8867
9467
8845
8868
9468
8846
8869
9469
8847
8870
9470
8848
8871
9471
8849
8872
9472
8850
8873
9473
8851
8874
9474
8852
8875
9475
8853
8876
9476
8854
8877
9477
8855
8878
9478
8879
9479
8857
8880
9480
8858
8881
9481
8859
8882
9482
8860
8883
9483
8861
8884
9484
8862
8885
9485
8863
8886
9486
8864
8887
9487
8865
8888
9488
8866
8889
9489
8867
8890
9490
8868
8891
9491
8869
8892
9492
8870
8893
9493
8871
8894
9494
8872
8895
9495
8873
8896
9496
8874
8897
9497
8875
8898
9498
8876
8899
9499
8877
8900
9500
8878
8901
9501
8879
8902
9502
8903
9503
8881
8904
9504
8882
8905
9505
8883
8906
9506
8884
8907
9507
8885
8908
9508
8886
8909
9509
8887
8910
9510
8888
8911
9511
8889
8912
9512
8890
8913
9513
8891
8914
9514
8892
8915
9515
8893
8916
9516
8894
8917
9517
8895
8918
9518
8896
8919
9519
8897
8920
9520
8898
8921
9521
8899
8922
9522
8900
8923
9523
8901
8924
9524
8902
8925
9525
8903
8926
9526
8927
9527
8905
8928
9528
8906
8929
9529
8907
8930
9530
8908
8931
9531
8909
8932
9532
8910
8933
9533
8911
8934
9534
8912
8935
9535
8913
8936
9536
8914
8937
9537
8915
8938
9538
8916
8939
9539
8917
8940
9540
8918
8941
9541
8919
8942
9542
8920
8943
9543
8921
8944
9544
8922
8945
9545
8923
8946
9546
8924
8947
9547
8925
8948
9548
8926
8949
9549
8927
8950
9550
8951
9551
8929
8952
9552
8930
8953
9553
8931
8954
9554
8932
8955
9555
8933
8956
9556
8934
8957
9557
8935
8958
9558
8936
8959
9559
8937
8960
9560
8938
8961
9561
8939
8962
9562
8940
8963
9563
8941
8964
9564
8942
8965
9565
8943
8966
9566
8944
8967
9567
8945
8968
9568
8946
8969
9569
8947
8970
9570
8948
8971
9571
8949
8972
9572
8950
8973
9573
8951
8974
9574
8975
9575
8953
8976
9576
8954
8977
9577
8955
8978
9578
8956
8979
9579
8957
8980
9580
8958
8981
9581
8959
8982
9582
8960
8983
9583
8961
8984
9584
8962
8985
9585
8963
8986
9586
8964
8987
9587
8965
8988
9588
8966
8989
9589
8967
8990
9590
8968
8991
9591
8969
8992
9592
8970
8993
9593
8971
8994
9594
8972
8995
9595
8973
8996
9596
8974
8997
9597
8975
8998
9598
8999
9599
8977
9000
9600
8978
9001
9601
8979
9002
9602
8980
9003
9603
8981
9004
9604
8982
9005
9605
8983
9006
9606
8984
9007
9607
8985
9008
9608
8986
9009
9609
8987
9010
9610
8988
9011
9611
8989
9012
9612
8990
9013
9613
8991
9014
9614
8992
9015
9615
8993
9016
9616
8994
9017
9617
8995
9018
9618
8996
9019
9619
8997
9020
9620
8998
9021
9621
8999
9022
9622
9023
9623
9001
9024
9624
9002
9025
9625
9003
9026
9626
9004
9027
9627
9005
9028
9628
9006
9029
9629
9007
9030
9630
9008
9031
9631
9009
9032
9632
9010
9033
9633
9011
9034
9634
9012
9035
9635
9013
9036
9636
9014
9037
9637
9015
9038
9638
9016
9039
9639
9017
9040
9640
9018
9041
9641
9019
9042
9642
9020
9043
9643
9021
9044
9644
9022
9045
9645
9023
9046
9646
9047
9647
9025
9048
9648
9026
9049
9649
9027
9050
9650
9028
9051
9651
9029
9052
9652
9030
9053
9653
9031
9054
9654
9032
9055
9655
9033
9056
9656
9034
9057
9657
9035
9058
9658
9036
9059
9659
9037
9060
9660
9038
9061
9661
9039
9062
9662
9040
9063
9663
9041
9064
9664
9042
9065
9665
9043
9066
9666
9044
9067
9667
9045
9068
9668
9046
9069
9669
9047
9070
9670
9071
9671
9049
9072
9672
9050
9073
9673
9051
9074
9674
9052
9075
9675
9053
9076
9676
9054
9077
9677
9055
9078
9678
9056
9079
9679
9057
9080
9680
9058
9081
9681
9059
9082
9682
9060
9083
9683
9061
9084
9684
9062
9085
9685
9063
9086
9686
9064
9087
9687
9065
9088
9688
9066
9089
9689
9067
9090
9690
9068
9091
9691
9069
9092
9692
9070
9093
9693
9071
9094
9694
9095
9695
9073
9096
9696
9074
9097
9697
9075
9098
9698
9076
9099
9699
9077
9100
9700
9078
9101
9701
9079
9102
9702
9080
9103
9703
9081
9104
9704
9082
9105
9705
9083
9106
9706
9084
9107
9707
9085
9108
9708
9086
9109
9709
9087
9110
9710
9088
9111
9711
9089
9112
9712
9090
9113
9713
9091
9114
9714
9092
9115
9715
9093
9116
9716
9094
9117
9717
9095
9118
9718
9119
9719
9097
9120
9720
9098
9121
9721
9099
9122
9722
9100
9123
9723
9101
9124
9724
9102
9125
9725
9103
9126
9726
9104
9127
9727
9105
9128
9728
9106
9129
9729
9107
9130
9730
9108
9131
9731
9109
9132
9732
9110
9133
9733
9111
9134
9734
9112
9135
9735
9113
9136
9736
9114
9137
9737
9115
9138
9738
9116
9139
9739
9117
9140
9740
9118
9141
9741
9119
9142
9742
9143
9743
9121
9144
9744
9122
9145
9745
9123
9146
9746
9124
9147
9747
9125
9148
9748
9126
9149
9749
9127
9150
9750
9128
9151
9751
9129
9152
9752
9130
9153
9753
9131
9154
9754
9132
9155
9755
9133
9156
9756
9134
9157
9757
9135
9158
9758
9136
9159
9759
9137
9160
9760
9138
9161
9761
9139
9162
9762
9140
9163
9763
9141
9164
9764
9142
9165
9765
9143
9166
9766
9167
9767
9145
9168
9768
9146
9169
9769
9147
9170
9770
9148
9171
9771
9149
9172
9772
9150
9173
9773
9151
9174
9774
9152
9175
9775
9153
9176
9776
9154
9177
9777
9155
9178
9778
9156
9179
9779
9157
9180
9780
9158
9181
9781
9159
9182
9782
9160
9183
9783
9161
9184
9784
9162
9185
9785
9163
9186
9786
9164
9187
9787
9165
9188
9788
9166
9189
9789
9167
9190
9790
9191
9791
9169
9192
9792
9170
9193
9793
9171
9194
9794
9172
9195
9795
9173
9196
9796
9174
9197
9797
9175
9198
9798
9176
9199
9799
9177
9200
9800
9178
9201
9801
9179
9202
9802
9180
9203
9803
9181
9204
9804
9182
9205
9805
9183
9206
9806
9184
9207
9807
9185
9208
9808
9186
9209
9809
9187
9210
9810
9188
9211
9811
9189
9212
9812
9190
9213
9813
9191
9214
9814
9215
9815
9193
9216
9816
9194
9217
9817
9195
9218
9818
9196
9219
9819
9197
9220
9820
9198
9221
9821
9199
9222
9822
9200
9223
9823
9201
9224
9824
9202
9225
9825
9203
9226
9826
9204
9227
9827
9205
9228
9828
9206
9229
9829
9207
9230
9830
9208
9231
9831
9209
9232
9832
9210
9233
9833
9211
9234
9834
9212
9235
9835
9213
9236
9836
9214
9237
9837
9215
9238
9838
9239
9839
9217
9240
9840
9218
9241
9841
9219
9242
9842
9220
9243
9843
9221
9244
9844
9222
9245
9845
9223
9246
9846
9224
9247
9847
9225
9248
9848
9226
9249
9849
9227
9250
9850
9228
9251
9851
9229
9252
9852
9230
9253
9853
9231
9254
9854
9232
9255
9855
9233
9256
9856
9234
9257
9857
9235
9258
9858
9236
9259
9859
9237
9260
9860
9238
9261
9861
9239
9262
9862
9263
9863
9241
9264
9864
9242
9265
9865
9243
9266
9866
9244
9267
9867
9245
9268
9868
9246
9269
9869
9247
9270
9870
9248
9271
9871
9249
9272
9872
9250
9273
9873
9251
9274
9874
9252
9275
9875
9253
9276
9876
9254
9277
9877
9255
9278
9878
9256
9279
9879
9257
9280
9880
9258
9281
9881
9259
9282
9882
9260
9283
9883
9261
9284
9884
9262
9285
9885
9263
9286
9886
9287
9887
9265
9288
9888
9266
9289
9889
9267
9290
9890
9268
9291
9891
9269
9292
9892
9270
9293
9893
9271
9294
9894
9272
9295
9895
9273
9296
9896
9274
9297
9897
9275
9298
9898
9276
9299
9899
9277
9300
9900
9278
9301
9901
9279
9302
9902
9280
9303
9903
9281
9304
9904
9282
9305
9905
9283
9306
9906
9284
9307
9907
9285
9308
9908
9286
9309
9909
9287
9310
9910
9311
9911
9289
9312
9912
9290
9313
9913
9291
9314
9914
9292
9315
9915
9293
9316
9916
9294
9317
9917
9295
9318
9918
9296
9319
9919
9297
9320
9920
9298
9321
9921
9299
9322
9922
9300
9323
9923
9301
9324
9924
9302
9325
9925
9303
9326
9926
9304
9327
9927
9305
9328
9928
9306
9329
9929
9307
9330
9930
9308
9331
9931
9309
9332
9932
9310
9333
9933
9311
9334
9934
9335
9935
9313
9336
9936
9314
9337
9937
9315
9338
9938
9316
9339
9939
9317
9340
9940
9318
9341
9941
9319
9342
9942
9320
9343
9943
9321
9344
9944
9322
9345
9945
9323
9346
9946
9324
9347
9947
9325
9348
9948
9326
9349
9949
9327
9350
9950
9328
9351
9951
9329
9352
9952
9330
9353
9953
9331
9354
9954
9332
9355
9955
9333
9356
9956
9334
9357
9957
9335
9358
9958
9359
9959
9337
9960
9338
9961
9339
9962
9340
9963
9341
9964
9342
9965
9343
9966
9344
9967
9345
9968
9346
9969
9347
9970
9348
9971
9349
9972
9350
9973
9351
9974
9352
9975
9353
9976
9354
9977
9355
9978
9356
9979
9357
9980
9358
9981
9359
9982
9983
9361
9384
9984
9362
9385
9985
9363
9386
9986
9364
9387
9987
9365
9388
9988
9366
9389
9989
9367
9390
9990
9368
9391
9991
9369
9392
9992
9370
9393
9993
9371
9394
9994
9372
9395
9995
9373
9396
9996
9374
9397
9997
9375
9398
9998
9376
9399
9999
9377
9400
10000
9378
9401
10001
9379
9402
10002
9380
9403
10003
9381
9404
10004
9382
9405
10005
9383
9406
10006
9407
10007
9385
9408
10008
9386
9409
10009
9387
9410
10010
9388
9411
10011
9389
9412
10012
9390
9413
10013
9391
9414
10014
9392
9415
10015
9393
9416
10016
9394
9417
10017
9395
9418
10018
9396
9419
10019
9397
9420
10020
9398
9421
10021
9399
9422
10022
9400
9423
10023
9401
9424
10024
9402
9425
10025
9403
9426
10026
9404
9427
10027
9405
9428
10028
9406
9429
10029
9407
9430
10030
9431
10031
9409
9432
10032
9410
9433
10033
9411
9434
10034
9412
9435
10035
9413
9436
10036
9414
9437
10037
9415
9438
10038
9416
9439
10039
9417
9440
10040
9418
9441
10041
9419
9442
10042
9420
9443
10043
9421
9444
10044
9422
9445
10045
9423
9446
10046
9424
9447
10047
9425
9448
10048
9426
9449
10049
9427
9450
10050
9428
9451
10051
9429
9452
10052
9430
9453
10053
9431
9454
10054
9455
10055
9433
9456
10056
9434
9457
10057
9435
9458
10058
9436
9459
10059
9437
9460
10060
9438
9461
10061
9439
9462
10062
9440
9463
10063
9441
9464
10064
9442
9465
10065
9443
9466
10066
9444
9467
10067
9445
9468
10068
9446
9469
10069
9447
9470
10070
9448
9471
10071
9449
9472
10072
9450
9473
10073
9451
9474
10074
9452
9475
10075
9453
9476
10076
9454
9477
10077
9455
9478
10078
9479
10079
9457
9480
10080
9458
9481
10081
9459
9482
10082
9460
9483
10083
9461
9484
10084
9462
9485
10085
9463
9486
10086
9464
9487
10087
9465
9488
10088
9466
9489
10089
9467
9490
10090
9468
9491
10091
9469
9492
10092
9470
9493
10093
9471
9494
10094
9472
9495
10095
9473
9496
10096
9474
9497
10097
9475
9498
10098
9476
9499
10099
9477
9500
10100
9478
9501
10101
9479
9502
10102
9503
10103
9481
9504
10104
9482
9505
10105
9483
9506
10106
9484
9507
10107
9485
9508
10108
9486
9509
10109
9487
9510
10110
9488
9511
10111
9489
9512
10112
9490
9513
10113
9491
9514
10114
9492
9515
10115
9493
9516
10116
9494
9517
10117
9495
9518
10118
9496
9519
10119
9497
9520
10120
9498
9521
10121
9499
9522
10122
9500
9523
10123
9501
9524
10124
9502
9525
10125
9503
9526
10126
9527
10127
9505
9528
10128
9506
9529
10129
9507
9530
10130
9508
9531
10131
9509
9532
10132
9510
9533
10133
9511
9534
10134
9512
9535
10135
9513
9536
10136
9514
9537
10137
9515
9538
10138
9516
9539
10139
9517
9540
10140
9518
9541
10141
9519
9542
10142
9520
9543
10143
9521
9544
10144
9522
9545
10145
9523
9546
10146
9524
9547
10147
9525
9548
10148
9526
9549
10149
9527
9550
10150
9551
10151
9529
9552
10152
9530
9553
10153
9531
9554
10154
9532
9555
10155
9533
9556
10156
9534
9557
10157
9535
9558
10158
9536
9559
10159
9537
9560
10160
9538
9561
10161
9539
9562
10162
9540
9563
10163
9541
9564
10164
9542
9565
10165
9543
9566
10166
9544
9567
10167
9545
9568
10168
9546
9569
10169
9547
9570
10170
9548
9571
10171
9549
9572
10172
9550
9573
10173
9551
9574
10174
9575
10175
9553
9576
10176
9554
9577
10177
9555
9578
10178
9556
9579
10179
9557
9580
10180
9558
9581
10181
9559
9582
10182
9560
9583
10183
9561
9584
10184
9562
9585
10185
9563
9586
10186
9564
9587
10187
9565
9588
10188
9566
9589
10189
9567
9590
10190
9568
9591
10191
9569
9592
10192
9570
9593
10193
9571
9594
10194
9572
9595
10195
9573
9596
10196
9574
9597
10197
9575
9598
10198
9599
10199
9577
9600
10200
9578
9601
10201
9579
9602
10202
9580
9603
10203
9581
9604
10204
9582
9605
10205
9583
9606
10206
9584
9607
10207
9585
9608
10208
9586
9609
10209
9587
9610
10210
9588
9611
10211
9589
9612
10212
9590
9613
10213
9591
9614
10214
9592
9615
10215
9593
9616
10216
9594
9617
10217
9595
9618
10218
9596
9619
10219
9597
9620
10220
9598
9621
10221
9599
9622
10222
9623
10223
9601
9624
10224
9602
9625
10225
9603
9626
10226
9604
9627
10227
9605
9628
10228
9606
9629
10229
9607
9630
10230
9608
9631
10231
9609
9632
10232
9610
9633
10233
9611
9634
10234
9612
9635
10235
9613
9636
10236
9614
9637
10237
9615
9638
10238
9616
9639
10239
9617
9640
10240
9618
9641
10241
9619
9642
10242
9620
9643
10243
9621
9644
10244
9622
9645
10245
9623
9646
10246
9647
10247
9625
9648
10248
9626
9649
10249
9627
9650
10250
9628
9651
10251
9629
9652
10252
9630
9653
10253
9631
9654
10254
9632
9655
10255
9633
9656
10256
9634
9657
10257
9635
9658
10258
9636
9659
10259
9637
9660
10260
9638
9661
10261
9639
9662
10262
9640
9663
10263
9641
9664
10264
9642
9665
10265
9643
9666
10266
9644
9667
10267
9645
9668
10268
9646
9669
10269
9647
9670
10270
9671
10271
9649
9672
10272
9650
9673
10273
9651
9674
10274
9652
9675
10275
9653
9676
10276
9654
9677
10277
9655
9678
10278
9656
9679
10279
9657
9680
10280
9658
9681
10281
9659
9682
10282
9660
9683
10283
9661
9684
10284
9662
9685
10285
9663
9686
10286
9664
9687
10287
9665
9688
10288
9666
9689
10289
9667
9690
10290
9668
9691
10291
9669
9692
10292
9670
9693
10293
9671
9694
10294
9695
10295
9673
9696
10296
9674
9697
10297
9675
9698
10298
9676
9699
10299
9677
9700
10300
9678
9701
10301
9679
9702
10302
9680
9703
10303
9681
9704
10304
9682
9705
10305
9683
9706
10306
9684
9707
10307
9685
9708
10308
9686
9709
10309
9687
9710
10310
9688
9711
10311
9689
9712
10312
9690
9713
10313
9691
9714
10314
9692
9715
10315
9693
9716
10316
9694
9717
10317
9695
9718
10318
9719
10319
9697
9720
10320
9698
9721
10321
9699
9722
10322
9700
9723
10323
9701
9724
10324
9702
9725
10325
9703
9726
10326
9704
9727
10327
9705
9728
10328
9706
9729
10329
9707
9730
10330
9708
9731
10331
9709
9732
10332
9710
9733
10333
9711
9734
10334
9712
9735
10335
9713
9736
10336
9714
9737
10337
9715
9738
10338
9716
9739
10339
9717
9740
10340
9718
9741
10341
9719
9742
10342
9743
10343
9721
9744
10344
9722
9745
10345
9723
9746
10346
9724
9747
10347
9725
9748
10348
9726
9749
10349
9727
9750
10350
9728
9751
10351
9729
9752
10352
9730
9753
10353
9731
9754
10354
9732
9755
10355
9733
9756
10356
9734
9757
10357
9735
9758
10358
9736
9759
10359
9737
9760
10360
9738
9761
10361
9739
9762
10362
9740
9763
10363
9741
9764
10364
9742
9765
10365
9743
9766
10366
9767
10367
9745
9768
10368
9746
9769
10369
9747
9770
10370
9748
9771
10371
9749
9772
10372
9750
9773
10373
9751
9774
10374
9752
9775
10375
9753
9776
10376
9754
9777
10377
9755
9778
10378
9756
9779
10379
9757
9780
10380
9758
9781
10381
9759
9782
10382
9760
9783
10383
9761
9784
10384
9762
9785
10385
9763
9786
10386
9764
9787
10387
9765
9788
10388
9766
9789
10389
9767
9790
10390
9791
10391
9769
9792
10392
9770
9793
10393
9771
9794
10394
9772
9795
10395
9773
9796
10396
9774
9797
10397
9775
9798
10398
9776
9799
10399
9777
9800
10400
9778
9801
10401
9779
9802
10402
9780
9803
10403
9781
9804
10404
9782
9805
10405
9783
9806
10406
9784
9807
10407
9785
9808
10408
9786
9809
10409
9787
9810
10410
9788
9811
10411
9789
9812
10412
9790
9813
10413
9791
9814
10414
9815
10415
9793
9816
10416
9794
9817
10417
9795
9818
10418
9796
9819
10419
9797
9820
10420
9798
9821
10421
9799
9822
10422
9800
9823
10423
9801
9824
10424
9802
9825
10425
9803
9826
10426
9804
9827
10427
9805
9828
10428
9806
9829
10429
9807
9830
10430
9808
9831
10431
9809
9832
10432
9810
9833
10433
9811
9834
10434
9812
9835
10435
9813
9836
10436
9814
9837
10437
9815
9838
10438
9839
10439
9817
9840
10440
9818
9841
10441
9819
9842
10442
9820
9843
10443
9821
9844
10444
9822
9845
10445
9823
9846
10446
9824
9847
10447
9825
9848
10448
9826
9849
10449
9827
9850
10450
9828
9851
10451
9829
9852
10452
9830
9853
10453
9831
9854
10454
9832
9855
10455
9833
9856
10456
9834
9857
10457
9835
9858
10458
9836
9859
10459
9837
9860
10460
9838
9861
10461
9839
9862
10462
9863
10463
9841
9864
10464
9842
9865
10465
9843
9866
10466
9844
9867
10467
9845
9868
10468
9846
9869
10469
9847
9870
10470
9848
9871
10471
9849
9872
10472
9850
9873
10473
9851
9874
10474
9852
9875
10475
9853
9876
10476
9854
9877
10477
9855
9878
10478
9856
9879
10479
9857
9880
10480
9858
9881
10481
9859
9882
10482
9860
9883
10483
9861
9884
10484
9862
9885
10485
9863
9886
10486
9887
10487
9865
9888
10488
9866
9889
10489
9867
9890
10490
9868
9891
10491
9869
9892
10492
9870
9893
10493
9871
9894
10494
9872
9895
10495
9873
9896
10496
9874
9897
10497
9875
9898
10498
9876
9899
10499
9877
9900
10500
9878
9901
10501
9879
9902
10502
9880
9903
10503
9881
9904
10504
9882
9905
10505
9883
9906
10506
9884
9907
10507
9885
9908
10508
9886
9909
10509
9887
9910
10510
9911
10511
9889
9912
10512
9890
9913
10513
9891
9914
10514
9892
9915
10515
9893
9916
10516
9894
9917
10517
9895
9918
10518
9896
9919
10519
9897
9920
10520
9898
9921
10521
9899
9922
10522
9900
9923
10523
9901
9924
10524
9902
9925
10525
9903
9926
10526
9904
9927
10527
9905
9928
10528
9906
9929
10529
9907
9930
10530
9908
9931
10531
9909
9932
10532
9910
9933
10533
9911
9934
10534
9935
10535
9913
9936
10536
9914
9937
10537
9915
9938
10538
9916
9939
10539
9917
9940
10540
9918
9941
10541
9919
9942
10542
9920
9943
10543
9921
9944
10544
9922
9945
10545
9923
9946
10546
9924
9947
10547
9925
9948
10548
9926
9949
10549
9927
9950
10550
9928
9951
10551
9929
9952
10552
9930
9953
10553
9931
9954
10554
9932
9955
10555
9933
9956
10556
9934
9957
10557
9935
9958
10558
9959
10559
9937
9960
10560
9938
9961
10561
9939
9962
10562
9940
9963
10563
9941
9964
10564
9942
9965
10565
9943
9966
10566
9944
9967
10567
9945
9968
10568
9946
9969
10569
9947
9970
10570
9948
9971
10571
9949
9972
10572
9950
9973
10573
9951
9974
10574
9952
9975
10575
9953
9976
10576
9954
9977
10577
9955
9978
10578
9956
9979
10579
9957
9980
10580
9958
9981
10581
9959
9982
10582
9983
10583
9961
10584
9962
10585
9963
10586
9964
10587
9965
10588
9966
10589
9967
10590
9968
10591
9969
10592
9970
10593
9971
10594
9972
10595
9973
10596
9974
10597
9975
10598
9976
10599
9977
10600
9978
10601
9979
10602
9980
10603
9981
10604
9982
10605
9983
10606
10607
9985
10008
10608
9986
10009
10609
9987
10010
10610
9988
10011
10611
9989
10012
10612
9990
10013
10613
9991
10014
10614
9992
10015
10615
9993
10016
10616
9994
10017
10617
9995
10018
10618
9996
10019
10619
9997
10020
10620
9998
10021
10621
9999
10022
10622
10000
10023
10623
10001
10024
10624
10002
10025
10625
10003
10026
10626
10004
10027
10627
10005
10028
10628
10006
10029
10629
10007
10030
10630
10031
10631
10009
10032
10632
10010
10033
10633
10011
10034
10634
10012
10035
10635
10013
10036
10636
10014
10037
10637
10015
10038
10638
10016
10039
10639
10017
10040
10640
10018
10041
10641
10019
10042
10642
10020
10043
10643
10021
10044
10644
10022
10045
10645
10023
10046
10646
10024
10047
10647
10025
10048
10648
10026
10049
10649
10027
10050
10650
10028
10051
10651
10029
10052
10652
10030
10053
10653
10031
10054
10654
10055
10655
10033
10056
10656
10034
10057
10657
10035
10058
10658
10036
10059
10659
10037
10060
10660
10038
10061
10661
10039
10062
10662
10040
10063
10663
10041
10064
10664
10042
10065
10665
10043
10066
10666
10044
10067
10667
10045
10068
10668
10046
10069
10669
10047
10070
10670
10048
10071
10671
10049
10072
10672
10050
10073
10673
10051
10074
10674
10052
10075
10675
10053
10076
10676
10054
10077
10677
10055
10078
10678
10079
10679
10057
10080
10680
10058
10081
10681
10059
10082
10682
10060
10083
10683
10061
10084
10684
10062
10085
10685
10063
10086
10686
10064
10087
10687
10065
10088
10688
10066
10089
10689
10067
10090
10690
10068
10091
10691
10069
10092
10692
10070
10093
10693
10071
10094
10694
10072
10095
10695
10073
10096
10696
10074
10097
10697
10075
10098
10698
10076
10099
10699
10077
10100
10700
10078
10101
10701
10079
10102
10702
10103
10703
10081
10104
10704
10082
10105
10705
10083
10106
10706
10084
10107
10707
10085
10108
10708
10086
10109
10709
10087
10110
10710
10088
10111
10711
10089
10112
10712
10090
10113
10713
10091
10114
10714
10092
10115
10715
10093
10116
10716
10094
10117
10717
10095
10118
10718
10096
10119
10719
10097
10120
10720
10098
10121
10721
10099
10122
10722
10100
10123
10723
10101
10124
10724
10102
10125
10725
10103
10126
10726
10127
10727
10105
10128
10728
10106
10129
10729
10107
10130
10730
10108
10131
10731
10109
10132
10732
10110
10133
10733
10111
10134
10734
10112
10135
10735
10113
10136
10736
10114
10137
10737
10115
10138
10738
10116
10139
10739
10117
10140
10740
10118
10141
10741
10119
10142
10742
10120
10143
10743
10121
10144
10744
10122
10145
10745
10123
10146
10746
10124
10147
10747
10125
10148
10748
10126
10149
10749
10127
10150
10750
10151
10751
10129
10152
10752
10130
10153
10753
10131
10154
10754
10132
10155
10755
10133
10156
10756
10134
10157
10757
10135
10158
10758
10136
10159
10759
10137
10160
10760
10138
10161
10761
10139
10162
10762
10140
10163
10763
10141
10164
10764
10142
10165
10765
10143
10166
10766
10144
10167
10767
10145
10168
10768
10146
10169
10769
10147
10170
10770
10148
10171
10771
10149
10172
10772
10150
10173
10773
10151
10174
10774
10175
10775
10153
10176
10776
10154
10177
10777
10155
10178
10778
10156
10179
10779
10157
10180
10780
10158
10181
10781
10159
10182
10782
10160
10183
10783
10161
10184
10784
10162
10185
10785
10163
10186
10786
10164
10187
10787
10165
10188
10788
10166
10189
10789
10167
10190
10790
10168
10191
10791
10169
10192
10792
10170
10193
10793
10171
10194
10794
10172
10195
10795
10173
10196
10796
10174
10197
10797
10175
10198
10798
10199
10799
10177
10200
10800
10178
10201
10801
10179
10202
10802
10180
10203
10803
10181
10204
10804
10182
10205
10805
10183
10206
10806
10184
10207
10807
10185
10208
10808
10186
10209
10809
10187
10210
10810
10188
10211
10811
10189
10212
10812
10190
10213
10813
10191
10214
10814
10192
10215
10815
10193
10216
10816
10194
10217
10817
10195
10218
10818
10196
10219
10819
10197
10220
10820
10198
10221
10821
10199
10222
10822
10223
10823
10201
10224
10824
10202
10225
10825
10203
10226
10826
10204
10227
10827
10205
10228
10828
10206
10229
10829
10207
10230
10830
10208
10231
10831
10209
10232
10832
10210
10233
10833
10211
10234
10834
10212
10235
10835
10213
10236
10836
10214
10237
10837
10215
10238
10838
10216
10239
10839
10217
10240
10840
10218
10241
10841
10219
10242
10842
10220
10243
10843
10221
10244
10844
10222
10245
10845
10223
10246
10846
10247
10847
10225
10248
10848
10226
10249
10849
10227
10250
10850
10228
10251
10851
10229
10252
10852
10230
10253
10853
10231
10254
10854
10232
10255
10855
10233
10256
10856
10234
10257
10857
10235
10258
10858
10236
10259
10859
10237
10260
10860
10238
10261
10861
10239
10262
10862
10240
10263
10863
10241
10264
10864
10242
10265
10865
10243
10266
10866
10244
10267
10867
10245
10268
10868
10246
10269
10869
10247
10270
10870
10271
10871
10249
10272
10872
10250
10273
10873
10251
10274
10874
10252
10275
10875
10253
10276
10876
10254
10277
10877
10255
10278
10878
10256
10279
10879
10257
10280
10880
10258
10281
10881
10259
10282
10882
10260
10283
10883
10261
10284
10884
10262
10285
10885
10263
10286
10886
10264
10287
10887
10265
10288
10888
10266
10289
10889
10267
10290
10890
10268
10291
10891
10269
10292
10892
10270
10293
10893
10271
10294
10894
10295
10895
10273
10296
10896
10274
10297
10897
10275
10298
10898
10276
10299
10899
10277
10300
10900
10278
10301
10901
10279
10302
10902
10280
10303
10903
10281
10304
10904
10282
10305
10905
10283
10306
10906
10284
10307
10907
10285
10308
10908
10286
10309
10909
10287
10310
10910
10288
10311
10911
10289
10312
10912
10290
10313
10913
10291
10314
10914
10292
10315
10915
10293
10316
10916
10294
10317
10917
10295
10318
10918
10319
10919
10297
10320
10920
10298
10321
10921
10299
10322
10922
10300
10323
10923
10301
10324
10924
10302
10325
10925
10303
10326
10926
10304
10327
10927
10305
10328
10928
10306
10329
10929
10307
10330
10930
10308
10331
10931
10309
10332
10932
10310
10333
10933
10311
10334
10934
10312
10335
10935
10313
10336
10936
10314
10337
10937
10315
10338
10938
10316
10339
10939
10317
10340
10940
10318
10341
10941
10319
10342
10942
10343
10943
10321
10344
10944
10322
10345
10945
10323
10346
10946
10324
10347
10947
10325
10348
10948
10326
10349
10949
10327
10350
10950
10328
10351
10951
10329
10352
10952
10330
10353
10953
10331
10354
10954
10332
10355
10955
10333
10356
10956
10334
10357
10957
10335
10358
10958
10336
10359
10959
10337
10360
10960
10338
10361
10961
10339
10362
10962
10340
10363
10963
10341
10364
10964
10342
10365
10965
10343
10366
10966
10367
10967
10345
10368
10968
10346
10369
10969
10347
10370
10970
10348
10371
10971
10349
10372
10972
10350
10373
10973
10351
10374
10974
10352
10375
10975
10353
10376
10976
10354
10377
10977
10355
10378
10978
10356
10379
10979
10357
10380
10980
10358
10381
10981
10359
10382
10982
10360
10383
10983
10361
10384
10984
10362
10385
10985
10363
10386
10986
10364
10387
10987
10365
10388
10988
10366
10389
10989
10367
10390
10990
10391
10991
10369
10392
10992
10370
10393
10993
10371
10394
10994
10372
10395
10995
10373
10396
10996
10374
10397
10997
10375
10398
10998
10376
10399
10999
10377
10400
11000
10378
10401
11001
10379
10402
11002
10380
10403
11003
10381
10404
11004
10382
10405
11005
10383
10406
11006
10384
10407
11007
10385
10408
11008
10386
10409
11009
10387
10410
11010
10388
10411
11011
10389
10412
11012
10390
10413
11013
10391
10414
11014
10415
11015
10393
10416
11016
10394
10417
11017
10395
10418
11018
10396
10419
11019
10397
10420
11020
10398
10421
11021
10399
10422
11022
10400
10423
11023
10401
10424
11024
10402
10425
11025
10403
10426
11026
10404
10427
11027
10405
10428
11028
10406
10429
11029
10407
10430
11030
10408
10431
11031
10409
10432
11032
10410
10433
11033
10411
10434
11034
10412
10435
11035
10413
10436
11036
10414
10437
11037
10415
10438
11038
10439
11039
10417
10440
11040
10418
10441
11041
10419
10442
11042
10420
10443
11043
10421
10444
11044
10422
10445
11045
10423
10446
11046
10424
10447
11047
10425
10448
11048
10426
10449
11049
10427
10450
11050
10428
10451
11051
10429
10452
11052
10430
10453
11053
10431
10454
11054
10432
10455
11055
10433
10456
11056
10434
10457
11057
10435
10458
11058
10436
10459
11059
10437
10460
11060
10438
10461
11061
10439
10462
11062
10463
11063
10441
10464
11064
10442
10465
11065
10443
10466
11066
10444
10467
11067
10445
10468
11068
10446
10469
11069
10447
10470
11070
10448
10471
11071
10449
10472
11072
10450
10473
11073
10451
10474
11074
10452
10475
11075
10453
10476
11076
10454
10477
11077
10455
10478
11078
10456
10479
11079
10457
10480
11080
10458
10481
11081
10459
10482
11082
10460
10483
11083
10461
10484
11084
10462
10485
11085
10463
10486
11086
10487
11087
10465
10488
11088
10466
10489
11089
10467
10490
11090
10468
10491
11091
10469
10492
11092
10470
10493
11093
10471
10494
11094
10472
10495
11095
10473
10496
11096
10474
10497
11097
10475
10498
11098
10476
10499
11099
10477
10500
11100
10478
10501
11101
10479
10502
11102
10480
10503
11103
10481
10504
11104
10482
10505
11105
10483
10506
11106
10484
10507
11107
10485
10508
11108
10486
10509
11109
10487
10510
11110
10511
11111
10489
10512
11112
10490
10513
11113
10491
10514
11114
10492
10515
11115
10493
10516
11116
10494
10517
11117
10495
10518
11118
10496
10519
11119
10497
10520
11120
10498
10521
11121
10499
10522
11122
10500
10523
11123
10501
10524
11124
10502
10525
11125
10503
10526
11126
10504
10527
11127
10505
10528
11128
10506
10529
11129
10507
10530
11130
10508
10531
11131
10509
10532
11132
10510
10533
11133
10511
10534
11134
10535
11135
10513
10536
11136
10514
10537
11137
10515
10538
11138
10516
10539
11139
10517
10540
11140
10518
10541
11141
10519
10542
11142
10520
10543
11143
10521
10544
11144
10522
10545
11145
10523
10546
11146
10524
10547
11147
10525
10548
11148
10526
10549
11149
10527
10550
11150
10528
10551
11151
10529
10552
11152
10530
10553
11153
10531
10554
11154
10532
10555
11155
10533
10556
11156
10534
10557
11157
10535
10558
11158
10559
11159
10537
10560
11160
10538
10561
11161
10539
10562
11162
10540
10563
11163
10541
10564
11164
10542
10565
11165
10543
10566
11166
10544
10567
11167
10545
10568
11168
10546
10569
11169
10547
10570
11170
10548
10571
11171
10549
10572
11172
10550
10573
11173
10551
10574
11174
10552
10575
11175
10553
10576
11176
10554
10577
11177
10555
10578
11178
10556
10579
11179
10557
10580
11180
10558
10581
11181
10559
10582
11182
10583
11183
10561
10584
11184
10562
10585
11185
10563
10586
11186
10564
10587
11187
10565
10588
11188
10566
10589
11189
10567
10590
11190
10568
10591
11191
10569
10592
11192
10570
10593
11193
10571
10594
11194
10572
10595
11195
10573
10596
11196
10574
10597
11197
10575
10598
11198
10576
10599
11199
10577
10600
11200
10578
10601
11201
10579
10602
11202
10580
10603
11203
10581
10604
11204
10582
10605
11205
10583
10606
11206
10607
11207
10585
11208
10586
11209
10587
11210
10588
11211
10589
11212
10590
11213
10591
11214
10592
11215
10593
11216
10594
11217
10595
11218
10596
11219
10597
11220
10598
11221
10599
11222
10600
11223
10601
11224
10602
11225
10603
11226
10604
11227
10605
11228
10606
11229
10607
11230
11231
10609
10632
11232
10610
10633
11233
10611
10634
11234
10612
10635
11235
10613
10636
11236
10614
10637
11237
10615
10638
11238
10616
10639
11239
10617
10640
11240
10618
10641
11241
10619
10642
11242
10620
10643
11243
10621
10644
11244
10622
10645
11245
10623
10646
11246
10624
10647
11247
10625
10648
11248
10626
10649
11249
10627
10650
11250
10628
10651
11251
10629
10652
11252
10630
10653
11253
10631
10654
11254
10655
11255
10633
10656
11256
10634
10657
11257
10635
10658
11258
10636
10659
11259
10637
10660
11260
10638
10661
11261
10639
10662
11262
10640
10663
11263
10641
10664
11264
10642
10665
11265
10643
10666
11266
10644
10667
11267
10645
10668
11268
10646
10669
11269
10647
10670
11270
10648
10671
11271
10649
10672
11272
10650
10673
11273
10651
10674
11274
10652
10675
11275
10653
10676
11276
10654
10677
11277
10655
10678
11278
10679
11279
10657
10680
11280
10658
10681
11281
10659
10682
11282
10660
10683
11283
10661
10684
11284
10662
10685
11285
10663
10686
11286
10664
10687
11287
10665
10688
11288
10666
10689
11289
10667
10690
11290
10668
10691
11291
10669
10692
11292
10670
10693
11293
10671
10694
11294
10672
10695
11295
10673
10696
11296
10674
10697
11297
10675
10698
11298
10676
10699
11299
10677
10700
11300
10678
10701
11301
10679
10702
11302
10703
11303
10681
10704
11304
10682
10705
11305
10683
10706
11306
10684
10707
11307
10685
10708
11308
10686
10709
11309
10687
10710
11310
10688
10711
11311
10689
10712
11312
10690
10713
11313
10691
10714
11314
10692
10715
11315
10693
10716
11316
10694
10717
11317
10695
10718
11318
10696
10719
11319
10697
10720
11320
10698
10721
11321
10699
10722
11322
10700
10723
11323
10701
10724
11324
10702
10725
11325
10703
10726
11326
10727
11327
10705
10728
11328
10706
10729
11329
10707
10730
11330
10708
10731
11331
10709
10732
11332
10710
10733
11333
10711
10734
11334
10712
10735
11335
10713
10736
11336
10714
10737
11337
10715
10738
11338
10716
10739
11339
10717
10740
11340
10718
10741
11341
10719
10742
11342
10720
10743
11343
10721
10744
11344
10722
10745
11345
10723
10746
11346
10724
10747
11347
10725
10748
11348
10726
10749
11349
10727
10750
11350
10751
11351
10729
10752
11352
10730
10753
11353
10731
10754
11354
10732
10755
11355
10733
10756
11356
10734
10757
11357
10735
10758
11358
10736
10759
11359
10737
10760
11360
10738
10761
11361
10739
10762
11362
10740
10763
11363
10741
10764
11364
10742
10765
11365
10743
10766
11366
10744
10767
11367
10745
10768
11368
10746
10769
11369
10747
10770
11370
10748
10771
11371
10749
10772
11372
10750
10773
11373
10751
10774
11374
10775
11375
10753
10776
11376
10754
10777
11377
10755
10778
11378
10756
10779
11379
10757
10780
11380
10758
10781
11381
10759
10782
11382
10760
10783
11383
10761
10784
11384
10762
10785
11385
10763
10786
11386
10764
10787
11387
10765
10788
11388
10766
10789
11389
10767
10790
11390
10768
10791
11391
10769
10792
11392
10770
10793
11393
10771
10794
11394
10772
10795
11395
10773
10796
11396
10774
10797
11397
10775
10798
11398
10799
11399
10777
10800
11400
10778
10801
11401
10779
10802
11402
10780
10803
11403
10781
10804
11404
10782
10805
11405
10783
10806
11406
10784
10807
11407
10785
10808
11408
10786
10809
11409
10787
10810
11410
10788
10811
11411
10789
10812
11412
10790
10813
11413
10791
10814
11414
10792
10815
11415
10793
10816
11416
10794
10817
11417
10795
10818
11418
10796
10819
11419
10797
10820
11420
10798
10821
11421
10799
10822
11422
10823
11423
10801
10824
11424
10802
10825
11425
10803
10826
11426
10804
10827
11427
10805
10828
11428
10806
10829
11429
10807
10830
11430
10808
10831
11431
10809
10832
11432
10810
10833
11433
10811
10834
11434
10812
10835
11435
10813
10836
11436
10814
10837
11437
10815
10838
11438
10816
10839
11439
10817
10840
11440
10818
10841
11441
10819
10842
11442
10820
10843
11443
10821
10844
11444
10822
10845
11445
10823
10846
11446
10847
11447
10825
10848
11448
10826
10849
11449
10827
10850
11450
10828
10851
11451
10829
10852
11452
10830
10853
11453
10831
10854
11454
10832
10855
11455
10833
10856
11456
10834
10857
11457
10835
10858
11458
10836
10859
11459
10837
10860
11460
10838
10861
11461
10839
10862
11462
10840
10863
11463
10841
10864
11464
10842
10865
11465
10843
10866
11466
10844
10867
11467
10845
10868
11468
10846
10869
11469
10847
10870
11470
10871
11471
10849
10872
11472
10850
10873
11473
10851
10874
11474
10852
10875
11475
10853
10876
11476
10854
10877
11477
10855
10878
11478
10856
10879
11479
10857
10880
11480
10858
10881
11481
10859
10882
11482
10860
10883
11483
10861
10884
11484
10862
10885
11485
10863
10886
11486
10864
10887
11487
10865
10888
11488
10866
10889
11489
10867
10890
11490
10868
10891
11491
10869
10892
11492
10870
10893
11493
10871
10894
11494
10895
11495
10873
10896
11496
10874
10897
11497
10875
10898
11498
10876
10899
11499
10877
10900
11500
10878
10901
11501
10879
10902
11502
10880
10903
11503
10881
10904
11504
10882
10905
11505
10883
10906
11506
10884
10907
11507
10885
10908
11508
10886
10909
11509
10887
10910
11510
10888
10911
11511
10889
10912
11512
10890
10913
11513
10891
10914
11514
10892
10915
11515
10893
10916
11516
10894
10917
11517
10895
10918
11518
10919
11519
10897
10920
11520
10898
10921
11521
10899
10922
11522
10900
10923
11523
10901
10924
11524
10902
10925
11525
10903
10926
11526
10904
10927
11527
10905
10928
11528
10906
10929
11529
10907
10930
11530
10908
10931
11531
10909
10932
11532
10910
10933
11533
10911
10934
11534
10912
10935
11535
10913
10936
11536
10914
10937
11537
10915
10938
11538
10916
10939
11539
10917
10940
11540
10918
10941
11541
10919
10942
11542
10943
11543
10921
10944
11544
10922
10945
11545
10923
10946
11546
10924
10947
11547
10925
10948
11548
10926
10949
11549
10927
10950
11550
10928
10951
11551
10929
10952
11552
10930
10953
11553
10931
10954
11554
10932
10955
11555
10933
10956
11556
10934
10957
11557
10935
10958
11558
10936
10959
11559
10937
10960
11560
10938
10961
11561
10939
10962
11562
10940
10963
11563
10941
10964
11564
10942
10965
11565
10943
10966
11566
10967
11567
10945
10968
11568
10946
10969
11569
10947
10970
11570
10948
10971
11571
10949
10972
11572
10950
10973
11573
10951
10974
11574
10952
10975
11575
10953
10976
11576
10954
10977
11577
10955
10978
11578
10956
10979
11579
10957
10980
11580
10958
10981
11581
10959
10982
11582
10960
10983
11583
10961
10984
11584
10962
10985
11585
10963
10986
11586
10964
10987
11587
10965
10988
11588
10966
10989
11589
10967
10990
11590
10991
11591
10969
10992
11592
10970
10993
11593
10971
10994
11594
10972
10995
11595
10973
10996
11596
10974
10997
11597
10975
10998
11598
10976
10999
11599
10977
11000
11600
10978
11001
11601
10979
11002
11602
10980
11003
11603
10981
11004
11604
10982
11005
11605
10983
11006
11606
10984
11007
11607
10985
11008
11608
10986
11009
11609
10987
11010
11610
10988
11011
11611
10989
11012
11612
10990
11013
11613
10991
11014
11614
11015
11615
10993
11016
11616
10994
11017
11617
10995
11018
11618
10996
11019
11619
10997
11020
11620
10998
11021
11621
10999
11022
11622
11000
11023
11623
11001
11024
11624
11002
11025
11625
11003
11026
11626
11004
11027
11627
11005
11028
11628
11006
11029
11629
11007
11030
11630
11008
11031
11631
11009
11032
11632
11010
11033
11633
11011
11034
11634
11012
11035
11635
11013
11036
11636
11014
11037
11637
11015
11038
11638
11039
11639
11017
11040
11640
11018
11041
11641
11019
11042
11642
11020
11043
11643
11021
11044
11644
11022
11045
11645
11023
11046
11646
11024
11047
11647
11025
11048
11648
11026
11049
11649
11027
11050
11650
11028
11051
11651
11029
11052
11652
11030
11053
11653
11031
11054
11654
11032
11055
11655
11033
11056
11656
11034
11057
11657
11035
11058
11658
11036
11059
11659
11037
11060
11660
11038
11061
11661
11039
11062
11662
11063
11663
11041
11064
11664
11042
11065
11665
11043
11066
11666
11044
11067
11667
11045
11068
11668
11046
11069
11669
11047
11070
11670
11048
11071
11671
11049
11072
11672
11050
11073
11673
11051
11074
11674
11052
11075
11675
11053
11076
11676
11054
11077
11677
11055
11078
11678
11056
11079
11679
11057
11080
11680
11058
11081
11681
11059
11082
11682
11060
11083
11683
11061
11084
11684
11062
11085
11685
11063
11086
11686
11087
11687
11065
11088
11688
11066
11089
11689
11067
11090
11690
11068
11091
11691
11069
11092
11692
11070
11093
11693
11071
11094
11694
11072
11095
11695
11073
11096
11696
11074
11097
11697
11075
11098
11698
11076
11099
11699
11077
11100
11700
11078
11101
11701
11079
11102
11702
11080
11103
11703
11081
11104
11704
11082
11105
11705
11083
11106
11706
11084
11107
11707
11085
11108
11708
11086
11109
11709
11087
11110
11710
11111
11711
11089
11112
11712
11090
11113
11713
11091
11114
11714
11092
11115
11715
11093
11116
11716
11094
11117
11717
11095
11118
11718
11096
11119
11719
11097
11120
11720
11098
11121
11721
11099
11122
11722
11100
11123
11723
11101
11124
11724
11102
11125
11725
11103
11126
11726
11104
11127
11727
11105
11128
11728
11106
11129
11729
11107
11130
11730
11108
11131
11731
11109
11132
11732
11110
11133
11733
11111
11134
11734
11135
11735
11113
11136
11736
11114
11137
11737
11115
11138
11738
11116
11139
11739
11117
11140
11740
11118
11141
11741
11119
11142
11742
11120
11143
11743
11121
11144
11744
11122
11145
11745
11123
11146
11746
11124
11147
11747
11125
11148
11748
11126
11149
11749
11127
11150
11750
11128
11151
11751
11129
11152
11752
11130
11153
11753
11131
11154
11754
11132
11155
11755
11133
11156
11756
11134
11157
11757
11135
11158
11758
11159
11759
11137
11160
11760
11138
11161
11761
11139
11162
11762
11140
11163
11763
11141
11164
11764
11142
11165
11765
11143
11166
11766
11144
11167
11767
11145
11168
11768
11146
11169
11769
11147
11170
11770
11148
11171
11771
11149
11172
11772
11150
11173
11773
11151
11174
11774
11152
11175
11775
11153
11176
11776
11154
11177
11777
11155
11178
11778
11156
11179
11779
11157
11180
11780
11158
11181
11781
11159
11182
11782
11183
11783
11161
11184
11784
11162
11185
11785
11163
11186
11786
11164
11187
11787
11165
11188
11788
11166
11189
11789
11167
11190
11790
11168
11191
11791
11169
11192
11792
11170
11193
11793
11171
11194
11794
11172
11195
11795
11173
11196
11796
11174
11197
11797
11175
11198
11798
11176
11199
11799
11177
11200
11800
11178
11201
11801
11179
11202
11802
11180
11203
11803
11181
11204
11804
11182
11205
11805
11183
11206
11806
11207
11807
11185
11208
11808
11186
11209
11809
11187
11210
11810
11188
11211
11811
11189
11212
11812
11190
11213
11813
11191
11214
11814
11192
11215
11815
11193
11216
11816
11194
11217
11817
11195
11218
11818
11196
11219
11819
11197
11220
11820
11198
11221
11821
11199
11222
11822
11200
11223
11823
11201
11224
11824
11202
11225
11825
11203
11226
11826
11204
11227
11827
11205
11228
11828
11206
11229
11829
11207
11230
11830
11231
11831
11209
11832
11210
11833
11211
11834
11212
11835
11213
11836
11214
11837
11215
11838
11216
11839
11217
11840
11218
11841
11219
11842
11220
11843
11221
11844
11222
11845
11223
11846
11224
11847
11225
11848
11226
11849
11227
11850
11228
11851
11229
11852
11230
11853
11231
11854
11855
11233
11256
11856
11234
11257
11857
11235
11258
11858
11236
11259
11859
11237
11260
11860
11238
11261
11861
11239
11262
11862
11240
11263
11863
11241
11264
11864
11242
11265
11865
11243
11266
11866
11244
11267
11867
11245
11268
11868
11246
11269
11869
11247
11270
11870
11248
11271
11871
11249
11272
11872
11250
11273
11873
11251
11274
11874
11252
11275
11875
11253
11276
11876
11254
11277
11877
11255
11278
11878
11279
11879
11257
11280
11880
11258
11281
11881
11259
11282
11882
11260
11283
11883
11261
11284
11884
11262
11285
11885
11263
11286
11886
11264
11287
11887
11265
11288
11888
11266
11289
11889
11267
11290
11890
11268
11291
11891
11269
11292
11892
11270
11293
11893
11271
11294
11894
11272
11295
11895
11273
11296
11896
11274
11297
11897
11275
11298
11898
11276
11299
11899
11277
11300
11900
11278
11301
11901
11279
11302
11902
11303
11903
11281
11304
11904
11282
11305
11905
11283
11306
11906
11284
11307
11907
11285
11308
11908
11286
11309
11909
11287
11310
11910
11288
11311
11911
11289
11312
11912
11290
11313
11913
11291
11314
11914
11292
11315
11915
11293
11316
11916
11294
11317
11917
11295
11318
11918
11296
11319
11919
11297
11320
11920
11298
11321
11921
11299
11322
11922
11300
11323
11923
11301
11324
11924
11302
11325
11925
11303
11326
11926
11327
11927
11305
11328
11928
11306
11329
11929
11307
11330
11930
11308
11331
11931
11309
11332
11932
11310
11333
11933
11311
11334
11934
11312
11335
11935
11313
11336
11936
11314
11337
11937
11315
11338
11938
11316
11339
11939
11317
11340
11940
11318
11341
11941
11319
11342
11942
11320
11343
11943
11321
11344
11944
11322
11345
11945
11323
11346
11946
11324
11347
11947
11325
11348
11948
11326
11349
11949
11327
11350
11950
11351
11951
11329
11352
11952
11330
11353
11953
11331
11354
11954
11332
11355
11955
11333
11356
11956
11334
11357
11957
11335
11358
11958
11336
11359
11959
11337
11360
11960
11338
11361
11961
11339
11362
11962
11340
11363
11963
11341
11364
11964
11342
11365
11965
11343
11366
11966
11344
11367
11967
11345
11368
11968
11346
11369
11969
11347
11370
11970
11348
11371
11971
11349
11372
11972
11350
11373
11973
11351
11374
11974
11375
11975
11353
11376
11976
11354
11377
11977
11355
11378
11978
11356
11379
11979
11357
11380
11980
11358
11381
11981
11359
11382
11982
11360
11383
11983
11361
11384
11984
11362
11385
11985
11363
11386
11986
11364
11387
11987
11365
11388
11988
11366
11389
11989
11367
11390
11990
11368
11391
11991
11369
11392
11992
11370
11393
11993
11371
11394
11994
11372
11395
11995
11373
11396
11996
11374
11397
11997
11375
11398
11998
11399
11999
11377
11400
12000
11378
11401
12001
11379
11402
12002
11380
11403
12003
11381
11404
12004
11382
11405
12005
11383
11406
12006
11384
11407
12007
11385
11408
12008
11386
11409
12009
11387
11410
12010
11388
11411
12011
11389
11412
12012
11390
11413
12013
11391
11414
12014
11392
11415
12015
11393
11416
12016
11394
11417
12017
11395
11418
12018
11396
11419
12019
11397
11420
12020
11398
11421
12021
11399
11422
12022
11423
12023
11401
11424
12024
11402
11425
12025
11403
11426
12026
11404
11427
12027
11405
11428
12028
11406
11429
12029
11407
11430
12030
11408
11431
12031
11409
11432
12032
11410
11433
12033
11411
11434
12034
11412
11435
12035
11413
11436
12036
11414
11437
12037
11415
11438
12038
11416
11439
12039
11417
11440
12040
11418
11441
12041
11419
11442
12042
11420
11443
12043
11421
11444
12044
11422
11445
12045
11423
11446
12046
11447
12047
11425
11448
12048
11426
11449
12049
11427
11450
12050
11428
11451
12051
11429
11452
12052
11430
11453
12053
11431
11454
12054
11432
11455
12055
11433
11456
12056
11434
11457
12057
11435
11458
12058
11436
11459
12059
11437
11460
12060
11438
11461
12061
11439
11462
12062
11440
11463
12063
11441
11464
12064
11442
11465
12065
11443
11466
12066
11444
11467
12067
11445
11468
12068
11446
11469
12069
11447
11470
12070
11471
12071
11449
11472
12072
11450
11473
12073
11451
11474
12074
11452
11475
12075
11453
11476
12076
11454
11477
12077
11455
11478
12078
11456
11479
12079
11457
11480
12080
11458
11481
12081
11459
11482
12082
11460
11483
12083
11461
11484
12084
11462
11485
12085
11463
11486
12086
11464
11487
12087
11465
11488
12088
11466
11489
12089
11467
11490
12090
11468
11491
12091
11469
11492
12092
11470
11493
12093
11471
11494
12094
11495
12095
11473
11496
12096
11474
11497
12097
11475
11498
12098
11476
11499
12099
11477
11500
12100
11478
11501
12101
11479
11502
12102
11480
11503
12103
11481
11504
12104
11482
11505
12105
11483
11506
12106
11484
11507
12107
11485
11508
12108
11486
11509
12109
11487
11510
12110
11488
11511
12111
11489
11512
12112
11490
11513
12113
11491
11514
12114
11492
11515
12115
11493
11516
12116
11494
11517
12117
11495
11518
12118
11519
12119
11497
11520
12120
11498
11521
12121
11499
11522
12122
11500
11523
12123
11501
11524
12124
11502
11525
12125
11503
11526
12126
11504
11527
12127
11505
11528
12128
11506
11529
12129
11507
11530
12130
11508
11531
12131
11509
11532
12132
11510
11533
12133
11511
11534
12134
11512
11535
12135
11513
11536
12136
11514
11537
12137
11515
11538
12138
11516
11539
12139
11517
11540
12140
11518
11541
12141
11519
11542
12142
11543
12143
11521
11544
12144
11522
11545
12145
11523
11546
12146
11524
11547
12147
11525
11548
12148
11526
11549
12149
11527
11550
12150
11528
11551
12151
11529
11552
12152
11530
11553
12153
11531
11554
12154
11532
11555
12155
11533
11556
12156
11534
11557
12157
11535
11558
12158
11536
11559
12159
11537
11560
12160
11538
11561
12161
11539
11562
12162
11540
11563
12163
11541
11564
12164
11542
11565
12165
11543
11566
12166
11567
12167
11545
11568
12168
11546
11569
12169
11547
11570
12170
11548
11571
12171
11549
11572
12172
11550
11573
12173
11551
11574
12174
11552
11575
12175
11553
11576
12176
11554
11577
12177
11555
11578
12178
11556
11579
12179
11557
11580
12180
11558
11581
12181
11559
11582
12182
11560
11583
12183
11561
11584
12184
11562
11585
12185
11563
11586
12186
11564
11587
12187
11565
11588
12188
11566
11589
12189
11567
11590
12190
11591
12191
11569
11592
12192
11570
11593
12193
11571
11594
12194
11572
11595
12195
11573
11596
12196
11574
11597
12197
11575
11598
12198
11576
11599
12199
11577
11600
12200
11578
11601
12201
11579
11602
12202
11580
11603
12203
11581
11604
12204
11582
11605
12205
11583
11606
12206
11584
11607
12207
11585
11608
12208
11586
11609
12209
11587
11610
12210
11588
11611
12211
11589
11612
12212
11590
11613
12213
11591
11614
12214
11615
12215
11593
11616
12216
11594
11617
12217
11595
11618
12218
11596
11619
12219
11597
11620
12220
11598
11621
12221
11599
11622
12222
11600
11623
12223
11601
11624
12224
11602
11625
12225
11603
11626
12226
11604
11627
12227
11605
11628
12228
11606
11629
12229
11607
11630
12230
11608
11631
12231
11609
11632
12232
11610
11633
12233
11611
11634
12234
11612
11635
12235
11613
11636
12236
11614
11637
12237
11615
11638
12238
11639
12239
11617
11640
12240
11618
11641
12241
11619
11642
12242
11620
11643
12243
11621
11644
12244
11622
11645
12245
11623
11646
12246
11624
11647
12247
11625
11648
12248
11626
11649
12249
11627
11650
12250
11628
11651
12251
11629
11652
12252
11630
11653
12253
11631
11654
12254
11632
11655
12255
11633
11656
12256
11634
11657
12257
11635
11658
12258
11636
11659
12259
11637
11660
12260
11638
11661
12261
11639
11662
12262
11663
12263
11641
11664
12264
11642
11665
12265
11643
11666
12266
11644
11667
12267
11645
11668
12268
11646
11669
12269
11647
11670
12270
11648
11671
12271
11649
11672
12272
11650
11673
12273
11651
11674
12274
11652
11675
12275
11653
11676
12276
11654
11677
12277
11655
11678
12278
11656
11679
12279
11657
11680
12280
11658
11681
12281
11659
11682
12282
11660
11683
12283
11661
11684
12284
11662
11685
12285
11663
11686
12286
11687
12287
11665
11688
12288
11666
11689
12289
11667
11690
12290
11668
11691
12291
11669
11692
12292
11670
11693
12293
11671
11694
12294
11672
11695
12295
11673
11696
12296
11674
11697
12297
11675
11698
12298
11676
11699
12299
11677
11700
12300
11678
11701
12301
11679
11702
12302
11680
11703
12303
11681
11704
12304
11682
11705
12305
11683
11706
12306
11684
11707
12307
11685
11708
12308
11686
11709
12309
11687
11710
12310
11711
12311
11689
11712
12312
11690
11713
12313
11691
11714
12314
11692
11715
12315
11693
11716
12316
11694
11717
12317
11695
11718
12318
11696
11719
12319
11697
11720
12320
11698
11721
12321
11699
11722
12322
11700
11723
12323
11701
11724
12324
11702
11725
12325
11703
11726
12326
11704
11727
12327
11705
11728
12328
11706
11729
12329
11707
11730
12330
11708
11731
12331
11709
11732
12332
11710
11733
12333
11711
11734
12334
11735
12335
11713
11736
12336
11714
11737
12337
11715
11738
12338
11716
11739
12339
11717
11740
12340
11718
11741
12341
11719
11742
12342
11720
11743
12343
11721
11744
12344
11722
11745
12345
11723
11746
12346
11724
11747
12347
11725
11748
12348
11726
11749
12349
11727
11750
12350
11728
11751
12351
11729
11752
12352
11730
11753
12353
11731
11754
12354
11732
11755
12355
11733
11756
12356
11734
11757
12357
11735
11758
12358
11759
12359
11737
11760
12360
11738
11761
12361
11739
11762
12362
11740
11763
12363
11741
11764
12364
11742
11765
12365
11743
11766
12366
11744
11767
12367
11745
11768
12368
11746
11769
12369
11747
11770
12370
11748
11771
12371
11749
11772
12372
11750
11773
12373
11751
11774
12374
11752
11775
12375
11753
11776
12376
11754
11777
12377
11755
11778
12378
11756
11779
12379
11757
11780
12380
11758
11781
12381
11759
11782
12382
11783
12383
11761
11784
12384
11762
11785
12385
11763
11786
12386
11764
11787
12387
11765
11788
12388
11766
11789
12389
11767
11790
12390
11768
11791
12391
11769
11792
12392
11770
11793
12393
11771
11794
12394
11772
11795
12395
11773
11796
12396
11774
11797
12397
11775
11798
12398
11776
11799
12399
11777
11800
12400
11778
11801
12401
11779
11802
12402
11780
11803
12403
11781
11804
12404
11782
11805
12405
11783
11806
12406
11807
12407
11785
11808
12408
11786
11809
12409
11787
11810
12410
11788
11811
12411
11789
11812
12412
11790
11813
12413
11791
11814
12414
11792
11815
12415
11793
11816
12416
11794
11817
12417
11795
11818
12418
11796
11819
12419
11797
11820
12420
11798
11821
12421
11799
11822
12422
11800
11823
12423
11801
11824
12424
11802
11825
12425
11803
11826
12426
11804
11827
12427
11805
11828
12428
11806
11829
12429
11807
11830
12430
11831
12431
11809
11832
12432
11810
11833
12433
11811
11834
12434
11812
11835
12435
11813
11836
12436
11814
11837
12437
11815
11838
12438
11816
11839
12439
11817
11840
12440
11818
11841
12441
11819
11842
12442
11820
11843
12443
11821
11844
12444
11822
11845
12445
11823
11846
12446
11824
11847
12447
11825
11848
12448
11826
11849
12449
11827
11850
12450
11828
11851
12451
11829
11852
12452
11830
11853
12453
11831
11854
12454
11855
12455
11833
12456
11834
12457
11835
12458
11836
12459
11837
12460
11838
12461
11839
12462
11840
12463
11841
12464
11842
12465
11843
12466
11844
12467
11845
12468
11846
12469
11847
12470
11848
12471
11849
12472
11850
12473
11851
12474
11852
12475
11853
12476
11854
12477
11855
12478
12479
11857
11880
12480
11858
11881
12481
11859
11882
12482
11860
11883
12483
11861
11884
12484
11862
11885
12485
11863
11886
12486
11864
11887
12487
11865
11888
12488
11866
11889
12489
11867
11890
12490
11868
11891
12491
11869
11892
12492
11870
11893
12493
11871
11894
12494
11872
11895
12495
11873
11896
12496
11874
11897
12497
11875
11898
12498
11876
11899
12499
11877
11900
12500
11878
11901
12501
11879
11902
12502
11903
12503
11881
11904
12504
11882
11905
12505
11883
11906
12506
11884
11907
12507
11885
11908
12508
11886
11909
12509
11887
11910
12510
11888
11911
12511
11889
11912
12512
11890
11913
12513
11891
11914
12514
11892
11915
12515
11893
11916
12516
11894
11917
12517
11895
11918
12518
11896
11919
12519
11897
11920
12520
11898
11921
12521
11899
11922
12522
11900
11923
12523
11901
11924
12524
11902
11925
12525
11903
11926
12526
11927
12527
11905
11928
12528
11906
11929
12529
11907
11930
12530
11908
11931
12531
11909
11932
12532
11910
11933
12533
11911
11934
12534
11912
11935
12535
11913
11936
12536
11914
11937
12537
11915
11938
12538
11916
11939
12539
11917
11940
12540
11918
11941
12541
11919
11942
12542
11920
11943
12543
11921
11944
12544
11922
11945
12545
11923
11946
12546
11924
11947
12547
11925
11948
12548
11926
11949
12549
11927
11950
12550
11951
12551
11929
11952
12552
11930
11953
12553
11931
11954
12554
11932
11955
12555
11933
11956
12556
11934
11957
12557
11935
11958
12558
11936
11959
12559
11937
11960
12560
11938
11961
12561
11939
11962
12562
11940
11963
12563
11941
11964
12564
11942
11965
12565
11943
11966
12566
11944
11967
12567
11945
11968
12568
11946
11969
12569
11947
11970
12570
11948
11971
12571
11949
11972
12572
11950
11973
12573
11951
11974
12574
11975
12575
11953
11976
12576
11954
11977
12577
11955
11978
12578
11956
11979
12579
11957
11980
12580
11958
11981
12581
11959
11982
12582
11960
11983
12583
11961
11984
12584
11962
11985
12585
11963
11986
12586
11964
11987
12587
11965
11988
12588
11966
11989
12589
11967
11990
12590
11968
11991
12591
11969
11992
12592
11970
11993
12593
11971
11994
12594
11972
11995
12595
11973
11996
12596
11974
11997
12597
11975
11998
12598
11999
12599
11977
12000
12600
11978
12001
12601
11979
12002
12602
11980
12003
12603
11981
12004
12604
11982
12005
12605
11983
12006
12606
11984
12007
12607
11985
12008
12608
11986
12009
12609
11987
12010
12610
11988
12011
12611
11989
12012
12612
11990
12013
12613
11991
12014
12614
11992
12015
12615
11993
12016
12616
11994
12017
12617
11995
12018
12618
11996
12019
12619
11997
12020
12620
11998
12021
12621
11999
12022
12622
12023
12623
12001
12024
12624
12002
12025
12625
12003
12026
12626
12004
12027
12627
12005
12028
12628
12006
12029
12629
12007
12030
12630
12008
12031
12631
12009
12032
12632
12010
12033
12633
12011
12034
12634
12012
12035
12635
12013
12036
12636
12014
12037
12637
12015
12038
12638
12016
12039
12639
12017
12040
12640
12018
12041
12641
12019
12042
12642
12020
12043
12643
12021
12044
12644
12022
12045
12645
12023
12046
12646
12047
12647
12025
12048
12648
12026
12049
12649
12027
12050
12650
12028
12051
12651
12029
12052
12652
12030
12053
12653
12031
12054
12654
12032
12055
12655
12033
12056
12656
12034
12057
12657
12035
12058
12658
12036
12059
12659
12037
12060
12660
12038
12061
12661
12039
12062
12662
12040
12063
12663
12041
12064
12664
12042
12065
12665
12043
12066
12666
12044
12067
12667
12045
12068
12668
12046
12069
12669
12047
12070
12670
12071
12671
12049
12072
12672
12050
12073
12673
12051
12074
12674
12052
12075
12675
12053
12076
12676
12054
12077
12677
12055
12078
12678
12056
12079
12679
12057
12080
12680
12058
12081
12681
12059
12082
12682
12060
12083
12683
12061
12084
12684
12062
12085
12685
12063
12086
12686
12064
12087
12687
12065
12088
12688
12066
12089
12689
12067
12090
12690
12068
12091
12691
12069
12092
12692
12070
12093
12693
12071
12094
12694
12095
12695
12073
12096
12696
12074
12097
12697
12075
12098
12698
12076
12099
12699
12077
12100
12700
12078
12101
12701
12079
12102
12702
12080
12103
12703
12081
12104
12704
12082
12105
12705
12083
12106
12706
12084
12107
12707
12085
12108
12708
12086
12109
12709
12087
12110
12710
12088
12111
12711
12089
12112
12712
12090
12113
12713
12091
12114
12714
12092
12115
12715
12093
12116
12716
12094
12117
12717
12095
12118
12718
12119
12719
12097
12120
12720
12098
12121
12721
12099
12122
12722
12100
12123
12723
12101
12124
12724
12102
12125
12725
12103
12126
12726
12104
12127
12727
12105
12128
12728
12106
12129
12729
12107
12130
12730
12108
12131
12731
12109
12132
12732
12110
12133
12733
12111
12134
12734
12112
12135
12735
12113
12136
12736
12114
12137
12737
12115
12138
12738
12116
12139
12739
12117
12140
12740
12118
12141
12741
12119
12142
12742
12143
12743
12121
12144
12744
12122
12145
12745
12123
12146
12746
12124
12147
12747
12125
12148
12748
12126
12149
12749
12127
12150
12750
12128
12151
12751
12129
12152
12752
12130
12153
12753
12131
12154
12754
12132
12155
12755
12133
12156
12756
12134
12157
12757
12135
12158
12758
12136
12159
12759
12137
12160
12760
12138
12161
12761
12139
12162
12762
12140
12163
12763
12141
12164
12764
12142
12165
12765
12143
12166
12766
12167
12767
12145
12168
12768
12146
12169
12769
12147
12170
12770
12148
12171
12771
12149
12172
12772
12150
12173
12773
12151
12174
12774
12152
12175
12775
12153
12176
12776
12154
12177
12777
12155
12178
12778
12156
12179
12779
12157
12180
12780
12158
12181
12781
12159
12182
12782
12160
12183
12783
12161
12184
12784
12162
12185
12785
12163
12186
12786
12164
12187
12787
12165
12188
12788
12166
12189
12789
12167
12190
12790
12191
12791
12169
12192
12792
12170
12193
12793
12171
12194
12794
12172
12195
12795
12173
12196
12796
12174
12197
12797
12175
12198
12798
12176
12199
12799
12177
12200
12800
12178
12201
12801
12179
12202
12802
12180
12203
12803
12181
12204
12804
12182
12205
12805
12183
12206
12806
12184
12207
12807
12185
12208
12808
12186
12209
12809
12187
12210
12810
12188
12211
12811
12189
12212
12812
12190
12213
12813
12191
12214
12814
12215
12815
12193
12216
12816
12194
12217
12817
12195
12218
12818
12196
12219
12819
12197
12220
12820
12198
12221
12821
12199
12222
12822
12200
12223
12823
12201
12224
12824
12202
12225
12825
12203
12226
12826
12204
12227
12827
12205
12228
12828
12206
12229
12829
12207
12230
12830
12208
12231
12831
12209
12232
12832
12210
12233
12833
12211
12234
12834
12212
12235
12835
12213
12236
12836
12214
12237
12837
12215
12238
12838
12239
12839
12217
12240
12840
12218
12241
12841
12219
12242
12842
12220
12243
12843
12221
12244
12844
12222
12245
12845
12223
12246
12846
12224
12247
12847
12225
12248
12848
12226
12249
12849
12227
12250
12850
12228
12251
12851
12229
12252
12852
12230
12253
12853
12231
12254
12854
12232
12255
12855
12233
12256
12856
12234
12257
12857
12235
12258
12858
12236
12259
12859
12237
12260
12860
12238
12261
12861
12239
12262
12862
12263
12863
12241
12264
12864
12242
12265
12865
12243
12266
12866
12244
12267
12867
12245
12268
12868
12246
12269
12869
12247
12270
12870
12248
12271
12871
12249
12272
12872
12250
12273
12873
12251
12274
12874
12252
12275
12875
12253
12276
12876
12254
12277
12877
12255
12278
12878
12256
12279
12879
12257
12280
12880
12258
12281
12881
12259
12282
12882
12260
12283
12883
12261
12284
12884
12262
12285
12885
12263
12286
12886
12287
12887
12265
12288
12888
12266
12289
12889
12267
12290
12890
12268
12291
12891
12269
12292
12892
12270
12293
12893
12271
12294
12894
12272
12295
12895
12273
12296
12896
12274
12297
12897
12275
12298
12898
12276
12299
12899
12277
12300
12900
12278
12301
12901
12279
12302
12902
12280
12303
12903
12281
12304
12904
12282
12305
12905
12283
12306
12906
12284
12307
12907
12285
12308
12908
12286
12309
12909
12287
12310
12910
12311
12911
12289
12312
12912
12290
12313
12913
12291
12314
12914
12292
12315
12915
12293
12316
12916
12294
12317
12917
12295
12318
12918
12296
12319
12919
12297
12320
12920
12298
12321
12921
12299
12322
12922
12300
12323
12923
12301
12324
12924
12302
12325
12925
12303
12326
12926
12304
12327
12927
12305
12328
12928
12306
12329
12929
12307
12330
12930
12308
12331
12931
12309
12332
12932
12310
12333
12933
12311
12334
12934
12335
12935
12313
12336
12936
12314
12337
12937
12315
12338
12938
12316
12339
12939
12317
12340
12940
12318
12341
12941
12319
12342
12942
12320
12343
12943
12321
12344
12944
12322
12345
12945
12323
12346
12946
12324
12347
12947
12325
12348
12948
12326
12349
12949
12327
12350
12950
12328
12351
12951
12329
12352
12952
12330
12353
12953
12331
12354
12954
12332
12355
12955
12333
12356
12956
12334
12357
12957
12335
12358
12958
12359
12959
12337
12360
12960
12338
12361
12961
12339
12362
12962
12340
12363
12963
12341
12364
12964
12342
12365
12965
12343
12366
12966
12344
12367
12967
12345
12368
12968
12346
12369
12969
12347
12370
12970
12348
12371
12971
12349
12372
12972
12350
12373
12973
12351
12374
12974
12352
12375
12975
12353
12376
12976
12354
12377
12977
12355
12378
12978
12356
12379
12979
12357
12380
12980
12358
12381
12981
12359
12382
12982
12383
12983
12361
12384
12984
12362
12385
12985
12363
12386
12986
12364
12387
12987
12365
12388
12988
12366
12389
12989
12367
12390
12990
12368
12391
12991
12369
12392
12992
12370
12393
12993
12371
12394
12994
12372
12395
12995
12373
12396
12996
12374
12397
12997
12375
12398
12998
12376
12399
12999
12377
12400
13000
12378
12401
13001
12379
12402
13002
12380
12403
13003
12381
12404
13004
12382
12405
13005
12383
12406
13006
12407
13007
12385
12408
13008
12386
12409
13009
12387
12410
13010
12388
12411
13011
12389
12412
13012
12390
12413
13013
12391
12414
13014
12392
12415
13015
12393
12416
13016
12394
12417
13017
12395
12418
13018
12396
12419
13019
12397
12420
13020
12398
12421
13021
12399
12422
13022
12400
12423
13023
12401
12424
13024
12402
12425
13025
12403
12426
13026
12404
12427
13027
12405
12428
13028
12406
12429
13029
12407
12430
13030
12431
13031
12409
12432
13032
12410
12433
13033
12411
12434
13034
12412
12435
13035
12413
12436
13036
12414
12437
13037
12415
12438
13038
12416
12439
13039
12417
12440
13040
12418
12441
13041
12419
12442
13042
12420
12443
13043
12421
12444
13044
12422
12445
13045
12423
12446
13046
12424
12447
13047
12425
12448
13048
12426
12449
13049
12427
12450
13050
12428
12451
13051
12429
12452
13052
12430
12453
13053
12431
12454
13054
12455
13055
12433
12456
13056
12434
12457
13057
12435
12458
13058
12436
12459
13059
12437
12460
13060
12438
12461
13061
12439
12462
13062
12440
12463
13063
12441
12464
13064
12442
12465
13065
12443
12466
13066
12444
12467
13067
12445
12468
13068
12446
12469
13069
12447
12470
13070
12448
12471
13071
12449
12472
13072
12450
12473
13073
12451
12474
13074
12452
12475
13075
12453
12476
13076
12454
12477
13077
12455
12478
13078
12479
13079
12457
13080
12458
13081
12459
13082
12460
13083
12461
13084
12462
13085
12463
13086
12464
13087
12465
13088
12466
13089
12467
13090
12468
13091
12469
13092
12470
13093
12471
13094
12472
13095
12473
13096
12474
13097
12475
13098
12476
13099
12477
13100
12478
13101
12479
13102
13103
12481
12504
13104
12482
12505
13105
12483
12506
13106
12484
12507
13107
12485
12508
13108
12486
12509
13109
12487
12510
13110
12488
12511
13111
12489
12512
13112
12490
12513
13113
12491
12514
13114
12492
12515
13115
12493
12516
13116
12494
12517
13117
12495
12518
13118
12496
12519
13119
12497
12520
13120
12498
12521
13121
12499
12522
13122
12500
12523
13123
12501
12524
13124
12502
12525
13125
12503
12526
13126
12527
13127
12505
12528
13128
12506
12529
13129
12507
12530
13130
12508
12531
13131
12509
12532
13132
12510
12533
13133
12511
12534
13134
12512
12535
13135
12513
12536
13136
12514
12537
13137
12515
12538
13138
12516
12539
13139
12517
12540
13140
12518
12541
13141
12519
12542
13142
12520
12543
13143
12521
12544
13144
12522
12545
13145
12523
12546
13146
12524
12547
13147
12525
12548
13148
12526
12549
13149
12527
12550
13150
12551
13151
12529
12552
13152
12530
12553
13153
12531
12554
13154
12532
12555
13155
12533
12556
13156
12534
12557
13157
12535
12558
13158
12536
12559
13159
12537
12560
13160
12538
12561
13161
12539
12562
13162
12540
12563
13163
12541
12564
13164
12542
12565
13165
12543
12566
13166
12544
12567
13167
12545
12568
13168
12546
12569
13169
12547
12570
13170
12548
12571
13171
12549
12572
13172
12550
12573
13173
12551
12574
13174
12575
13175
12553
12576
13176
12554
12577
13177
12555
12578
13178
12556
12579
13179
12557
12580
13180
12558
12581
13181
12559
12582
13182
12560
12583
13183
12561
12584
13184
12562
12585
13185
12563
12586
13186
12564
12587
13187
12565
12588
13188
12566
12589
13189
12567
12590
13190
12568
12591
13191
12569
12592
13192
12570
12593
13193
12571
12594
13194
12572
12595
13195
12573
12596
13196
12574
12597
13197
12575
12598
13198
12599
13199
12577
12600
13200
12578
12601
13201
12579
12602
13202
12580
12603
13203
12581
12604
13204
12582
12605
13205
12583
12606
13206
12584
12607
13207
12585
12608
13208
12586
12609
13209
12587
12610
13210
12588
12611
13211
12589
12612
13212
12590
12613
13213
12591
12614
13214
12592
12615
13215
12593
12616
13216
12594
12617
13217
12595
12618
13218
12596
12619
13219
12597
12620
13220
12598
12621
13221
12599
12622
13222
12623
13223
12601
12624
13224
12602
12625
13225
12603
12626
13226
12604
12627
13227
12605
12628
13228
12606
12629
13229
12607
12630
13230
12608
12631
13231
12609
12632
13232
12610
12633
13233
12611
12634
13234
12612
12635
13235
12613
12636
13236
12614
12637
13237
12615
12638
13238
12616
12639
13239
12617
12640
13240
12618
12641
13241
12619
12642
13242
12620
12643
13243
12621
12644
13244
12622
12645
13245
12623
12646
13246
12647
13247
12625
12648
13248
12626
12649
13249
12627
12650
13250
12628
12651
13251
12629
12652
13252
12630
12653
13253
12631
12654
13254
12632
12655
13255
12633
12656
13256
12634
12657
13257
12635
12658
13258
12636
12659
13259
12637
12660
13260
12638
12661
13261
12639
12662
13262
12640
12663
13263
12641
12664
13264
12642
12665
13265
12643
12666
13266
12644
12667
13267
12645
12668
13268
12646
12669
13269
12647
12670
13270
12671
13271
12649
12672
13272
12650
12673
13273
12651
12674
13274
12652
12675
13275
12653
12676
13276
12654
12677
13277
12655
12678
13278
12656
12679
13279
12657
12680
13280
12658
12681
13281
12659
12682
13282
12660
12683
13283
12661
12684
13284
12662
12685
13285
12663
12686
13286
12664
12687
13287
12665
12688
13288
12666
12689
13289
12667
12690
13290
12668
12691
13291
12669
12692
13292
12670
12693
13293
12671
12694
13294
12695
13295
12673
12696
13296
12674
12697
13297
12675
12698
13298
12676
12699
13299
12677
12700
13300
12678
12701
13301
12679
12702
13302
12680
12703
13303
12681
12704
13304
12682
12705
13305
12683
12706
13306
12684
12707
13307
12685
12708
13308
12686
12709
13309
12687
12710
13310
12688
12711
13311
12689
12712
13312
12690
12713
13313
12691
12714
13314
12692
12715
13315
12693
12716
13316
12694
12717
13317
12695
12718
13318
12719
13319
12697
12720
13320
12698
12721
13321
12699
12722
13322
12700
12723
13323
12701
12724
13324
12702
12725
13325
12703
12726
13326
12704
12727
13327
12705
12728
13328
12706
12729
13329
12707
12730
13330
12708
12731
13331
12709
12732
13332
12710
12733
13333
12711
12734
13334
12712
12735
13335
12713
12736
13336
12714
12737
13337
12715
12738
13338
12716
12739
13339
12717
12740
13340
12718
12741
13341
12719
12742
13342
12743
13343
12721
12744
13344
12722
12745
13345
12723
12746
13346
12724
12747
13347
12725
12748
13348
12726
12749
13349
12727
12750
13350
12728
12751
13351
12729
12752
13352
12730
12753
13353
12731
12754
13354
12732
12755
13355
12733
12756
13356
12734
12757
13357
12735
12758
13358
12736
12759
13359
12737
12760
13360
12738
12761
13361
12739
12762
13362
12740
12763
13363
12741
12764
13364
12742
12765
13365
12743
12766
13366
12767
13367
12745
12768
13368
12746
12769
13369
12747
12770
13370
12748
12771
13371
12749
12772
13372
12750
12773
13373
12751
12774
13374
12752
12775
13375
12753
12776
13376
12754
12777
13377
12755
12778
13378
12756
12779
13379
12757
12780
13380
12758
12781
13381
12759
12782
13382
12760
12783
13383
12761
12784
13384
12762
12785
13385
12763
12786
13386
12764
12787
13387
12765
12788
13388
12766
12789
13389
12767
12790
13390
12791
13391
12769
12792
13392
12770
12793
13393
12771
12794
13394
12772
12795
13395
12773
12796
13396
12774
12797
13397
12775
12798
13398
12776
12799
13399
12777
12800
13400
12778
12801
13401
12779
12802
13402
12780
12803
13403
12781
12804
13404
12782
12805
13405
12783
12806
13406
12784
12807
13407
12785
12808
13408
12786
12809
13409
12787
12810
13410
12788
12811
13411
12789
12812
13412
12790
12813
13413
12791
12814
13414
12815
13415
12793
12816
13416
12794
12817
13417
12795
12818
13418
12796
12819
13419
12797
12820
13420
12798
12821
13421
12799
12822
13422
12800
12823
13423
12801
12824
13424
12802
12825
13425
12803
12826
13426
12804
12827
13427
12805
12828
13428
12806
12829
13429
12807
12830
13430
12808
12831
13431
12809
12832
13432
12810
12833
13433
12811
12834
13434
12812
12835
13435
12813
12836
13436
12814
12837
13437
12815
12838
13438
12839
13439
12817
12840
13440
12818
12841
13441
12819
12842
13442
12820
12843
13443
12821
12844
13444
12822
12845
13445
12823
12846
13446
12824
12847
13447
12825
12848
13448
12826
12849
13449
12827
12850
13450
12828
12851
13451
12829
12852
13452
12830
12853
13453
12831
12854
13454
12832
12855
13455
12833
12856
13456
12834
12857
13457
12835
12858
13458
12836
12859
13459
12837
12860
13460
12838
12861
13461
12839
12862
13462
12863
13463
12841
12864
13464
12842
12865
13465
12843
12866
13466
12844
12867
13467
12845
12868
13468
12846
12869
13469
12847
12870
13470
12848
12871
13471
12849
12872
13472
12850
12873
13473
12851
12874
13474
12852
12875
13475
12853
12876
13476
12854
12877
13477
12855
12878
13478
12856
12879
13479
12857
12880
13480
12858
12881
13481
12859
12882
13482
12860
12883
13483
12861
12884
13484
12862
12885
13485
12863
12886
13486
12887
13487
12865
12888
13488
12866
12889
13489
12867
12890
13490
12868
12891
13491
12869
12892
13492
12870
12893
13493
12871
12894
13494
12872
12895
13495
12873
12896
13496
12874
12897
13497
12875
12898
13498
12876
12899
13499
12877
12900
13500
12878
12901
13501
12879
12902
13502
12880
12903
13503
12881
12904
13504
12882
12905
13505
12883
12906
13506
12884
12907
13507
12885
12908
13508
12886
12909
13509
12887
12910
13510
12911
13511
12889
12912
13512
12890
12913
13513
12891
12914
13514
12892
12915
13515
12893
12916
13516
12894
12917
13517
12895
12918
13518
12896
12919
13519
12897
12920
13520
12898
12921
13521
12899
12922
13522
12900
12923
13523
12901
12924
13524
12902
12925
13525
12903
12926
13526
12904
12927
13527
12905
12928
13528
12906
12929
13529
12907
12930
13530
12908
12931
13531
12909
12932
13532
12910
12933
13533
12911
12934
13534
12935
13535
12913
12936
13536
12914
12937
13537
12915
12938
13538
12916
12939
13539
12917
12940
13540
12918
12941
13541
12919
12942
13542
12920
12943
13543
12921
12944
13544
12922
12945
13545
12923
12946
13546
12924
12947
13547
12925
12948
13548
12926
12949
13549
12927
12950
13550
12928
12951
13551
12929
12952
13552
12930
12953
13553
12931
12954
13554
12932
12955
13555
12933
12956
13556
12934
12957
13557
12935
12958
13558
12959
13559
12937
12960
13560
12938
12961
13561
12939
12962
13562
12940
12963
13563
12941
12964
13564
12942
12965
13565
12943
12966
13566
12944
12967
13567
12945
12968
13568
12946
12969
13569
12947
12970
13570
12948
12971
13571
12949
12972
13572
12950
12973
13573
12951
12974
13574
12952
12975
13575
12953
12976
13576
12954
12977
13577
12955
12978
13578
12956
12979
13579
12957
12980
13580
12958
12981
13581
12959
12982
13582
12983
13583
12961
12984
13584
12962
12985
13585
12963
12986
13586
12964
12987
13587
12965
12988
13588
12966
12989
13589
12967
12990
13590
12968
12991
13591
12969
12992
13592
12970
12993
13593
12971
12994
13594
12972
12995
13595
12973
12996
13596
12974
12997
13597
12975
12998
13598
12976
12999
13599
12977
13000
13600
12978
13001
13601
12979
13002
13602
12980
13003
13603
12981
13004
13604
12982
13005
13605
12983
13006
13606
13007
13607
12985
13008
13608
12986
13009
13609
12987
13010
13610
12988
13011
13611
12989
13012
13612
12990
13013
13613
12991
13014
13614
12992
13015
13615
12993
13016
13616
12994
13017
13617
12995
13018
13618
12996
13019
13619
12997
13020
13620
12998
13021
13621
12999
13022
13622
13000
13023
13623
13001
13024
13624
13002
13025
13625
13003
13026
13626
13004
13027
13627
13005
13028
13628
13006
13029
13629
13007
13030
13630
13031
13631
13009
13032
13632
13010
13033
13633
13011
13034
13634
13012
13035
13635
13013
13036
13636
13014
13037
13637
13015
13038
13638
13016
13039
13639
13017
13040
13640
13018
13041
13641
13019
13042
13642
13020
13043
13643
13021
13044
13644
13022
13045
13645
13023
13046
13646
13024
13047
13647
13025
13048
13648
13026
13049
13649
13027
13050
13650
13028
13051
13651
13029
13052
13652
13030
13053
13653
13031
13054
13654
13055
13655
13033
13056
13656
13034
13057
13657
13035
13058
13658
13036
13059
13659
13037
13060
13660
13038
13061
13661
13039
13062
13662
13040
13063
13663
13041
13064
13664
13042
13065
13665
13043
13066
13666
13044
13067
13667
13045
13068
13668
13046
13069
13669
13047
13070
13670
13048
13071
13671
13049
13072
13672
13050
13073
13673
13051
13074
13674
13052
13075
13675
13053
13076
13676
13054
13077
13677
13055
13078
13678
13079
13679
13057
13080
13680
13058
13081
13681
13059
13082
13682
13060
13083
13683
13061
13084
13684
13062
13085
13685
13063
13086
13686
13064
13087
13687
13065
13088
13688
13066
13089
13689
13067
13090
13690
13068
13091
13691
13069
13092
13692
13070
13093
13693
13071
13094
13694
13072
13095
13695
13073
13096
13696
13074
13097
13697
13075
13098
13698
13076
13099
13699
13077
13100
13700
13078
13101
13701
13079
13102
13702
13103
13703
13081
13704
13082
13705
13083
13706
13084
13707
13085
13708
13086
13709
13087
13710
13088
13711
13089
13712
13090
13713
13091
13714
13092
13715
13093
13716
13094
13717
13095
13718
13096
13719
13097
13720
13098
13721
13099
13722
13100
13723
13101
13724
13102
13725
13103
13726
13727
13105
13128
13728
13106
13129
13729
13107
13130
13730
13108
13131
13731
13109
13132
13732
13110
13133
13733
13111
13134
13734
13112
13135
13735
13113
13136
13736
13114
13137
13737
13115
13138
13738
13116
13139
13739
13117
13140
13740
13118
13141
13741
13119
13142
13742
13120
13143
13743
13121
13144
13744
13122
13145
13745
13123
13146
13746
13124
13147
13747
13125
13148
13748
13126
13149
13749
13127
13150
13750
13151
13751
13129
13152
13752
13130
13153
13753
13131
13154
13754
13132
13155
13755
13133
13156
13756
13134
13157
13757
13135
13158
13758
13136
13159
13759
13137
13160
13760
13138
13161
13761
13139
13162
13762
13140
13163
13763
13141
13164
13764
13142
13165
13765
13143
13166
13766
13144
13167
13767
13145
13168
13768
13146
13169
13769
13147
13170
13770
13148
13171
13771
13149
13172
13772
13150
13173
13773
13151
13174
13774
13175
13775
13153
13176
13776
13154
13177
13777
13155
13178
13778
13156
13179
13779
13157
13180
13780
13158
13181
13781
13159
13182
13782
13160
13183
13783
13161
13184
13784
13162
13185
13785
13163
13186
13786
13164
13187
13787
13165
13188
13788
13166
13189
13789
13167
13190
13790
13168
13191
13791
13169
13192
13792
13170
13193
13793
13171
13194
13794
13172
13195
13795
13173
13196
13796
13174
13197
13797
13175
13198
13798
13199
13799
13177
13200
13800
13178
13201
13801
13179
13202
13802
13180
13203
13803
13181
13204
13804
13182
13205
13805
13183
13206
13806
13184
13207
13807
13185
13208
13808
13186
13209
13809
13187
13210
13810
13188
13211
13811
13189
13212
13812
13190
13213
13813
13191
13214
13814
13192
13215
13815
13193
13216
13816
13194
13217
13817
13195
13218
13818
13196
13219
13819
13197
13220
13820
13198
13221
13821
13199
13222
13822
13223
13823
13201
13224
13824
13202
13225
13825
13203
13226
13826
13204
13227
13827
13205
13228
13828
13206
13229
13829
13207
13230
13830
13208
13231
13831
13209
13232
13832
13210
13233
13833
13211
13234
13834
13212
13235
13835
13213
13236
13836
13214
13237
13837
13215
13238
13838
13216
13239
13839
13217
13240
13840
13218
13241
13841
13219
13242
13842
13220
13243
13843
13221
13244
13844
13222
13245
13845
13223
13246
13846
13247
13847
13225
13248
13848
13226
13249
13849
13227
13250
13850
13228
13251
13851
13229
13252
13852
13230
13253
13853
13231
13254
13854
13232
13255
13855
13233
13256
13856
13234
13257
13857
13235
13258
13858
13236
13259
13859
13237
13260
13860
13238
13261
13861
13239
13262
13862
13240
13263
13863
13241
13264
13864
13242
13265
13865
13243
13266
13866
13244
13267
13867
13245
13268
13868
13246
13269
13869
13247
13270
13870
13271
13871
13249
13272
13872
13250
13273
13873
13251
13274
13874
13252
13275
13875
13253
13276
13876
13254
13277
13877
13255
13278
13878
13256
13279
13879
13257
13280
13880
13258
13281
13881
13259
13282
13882
13260
13283
13883
13261
13284
13884
13262
13285
13885
13263
13286
13886
13264
13287
13887
13265
13288
13888
13266
13289
13889
13267
13290
13890
13268
13291
13891
13269
13292
13892
13270
13293
13893
13271
13294
13894
13295
13895
13273
13296
13896
13274
13297
13897
13275
13298
13898
13276
13299
13899
13277
13300
13900
13278
13301
13901
13279
13302
13902
13280
13303
13903
13281
13304
13904
13282
13305
13905
13283
13306
13906
13284
13307
13907
13285
13308
13908
13286
13309
13909
13287
13310
13910
13288
13311
13911
13289
13312
13912
13290
13313
13913
13291
13314
13914
13292
13315
13915
13293
13316
13916
13294
13317
13917
13295
13318
13918
13319
13919
13297
13320
13920
13298
13321
13921
13299
13322
13922
13300
13323
13923
13301
13324
13924
13302
13325
13925
13303
13326
13926
13304
13327
13927
13305
13328
13928
13306
13329
13929
13307
13330
13930
13308
13331
13931
13309
13332
13932
13310
13333
13933
13311
13334
13934
13312
13335
13935
13313
13336
13936
13314
13337
13937
13315
13338
13938
13316
13339
13939
13317
13340
13940
13318
13341
13941
13319
13342
13942
13343
13943
13321
13344
13944
13322
13345
13945
13323
13346
13946
13324
13347
13947
13325
13348
13948
13326
13349
13949
13327
13350
13950
13328
13351
13951
13329
13352
13952
13330
13353
13953
13331
13354
13954
13332
13355
13955
13333
13356
13956
13334
13357
13957
13335
13358
13958
13336
13359
13959
13337
13360
13960
13338
13361
13961
13339
13362
13962
13340
13363
13963
13341
13364
13964
13342
13365
13965
13343
13366
13966
13367
13967
13345
13368
13968
13346
13369
13969
13347
13370
13970
13348
13371
13971
13349
13372
13972
13350
13373
13973
13351
13374
13974
13352
13375
13975
13353
13376
13976
13354
13377
13977
13355
13378
13978
13356
13379
13979
13357
13380
13980
13358
13381
13981
13359
13382
13982
13360
13383
13983
13361
13384
13984
13362
13385
13985
13363
13386
13986
13364
13387
13987
13365
13388
13988
13366
13389
13989
13367
13390
13990
13391
13991
13369
13392
13992
13370
13393
13993
13371
13394
13994
13372
13395
13995
13373
13396
13996
13374
13397
13997
13375
13398
13998
13376
13399
13999
13377
13400
14000
13378
13401
14001
13379
13402
14002
13380
13403
14003
13381
13404
14004
13382
13405
14005
13383
13406
14006
13384
13407
14007
13385
13408
14008
13386
13409
14009
13387
13410
14010
13388
13411
14011
13389
13412
14012
13390
13413
14013
13391
13414
14014
13415
14015
13393
13416
14016
13394
13417
14017
13395
13418
14018
13396
13419
14019
13397
13420
14020
13398
13421
14021
13399
13422
14022
13400
13423
14023
13401
13424
14024
13402
13425
14025
13403
13426
14026
13404
13427
14027
13405
13428
14028
13406
13429
14029
13407
13430
14030
13408
13431
14031
13409
13432
14032
13410
13433
14033
13411
13434
14034
13412
13435
14035
13413
13436
14036
13414
13437
14037
13415
13438
14038
13439
14039
13417
13440
14040
13418
13441
14041
13419
13442
14042
13420
13443
14043
13421
13444
14044
13422
13445
14045
13423
13446
14046
13424
13447
14047
13425
13448
14048
13426
13449
14049
13427
13450
14050
13428
13451
14051
13429
13452
14052
13430
13453
14053
13431
13454
14054
13432
13455
14055
13433
13456
14056
13434
13457
14057
13435
13458
14058
13436
13459
14059
13437
13460
14060
13438
13461
14061
13439
13462
14062
13463
14063
13441
13464
14064
13442
13465
14065
13443
13466
14066
13444
13467
14067
13445
13468
14068
13446
13469
14069
13447
13470
14070
13448
13471
14071
13449
13472
14072
13450
13473
14073
13451
13474
14074
13452
13475
14075
13453
13476
14076
13454
13477
14077
13455
13478
14078
13456
13479
14079
13457
13480
14080
13458
13481
14081
13459
13482
14082
13460
13483
14083
13461
13484
14084
13462
13485
14085
13463
13486
14086
13487
14087
13465
13488
14088
13466
13489
14089
13467
13490
14090
13468
13491
14091
13469
13492
14092
13470
13493
14093
13471
13494
14094
13472
13495
14095
13473
13496
14096
13474
13497
14097
13475
13498
14098
13476
13499
14099
13477
13500
14100
13478
13501
14101
13479
13502
14102
13480
13503
14103
13481
13504
14104
13482
13505
14105
13483
13506
14106
13484
13507
14107
13485
13508
14108
13486
13509
14109
13487
13510
14110
13511
14111
13489
13512
14112
13490
13513
14113
13491
13514
14114
13492
13515
14115
13493
13516
14116
13494
13517
14117
13495
13518
14118
13496
13519
14119
13497
13520
14120
13498
13521
14121
13499
13522
14122
13500
13523
14123
13501
13524
14124
13502
13525
14125
13503
13526
14126
13504
13527
14127
13505
13528
14128
13506
13529
14129
13507
13530
14130
13508
13531
14131
13509
13532
14132
13510
13533
14133
13511
13534
14134
13535
14135
13513
13536
14136
13514
13537
14137
13515
13538
14138
13516
13539
14139
13517
13540
14140
13518
13541
14141
13519
13542
14142
13520
13543
14143
13521
13544
14144
13522
13545
14145
13523
13546
14146
13524
13547
14147
13525
13548
14148
13526
13549
14149
13527
13550
14150
13528
13551
14151
13529
13552
14152
13530
13553
14153
13531
13554
14154
13532
13555
14155
13533
13556
14156
13534
13557
14157
13535
13558
14158
13559
14159
13537
13560
14160
13538
13561
14161
13539
13562
14162
13540
13563
14163
13541
13564
14164
13542
13565
14165
13543
13566
14166
13544
13567
14167
13545
13568
14168
13546
13569
14169
13547
13570
14170
13548
13571
14171
13549
13572
14172
13550
13573
14173
13551
13574
14174
13552
13575
14175
13553
13576
14176
13554
13577
14177
13555
13578
14178
13556
13579
14179
13557
13580
14180
13558
13581
14181
13559
13582
14182
13583
14183
13561
13584
14184
13562
13585
14185
13563
13586
14186
13564
13587
14187
13565
13588
14188
13566
13589
14189
13567
13590
14190
13568
13591
14191
13569
13592
14192
13570
13593
14193
13571
13594
14194
13572
13595
14195
13573
13596
14196
13574
13597
14197
13575
13598
14198
13576
13599
14199
13577
13600
14200
13578
13601
14201
13579
13602
14202
13580
13603
14203
13581
13604
14204
13582
13605
14205
13583
13606
14206
13607
14207
13585
13608
14208
13586
13609
14209
13587
13610
14210
13588
13611
14211
13589
13612
14212
13590
13613
14213
13591
13614
14214
13592
13615
14215
13593
13616
14216
13594
13617
14217
13595
13618
14218
13596
13619
14219
13597
13620
14220
13598
13621
14221
13599
13622
14222
13600
13623
14223
13601
13624
14224
13602
13625
14225
13603
13626
14226
13604
13627
14227
13605
13628
14228
13606
13629
14229
13607
13630
14230
13631
14231
13609
13632
14232
13610
13633
14233
13611
13634
14234
13612
13635
14235
13613
13636
14236
13614
13637
14237
13615
13638
14238
13616
13639
14239
13617
13640
14240
13618
13641
14241
13619
13642
14242
13620
13643
14243
13621
13644
14244
13622
13645
14245
13623
13646
14246
13624
13647
14247
13625
13648
14248
13626
13649
14249
13627
13650
14250
13628
13651
14251
13629
13652
14252
13630
13653
14253
13631
13654
14254
13655
14255
13633
13656
14256
13634
13657
14257
13635
13658
14258
13636
13659
14259
13637
13660
14260
13638
13661
14261
13639
13662
14262
13640
13663
14263
13641
13664
14264
13642
13665
14265
13643
13666
14266
13644
13667
14267
13645
13668
14268
13646
13669
14269
13647
13670
14270
13648
13671
14271
13649
13672
14272
13650
13673
14273
13651
13674
14274
13652
13675
14275
13653
13676
14276
13654
13677
14277
13655
13678
14278
13679
14279
13657
13680
14280
13658
13681
14281
13659
13682
14282
13660
13683
14283
13661
13684
14284
13662
13685
14285
13663
13686
14286
13664
13687
14287
13665
13688
14288
13666
13689
14289
13667
13690
14290
13668
13691
14291
13669
13692
14292
13670
13693
14293
13671
13694
14294
13672
13695
14295
13673
13696
14296
13674
13697
14297
13675
13698
14298
13676
13699
14299
13677
13700
14300
13678
13701
14301
13679
13702
14302
13703
14303
13681
13704
14304
13682
13705
14305
13683
13706
14306
13684
13707
14307
13685
13708
14308
13686
13709
14309
13687
13710
14310
13688
13711
14311
13689
13712
14312
13690
13713
14313
13691
13714
14314
13692
13715
14315
13693
13716
14316
13694
13717
14317
13695
13718
14318
13696
13719
14319
13697
13720
14320
13698
13721
14321
13699
13722
14322
13700
13723
14323
13701
13724
14324
13702
13725
14325
13703
13726
14326
13727
14327
13705
14328
13706
14329
13707
14330
13708
14331
13709
14332
13710
14333
13711
14334
13712
14335
13713
14336
13714
14337
13715
14338
13716
14339
13717
14340
13718
14341
13719
14342
13720
14343
13721
14344
13722
14345
13723
14346
13724
14347
13725
14348
13726
14349
13727
14350
14351
13729
13752
14352
13730
13753
14353
13731
13754
14354
13732
13755
14355
13733
13756
14356
13734
13757
14357
13735
13758
14358
13736
13759
14359
13737
13760
14360
13738
13761
14361
13739
13762
14362
13740
13763
14363
13741
13764
14364
13742
13765
14365
13743
13766
14366
13744
13767
14367
13745
13768
14368
13746
13769
14369
13747
13770
14370
13748
13771
14371
13749
13772
14372
13750
13773
14373
13751
13774
14374
13775
14375
13753
13776
14376
13754
13777
14377
13755
13778
14378
13756
13779
14379
13757
13780
14380
13758
13781
14381
13759
13782
14382
13760
13783
14383
13761
13784
14384
13762
13785
14385
13763
13786
14386
13764
13787
14387
13765
13788
14388
13766
13789
14389
13767
13790
14390
13768
13791
14391
13769
13792
14392
13770
13793
14393
13771
13794
14394
13772
13795
14395
13773
13796
14396
13774
13797
14397
13775
13798
14398
13799
14399
13777
13800
14400
13778
13801
14401
13779
13802
14402
13780
13803
14403
13781
13804
14404
13782
13805
14405
13783
13806
14406
13784
13807
14407
13785
13808
14408
13786
13809
14409
13787
13810
14410
13788
13811
14411
13789
13812
14412
13790
13813
14413
13791
13814
14414
13792
13815
14415
13793
13816
14416
13794
13817
14417
13795
13818
14418
13796
13819
14419
13797
13820
14420
13798
13821
14421
13799
13822
14422
13823
14423
13801
13824
14424
13802
13825
14425
13803
13826
14426
13804
13827
14427
13805
13828
14428
13806
13829
14429
13807
13830
14430
13808
13831
14431
13809
13832
14432
13810
13833
14433
13811
13834
14434
13812
13835
14435
13813
13836
14436
13814
13837
14437
13815
13838
14438
13816
13839
14439
13817
13840
14440
13818
13841
14441
13819
13842
14442
13820
13843
14443
13821
13844
14444
13822
13845
14445
13823
13846
14446
13847
14447
13825
13848
14448
13826
13849
14449
13827
13850
14450
13828
13851
14451
13829
13852
14452
13830
13853
14453
13831
13854
14454
13832
13855
14455
13833
13856
14456
13834
13857
14457
13835
13858
14458
13836
13859
14459
13837
13860
14460
13838
13861
14461
13839
13862
14462
13840
13863
14463
13841
13864
14464
13842
13865
14465
13843
13866
14466
13844
13867
14467
13845
13868
14468
13846
13869
14469
13847
13870
14470
13871
14471
13849
13872
14472
13850
13873
14473
13851
13874
14474
13852
13875
14475
13853
13876
14476
13854
13877
14477
13855
13878
14478
13856
13879
14479
13857
13880
14480
13858
13881
14481
13859
13882
14482
13860
13883
14483
13861
13884
14484
13862
13885
14485
13863
13886
14486
13864
13887
14487
13865
13888
14488
13866
13889
14489
13867
13890
14490
13868
13891
14491
13869
13892
14492
13870
13893
14493
13871
13894
14494
13895
14495
13873
13896
14496
13874
13897
14497
13875
13898
14498
13876
13899
14499
13877
13900
14500
13878
13901
14501
13879
13902
14502
13880
13903
14503
13881
13904
14504
13882
13905
14505
13883
13906
14506
13884
13907
14507
13885
13908
14508
13886
13909
14509
13887
13910
14510
13888
13911
14511
13889
13912
14512
13890
13913
14513
13891
13914
14514
13892
13915
14515
13893
13916
14516
13894
13917
14517
13895
13918
14518
13919
14519
13897
13920
14520
13898
13921
14521
13899
13922
14522
13900
13923
14523
13901
13924
14524
13902
13925
14525
13903
13926
14526
13904
13927
14527
13905
13928
14528
13906
13929
14529
13907
13930
14530
13908
13931
14531
13909
13932
14532
13910
13933
14533
13911
13934
14534
13912
13935
14535
13913
13936
14536
13914
13937
14537
13915
13938
14538
13916
13939
14539
13917
13940
14540
13918
13941
14541
13919
13942
14542
13943
14543
13921
13944
14544
13922
13945
14545
13923
13946
14546
13924
13947
14547
13925
13948
14548
13926
13949
14549
13927
13950
14550
13928
13951
14551
13929
13952
14552
13930
13953
14553
13931
13954
14554
13932
13955
14555
13933
13956
14556
13934
13957
14557
13935
13958
14558
13936
13959
14559
13937
13960
14560
13938
13961
14561
13939
13962
14562
13940
13963
14563
13941
13964
14564
13942
13965
14565
13943
13966
14566
13967
14567
13945
13968
14568
13946
13969
14569
13947
13970
14570
13948
13971
14571
13949
13972
14572
13950
13973
14573
13951
13974
14574
13952
13975
14575
13953
13976
14576
13954
13977
14577
13955
13978
14578
13956
13979
14579
13957
13980
14580
13958
13981
14581
13959
13982
14582
13960
13983
14583
13961
13984
14584
13962
13985
14585
13963
13986
14586
13964
13987
14587
13965
13988
14588
13966
13989
14589
13967
13990
14590
13991
14591
13969
13992
14592
13970
13993
14593
13971
13994
14594
13972
13995
14595
13973
13996
14596
13974
13997
14597
13975
13998
14598
13976
13999
14599
13977
14000
14600
13978
14001
14601
13979
14002
14602
13980
14003
14603
13981
14004
14604
13982
14005
14605
13983
14006
14606
13984
14007
14607
13985
14008
14608
13986
14009
14609
13987
14010
14610
13988
14011
14611
13989
14012
14612
13990
14013
14613
13991
14014
14614
14015
14615
13993
14016
14616
13994
14017
14617
13995
14018
14618
13996
14019
14619
13997
14020
14620
13998
14021
14621
13999
14022
14622
14000
14023
14623
14001
14024
14624
14002
14025
14625
14003
14026
14626
14004
14027
14627
14005
14028
14628
14006
14029
14629
14007
14030
14630
14008
14031
14631
14009
14032
14632
14010
14033
14633
14011
14034
14634
14012
14035
14635
14013
14036
14636
14014
14037
14637
14015
14038
14638
14039
14639
14017
14040
14640
14018
14041
14641
14019
14042
14642
14020
14043
14643
14021
14044
14644
14022
14045
14645
14023
14046
14646
14024
14047
14647
14025
14048
14648
14026
14049
14649
14027
14050
14650
14028
14051
14651
14029
14052
14652
14030
14053
14653
14031
14054
14654
14032
14055
14655
14033
14056
14656
14034
14057
14657
14035
14058
14658
14036
14059
14659
14037
14060
14660
14038
14061
14661
14039
14062
14662
14063
14663
14041
14064
14664
14042
14065
14665
14043
14066
14666
14044
14067
14667
14045
14068
14668
14046
14069
14669
14047
14070
14670
14048
14071
14671
14049
14072
14672
14050
14073
14673
14051
14074
14674
14052
14075
14675
14053
14076
14676
14054
14077
14677
14055
14078
14678
14056
14079
14679
14057
14080
14680
14058
14081
14681
14059
14082
14682
14060
14083
14683
14061
14084
14684
14062
14085
14685
14063
14086
14686
14087
14687
14065
14088
14688
14066
14089
14689
14067
14090
14690
14068
14091
14691
14069
14092
14692
14070
14093
14693
14071
14094
14694
14072
14095
14695
14073
14096
14696
14074
14097
14697
14075
14098
14698
14076
14099
14699
14077
14100
14700
14078
14101
14701
14079
14102
14702
14080
14103
14703
14081
14104
14704
14082
14105
14705
14083
14106
14706
14084
14107
14707
14085
14108
14708
14086
14109
14709
14087
14110
14710
14111
14711
14089
14112
14712
14090
14113
14713
14091
14114
14714
14092
14115
14715
14093
14116
14716
14094
14117
14717
14095
14118
14718
14096
14119
14719
14097
14120
14720
14098
14121
14721
14099
14122
14722
14100
14123
14723
14101
14124
14724
14102
14125
14725
14103
14126
14726
14104
14127
14727
14105
14128
14728
14106
14129
14729
14107
14130
14730
14108
14131
14731
14109
14132
14732
14110
14133
14733
14111
14134
14734
14135
14735
14113
14136
14736
14114
14137
14737
14115
14138
14738
14116
14139
14739
14117
14140
14740
14118
14141
14741
14119
14142
14742
14120
14143
14743
14121
14144
14744
14122
14145
14745
14123
14146
14746
14124
14147
14747
14125
14148
14748
14126
14149
14749
14127
14150
14750
14128
14151
14751
14129
14152
14752
14130
14153
14753
14131
14154
14754
14132
14155
14755
14133
14156
14756
14134
14157
14757
14135
14158
14758
14159
14759
14137
14160
14760
14138
14161
14761
14139
14162
14762
14140
14163
14763
14141
14164
14764
14142
14165
14765
14143
14166
14766
14144
14167
14767
14145
14168
14768
14146
14169
14769
14147
14170
14770
14148
14171
14771
14149
14172
14772
14150
14173
14773
14151
14174
14774
14152
14175
14775
14153
14176
14776
14154
14177
14777
14155
14178
14778
14156
14179
14779
14157
14180
14780
14158
14181
14781
14159
14182
14782
14183
14783
14161
14184
14784
14162
14185
14785
14163
14186
14786
14164
14187
14787
14165
14188
14788
14166
14189
14789
14167
14190
14790
14168
14191
14791
14169
14192
14792
14170
14193
14793
14171
14194
14794
14172
14195
14795
14173
14196
14796
14174
14197
14797
14175
14198
14798
14176
14199
14799
14177
14200
14800
14178
14201
14801
14179
14202
14802
14180
14203
14803
14181
14204
14804
14182
14205
14805
14183
14206
14806
14207
14807
14185
14208
14808
14186
14209
14809
14187
14210
14810
14188
14211
14811
14189
14212
14812
14190
14213
14813
14191
14214
14814
14192
14215
14815
14193
14216
14816
14194
14217
14817
14195
14218
14818
14196
14219
14819
14197
14220
14820
14198
14221
14821
14199
14222
14822
14200
14223
14823
14201
14224
14824
14202
14225
14825
14203
14226
14826
14204
14227
14827
14205
14228
14828
14206
14229
14829
14207
14230
14830
14231
14831
14209
14232
14832
14210
14233
14833
14211
14234
14834
14212
14235
14835
14213
14236
14836
14214
14237
14837
14215
14238
14838
14216
14239
14839
14217
14240
14840
14218
14241
14841
14219
14242
14842
14220
14243
14843
14221
14244
14844
14222
14245
14845
14223
14246
14846
14224
14247
14847
14225
14248
14848
14226
14249
14849
14227
14250
14850
14228
14251
14851
14229
14252
14852
14230
14253
14853
14231
14254
14854
14255
14855
14233
14256
14856
14234
14257
14857
14235
14258
14858
14236
14259
14859
14237
14260
14860
14238
14261
14861
14239
14262
14862
14240
14263
14863
14241
14264
14864
14242
14265
14865
14243
14266
14866
14244
14267
14867
14245
14268
14868
14246
14269
14869
14247
14270
14870
14248
14271
14871
14249
14272
14872
14250
14273
14873
14251
14274
14874
14252
14275
14875
14253
14276
14876
14254
14277
14877
14255
14278
14878
14279
14879
14257
14280
14880
14258
14281
14881
14259
14282
14882
14260
14283
14883
14261
14284
14884
14262
14285
14885
14263
14286
14886
14264
14287
14887
14265
14288
14888
14266
14289
14889
14267
14290
14890
14268
14291
14891
14269
14292
14892
14270
14293
14893
14271
14294
14894
14272
14295
14895
14273
14296
14896
14274
14297
14897
14275
14298
14898
14276
14299
14899
14277
14300
14900
14278
14301
14901
14279
14302
14902
14303
14903
14281
14304
14904
14282
14305
14905
14283
14306
14906
14284
14307
14907
14285
14308
14908
14286
14309
14909
14287
14310
14910
14288
14311
14911
14289
14312
14912
14290
14313
14913
14291
14314
14914
14292
14315
14915
14293
14316
14916
14294
14317
14917
14295
14318
14918
14296
14319
14919
14297
14320
14920
14298
14321
14921
14299
14322
14922
14300
14323
14923
14301
14324
14924
14302
14325
14925
14303
14326
14926
14327
14927
14305
14328
14928
14306
14329
14929
14307
14330
14930
14308
14331
14931
14309
14332
14932
14310
14333
14933
14311
14334
14934
14312
14335
14935
14313
14336
14936
14314
14337
14937
14315
14338
14938
14316
14339
14939
14317
14340
14940
14318
14341
14941
14319
14342
14942
14320
14343
14943
14321
14344
14944
14322
14345
14945
14323
14346
14946
14324
14347
14947
14325
14348
14948
14326
14349
14949
14327
14350
14950
14351
14951
14329
14952
14330
14953
14331
14954
14332
14955
14333
14956
14334
14957
14335
14958
14336
14959
14337
14960
14338
14961
14339
14962
14340
14963
14341
14964
14342
14965
14343
14966
14344
14967
14345
14968
14346
14969
14347
14970
14348
14971
14349
14972
14350
14973
14351
14974
14975
14353
14376
14976
14354
14377
14977
14355
14378
14978
14356
14379
14979
14357
14380
14980
14358
14381
14981
14359
14382
14982
14360
14383
14983
14361
14384
14984
14362
14385
14985
14363
14386
14986
14364
14387
14987
14365
14388
14988
14366
14389
14989
14367
14390
14990
14368
14391
14991
14369
14392
14992
14370
14393
14993
14371
14394
14994
14372
14395
14995
14373
14396
14996
14374
14397
14997
14375
14398
14998
14399
14999
14377
14400
15000
14378
14401
15001
14379
14402
15002
14380
14403
15003
14381
14404
15004
14382
14405
15005
14383
14406
15006
14384
14407
15007
14385
14408
15008
14386
14409
15009
14387
14410
15010
14388
14411
15011
14389
14412
15012
14390
14413
15013
14391
14414
15014
14392
14415
15015
14393
14416
15016
14394
14417
15017
14395
14418
15018
14396
14419
15019
14397
14420
15020
14398
14421
15021
14399
14422
15022
14423
15023
14401
14424
15024
14402
14425
15025
14403
14426
15026
14404
14427
15027
14405
14428
15028
14406
14429
15029
14407
14430
15030
14408
14431
15031
14409
14432
15032
14410
14433
15033
14411
14434
15034
14412
14435
15035
14413
14436
15036
14414
14437
15037
14415
14438
15038
14416
14439
15039
14417
14440
15040
14418
14441
15041
14419
14442
15042
14420
14443
15043
14421
14444
15044
14422
14445
15045
14423
14446
15046
14447
15047
14425
14448
15048
14426
14449
15049
14427
14450
15050
14428
14451
15051
14429
14452
15052
14430
14453
15053
14431
14454
15054
14432
14455
15055
14433
14456
15056
14434
14457
15057
14435
14458
15058
14436
14459
15059
14437
14460
15060
14438
14461
15061
14439
14462
15062
14440
14463
15063
14441
14464
15064
14442
14465
15065
14443
14466
15066
14444
14467
15067
14445
14468
15068
14446
14469
15069
14447
14470
15070
14471
15071
14449
14472
15072
14450
14473
15073
14451
14474
15074
14452
14475
15075
14453
14476
15076
14454
14477
15077
14455
14478
15078
14456
14479
15079
14457
14480
15080
14458
14481
15081
14459
14482
15082
14460
14483
15083
14461
14484
15084
14462
14485
15085
14463
14486
15086
14464
14487
15087
14465
14488
15088
14466
14489
15089
14467
14490
15090
14468
14491
15091
14469
14492
15092
14470
14493
15093
14471
14494
15094
14495
15095
14473
14496
15096
14474
14497
15097
14475
14498
15098
14476
14499
15099
14477
14500
15100
14478
14501
15101
14479
14502
15102
14480
14503
15103
14481
14504
15104
14482
14505
15105
14483
14506
15106
14484
14507
15107
14485
14508
15108
14486
14509
15109
14487
14510
15110
14488
14511
15111
14489
14512
15112
14490
14513
15113
14491
14514
15114
14492
14515
15115
14493
14516
15116
14494
14517
15117
14495
14518
15118
14519
15119
14497
14520
15120
14498
14521
15121
14499
14522
15122
14500
14523
15123
14501
14524
15124
14502
14525
15125
14503
14526
15126
14504
14527
15127
14505
14528
15128
14506
14529
15129
14507
14530
15130
14508
14531
15131
14509
14532
15132
14510
14533
15133
14511
14534
15134
14512
14535
15135
14513
14536
15136
14514
14537
15137
14515
14538
15138
14516
14539
15139
14517
14540
15140
14518
14541
15141
14519
14542
15142
14543
15143
14521
14544
15144
14522
14545
15145
14523
14546
15146
14524
14547
15147
14525
14548
15148
14526
14549
15149
14527
14550
15150
14528
14551
15151
14529
14552
15152
14530
14553
15153
14531
14554
15154
14532
14555
15155
14533
14556
15156
14534
14557
15157
14535
14558
15158
14536
14559
15159
14537
14560
15160
14538
14561
15161
14539
14562
15162
14540
14563
15163
14541
14564
15164
14542
14565
15165
14543
14566
15166
14567
15167
14545
14568
15168
14546
14569
15169
14547
14570
15170
14548
14571
15171
14549
14572
15172
14550
14573
15173
14551
14574
15174
14552
14575
15175
14553
14576
15176
14554
14577
15177
14555
14578
15178
14556
14579
15179
14557
14580
15180
14558
14581
15181
14559
14582
15182
14560
14583
15183
14561
14584
15184
14562
14585
15185
14563
14586
15186
14564
14587
15187
14565
14588
15188
14566
14589
15189
14567
14590
15190
14591
15191
14569
14592
15192
14570
14593
15193
14571
14594
15194
14572
14595
15195
14573
14596
15196
14574
14597
15197
14575
14598
15198
14576
14599
15199
14577
14600
15200
14578
14601
15201
14579
14602
15202
14580
14603
15203
14581
14604
15204
14582
14605
15205
14583
14606
15206
14584
14607
15207
14585
14608
15208
14586
14609
15209
14587
14610
15210
14588
14611
15211
14589
14612
15212
14590
14613
15213
14591
14614
15214
14615
15215
14593
14616
15216
14594
14617
15217
14595
14618
15218
14596
14619
15219
14597
14620
15220
14598
14621
15221
14599
14622
15222
14600
14623
15223
14601
14624
15224
14602
14625
15225
14603
14626
15226
14604
14627
15227
14605
14628
15228
14606
14629
15229
14607
14630
15230
14608
14631
15231
14609
14632
15232
14610
14633
15233
14611
14634
15234
14612
14635
15235
14613
14636
15236
14614
14637
15237
14615
14638
15238
14639
15239
14617
14640
15240
14618
14641
15241
14619
14642
15242
14620
14643
15243
14621
14644
15244
14622
14645
15245
14623
14646
15246
14624
14647
15247
14625
14648
15248
14626
14649
15249
14627
14650
15250
14628
14651
15251
14629
14652
15252
14630
14653
15253
14631
14654
15254
14632
14655
15255
14633
14656
15256
14634
14657
15257
14635
14658
15258
14636
14659
15259
14637
14660
15260
14638
14661
15261
14639
14662
15262
14663
15263
14641
14664
15264
14642
14665
15265
14643
14666
15266
14644
14667
15267
14645
14668
15268
14646
14669
15269
14647
14670
15270
14648
14671
15271
14649
14672
15272
14650
14673
15273
14651
14674
15274
14652
14675
15275
14653
14676
15276
14654
14677
15277
14655
14678
15278
14656
14679
15279
14657
14680
15280
14658
14681
15281
14659
14682
15282
14660
14683
15283
14661
14684
15284
14662
14685
15285
14663
14686
15286
14687
15287
14665
14688
15288
14666
14689
15289
14667
14690
15290
14668
14691
15291
14669
14692
15292
14670
14693
15293
14671
14694
15294
14672
14695
15295
14673
14696
15296
14674
14697
15297
14675
14698
15298
14676
14699
15299
14677
14700
15300
14678
14701
15301
14679
14702
15302
14680
14703
15303
14681
14704
15304
14682
14705
15305
14683
14706
15306
14684
14707
15307
14685
14708
15308
14686
14709
15309
14687
14710
15310
14711
15311
14689
14712
15312
14690
14713
15313
14691
14714
15314
14692
14715
15315
14693
14716
15316
14694
14717
15317
14695
14718
15318
14696
14719
15319
14697
14720
15320
14698
14721
15321
14699
14722
15322
14700
14723
15323
14701
14724
15324
14702
14725
15325
14703
14726
15326
14704
14727
15327
14705
14728
15328
14706
14729
15329
14707
14730
15330
14708
14731
15331
14709
14732
15332
14710
14733
15333
14711
14734
15334
14735
15335
14713
14736
15336
14714
14737
15337
14715
14738
15338
14716
14739
15339
14717
14740
15340
14718
14741
15341
14719
14742
15342
14720
14743
15343
14721
14744
15344
14722
14745
15345
14723
14746
15346
14724
14747
15347
14725
14748
15348
14726
14749
15349
14727
14750
15350
14728
14751
15351
14729
14752
15352
14730
14753
15353
14731
14754
15354
14732
14755
15355
14733
14756
15356
14734
14757
15357
14735
14758
15358
14759
15359
14737
14760
15360
14738
14761
15361
14739
14762
15362
14740
14763
15363
14741
14764
15364
14742
14765
15365
14743
14766
15366
14744
14767
15367
14745
14768
15368
14746
14769
15369
14747
14770
15370
14748
14771
15371
14749
14772
15372
14750
14773
15373
14751
14774
15374
14752
14775
15375
14753
14776
15376
14754
14777
15377
14755
14778
15378
14756
14779
15379
14757
14780
15380
14758
14781
15381
14759
14782
15382
14783
15383
14761
14784
15384
14762
14785
15385
14763
14786
15386
14764
14787
15387
14765
14788
15388
14766
14789
15389
14767
14790
15390
14768
14791
15391
14769
14792
15392
14770
14793
15393
14771
14794
15394
14772
14795
15395
14773
14796
15396
14774
14797
15397
14775
14798
15398
14776
14799
15399
14777
14800
15400
14778
14801
15401
14779
14802
15402
14780
14803
15403
14781
14804
15404
14782
14805
15405
14783
14806
15406
14807
15407
14785
14808
15408
14786
14809
15409
14787
14810
15410
14788
14811
15411
14789
14812
15412
14790
14813
15413
14791
14814
15414
14792
14815
15415
14793
14816
15416
14794
14817
15417
14795
14818
15418
14796
14819
15419
14797
14820
15420
14798
14821
15421
14799
14822
15422
14800
14823
15423
14801
14824
15424
14802
14825
15425
14803
14826
15426
14804
14827
15427
14805
14828
15428
14806
14829
15429
14807
14830
15430
14831
15431
14809
14832
15432
14810
14833
15433
14811
14834
15434
14812
14835
15435
14813
14836
15436
14814
14837
15437
14815
14838
15438
14816
14839
15439
14817
14840
15440
14818
14841
15441
14819
14842
15442
14820
14843
15443
14821
14844
15444
14822
14845
15445
14823
14846
15446
14824
14847
15447
14825
14848
15448
14826
14849
15449
14827
14850
15450
14828
14851
15451
14829
14852
15452
14830
14853
15453
14831
14854
15454
14855
15455
14833
14856
15456
14834
14857
15457
14835
14858
15458
14836
14859
15459
14837
14860
15460
14838
14861
15461
14839
14862
15462
14840
14863
15463
14841
14864
15464
14842
14865
15465
14843
14866
15466
14844
14867
15467
14845
14868
15468
14846
14869
15469
14847
14870
15470
14848
14871
15471
14849
14872
15472
14850
14873
15473
14851
14874
15474
14852
14875
15475
14853
14876
15476
14854
14877
15477
14855
14878
15478
14879
15479
14857
14880
15480
14858
14881
15481
14859
14882
15482
14860
14883
15483
14861
14884
15484
14862
14885
15485
14863
14886
15486
14864
14887
15487
14865
14888
15488
14866
14889
15489
14867
14890
15490
14868
14891
15491
14869
14892
15492
14870
14893
15493
14871
14894
15494
14872
14895
15495
14873
14896
15496
14874
14897
15497
14875
14898
15498
14876
14899
15499
14877
14900
15500
14878
14901
15501
14879
14902
15502
14903
15503
14881
14904
15504
14882
14905
15505
14883
14906
15506
14884
14907
15507
14885
14908
15508
14886
14909
15509
14887
14910
15510
14888
14911
15511
14889
14912
15512
14890
14913
15513
14891
14914
15514
14892
14915
15515
14893
14916
15516
14894
14917
15517
14895
14918
15518
14896
14919
15519
14897
14920
15520
14898
14921
15521
14899
14922
15522
14900
14923
15523
14901
14924
15524
14902
14925
15525
14903
14926
15526
14927
15527
14905
14928
15528
14906
14929
15529
14907
14930
15530
14908
14931
15531
14909
14932
15532
14910
14933
15533
14911
14934
15534
14912
14935
15535
14913
14936
15536
14914
14937
15537
14915
14938
15538
14916
14939
15539
14917
14940
15540
14918
14941
15541
14919
14942
15542
14920
14943
15543
14921
14944
15544
14922
14945
15545
14923
14946
15546
14924
14947
15547
14925
14948
15548
14926
14949
15549
14927
14950
15550
14951
15551
14929
14952
15552
14930
14953
15553
14931
14954
15554
14932
14955
15555
14933
14956
15556
14934
14957
15557
14935
14958
15558
14936
14959
15559
14937
14960
15560
14938
14961
15561
14939
14962
15562
14940
14963
15563
14941
14964
15564
14942
14965
15565
14943
14966
15566
14944
14967
15567
14945
14968
15568
14946
14969
15569
14947
14970
15570
14948
14971
15571
14949
14972
15572
14950
14973
15573
14951
14974
15574
14975
15575
14953
15576
14954
15577
14955
15578
14956
15579
14957
15580
14958
15581
14959
15582
14960
15583
14961
15584
14962
15585
14963
15586
14964
15587
14965
15588
14966
15589
14967
15590
14968
15591
14969
15592
14970
15593
14971
15594
14972
15595
14973
15596
14974
15597
14975
15598
15599
14977
15000
15600
14978
15001
15601
14979
15002
15602
14980
15003
15603
14981
15004
15604
14982
15005
15605
14983
15006
15606
14984
15007
15607
14985
15008
15608
14986
15009
15609
14987
15010
15610
14988
15011
15611
14989
15012
15612
14990
15013
15613
14991
15014
15614
14992
15015
15615
14993
15016
15616
14994
15017
15617
14995
15018
15618
14996
15019
15619
14997
15020
15620
14998
15021
15621
14999
15022
15622
15023
15623
15001
15024
15624
15002
15025
15625
15003
15026
15626
15004
15027
15627
15005
15028
15628
15006
15029
15629
15007
15030
15630
15008
15031
15631
15009
15032
15632
15010
15033
15633
15011
15034
15634
15012
15035
15635
15013
15036
15636
15014
15037
15637
15015
15038
15638
15016
15039
15639
15017
15040
15640
15018
15041
15641
15019
15042
15642
15020
15043
15643
15021
15044
15644
15022
15045
15645
15023
15046
15646
15047
15647
15025
15048
15648
15026
15049
15649
15027
15050
15650
15028
15051
15651
15029
15052
15652
15030
15053
15653
15031
15054
15654
15032
15055
15655
15033
15056
15656
15034
15057
15657
15035
15058
15658
15036
15059
15659
15037
15060
15660
15038
15061
15661
15039
15062
15662
15040
15063
15663
15041
15064
15664
15042
15065
15665
15043
15066
15666
15044
15067
15667
15045
15068
15668
15046
15069
15669
15047
15070
15670
15071
15671
15049
15072
15672
15050
15073
15673
15051
15074
15674
15052
15075
15675
15053
15076
15676
15054
15077
15677
15055
15078
15678
15056
15079
15679
15057
15080
15680
15058
15081
15681
15059
15082
15682
15060
15083
15683
15061
15084
15684
15062
15085
15685
15063
15086
15686
15064
15087
15687
15065
15088
15688
15066
15089
15689
15067
15090
15690
15068
15091
15691
15069
15092
15692
15070
15093
15693
15071
15094
15694
15095
15695
15073
15096
15696
15074
15097
15697
15075
15098
15698
15076
15099
15699
15077
15100
15700
15078
15101
15701
15079
15102
15702
15080
15103
15703
15081
15104
15704
15082
15105
15705
15083
15106
15706
15084
15107
15707
15085
15108
15708
15086
15109
15709
15087
15110
15710
15088
15111
15711
15089
15112
15712
15090
15113
15713
15091
15114
15714
15092
15115
15715
15093
15116
15716
15094
15117
15717
15095
15118
15718
15119
15719
15097
15120
15720
15098
15121
15721
15099
15122
15722
15100
15123
15723
15101
15124
15724
15102
15125
15725
15103
15126
15726
15104
15127
15727
15105
15128
15728
15106
15129
15729
15107
15130
15730
15108
15131
15731
15109
15132
15732
15110
15133
15733
15111
15134
15734
15112
15135
15735
15113
15136
15736
15114
15137
15737
15115
15138
15738
15116
15139
15739
15117
15140
15740
15118
15141
15741
15119
15142
15742
15143
15743
15121
15144
15744
15122
15145
15745
15123
15146
15746
15124
15147
15747
15125
15148
15748
15126
15149
15749
15127
15150
15750
15128
15151
15751
15129
15152
15752
15130
15153
15753
15131
15154
15754
15132
15155
15755
15133
15156
15756
15134
15157
15757
15135
15158
15758
15136
15159
15759
15137
15160
15760
15138
15161
15761
15139
15162
15762
15140
15163
15763
15141
15164
15764
15142
15165
15765
15143
15166
15766
15167
15767
15145
15168
15768
15146
15169
15769
15147
15170
15770
15148
15171
15771
15149
15172
15772
15150
15173
15773
15151
15174
15774
15152
15175
15775
15153
15176
15776
15154
15177
15777
15155
15178
15778
15156
15179
15779
15157
15180
15780
15158
15181
15781
15159
15182
15782
15160
15183
15783
15161
15184
15784
15162
15185
15785
15163
15186
15786
15164
15187
15787
15165
15188
15788
15166
15189
15789
15167
15190
15790
15191
15791
15169
15192
15792
15170
15193
15793
15171
15194
15794
15172
15195
15795
15173
15196
15796
15174
15197
15797
15175
15198
15798
15176
15199
15799
15177
15200
15800
15178
15201
15801
15179
15202
15802
15180
15203
15803
15181
15204
15804
15182
15205
15805
15183
15206
15806
15184
15207
15807
15185
15208
15808
15186
15209
15809
15187
15210
15810
15188
15211
15811
15189
15212
15812
15190
15213
15813
15191
15214
15814
15215
15815
15193
15216
15816
15194
15217
15817
15195
15218
15818
15196
15219
15819
15197
15220
15820
15198
15221
15821
15199
15222
15822
15200
15223
15823
15201
15224
15824
15202
15225
15825
15203
15226
15826
15204
15227
15827
15205
15228
15828
15206
15229
15829
15207
15230
15830
15208
15231
15831
15209
15232
15832
15210
15233
15833
15211
15234
15834
15212
15235
15835
15213
15236
15836
15214
15237
15837
15215
15238
15838
15239
15839
15217
15240
15840
15218
15241
15841
15219
15242
15842
15220
15243
15843
15221
15244
15844
15222
15245
15845
15223
15246
15846
15224
15247
15847
15225
15248
15848
15226
15249
15849
15227
15250
15850
15228
15251
15851
15229
15252
15852
15230
15253
15853
15231
15254
15854
15232
15255
15855
15233
15256
15856
15234
15257
15857
15235
15258
15858
15236
15259
15859
15237
15260
15860
15238
15261
15861
15239
15262
15862
15263
15863
15241
15264
15864
15242
15265
15865
15243
15266
15866
15244
15267
15867
15245
15268
15868
15246
15269
15869
15247
15270
15870
15248
15271
15871
15249
15272
15872
15250
15273
15873
15251
15274
15874
15252
15275
15875
15253
15276
15876
15254
15277
15877
15255
15278
15878
15256
15279
15879
15257
15280
15880
15258
15281
15881
15259
15282
15882
15260
15283
15883
15261
15284
15884
15262
15285
15885
15263
15286
15886
15287
15887
15265
15288
15888
15266
15289
15889
15267
15290
15890
15268
15291
15891
15269
15292
15892
15270
15293
15893
15271
15294
15894
15272
15295
15895
15273
15296
15896
15274
15297
15897
15275
15298
15898
15276
15299
15899
15277
15300
15900
15278
15301
15901
15279
15302
15902
15280
15303
15903
15281
15304
15904
15282
15305
15905
15283
15306
15906
15284
15307
15907
15285
15308
15908
15286
15309
15909
15287
15310
15910
15311
15911
15289
15312
15912
15290
15313
15913
15291
15314
15914
15292
15315
15915
15293
15316
15916
15294
15317
15917
15295
15318
15918
15296
15319
15919
15297
15320
15920
15298
15321
15921
15299
15322
15922
15300
15323
15923
15301
15324
15924
15302
15325
15925
15303
15326
15926
15304
15327
15927
15305
15328
15928
15306
15329
15929
15307
15330
15930
15308
15331
15931
15309
15332
15932
15310
15333
15933
15311
15334
15934
15335
15935
15313
15336
15936
15314
15337
15937
15315
15338
15938
15316
15339
15939
15317
15340
15940
15318
15341
15941
15319
15342
15942
15320
15343
15943
15321
15344
15944
15322
15345
15945
15323
15346
15946
15324
15347
15947
15325
15348
15948
15326
15349
15949
15327
15350
15950
15328
15351
15951
15329
15352
15952
15330
15353
15953
15331
15354
15954
15332
15355
15955
15333
15356
15956
15334
15357
15957
15335
15358
15958
15359
15959
15337
15360
15960
15338
15361
15961
15339
15362
15962
15340
15363
15963
15341
15364
15964
15342
15365
15965
15343
15366
15966
15344
15367
15967
15345
15368
15968
15346
15369
15969
15347
15370
15970
15348
15371
15971
15349
15372
15972
15350
15373
15973
15351
15374
15974
15352
15375
15975
15353
15376
15976
15354
15377
15977
15355
15378
15978
15356
15379
15979
15357
15380
15980
15358
15381
15981
15359
15382
15982
15383
15983
15361
15384
15984
15362
15385
15985
15363
15386
15986
15364
15387
15987
15365
15388
15988
15366
15389
15989
15367
15390
15990
15368
15391
15991
15369
15392
15992
15370
15393
15993
15371
15394
15994
15372
15395
15995
15373
15396
15996
15374
15397
15997
15375
15398
15998
15376
15399
15999
15377
15400
16000
15378
15401
16001
15379
15402
16002
15380
15403
16003
15381
15404
16004
15382
15405
16005
15383
15406
16006
15407
16007
15385
15408
16008
15386
15409
16009
15387
15410
16010
15388
15411
16011
15389
15412
16012
15390
15413
16013
15391
15414
16014
15392
15415
16015
15393
15416
16016
15394
15417
16017
15395
15418
16018
15396
15419
16019
15397
15420
16020
15398
15421
16021
15399
15422
16022
15400
15423
16023
15401
15424
16024
15402
15425
16025
15403
15426
16026
15404
15427
16027
15405
15428
16028
15406
15429
16029
15407
15430
16030
15431
16031
15409
15432
16032
15410
15433
16033
15411
15434
16034
15412
15435
16035
15413
15436
16036
15414
15437
16037
15415
15438
16038
15416
15439
16039
15417
15440
16040
15418
15441
16041
15419
15442
16042
15420
15443
16043
15421
15444
16044
15422
15445
16045
15423
15446
16046
15424
15447
16047
15425
15448
16048
15426
15449
16049
15427
15450
16050
15428
15451
16051
15429
15452
16052
15430
15453
16053
15431
15454
16054
15455
16055
15433
15456
16056
15434
15457
16057
15435
15458
16058
15436
15459
16059
15437
15460
16060
15438
15461
16061
15439
15462
16062
15440
15463
16063
15441
15464
16064
15442
15465
16065
15443
15466
16066
15444
15467
16067
15445
15468
16068
15446
15469
16069
15447
15470
16070
15448
15471
16071
15449
15472
16072
15450
15473
16073
15451
15474
16074
15452
15475
16075
15453
15476
16076
15454
15477
16077
15455
15478
16078
15479
16079
15457
15480
16080
15458
15481
16081
15459
15482
16082
15460
15483
16083
15461
15484
16084
15462
15485
16085
15463
15486
16086
15464
15487
16087
15465
15488
16088
15466
15489
16089
15467
15490
16090
15468
15491
16091
15469
15492
16092
15470
15493
16093
15471
15494
16094
15472
15495
16095
15473
15496
16096
15474
15497
16097
15475
15498
16098
15476
15499
16099
15477
15500
16100
15478
15501
16101
15479
15502
16102
15503
16103
15481
15504
16104
15482
15505
16105
15483
15506
16106
15484
15507
16107
15485
15508
16108
15486
15509
16109
15487
15510
16110
15488
15511
16111
15489
15512
16112
15490
15513
16113
15491
15514
16114
15492
15515
16115
15493
15516
16116
15494
15517
16117
15495
15518
16118
15496
15519
16119
15497
15520
16120
15498
15521
16121
15499
15522
16122
15500
15523
16123
15501
15524
16124
15502
15525
16125
15503
15526
16126
15527
16127
15505
15528
16128
15506
15529
16129
15507
15530
16130
15508
15531
16131
15509
15532
16132
15510
15533
16133
15511
15534
16134
15512
15535
16135
15513
15536
16136
15514
15537
16137
15515
15538
16138
15516
15539
16139
15517
15540
16140
15518
15541
16141
15519
15542
16142
15520
15543
16143
15521
15544
16144
15522
15545
16145
15523
15546
16146
15524
15547
16147
15525
15548
16148
15526
15549
16149
15527
15550
16150
15551
16151
15529
15552
16152
15530
15553
16153
15531
15554
16154
15532
15555
16155
15533
15556
16156
15534
15557
16157
15535
15558
16158
15536
15559
16159
15537
15560
16160
15538
15561
16161
15539
15562
16162
15540
15563
16163
15541
15564
16164
15542
15565
16165
15543
15566
16166
15544
15567
16167
15545
15568
16168
15546
15569
16169
15547
15570
16170
15548
15571
16171
15549
15572
16172
15550
15573
16173
15551
15574
16174
15575
16175
15553
15576
16176
15554
15577
16177
15555
15578
16178
15556
15579
16179
15557
15580
16180
15558
15581
16181
15559
15582
16182
15560
15583
16183
15561
15584
16184
15562
15585
16185
15563
15586
16186
15564
15587
16187
15565
15588
16188
15566
15589
16189
15567
15590
16190
15568
15591
16191
15569
15592
16192
15570
15593
16193
15571
15594
16194
15572
15595
16195
15573
15596
16196
15574
15597
16197
15575
15598
16198
15599
16199
15577
16200
15578
16201
15579
16202
15580
16203
15581
16204
15582
16205
15583
16206
15584
16207
15585
16208
15586
16209
15587
16210
15588
16211
15589
16212
15590
16213
15591
16214
15592
16215
15593
16216
15594
16217
15595
16218
15596
16219
15597
16220
15598
16221
15599
16222
16223
15601
15624
16224
15602
15625
16225
15603
15626
16226
15604
15627
16227
15605
15628
16228
15606
15629
16229
15607
15630
16230
15608
15631
16231
15609
15632
16232
15610
15633
16233
15611
15634
16234
15612
15635
16235
15613
15636
16236
15614
15637
16237
15615
15638
16238
15616
15639
16239
15617
15640
16240
15618
15641
16241
15619
15642
16242
15620
15643
16243
15621
15644
16244
15622
15645
16245
15623
15646
16246
15647
16247
15625
15648
16248
15626
15649
16249
15627
15650
16250
15628
15651
16251
15629
15652
16252
15630
15653
16253
15631
15654
16254
15632
15655
16255
15633
15656
16256
15634
15657
16257
15635
15658
16258
15636
15659
16259
15637
15660
16260
15638
15661
16261
15639
15662
16262
15640
15663
16263
15641
15664
16264
15642
15665
16265
15643
15666
16266
15644
15667
16267
15645
15668
16268
15646
15669
16269
15647
15670
16270
15671
16271
15649
15672
16272
15650
15673
16273
15651
15674
16274
15652
15675
16275
15653
15676
16276
15654
15677
16277
15655
15678
16278
15656
15679
16279
15657
15680
16280
15658
15681
16281
15659
15682
16282
15660
15683
16283
15661
15684
16284
15662
15685
16285
15663
15686
16286
15664
15687
16287
15665
15688
16288
15666
15689
16289
15667
15690
16290
15668
15691
16291
15669
15692
16292
15670
15693
16293
15671
15694
16294
15695
16295
15673
15696
16296
15674
15697
16297
15675
15698
16298
15676
15699
16299
15677
15700
16300
15678
15701
16301
15679
15702
16302
15680
15703
16303
15681
15704
16304
15682
15705
16305
15683
15706
16306
15684
15707
16307
15685
15708
16308
15686
15709
16309
15687
15710
16310
15688
15711
16311
15689
15712
16312
15690
15713
16313
15691
15714
16314
15692
15715
16315
15693
15716
16316
15694
15717
16317
15695
15718
16318
15719
16319
15697
15720
16320
15698
15721
16321
15699
15722
16322
15700
15723
16323
15701
15724
16324
15702
15725
16325
15703
15726
16326
15704
15727
16327
15705
15728
16328
15706
15729
16329
15707
15730
16330
15708
15731
16331
15709
15732
16332
15710
15733
16333
15711
15734
16334
15712
15735
16335
15713
15736
16336
15714
15737
16337
15715
15738
16338
15716
15739
16339
15717
15740
16340
15718
15741
16341
15719
15742
16342
15743
16343
15721
15744
16344
15722
15745
16345
15723
15746
16346
15724
15747
16347
15725
15748
16348
15726
15749
16349
15727
15750
16350
15728
15751
16351
15729
15752
16352
15730
15753
16353
15731
15754
16354
15732
15755
16355
15733
15756
16356
15734
15757
16357
15735
15758
16358
15736
15759
16359
15737
15760
16360
15738
15761
16361
15739
15762
16362
15740
15763
16363
15741
15764
16364
15742
15765
16365
15743
15766
16366
15767
16367
15745
15768
16368
15746
15769
16369
15747
15770
16370
15748
15771
16371
15749
15772
16372
15750
15773
16373
15751
15774
16374
15752
15775
16375
15753
15776
16376
15754
15777
16377
15755
15778
16378
15756
15779
16379
15757
15780
16380
15758
15781
16381
15759
15782
16382
15760
15783
16383
15761
15784
16384
15762
15785
16385
15763
15786
16386
15764
15787
16387
15765
15788
16388
15766
15789
16389
15767
15790
16390
15791
16391
15769
15792
16392
15770
15793
16393
15771
15794
16394
15772
15795
16395
15773
15796
16396
15774
15797
16397
15775
15798
16398
15776
15799
16399
15777
15800
16400
15778
15801
16401
15779
15802
16402
15780
15803
16403
15781
15804
16404
15782
15805
16405
15783
15806
16406
15784
15807
16407
15785
15808
16408
15786
15809
16409
15787
15810
16410
15788
15811
16411
15789
15812
16412
15790
15813
16413
15791
15814
16414
15815
16415
15793
15816
16416
15794
15817
16417
15795
15818
16418
15796
15819
16419
15797
15820
16420
15798
15821
16421
15799
15822
16422
15800
15823
16423
15801
15824
16424
15802
15825
16425
15803
15826
16426
15804
15827
16427
15805
15828
16428
15806
15829
16429
15807
15830
16430
15808
15831
16431
15809
15832
16432
15810
15833
16433
15811
15834
16434
15812
15835
16435
15813
15836
16436
15814
15837
16437
15815
15838
16438
15839
16439
15817
15840
16440
15818
15841
16441
15819
15842
16442
15820
15843
16443
15821
15844
16444
15822
15845
16445
15823
15846
16446
15824
15847
16447
15825
15848
16448
15826
15849
16449
15827
15850
16450
15828
15851
16451
15829
15852
16452
15830
15853
16453
15831
15854
16454
15832
15855
16455
15833
15856
16456
15834
15857
16457
15835
15858
16458
15836
15859
16459
15837
15860
16460
15838
15861
16461
15839
15862
16462
15863
16463
15841
15864
16464
15842
15865
16465
15843
15866
16466
15844
15867
16467
15845
15868
16468
15846
15869
16469
15847
15870
16470
15848
15871
16471
15849
15872
16472
15850
15873
16473
15851
15874
16474
15852
15875
16475
15853
15876
16476
15854
15877
16477
15855
15878
16478
15856
15879
16479
15857
15880
16480
15858
15881
16481
15859
15882
16482
15860
15883
16483
15861
15884
16484
15862
15885
16485
15863
15886
16486
15887
16487
15865
15888
16488
15866
15889
16489
15867
15890
16490
15868
15891
16491
15869
15892
16492
15870
15893
16493
15871
15894
16494
15872
15895
16495
15873
15896
16496
15874
15897
16497
15875
15898
16498
15876
15899
16499
15877
15900
16500
15878
15901
16501
15879
15902
16502
15880
15903
16503
15881
15904
16504
15882
15905
16505
15883
15906
16506
15884
15907
16507
15885
15908
16508
15886
15909
16509
15887
15910
16510
15911
16511
15889
15912
16512
15890
15913
16513
15891
15914
16514
15892
15915
16515
15893
15916
16516
15894
15917
16517
15895
15918
16518
15896
15919
16519
15897
15920
16520
15898
15921
16521
15899
15922
16522
15900
15923
16523
15901
15924
16524
15902
15925
16525
15903
15926
16526
15904
15927
16527
15905
15928
16528
15906
15929
16529
15907
15930
16530
15908
15931
16531
15909
15932
16532
15910
15933
16533
15911
15934
16534
15935
16535
15913
15936
16536
15914
15937
16537
15915
15938
16538
15916
15939
16539
15917
15940
16540
15918
15941
16541
15919
15942
16542
15920
15943
16543
15921
15944
16544
15922
15945
16545
15923
15946
16546
15924
15947
16547
15925
15948
16548
15926
15949
16549
15927
15950
16550
15928
15951
16551
15929
15952
16552
15930
15953
16553
15931
15954
16554
15932
15955
16555
15933
15956
16556
15934
15957
16557
15935
15958
16558
15959
16559
15937
15960
16560
15938
15961
16561
15939
15962
16562
15940
15963
16563
15941
15964
16564
15942
15965
16565
15943
15966
16566
15944
15967
16567
15945
15968
16568
15946
15969
16569
15947
15970
16570
15948
15971
16571
15949
15972
16572
15950
15973
16573
15951
15974
16574
15952
15975
16575
15953
15976
16576
15954
15977
16577
15955
15978
16578
15956
15979
16579
15957
15980
16580
15958
15981
16581
15959
15982
16582
15983
16583
15961
15984
16584
15962
15985
16585
15963
15986
16586
15964
15987
16587
15965
15988
16588
15966
15989
16589
15967
15990
16590
15968
15991
16591
15969
15992
16592
15970
15993
16593
15971
15994
16594
15972
15995
16595
15973
15996
16596
15974
15997
16597
15975
15998
16598
15976
15999
16599
15977
16000
16600
15978
16001
16601
15979
16002
16602
15980
16003
16603
15981
16004
16604
15982
16005
16605
15983
16006
16606
16007
16607
15985
16008
16608
15986
16009
16609
15987
16010
16610
15988
16011
16611
15989
16012
16612
15990
16013
16613
15991
16014
16614
15992
16015
16615
15993
16016
16616
15994
16017
16617
15995
16018
16618
15996
16019
16619
15997
16020
16620
15998
16021
16621
15999
16022
16622
16000
16023
16623
16001
16024
16624
16002
16025
16625
16003
16026
16626
16004
16027
16627
16005
16028
16628
16006
16029
16629
16007
16030
16630
16031
16631
16009
16032
16632
16010
16033
16633
16011
16034
16634
16012
16035
16635
16013
16036
16636
16014
16037
16637
16015
16038
16638
16016
16039
16639
16017
16040
16640
16018
16041
16641
16019
16042
16642
16020
16043
16643
16021
16044
16644
16022
16045
16645
16023
16046
16646
16024
16047
16647
16025
16048
16648
16026
16049
16649
16027
16050
16650
16028
16051
16651
16029
16052
16652
16030
16053
16653
16031
16054
16654
16055
16655
16033
16056
16656
16034
16057
16657
16035
16058
16658
16036
16059
16659
16037
16060
16660
16038
16061
16661
16039
16062
16662
16040
16063
16663
16041
16064
16664
16042
16065
16665
16043
16066
16666
16044
16067
16667
16045
16068
16668
16046
16069
16669
16047
16070
16670
16048
16071
16671
16049
16072
16672
16050
16073
16673
16051
16074
16674
16052
16075
16675
16053
16076
16676
16054
16077
16677
16055
16078
16678
16079
16679
16057
16080
16680
16058
16081
16681
16059
16082
16682
16060
16083
16683
16061
16084
16684
16062
16085
16685
16063
16086
16686
16064
16087
16687
16065
16088
16688
16066
16089
16689
16067
16090
16690
16068
16091
16691
16069
16092
16692
16070
16093
16693
16071
16094
16694
16072
16095
16695
16073
16096
16696
16074
16097
16697
16075
16098
16698
16076
16099
16699
16077
16100
16700
16078
16101
16701
16079
16102
16702
16103
16703
16081
16104
16704
16082
16105
16705
16083
16106
16706
16084
16107
16707
16085
16108
16708
16086
16109
16709
16087
16110
16710
16088
16111
16711
16089
16112
16712
16090
16113
16713
16091
16114
16714
16092
16115
16715
16093
16116
16716
16094
16117
16717
16095
16118
16718
16096
16119
16719
16097
16120
16720
16098
16121
16721
16099
16122
16722
16100
16123
16723
16101
16124
16724
16102
16125
16725
16103
16126
16726
16127
16727
16105
16128
16728
16106
16129
16729
16107
16130
16730
16108
16131
16731
16109
16132
16732
16110
16133
16733
16111
16134
16734
16112
16135
16735
16113
16136
16736
16114
16137
16737
16115
16138
16738
16116
16139
16739
16117
16140
16740
16118
16141
16741
16119
16142
16742
16120
16143
16743
16121
16144
16744
16122
16145
16745
16123
16146
16746
16124
16147
16747
16125
16148
16748
16126
16149
16749
16127
16150
16750
16151
16751
16129
16152
16752
16130
16153
16753
16131
16154
16754
16132
16155
16755
16133
16156
16756
16134
16157
16757
16135
16158
16758
16136
16159
16759
16137
16160
16760
16138
16161
16761
16139
16162
16762
16140
16163
16763
16141
16164
16764
16142
16165
16765
16143
16166
16766
16144
16167
16767
16145
16168
16768
16146
16169
16769
16147
16170
16770
16148
16171
16771
16149
16172
16772
16150
16173
16773
16151
16174
16774
16175
16775
16153
16176
16776
16154
16177
16777
16155
16178
16778
16156
16179
16779
16157
16180
16780
16158
16181
16781
16159
16182
16782
16160
16183
16783
16161
16184
16784
16162
16185
16785
16163
16186
16786
16164
16187
16787
16165
16188
16788
16166
16189
16789
16167
16190
16790
16168
16191
16791
16169
16192
16792
16170
16193
16793
16171
16194
16794
16172
16195
16795
16173
16196
16796
16174
16197
16797
16175
16198
16798
16199
16799
16177
16200
16800
16178
16201
16801
16179
16202
16802
16180
16203
16803
16181
16204
16804
16182
16205
16805
16183
16206
16806
16184
16207
16807
16185
16208
16808
16186
16209
16809
16187
16210
16810
16188
16211
16811
16189
16212
16812
16190
16213
16813
16191
16214
16814
16192
16215
16815
16193
16216
16816
16194
16217
16817
16195
16218
16818
16196
16219
16819
16197
16220
16820
16198
16221
16821
16199
16222
16822
16223
16823
16201
16824
16202
16825
16203
16826
16204
16827
16205
16828
16206
16829
16207
16830
16208
16831
16209
16832
16210
16833
16211
16834
16212
16835
16213
16836
16214
16837
16215
16838
16216
16839
16217
16840
16218
16841
16219
16842
16220
16843
16221
16844
16222
16845
16223
16846
16847
16225
16248
16848
16226
16249
16849
16227
16250
16850
16228
16251
16851
16229
16252
16852
16230
16253
16853
16231
16254
16854
16232
16255
16855
16233
16256
16856
16234
16257
16857
16235
16258
16858
16236
16259
16859
16237
16260
16860
16238
16261
16861
16239
16262
16862
16240
16263
16863
16241
16264
16864
16242
16265
16865
16243
16266
16866
16244
16267
16867
16245
16268
16868
16246
16269
16869
16247
16270
16870
16271
16871
16249
16272
16872
16250
16273
16873
16251
16274
16874
16252
16275
16875
16253
16276
16876
16254
16277
16877
16255
16278
16878
16256
16279
16879
16257
16280
16880
16258
16281
16881
16259
16282
16882
16260
16283
16883
16261
16284
16884
16262
16285
16885
16263
16286
16886
16264
16287
16887
16265
16288
16888
16266
16289
16889
16267
16290
16890
16268
16291
16891
16269
16292
16892
16270
16293
16893
16271
16294
16894
16295
16895
16273
16296
16896
16274
16297
16897
16275
16298
16898
16276
16299
16899
16277
16300
16900
16278
16301
16901
16279
16302
16902
16280
16303
16903
16281
16304
16904
16282
16305
16905
16283
16306
16906
16284
16307
16907
16285
16308
16908
16286
16309
16909
16287
16310
16910
16288
16311
16911
16289
16312
16912
16290
16313
16913
16291
16314
16914
16292
16315
16915
16293
16316
16916
16294
16317
16917
16295
16318
16918
16319
16919
16297
16320
16920
16298
16321
16921
16299
16322
16922
16300
16323
16923
16301
16324
16924
16302
16325
16925
16303
16326
16926
16304
16327
16927
16305
16328
16928
16306
16329
16929
16307
16330
16930
16308
16331
16931
16309
16332
16932
16310
16333
16933
16311
16334
16934
16312
16335
16935
16313
16336
16936
16314
16337
16937
16315
16338
16938
16316
16339
16939
16317
16340
16940
16318
16341
16941
16319
16342
16942
16343
16943
16321
16344
16944
16322
16345
16945
16323
16346
16946
16324
16347
16947
16325
16348
16948
16326
16349
16949
16327
16350
16950
16328
16351
16951
16329
16352
16952
16330
16353
16953
16331
16354
16954
16332
16355
16955
16333
16356
16956
16334
16357
16957
16335
16358
16958
16336
16359
16959
16337
16360
16960
16338
16361
16961
16339
16362
16962
16340
16363
16963
16341
16364
16964
16342
16365
16965
16343
16366
16966
16367
16967
16345
16368
16968
16346
16369
16969
16347
16370
16970
16348
16371
16971
16349
16372
16972
16350
16373
16973
16351
16374
16974
16352
16375
16975
16353
16376
16976
16354
16377
16977
16355
16378
16978
16356
16379
16979
16357
16380
16980
16358
16381
16981
16359
16382
16982
16360
16383
16983
16361
16384
16984
16362
16385
16985
16363
16386
16986
16364
16387
16987
16365
16388
16988
16366
16389
16989
16367
16390
16990
16391
16991
16369
16392
16992
16370
16393
16993
16371
16394
16994
16372
16395
16995
16373
16396
16996
16374
16397
16997
16375
16398
16998
16376
16399
16999
16377
16400
17000
16378
16401
17001
16379
16402
17002
16380
16403
17003
16381
16404
17004
16382
16405
17005
16383
16406
17006
16384
16407
17007
16385
16408
17008
16386
16409
17009
16387
16410
17010
16388
16411
17011
16389
16412
17012
16390
16413
17013
16391
16414
17014
16415
17015
16393
16416
17016
16394
16417
17017
16395
16418
17018
16396
16419
17019
16397
16420
17020
16398
16421
17021
16399
16422
17022
16400
16423
17023
16401
16424
17024
16402
16425
17025
16403
16426
17026
16404
16427
17027
16405
16428
17028
16406
16429
17029
16407
16430
17030
16408
16431
17031
16409
16432
17032
16410
16433
17033
16411
16434
17034
16412
16435
17035
16413
16436
17036
16414
16437
17037
16415
16438
17038
16439
17039
16417
16440
17040
16418
16441
17041
16419
16442
17042
16420
16443
17043
16421
16444
17044
16422
16445
17045
16423
16446
17046
16424
16447
17047
16425
16448
17048
16426
16449
17049
16427
16450
17050
16428
16451
17051
16429
16452
17052
16430
16453
17053
16431
16454
17054
16432
16455
17055
16433
16456
17056
16434
16457
17057
16435
16458
17058
16436
16459
17059
16437
16460
17060
16438
16461
17061
16439
16462
17062
16463
17063
16441
16464
17064
16442
16465
17065
16443
16466
17066
16444
16467
17067
16445
16468
17068
16446
16469
17069
16447
16470
17070
16448
16471
17071
16449
16472
17072
16450
16473
17073
16451
16474
17074
16452
16475
17075
16453
16476
17076
16454
16477
17077
16455
16478
17078
16456
16479
17079
16457
16480
17080
16458
16481
17081
16459
16482
17082
16460
16483
17083
16461
16484
17084
16462
16485
17085
16463
16486
17086
16487
17087
16465
16488
17088
16466
16489
17089
16467
16490
17090
16468
16491
17091
16469
16492
17092
16470
16493
17093
16471
16494
17094
16472
16495
17095
16473
16496
17096
16474
16497
17097
16475
16498
17098
16476
16499
17099
16477
16500
17100
16478
16501
17101
16479
16502
17102
16480
16503
17103
16481
16504
17104
16482
16505
17105
16483
16506
17106
16484
16507
17107
16485
16508
17108
16486
16509
17109
16487
16510
17110
16511
17111
16489
16512
17112
16490
16513
17113
16491
16514
17114
16492
16515
17115
16493
16516
17116
16494
16517
17117
16495
16518
17118
16496
16519
17119
16497
16520
17120
16498
16521
17121
16499
16522
17122
16500
16523
17123
16501
16524
17124
16502
16525
17125
16503
16526
17126
16504
16527
17127
16505
16528
17128
16506
16529
17129
16507
16530
17130
16508
16531
17131
16509
16532
17132
16510
16533
17133
16511
16534
17134
16535
17135
16513
16536
17136
16514
16537
17137
16515
16538
17138
16516
16539
17139
16517
16540
17140
16518
16541
17141
16519
16542
17142
16520
16543
17143
16521
16544
17144
16522
16545
17145
16523
16546
17146
16524
16547
17147
16525
16548
17148
16526
16549
17149
16527
16550
17150
16528
16551
17151
16529
16552
17152
16530
16553
17153
16531
16554
17154
16532
16555
17155
16533
16556
17156
16534
16557
17157
16535
16558
17158
16559
17159
16537
16560
17160
16538
16561
17161
16539
16562
17162
16540
16563
17163
16541
16564
17164
16542
16565
17165
16543
16566
17166
16544
16567
17167
16545
16568
17168
16546
16569
17169
16547
16570
17170
16548
16571
17171
16549
16572
17172
16550
16573
17173
16551
16574
17174
16552
16575
17175
16553
16576
17176
16554
16577
17177
16555
16578
17178
16556
16579
17179
16557
16580
17180
16558
16581
17181
16559
16582
17182
16583
17183
16561
16584
17184
16562
16585
17185
16563
16586
17186
16564
16587
17187
16565
16588
17188
16566
16589
17189
16567
16590
17190
16568
16591
17191
16569
16592
17192
16570
16593
17193
16571
16594
17194
16572
16595
17195
16573
16596
17196
16574
16597
17197
16575
16598
17198
16576
16599
17199
16577
16600
17200
16578
16601
17201
16579
16602
17202
16580
16603
17203
16581
16604
17204
16582
16605
17205
16583
16606
17206
16607
17207
16585
16608
17208
16586
16609
17209
16587
16610
17210
16588
16611
17211
16589
16612
17212
16590
16613
17213
16591
16614
17214
16592
16615
17215
16593
16616
17216
16594
16617
17217
16595
16618
17218
16596
16619
17219
16597
16620
17220
16598
16621
17221
16599
16622
17222
16600
16623
17223
16601
16624
17224
16602
16625
17225
16603
16626
17226
16604
16627
17227
16605
16628
17228
16606
16629
17229
16607
16630
17230
16631
17231
16609
16632
17232
16610
16633
17233
16611
16634
17234
16612
16635
17235
16613
16636
17236
16614
16637
17237
16615
16638
17238
16616
16639
17239
16617
16640
17240
16618
16641
17241
16619
16642
17242
16620
16643
17243
16621
16644
17244
16622
16645
17245
16623
16646
17246
16624
16647
17247
16625
16648
17248
16626
16649
17249
16627
16650
17250
16628
16651
17251
16629
16652
17252
16630
16653
17253
16631
16654
17254
16655
17255
16633
16656
17256
16634
16657
17257
16635
16658
17258
16636
16659
17259
16637
16660
17260
16638
16661
17261
16639
16662
17262
16640
16663
17263
16641
16664
17264
16642
16665
17265
16643
16666
17266
16644
16667
17267
16645
16668
17268
16646
16669
17269
16647
16670
17270
16648
16671
17271
16649
16672
17272
16650
16673
17273
16651
16674
17274
16652
16675
17275
16653
16676
17276
16654
16677
17277
16655
16678
17278
16679
17279
16657
16680
17280
16658
16681
17281
16659
16682
17282
16660
16683
17283
16661
16684
17284
16662
16685
17285
16663
16686
17286
16664
16687
17287
16665
16688
17288
16666
16689
17289
16667
16690
17290
16668
16691
17291
16669
16692
17292
16670
16693
17293
16671
16694
17294
16672
16695
17295
16673
16696
17296
16674
16697
17297
16675
16698
17298
16676
16699
17299
16677
16700
17300
16678
16701
17301
16679
16702
17302
16703
17303
16681
16704
17304
16682
16705
17305
16683
16706
17306
16684
16707
17307
16685
16708
17308
16686
16709
17309
16687
16710
17310
16688
16711
17311
16689
16712
17312
16690
16713
17313
16691
16714
17314
16692
16715
17315
16693
16716
17316
16694
16717
17317
16695
16718
17318
16696
16719
17319
16697
16720
17320
16698
16721
17321
16699
16722
17322
16700
16723
17323
16701
16724
17324
16702
16725
17325
16703
16726
17326
16727
17327
16705
16728
17328
16706
16729
17329
16707
16730
17330
16708
16731
17331
16709
16732
17332
16710
16733
17333
16711
16734
17334
16712
16735
17335
16713
16736
17336
16714
16737
17337
16715
16738
17338
16716
16739
17339
16717
16740
17340
16718
16741
17341
16719
16742
17342
16720
16743
17343
16721
16744
17344
16722
16745
17345
16723
16746
17346
16724
16747
17347
16725
16748
17348
16726
16749
17349
16727
16750
17350
16751
17351
16729
16752
17352
16730
16753
17353
16731
16754
17354
16732
16755
17355
16733
16756
17356
16734
16757
17357
16735
16758
17358
16736
16759
17359
16737
16760
17360
16738
16761
17361
16739
16762
17362
16740
16763
17363
16741
16764
17364
16742
16765
17365
16743
16766
17366
16744
16767
17367
16745
16768
17368
16746
16769
17369
16747
16770
17370
16748
16771
17371
16749
16772
17372
16750
16773
17373
16751
16774
17374
16775
17375
16753
16776
17376
16754
16777
17377
16755
16778
17378
16756
16779
17379
16757
16780
17380
16758
16781
17381
16759
16782
17382
16760
16783
17383
16761
16784
17384
16762
16785
17385
16763
16786
17386
16764
16787
17387
16765
16788
17388
16766
16789
17389
16767
16790
17390
16768
16791
17391
16769
16792
17392
16770
16793
17393
16771
16794
17394
16772
16795
17395
16773
16796
17396
16774
16797
17397
16775
16798
17398
16799
17399
16777
16800
17400
16778
16801
17401
16779
16802
17402
16780
16803
17403
16781
16804
17404
16782
16805
17405
16783
16806
17406
16784
16807
17407
16785
16808
17408
16786
16809
17409
16787
16810
17410
16788
16811
17411
16789
16812
17412
16790
16813
17413
16791
16814
17414
16792
16815
17415
16793
16816
17416
16794
16817
17417
16795
16818
17418
16796
16819
17419
16797
16820
17420
16798
16821
17421
16799
16822
17422
16823
17423
16801
16824
17424
16802
16825
17425
16803
16826
17426
16804
16827
17427
16805
16828
17428
16806
16829
17429
16807
16830
17430
16808
16831
17431
16809
16832
17432
16810
16833
17433
16811
16834
17434
16812
16835
17435
16813
16836
17436
16814
16837
17437
16815
16838
17438
16816
16839
17439
16817
16840
17440
16818
16841
17441
16819
16842
17442
16820
16843
17443
16821
16844
17444
16822
16845
17445
16823
16846
17446
16847
17447
16825
17448
16826
17449
16827
17450
16828
17451
16829
17452
16830
17453
16831
17454
16832
17455
16833
17456
16834
17457
16835
17458
16836
17459
16837
17460
16838
17461
16839
17462
16840
17463
16841
17464
16842
17465
16843
17466
16844
17467
16845
17468
16846
17469
16847
17470
17471
16849
16872
17472
16850
16873
17473
16851
16874
17474
16852
16875
17475
16853
16876
17476
16854
16877
17477
16855
16878
17478
16856
16879
17479
16857
16880
17480
16858
16881
17481
16859
16882
17482
16860
16883
17483
16861
16884
17484
16862
16885
17485
16863
16886
17486
16864
16887
17487
16865
16888
17488
16866
16889
17489
16867
16890
17490
16868
16891
17491
16869
16892
17492
16870
16893
17493
16871
16894
17494
16895
17495
16873
16896
17496
16874
16897
17497
16875
16898
17498
16876
16899
17499
16877
16900
17500
16878
16901
17501
16879
16902
17502
16880
16903
17503
16881
16904
17504
16882
16905
17505
16883
16906
17506
16884
16907
17507
16885
16908
17508
16886
16909
17509
16887
16910
17510
16888
16911
17511
16889
16912
17512
16890
16913
17513
16891
16914
17514
16892
16915
17515
16893
16916
17516
16894
16917
17517
16895
16918
17518
16919
17519
16897
16920
17520
16898
16921
17521
16899
16922
17522
16900
16923
17523
16901
16924
17524
16902
16925
17525
16903
16926
17526
16904
16927
17527
16905
16928
17528
16906
16929
17529
16907
16930
17530
16908
16931
17531
16909
16932
17532
16910
16933
17533
16911
16934
17534
16912
16935
17535
16913
16936
17536
16914
16937
17537
16915
16938
17538
16916
16939
17539
16917
16940
17540
16918
16941
17541
16919
16942
17542
16943
17543
16921
16944
17544
16922
16945
17545
16923
16946
17546
16924
16947
17547
16925
16948
17548
16926
16949
17549
16927
16950
17550
16928
16951
17551
16929
16952
17552
16930
16953
17553
16931
16954
17554
16932
16955
17555
16933
16956
17556
16934
16957
17557
16935
16958
17558
16936
16959
17559
16937
16960
17560
16938
16961
17561
16939
16962
17562
16940
16963
17563
16941
16964
17564
16942
16965
17565
16943
16966
17566
16967
17567
16945
16968
17568
16946
16969
17569
16947
16970
17570
16948
16971
17571
16949
16972
17572
16950
16973
17573
16951
16974
17574
16952
16975
17575
16953
16976
17576
16954
16977
17577
16955
16978
17578
16956
16979
17579
16957
16980
17580
16958
16981
17581
16959
16982
17582
16960
16983
17583
16961
16984
17584
16962
16985
17585
16963
16986
17586
16964
16987
17587
16965
16988
17588
16966
16989
17589
16967
16990
17590
16991
17591
16969
16992
17592
16970
16993
17593
16971
16994
17594
16972
16995
17595
16973
16996
17596
16974
16997
17597
16975
16998
17598
16976
16999
17599
16977
17000
17600
16978
17001
17601
16979
17002
17602
16980
17003
17603
16981
17004
17604
16982
17005
17605
16983
17006
17606
16984
17007
17607
16985
17008
17608
16986
17009
17609
16987
17010
17610
16988
17011
17611
16989
17012
17612
16990
17013
17613
16991
17014
17614
17015
17615
16993
17016
17616
16994
17017
17617
16995
17018
17618
16996
17019
17619
16997
17020
17620
16998
17021
17621
16999
17022
17622
17000
17023
17623
17001
17024
17624
17002
17025
17625
17003
17026
17626
17004
17027
17627
17005
17028
17628
17006
17029
17629
17007
17030
17630
17008
17031
17631
17009
17032
17632
17010
17033
17633
17011
17034
17634
17012
17035
17635
17013
17036
17636
17014
17037
17637
17015
17038
17638
17039
17639
17017
17040
17640
17018
17041
17641
17019
17042
17642
17020
17043
17643
17021
17044
17644
17022
17045
17645
17023
17046
17646
17024
17047
17647
17025
17048
17648
17026
17049
17649
17027
17050
17650
17028
17051
17651
17029
17052
17652
17030
17053
17653
17031
17054
17654
17032
17055
17655
17033
17056
17656
17034
17057
17657
17035
17058
17658
17036
17059
17659
17037
17060
17660
17038
17061
17661
17039
17062
17662
17063
17663
17041
17064
17664
17042
17065
17665
17043
17066
17666
17044
17067
17667
17045
17068
17668
17046
17069
17669
17047
17070
17670
17048
17071
17671
17049
17072
17672
17050
17073
17673
17051
17074
17674
17052
17075
17675
17053
17076
17676
17054
17077
17677
17055
17078
17678
17056
17079
17679
17057
17080
17680
17058
17081
17681
17059
17082
17682
17060
17083
17683
17061
17084
17684
17062
17085
17685
17063
17086
17686
17087
17687
17065
17088
17688
17066
17089
17689
17067
17090
17690
17068
17091
17691
17069
17092
17692
17070
17093
17693
17071
17094
17694
17072
17095
17695
17073
17096
17696
17074
17097
17697
17075
17098
17698
17076
17099
17699
17077
17100
17700
17078
17101
17701
17079
17102
17702
17080
17103
17703
17081
17104
17704
17082
17105
17705
17083
17106
17706
17084
17107
17707
17085
17108
17708
17086
17109
17709
17087
17110
17710
17111
17711
17089
17112
17712
17090
17113
17713
17091
17114
17714
17092
17115
17715
17093
17116
17716
17094
17117
17717
17095
17118
17718
17096
17119
17719
17097
17120
17720
17098
17121
17721
17099
17122
17722
17100
17123
17723
17101
17124
17724
17102
17125
17725
17103
17126
17726
17104
17127
17727
17105
17128
17728
17106
17129
17729
17107
17130
17730
17108
17131
17731
17109
17132
17732
17110
17133
17733
17111
17134
17734
17135
17735
17113
17136
17736
17114
17137
17737
17115
17138
17738
17116
17139
17739
17117
17140
17740
17118
17141
17741
17119
17142
17742
17120
17143
17743
17121
17144
17744
17122
17145
17745
17123
17146
17746
17124
17147
17747
17125
17148
17748
17126
17149
17749
17127
17150
17750
17128
17151
17751
17129
17152
17752
17130
17153
17753
17131
17154
17754
17132
17155
17755
17133
17156
17756
17134
17157
17757
17135
17158
17758
17159
17759
17137
17160
17760
17138
17161
17761
17139
17162
17762
17140
17163
17763
17141
17164
17764
17142
17165
17765
17143
17166
17766
17144
17167
17767
17145
17168
17768
17146
17169
17769
17147
17170
17770
17148
17171
17771
17149
17172
17772
17150
17173
17773
17151
17174
17774
17152
17175
17775
17153
17176
17776
17154
17177
17777
17155
17178
17778
17156
17179
17779
17157
17180
17780
17158
17181
17781
17159
17182
17782
17183
17783
17161
17184
17784
17162
17185
17785
17163
17186
17786
17164
17187
17787
17165
17188
17788
17166
17189
17789
17167
17190
17790
17168
17191
17791
17169
17192
17792
17170
17193
17793
17171
17194
17794
17172
17195
17795
17173
17196
17796
17174
17197
17797
17175
17198
17798
17176
17199
17799
17177
17200
17800
17178
17201
17801
17179
17202
17802
17180
17203
17803
17181
17204
17804
17182
17205
17805
17183
17206
17806
17207
17807
17185
17208
17808
17186
17209
17809
17187
17210
17810
17188
17211
17811
17189
17212
17812
17190
17213
17813
17191
17214
17814
17192
17215
17815
17193
17216
17816
17194
17217
17817
17195
17218
17818
17196
17219
17819
17197
17220
17820
17198
17221
17821
17199
17222
17822
17200
17223
17823
17201
17224
17824
17202
17225
17825
17203
17226
17826
17204
17227
17827
17205
17228
17828
17206
17229
17829
17207
17230
17830
17231
17831
17209
17232
17832
17210
17233
17833
17211
17234
17834
17212
17235
17835
17213
17236
17836
17214
17237
17837
17215
17238
17838
17216
17239
17839
17217
17240
17840
17218
17241
17841
17219
17242
17842
17220
17243
17843
17221
17244
17844
17222
17245
17845
17223
17246
17846
17224
17247
17847
17225
17248
17848
17226
17249
17849
17227
17250
17850
17228
17251
17851
17229
17252
17852
17230
17253
17853
17231
17254
17854
17255
17855
17233
17256
17856
17234
17257
17857
17235
17258
17858
17236
17259
17859
17237
17260
17860
17238
17261
17861
17239
17262
17862
17240
17263
17863
17241
17264
17864
17242
17265
17865
17243
17266
17866
17244
17267
17867
17245
17268
17868
17246
17269
17869
17247
17270
17870
17248
17271
17871
17249
17272
17872
17250
17273
17873
17251
17274
17874
17252
17275
17875
17253
17276
17876
17254
17277
17877
17255
17278
17878
17279
17879
17257
17280
17880
17258
17281
17881
17259
17282
17882
17260
17283
17883
17261
17284
17884
17262
17285
17885
17263
17286
17886
17264
17287
17887
17265
17288
17888
17266
17289
17889
17267
17290
17890
17268
17291
17891
17269
17292
17892
17270
17293
17893
17271
17294
17894
17272
17295
17895
17273
17296
17896
17274
17297
17897
17275
17298
17898
17276
17299
17899
17277
17300
17900
17278
17301
17901
17279
17302
17902
17303
17903
17281
17304
17904
17282
17305
17905
17283
17306
17906
17284
17307
17907
17285
17308
17908
17286
17309
17909
17287
17310
17910
17288
17311
17911
17289
17312
17912
17290
17313
17913
17291
17314
17914
17292
17315
17915
17293
17316
17916
17294
17317
17917
17295
17318
17918
17296
17319
17919
17297
17320
17920
17298
17321
17921
17299
17322
17922
17300
17323
17923
17301
17324
17924
17302
17325
17925
17303
17326
17926
17327
17927
17305
17328
17928
17306
17329
17929
17307
17330
17930
17308
17331
17931
17309
17332
17932
17310
17333
17933
17311
17334
17934
17312
17335
17935
17313
17336
17936
17314
17337
17937
17315
17338
17938
17316
17339
17939
17317
17340
17940
17318
17341
17941
17319
17342
17942
17320
17343
17943
17321
17344
17944
17322
17345
17945
17323
17346
17946
17324
17347
17947
17325
17348
17948
17326
17349
17949
17327
17350
17950
17351
17951
17329
17352
17952
17330
17353
17953
17331
17354
17954
17332
17355
17955
17333
17356
17956
17334
17357
17957
17335
17358
17958
17336
17359
17959
17337
17360
17960
17338
17361
17961
17339
17362
17962
17340
17363
17963
17341
17364
17964
17342
17365
17965
17343
17366
17966
17344
17367
17967
17345
17368
17968
17346
17369
17969
17347
17370
17970
17348
17371
17971
17349
17372
17972
17350
17373
17973
17351
17374
17974
17375
17975
17353
17376
17976
17354
17377
17977
17355
17378
17978
17356
17379
17979
17357
17380
17980
17358
17381
17981
17359
17382
17982
17360
17383
17983
17361
17384
17984
17362
17385
17985
17363
17386
17986
17364
17387
17987
17365
17388
17988
17366
17389
17989
17367
17390
17990
17368
17391
17991
17369
17392
17992
17370
17393
17993
17371
17394
17994
17372
17395
17995
17373
17396
17996
17374
17397
17997
17375
17398
17998
17399
17999
17377
17400
18000
17378
17401
18001
17379
17402
18002
17380
17403
18003
17381
17404
18004
17382
17405
18005
17383
17406
18006
17384
17407
18007
17385
17408
18008
17386
17409
18009
17387
17410
18010
17388
17411
18011
17389
17412
18012
17390
17413
18013
17391
17414
18014
17392
17415
18015
17393
17416
18016
17394
17417
18017
17395
17418
18018
17396
17419
18019
17397
17420
18020
17398
17421
18021
17399
17422
18022
17423
18023
17401
17424
18024
17402
17425
18025
17403
17426
18026
17404
17427
18027
17405
17428
18028
17406
17429
18029
17407
17430
18030
17408
17431
18031
17409
17432
18032
17410
17433
18033
17411
17434
18034
17412
17435
18035
17413
17436
18036
17414
17437
18037
17415
17438
18038
17416
17439
18039
17417
17440
18040
17418
17441
18041
17419
17442
18042
17420
17443
18043
17421
17444
18044
17422
17445
18045
17423
17446
18046
17447
18047
17425
17448
18048
17426
17449
18049
17427
17450
18050
17428
17451
18051
17429
17452
18052
17430
17453
18053
17431
17454
18054
17432
17455
18055
17433
17456
18056
17434
17457
18057
17435
17458
18058
17436
17459
18059
17437
17460
18060
17438
17461
18061
17439
17462
18062
17440
17463
18063
17441
17464
18064
17442
17465
18065
17443
17466
18066
17444
17467
18067
17445
17468
18068
17446
17469
18069
17447
17470
18070
17471
18071
17449
18072
17450
18073
17451
18074
17452
18075
17453
18076
17454
18077
17455
18078
17456
18079
17457
18080
17458
18081
17459
18082
17460
18083
17461
18084
17462
18085
17463
18086
17464
18087
17465
18088
17466
18089
17467
18090
17468
18091
17469
18092
17470
18093
17471
18094
18095
17473
17496
18096
17474
17497
18097
17475
17498
18098
17476
17499
18099
17477
17500
18100
17478
17501
18101
17479
17502
18102
17480
17503
18103
17481
17504
18104
17482
17505
18105
17483
17506
18106
17484
17507
18107
17485
17508
18108
17486
17509
18109
17487
17510
18110
17488
17511
18111
17489
17512
18112
17490
17513
18113
17491
17514
18114
17492
17515
18115
17493
17516
18116
17494
17517
18117
17495
17518
18118
17519
18119
17497
17520
18120
17498
17521
18121
17499
17522
18122
17500
17523
18123
17501
17524
18124
17502
17525
18125
17503
17526
18126
17504
17527
18127
17505
17528
18128
17506
17529
18129
17507
17530
18130
17508
17531
18131
17509
17532
18132
17510
17533
18133
17511
17534
18134
17512
17535
18135
17513
17536
18136
17514
17537
18137
17515
17538
18138
17516
17539
18139
17517
17540
18140
17518
17541
18141
17519
17542
18142
17543
18143
17521
17544
18144
17522
17545
18145
17523
17546
18146
17524
17547
18147
17525
17548
18148
17526
17549
18149
17527
17550
18150
17528
17551
18151
17529
17552
18152
17530
17553
18153
17531
17554
18154
17532
17555
18155
17533
17556
18156
17534
17557
18157
17535
17558
18158
17536
17559
18159
17537
17560
18160
17538
17561
18161
17539
17562
18162
17540
17563
18163
17541
17564
18164
17542
17565
18165
17543
17566
18166
17567
18167
17545
17568
18168
17546
17569
18169
17547
17570
18170
17548
17571
18171
17549
17572
18172
17550
17573
18173
17551
17574
18174
17552
17575
18175
17553
17576
18176
17554
17577
18177
17555
17578
18178
17556
17579
18179
17557
17580
18180
17558
17581
18181
17559
17582
18182
17560
17583
18183
17561
17584
18184
17562
17585
18185
17563
17586
18186
17564
17587
18187
17565
17588
18188
17566
17589
18189
17567
17590
18190
17591
18191
17569
17592
18192
17570
17593
18193
17571
17594
18194
17572
17595
18195
17573
17596
18196
17574
17597
18197
17575
17598
18198
17576
17599
18199
17577
17600
18200
17578
17601
18201
17579
17602
18202
17580
17603
18203
17581
17604
18204
17582
17605
18205
17583
17606
18206
17584
17607
18207
17585
17608
18208
17586
17609
18209
17587
17610
18210
17588
17611
18211
17589
17612
18212
17590
17613
18213
17591
17614
18214
17615
18215
17593
17616
18216
17594
17617
18217
17595
17618
18218
17596
17619
18219
17597
17620
18220
17598
17621
18221
17599
17622
18222
17600
17623
18223
17601
17624
18224
17602
17625
18225
17603
17626
18226
17604
17627
18227
17605
17628
18228
17606
17629
18229
17607
17630
18230
17608
17631
18231
17609
17632
18232
17610
17633
18233
17611
17634
18234
17612
17635
18235
17613
17636
18236
17614
17637
18237
17615
17638
18238
17639
18239
17617
17640
18240
17618
17641
18241
17619
17642
18242
17620
17643
18243
17621
17644
18244
17622
17645
18245
17623
17646
18246
17624
17647
18247
17625
17648
18248
17626
17649
18249
17627
17650
18250
17628
17651
18251
17629
17652
18252
17630
17653
18253
17631
17654
18254
17632
17655
18255
17633
17656
18256
17634
17657
18257
17635
17658
18258
17636
17659
18259
17637
17660
18260
17638
17661
18261
17639
17662
18262
17663
18263
17641
17664
18264
17642
17665
18265
17643
17666
18266
17644
17667
18267
17645
17668
18268
17646
17669
18269
17647
17670
18270
17648
17671
18271
17649
17672
18272
17650
17673
18273
17651
17674
18274
17652
17675
18275
17653
17676
18276
17654
17677
18277
17655
17678
18278
17656
17679
18279
17657
17680
18280
17658
17681
18281
17659
17682
18282
17660
17683
18283
17661
17684
18284
17662
17685
18285
17663
17686
18286
17687
18287
17665
17688
18288
17666
17689
18289
17667
17690
18290
17668
17691
18291
17669
17692
18292
17670
17693
18293
17671
17694
18294
17672
17695
18295
17673
17696
18296
17674
17697
18297
17675
17698
18298
17676
17699
18299
17677
17700
18300
17678
17701
18301
17679
17702
18302
17680
17703
18303
17681
17704
18304
17682
17705
18305
17683
17706
18306
17684
17707
18307
17685
17708
18308
17686
17709
18309
17687
17710
18310
17711
18311
17689
17712
18312
17690
17713
18313
17691
17714
18314
17692
17715
18315
17693
17716
18316
17694
17717
18317
17695
17718
18318
17696
17719
18319
17697
17720
18320
17698
17721
18321
17699
17722
18322
17700
17723
18323
17701
17724
18324
17702
17725
18325
17703
17726
18326
17704
17727
18327
17705
17728
18328
17706
17729
18329
17707
17730
18330
17708
17731
18331
17709
17732
18332
17710
17733
18333
17711
17734
18334
17735
18335
17713
17736
18336
17714
17737
18337
17715
17738
18338
17716
17739
18339
17717
17740
18340
17718
17741
18341
17719
17742
18342
17720
17743
18343
17721
17744
18344
17722
17745
18345
17723
17746
18346
17724
17747
18347
17725
17748
18348
17726
17749
18349
17727
17750
18350
17728
17751
18351
17729
17752
18352
17730
17753
18353
17731
17754
18354
17732
17755
18355
17733
17756
18356
17734
17757
18357
17735
17758
18358
17759
18359
17737
17760
18360
17738
17761
18361
17739
17762
18362
17740
17763
18363
17741
17764
18364
17742
17765
18365
17743
17766
18366
17744
17767
18367
17745
17768
18368
17746
17769
18369
17747
17770
18370
17748
17771
18371
17749
17772
18372
17750
17773
18373
17751
17774
18374
17752
17775
18375
17753
17776
18376
17754
17777
18377
17755
17778
18378
17756
17779
18379
17757
17780
18380
17758
17781
18381
17759
17782
18382
17783
18383
17761
17784
18384
17762
17785
18385
17763
17786
18386
17764
17787
18387
17765
17788
18388
17766
17789
18389
17767
17790
18390
17768
17791
18391
17769
17792
18392
17770
17793
18393
17771
17794
18394
17772
17795
18395
17773
17796
18396
17774
17797
18397
17775
17798
18398
17776
17799
18399
17777
17800
18400
17778
17801
18401
17779
17802
18402
17780
17803
18403
17781
17804
18404
17782
17805
18405
17783
17806
18406
17807
18407
17785
17808
18408
17786
17809
18409
17787
17810
18410
17788
17811
18411
17789
17812
18412
17790
17813
18413
17791
17814
18414
17792
17815
18415
17793
17816
18416
17794
17817
18417
17795
17818
18418
17796
17819
18419
17797
17820
18420
17798
17821
18421
17799
17822
18422
17800
17823
18423
17801
17824
18424
17802
17825
18425
17803
17826
18426
17804
17827
18427
17805
17828
18428
17806
17829
18429
17807
17830
18430
17831
18431
17809
17832
18432
17810
17833
18433
17811
17834
18434
17812
17835
18435
17813
17836
18436
17814
17837
18437
17815
17838
18438
17816
17839
18439
17817
17840
18440
17818
17841
18441
17819
17842
18442
17820
17843
18443
17821
17844
18444
17822
17845
18445
17823
17846
18446
17824
17847
18447
17825
17848
18448
17826
17849
18449
17827
17850
18450
17828
17851
18451
17829
17852
18452
17830
17853
18453
17831
17854
18454
17855
18455
17833
17856
18456
17834
17857
18457
17835
17858
18458
17836
17859
18459
17837
17860
18460
17838
17861
18461
17839
17862
18462
17840
17863
18463
17841
17864
18464
17842
17865
18465
17843
17866
18466
17844
17867
18467
17845
17868
18468
17846
17869
18469
17847
17870
18470
17848
17871
18471
17849
17872
18472
17850
17873
18473
17851
17874
18474
17852
17875
18475
17853
17876
18476
17854
17877
18477
17855
17878
18478
17879
18479
17857
17880
18480
17858
17881
18481
17859
17882
18482
17860
17883
18483
17861
17884
18484
17862
17885
18485
17863
17886
18486
17864
17887
18487
17865
17888
18488
17866
17889
18489
17867
17890
18490
17868
17891
18491
17869
17892
18492
17870
17893
18493
17871
17894
18494
17872
17895
18495
17873
17896
18496
17874
17897
18497
17875
17898
18498
17876
17899
18499
17877
17900
18500
17878
17901
18501
17879
17902
18502
17903
18503
17881
17904
18504
17882
17905
18505
17883
17906
18506
17884
17907
18507
17885
17908
18508
17886
17909
18509
17887
17910
18510
17888
17911
18511
17889
17912
18512
17890
17913
18513
17891
17914
18514
17892
17915
18515
17893
17916
18516
17894
17917
18517
17895
17918
18518
17896
17919
18519
17897
17920
18520
17898
17921
18521
17899
17922
18522
17900
17923
18523
17901
17924
18524
17902
17925
18525
17903
17926
18526
17927
18527
17905
17928
18528
17906
17929
18529
17907
17930
18530
17908
17931
18531
17909
17932
18532
17910
17933
18533
17911
17934
18534
17912
17935
18535
17913
17936
18536
17914
17937
18537
17915
17938
18538
17916
17939
18539
17917
17940
18540
17918
17941
18541
17919
17942
18542
17920
17943
18543
17921
17944
18544
17922
17945
18545
17923
17946
18546
17924
17947
18547
17925
17948
18548
17926
17949
18549
17927
17950
18550
17951
18551
17929
17952
18552
17930
17953
18553
17931
17954
18554
17932
17955
18555
17933
17956
18556
17934
17957
18557
17935
17958
18558
17936
17959
18559
17937
17960
18560
17938
17961
18561
17939
17962
18562
17940
17963
18563
17941
17964
18564
17942
17965
18565
17943
17966
18566
17944
17967
18567
17945
17968
18568
17946
17969
18569
17947
17970
18570
17948
17971
18571
17949
17972
18572
17950
17973
18573
17951
17974
18574
17975
18575
17953
17976
18576
17954
17977
18577
17955
17978
18578
17956
17979
18579
17957
17980
18580
17958
17981
18581
17959
17982
18582
17960
17983
18583
17961
17984
18584
17962
17985
18585
17963
17986
18586
17964
17987
18587
17965
17988
18588
17966
17989
18589
17967
17990
18590
17968
17991
18591
17969
17992
18592
17970
17993
18593
17971
17994
18594
17972
17995
18595
17973
17996
18596
17974
17997
18597
17975
17998
18598
17999
18599
17977
18000
18600
17978
18001
18601
17979
18002
18602
17980
18003
18603
17981
18004
18604
17982
18005
18605
17983
18006
18606
17984
18007
18607
17985
18008
18608
17986
18009
18609
17987
18010
18610
17988
18011
18611
17989
18012
18612
17990
18013
18613
17991
18014
18614
17992
18015
18615
17993
18016
18616
17994
18017
18617
17995
18018
18618
17996
18019
18619
17997
18020
18620
17998
18021
18621
17999
18022
18622
18023
18623
18001
18024
18624
18002
18025
18625
18003
18026
18626
18004
18027
18627
18005
18028
18628
18006
18029
18629
18007
18030
18630
18008
18031
18631
18009
18032
18632
18010
18033
18633
18011
18034
18634
18012
18035
18635
18013
18036
18636
18014
18037
18637
18015
18038
18638
18016
18039
18639
18017
18040
18640
18018
18041
18641
18019
18042
18642
18020
18043
18643
18021
18044
18644
18022
18045
18645
18023
18046
18646
18047
18647
18025
18048
18648
18026
18049
18649
18027
18050
18650
18028
18051
18651
18029
18052
18652
18030
18053
18653
18031
18054
18654
18032
18055
18655
18033
18056
18656
18034
18057
18657
18035
18058
18658
18036
18059
18659
18037
18060
18660
18038
18061
18661
18039
18062
18662
18040
18063
18663
18041
18064
18664
18042
18065
18665
18043
18066
18666
18044
18067
18667
18045
18068
18668
18046
18069
18669
18047
18070
18670
18071
18671
18049
18072
18672
18050
18073
18673
18051
18074
18674
18052
18075
18675
18053
18076
18676
18054
18077
18677
18055
18078
18678
18056
18079
18679
18057
18080
18680
18058
18081
18681
18059
18082
18682
18060
18083
18683
18061
18084
18684
18062
18085
18685
18063
18086
18686
18064
18087
18687
18065
18088
18688
18066
18089
18689
18067
18090
18690
18068
18091
18691
18069
18092
18692
18070
18093
18693
18071
18094
18694
18095
18695
18073
18696
18074
18697
18075
18698
18076
18699
18077
18700
18078
18701
18079
18702
18080
18703
18081
18704
18082
18705
18083
18706
18084
18707
18085
18708
18086
18709
18087
18710
18088
18711
18089
18712
18090
18713
18091
18714
18092
18715
18093
18716
18094
18717
18095
18718
18719
18097
18120
18720
18098
18121
18721
18099
18122
18722
18100
18123
18723
18101
18124
18724
18102
18125
18725
18103
18126
18726
18104
18127
18727
18105
18128
18728
18106
18129
18729
18107
18130
18730
18108
18131
18731
18109
18132
18732
18110
18133
18733
18111
18134
18734
18112
18135
18735
18113
18136
18736
18114
18137
18737
18115
18138
18738
18116
18139
18739
18117
18140
18740
18118
18141
18741
18119
18142
18742
18143
18743
18121
18144
18744
18122
18145
18745
18123
18146
18746
18124
18147
18747
18125
18148
18748
18126
18149
18749
18127
18150
18750
18128
18151
18751
18129
18152
18752
18130
18153
18753
18131
18154
18754
18132
18155
18755
18133
18156
18756
18134
18157
18757
18135
18158
18758
18136
18159
18759
18137
18160
18760
18138
18161
18761
18139
18162
18762
18140
18163
18763
18141
18164
18764
18142
18165
18765
18143
18166
18766
18167
18767
18145
18168
18768
18146
18169
18769
18147
18170
18770
18148
18171
18771
18149
18172
18772
18150
18173
18773
18151
18174
18774
18152
18175
18775
18153
18176
18776
18154
18177
18777
18155
18178
18778
18156
18179
18779
18157
18180
18780
18158
18181
18781
18159
18182
18782
18160
18183
18783
18161
18184
18784
18162
18185
18785
18163
18186
18786
18164
18187
18787
18165
18188
18788
18166
18189
18789
18167
18190
18790
18191
18791
18169
18192
18792
18170
18193
18793
18171
18194
18794
18172
18195
18795
18173
18196
18796
18174
18197
18797
18175
18198
18798
18176
18199
18799
18177
18200
18800
18178
18201
18801
18179
18202
18802
18180
18203
18803
18181
18204
18804
18182
18205
18805
18183
18206
18806
18184
18207
18807
18185
18208
18808
18186
18209
18809
18187
18210
18810
18188
18211
18811
18189
18212
18812
18190
18213
18813
18191
18214
18814
18215
18815
18193
18216
18816
18194
18217
18817
18195
18218
18818
18196
18219
18819
18197
18220
18820
18198
18221
18821
18199
18222
18822
18200
18223
18823
18201
18224
18824
18202
18225
18825
18203
18226
18826
18204
18227
18827
18205
18228
18828
18206
18229
18829
18207
18230
18830
18208
18231
18831
18209
18232
18832
18210
18233
18833
18211
18234
18834
18212
18235
18835
18213
18236
18836
18214
18237
18837
18215
18238
18838
18239
18839
18217
18240
18840
18218
18241
18841
18219
18242
18842
18220
18243
18843
18221
18244
18844
18222
18245
18845
18223
18246
18846
18224
18247
18847
18225
18248
18848
18226
18249
18849
18227
18250
18850
18228
18251
18851
18229
18252
18852
18230
18253
18853
18231
18254
18854
18232
18255
18855
18233
18256
18856
18234
18257
18857
18235
18258
18858
18236
18259
18859
18237
18260
18860
18238
18261
18861
18239
18262
18862
18263
18863
18241
18264
18864
18242
18265
18865
18243
18266
18866
18244
18267
18867
18245
18268
18868
18246
18269
18869
18247
18270
18870
18248
18271
18871
18249
18272
18872
18250
18273
18873
18251
18274
18874
18252
18275
18875
18253
18276
18876
18254
18277
18877
18255
18278
18878
18256
18279
18879
18257
18280
18880
18258
18281
18881
18259
18282
18882
18260
18283
18883
18261
18284
18884
18262
18285
18885
18263
18286
18886
18287
18887
18265
18288
18888
18266
18289
18889
18267
18290
18890
18268
18291
18891
18269
18292
18892
18270
18293
18893
18271
18294
18894
18272
18295
18895
18273
18296
18896
18274
18297
18897
18275
18298
18898
18276
18299
18899
18277
18300
18900
18278
18301
18901
18279
18302
18902
18280
18303
18903
18281
18304
18904
18282
18305
18905
18283
18306
18906
18284
18307
18907
18285
18308
18908
18286
18309
18909
18287
18310
18910
18311
18911
18289
18312
18912
18290
18313
18913
18291
18314
18914
18292
18315
18915
18293
18316
18916
18294
18317
18917
18295
18318
18918
18296
18319
18919
18297
18320
18920
18298
18321
18921
18299
18322
18922
18300
18323
18923
18301
18324
18924
18302
18325
18925
18303
18326
18926
18304
18327
18927
18305
18328
18928
18306
18329
18929
18307
18330
18930
18308
18331
18931
18309
18332
18932
18310
18333
18933
18311
18334
18934
18335
18935
18313
18336
18936
18314
18337
18937
18315
18338
18938
18316
18339
18939
18317
18340
18940
18318
18341
18941
18319
18342
18942
18320
18343
18943
18321
18344
18944
18322
18345
18945
18323
18346
18946
18324
18347
18947
18325
18348
18948
18326
18349
18949
18327
18350
18950
18328
18351
18951
18329
18352
18952
18330
18353
18953
18331
18354
18954
18332
18355
18955
18333
18356
18956
18334
18357
18957
18335
18358
18958
18359
18959
18337
18360
18960
18338
18361
18961
18339
18362
18962
18340
18363
18963
18341
18364
18964
18342
18365
18965
18343
18366
18966
18344
18367
18967
18345
18368
18968
18346
18369
18969
18347
18370
18970
18348
18371
18971
18349
18372
18972
18350
18373
18973
18351
18374
18974
18352
18375
18975
18353
18376
18976
18354
18377
18977
18355
18378
18978
18356
18379
18979
18357
18380
18980
18358
18381
18981
18359
18382
18982
18383
18983
18361
18384
18984
18362
18385
18985
18363
18386
18986
18364
18387
18987
18365
18388
18988
18366
18389
18989
18367
18390
18990
18368
18391
18991
18369
18392
18992
18370
18393
18993
18371
18394
18994
18372
18395
18995
18373
18396
18996
18374
18397
18997
18375
18398
18998
18376
18399
18999
18377
18400
19000
18378
18401
19001
18379
18402
19002
18380
18403
19003
18381
18404
19004
18382
18405
19005
18383
18406
19006
18407
19007
18385
18408
19008
18386
18409
19009
18387
18410
19010
18388
18411
19011
18389
18412
19012
18390
18413
19013
18391
18414
19014
18392
18415
19015
18393
18416
19016
18394
18417
19017
18395
18418
19018
18396
18419
19019
18397
18420
19020
18398
18421
19021
18399
18422
19022
18400
18423
19023
18401
18424
19024
18402
18425
19025
18403
18426
19026
18404
18427
19027
18405
18428
19028
18406
18429
19029
18407
18430
19030
18431
19031
18409
18432
19032
18410
18433
19033
18411
18434
19034
18412
18435
19035
18413
18436
19036
18414
18437
19037
18415
18438
19038
18416
18439
19039
18417
18440
19040
18418
18441
19041
18419
18442
19042
18420
18443
19043
18421
18444
19044
18422
18445
19045
18423
18446
19046
18424
18447
19047
18425
18448
19048
18426
18449
19049
18427
18450
19050
18428
18451
19051
18429
18452
19052
18430
18453
19053
18431
18454
19054
18455
19055
18433
18456
19056
18434
18457
19057
18435
18458
19058
18436
18459
19059
18437
18460
19060
18438
18461
19061
18439
18462
19062
18440
18463
19063
18441
18464
19064
18442
18465
19065
18443
18466
19066
18444
18467
19067
18445
18468
19068
18446
18469
19069
18447
18470
19070
18448
18471
19071
18449
18472
19072
18450
18473
19073
18451
18474
19074
18452
18475
19075
18453
18476
19076
18454
18477
19077
18455
18478
19078
18479
19079
18457
18480
19080
18458
18481
19081
18459
18482
19082
18460
18483
19083
18461
18484
19084
18462
18485
19085
18463
18486
19086
18464
18487
19087
18465
18488
19088
18466
18489
19089
18467
18490
19090
18468
18491
19091
18469
18492
19092
18470
18493
19093
18471
18494
19094
18472
18495
19095
18473
18496
19096
18474
18497
19097
18475
18498
19098
18476
18499
19099
18477
18500
19100
18478
18501
19101
18479
18502
19102
18503
19103
18481
18504
19104
18482
18505
19105
18483
18506
19106
18484
18507
19107
18485
18508
19108
18486
18509
19109
18487
18510
19110
18488
18511
19111
18489
18512
19112
18490
18513
19113
18491
18514
19114
18492
18515
19115
18493
18516
19116
18494
18517
19117
18495
18518
19118
18496
18519
19119
18497
18520
19120
18498
18521
19121
18499
18522
19122
18500
18523
19123
18501
18524
19124
18502
18525
19125
18503
18526
19126
18527
19127
18505
18528
19128
18506
18529
19129
18507
18530
19130
18508
18531
19131
18509
18532
19132
18510
18533
19133
18511
18534
19134
18512
18535
19135
18513
18536
19136
18514
18537
19137
18515
18538
19138
18516
18539
19139
18517
18540
19140
18518
18541
19141
18519
18542
19142
18520
18543
19143
18521
18544
19144
18522
18545
19145
18523
18546
19146
18524
18547
19147
18525
18548
19148
18526
18549
19149
18527
18550
19150
18551
19151
18529
18552
19152
18530
18553
19153
18531
18554
19154
18532
18555
19155
18533
18556
19156
18534
18557
19157
18535
18558
19158
18536
18559
19159
18537
18560
19160
18538
18561
19161
18539
18562
19162
18540
18563
19163
18541
18564
19164
18542
18565
19165
18543
18566
19166
18544
18567
19167
18545
18568
19168
18546
18569
19169
18547
18570
19170
18548
18571
19171
18549
18572
19172
18550
18573
19173
18551
18574
19174
18575
19175
18553
18576
19176
18554
18577
19177
18555
18578
19178
18556
18579
19179
18557
18580
19180
18558
18581
19181
18559
18582
19182
18560
18583
19183
18561
18584
19184
18562
18585
19185
18563
18586
19186
18564
18587
19187
18565
18588
19188
18566
18589
19189
18567
18590
19190
18568
18591
19191
18569
18592
19192
18570
18593
19193
18571
18594
19194
18572
18595
19195
18573
18596
19196
18574
18597
19197
18575
18598
19198
18599
19199
18577
18600
19200
18578
18601
19201
18579
18602
19202
18580
18603
19203
18581
18604
19204
18582
18605
19205
18583
18606
19206
18584
18607
19207
18585
18608
19208
18586
18609
19209
18587
18610
19210
18588
18611
19211
18589
18612
19212
18590
18613
19213
18591
18614
19214
18592
18615
19215
18593
18616
19216
18594
18617
19217
18595
18618
19218
18596
18619
19219
18597
18620
19220
18598
18621
19221
18599
18622
19222
18623
19223
18601
18624
19224
18602
18625
19225
18603
18626
19226
18604
18627
19227
18605
18628
19228
18606
18629
19229
18607
18630
19230
18608
18631
19231
18609
18632
19232
18610
18633
19233
18611
18634
19234
18612
18635
19235
18613
18636
19236
18614
18637
19237
18615
18638
19238
18616
18639
19239
18617
18640
19240
18618
18641
19241
18619
18642
19242
18620
18643
19243
18621
18644
19244
18622
18645
19245
18623
18646
19246
18647
19247
18625
18648
19248
18626
18649
19249
18627
18650
19250
18628
18651
19251
18629
18652
19252
18630
18653
19253
18631
18654
19254
18632
18655
19255
18633
18656
19256
18634
18657
19257
18635
18658
19258
18636
18659
19259
18637
18660
19260
18638
18661
19261
18639
18662
19262
18640
18663
19263
18641
18664
19264
18642
18665
19265
18643
18666
19266
18644
18667
19267
18645
18668
19268
18646
18669
19269
18647
18670
19270
18671
19271
18649
18672
19272
18650
18673
19273
18651
18674
19274
18652
18675
19275
18653
18676
19276
18654
18677
19277
18655
18678
19278
18656
18679
19279
18657
18680
19280
18658
18681
19281
18659
18682
19282
18660
18683
19283
18661
18684
19284
18662
18685
19285
18663
18686
19286
18664
18687
19287
18665
18688
19288
18666
18689
19289
18667
18690
19290
18668
18691
19291
18669
18692
19292
18670
18693
19293
18671
18694
19294
18695
19295
18673
18696
19296
18674
18697
19297
18675
18698
19298
18676
18699
19299
18677
18700
19300
18678
18701
19301
18679
18702
19302
18680
18703
19303
18681
18704
19304
18682
18705
19305
18683
18706
19306
18684
18707
19307
18685
18708
19308
18686
18709
19309
18687
18710
19310
18688
18711
19311
18689
18712
19312
18690
18713
19313
18691
18714
19314
18692
18715
19315
18693
18716
19316
18694
18717
19317
18695
18718
19318
18719
19319
18697
19320
18698
19321
18699
19322
18700
19323
18701
19324
18702
19325
18703
19326
18704
19327
18705
19328
18706
19329
18707
19330
18708
19331
18709
19332
18710
19333
18711
19334
18712
19335
18713
19336
18714
19337
18715
19338
18716
19339
18717
19340
18718
19341
18719
19342
19343
18721
18744
19344
18722
18745
19345
18723
18746
19346
18724
18747
19347
18725
18748
19348
18726
18749
19349
18727
18750
19350
18728
18751
19351
18729
18752
19352
18730
18753
19353
18731
18754
19354
18732
18755
19355
18733
18756
19356
18734
18757
19357
18735
18758
19358
18736
18759
19359
18737
18760
19360
18738
18761
19361
18739
18762
19362
18740
18763
19363
18741
18764
19364
18742
18765
19365
18743
18766
19366
18767
19367
18745
18768
19368
18746
18769
19369
18747
18770
19370
18748
18771
19371
18749
18772
19372
18750
18773
19373
18751
18774
19374
18752
18775
19375
18753
18776
19376
18754
18777
19377
18755
18778
19378
18756
18779
19379
18757
18780
19380
18758
18781
19381
18759
18782
19382
18760
18783
19383
18761
18784
19384
18762
18785
19385
18763
18786
19386
18764
18787
19387
18765
18788
19388
18766
18789
19389
18767
18790
19390
18791
19391
18769
18792
19392
18770
18793
19393
18771
18794
19394
18772
18795
19395
18773
18796
19396
18774
18797
19397
18775
18798
19398
18776
18799
19399
18777
18800
19400
18778
18801
19401
18779
18802
19402
18780
18803
19403
18781
18804
19404
18782
18805
19405
18783
18806
19406
18784
18807
19407
18785
18808
19408
18786
18809
19409
18787
18810
19410
18788
18811
19411
18789
18812
19412
18790
18813
19413
18791
18814
19414
18815
19415
18793
18816
19416
18794
18817
19417
18795
18818
19418
18796
18819
19419
18797
18820
19420
18798
18821
19421
18799
18822
19422
18800
18823
19423
18801
18824
19424
18802
18825
19425
18803
18826
19426
18804
18827
19427
18805
18828
19428
18806
18829
19429
18807
18830
19430
18808
18831
19431
18809
18832
19432
18810
18833
19433
18811
18834
19434
18812
18835
19435
18813
18836
19436
18814
18837
19437
18815
18838
19438
18839
19439
18817
18840
19440
18818
18841
19441
18819
18842
19442
18820
18843
19443
18821
18844
19444
18822
18845
19445
18823
18846
19446
18824
18847
19447
18825
18848
19448
18826
18849
19449
18827
18850
19450
18828
18851
19451
18829
18852
19452
18830
18853
19453
18831
18854
19454
18832
18855
19455
18833
18856
19456
18834
18857
19457
18835
18858
19458
18836
18859
19459
18837
18860
19460
18838
18861
19461
18839
18862
19462
18863
19463
18841
18864
19464
18842
18865
19465
18843
18866
19466
18844
18867
19467
18845
18868
19468
18846
18869
19469
18847
18870
19470
18848
18871
19471
18849
18872
19472
18850
18873
19473
18851
18874
19474
18852
18875
19475
18853
18876
19476
18854
18877
19477
18855
18878
19478
18856
18879
19479
18857
18880
19480
18858
18881
19481
18859
18882
19482
18860
18883
19483
18861
18884
19484
18862
18885
19485
18863
18886
19486
18887
19487
18865
18888
19488
18866
18889
19489
18867
18890
19490
18868
18891
19491
18869
18892
19492
18870
18893
19493
18871
18894
19494
18872
18895
19495
18873
18896
19496
18874
18897
19497
18875
18898
19498
18876
18899
19499
18877
18900
19500
18878
18901
19501
18879
18902
19502
18880
18903
19503
18881
18904
19504
18882
18905
19505
18883
18906
19506
18884
18907
19507
18885
18908
19508
18886
18909
19509
18887
18910
19510
18911
19511
18889
18912
19512
18890
18913
19513
18891
18914
19514
18892
18915
19515
18893
18916
19516
18894
18917
19517
18895
18918
19518
18896
18919
19519
18897
18920
19520
18898
18921
19521
18899
18922
19522
18900
18923
19523
18901
18924
19524
18902
18925
19525
18903
18926
19526
18904
18927
19527
18905
18928
19528
18906
18929
19529
18907
18930
19530
18908
18931
19531
18909
18932
19532
18910
18933
19533
18911
18934
19534
18935
19535
18913
18936
19536
18914
18937
19537
18915
18938
19538
18916
18939
19539
18917
18940
19540
18918
18941
19541
18919
18942
19542
18920
18943
19543
18921
18944
19544
18922
18945
19545
18923
18946
19546
18924
18947
19547
18925
18948
19548
18926
18949
19549
18927
18950
19550
18928
18951
19551
18929
18952
19552
18930
18953
19553
18931
18954
19554
18932
18955
19555
18933
18956
19556
18934
18957
19557
18935
18958
19558
18959
19559
18937
18960
19560
18938
18961
19561
18939
18962
19562
18940
18963
19563
18941
18964
19564
18942
18965
19565
18943
18966
19566
18944
18967
19567
18945
18968
19568
18946
18969
19569
18947
18970
19570
18948
18971
19571
18949
18972
19572
18950
18973
19573
18951
18974
19574
18952
18975
19575
18953
18976
19576
18954
18977
19577
18955
18978
19578
18956
18979
19579
18957
18980
19580
18958
18981
19581
18959
18982
19582
18983
19583
18961
18984
19584
18962
18985
19585
18963
18986
19586
18964
18987
19587
18965
18988
19588
18966
18989
19589
18967
18990
19590
18968
18991
19591
18969
18992
19592
18970
18993
19593
18971
18994
19594
18972
18995
19595
18973
18996
19596
18974
18997
19597
18975
18998
19598
18976
18999
19599
18977
19000
19600
18978
19001
19601
18979
19002
19602
18980
19003
19603
18981
19004
19604
18982
19005
19605
18983
19006
19606
19007
19607
18985
19008
19608
18986
19009
19609
18987
19010
19610
18988
19011
19611
18989
19012
19612
18990
19013
19613
18991
19014
19614
18992
19015
19615
18993
19016
19616
18994
19017
19617
18995
19018
19618
18996
19019
19619
18997
19020
19620
18998
19021
19621
18999
19022
19622
19000
19023
19623
19001
19024
19624
19002
19025
19625
19003
19026
19626
19004
19027
19627
19005
19028
19628
19006
19029
19629
19007
19030
19630
19031
19631
19009
19032
19632
19010
19033
19633
19011
19034
19634
19012
19035
19635
19013
19036
19636
19014
19037
19637
19015
19038
19638
19016
19039
19639
19017
19040
19640
19018
19041
19641
19019
19042
19642
19020
19043
19643
19021
19044
19644
19022
19045
19645
19023
19046
19646
19024
19047
19647
19025
19048
19648
19026
19049
19649
19027
19050
19650
19028
19051
19651
19029
19052
19652
19030
19053
19653
19031
19054
19654
19055
19655
19033
19056
19656
19034
19057
19657
19035
19058
19658
19036
19059
19659
19037
19060
19660
19038
19061
19661
19039
19062
19662
19040
19063
19663
19041
19064
19664
19042
19065
19665
19043
19066
19666
19044
19067
19667
19045
19068
19668
19046
19069
19669
19047
19070
19670
19048
19071
19671
19049
19072
19672
19050
19073
19673
19051
19074
19674
19052
19075
19675
19053
19076
19676
19054
19077
19677
19055
19078
19678
19079
19679
19057
19080
19680
19058
19081
19681
19059
19082
19682
19060
19083
19683
19061
19084
19684
19062
19085
19685
19063
19086
19686
19064
19087
19687
19065
19088
19688
19066
19089
19689
19067
19090
19690
19068
19091
19691
19069
19092
19692
19070
19093
19693
19071
19094
19694
19072
19095
19695
19073
19096
19696
19074
19097
19697
19075
19098
19698
19076
19099
19699
19077
19100
19700
19078
19101
19701
19079
19102
19702
19103
19703
19081
19104
19704
19082
19105
19705
19083
19106
19706
19084
19107
19707
19085
19108
19708
19086
19109
19709
19087
19110
19710
19088
19111
19711
19089
19112
19712
19090
19113
19713
19091
19114
19714
19092
19115
19715
19093
19116
19716
19094
19117
19717
19095
19118
19718
19096
19119
19719
19097
19120
19720
19098
19121
19721
19099
19122
19722
19100
19123
19723
19101
19124
19724
19102
19125
19725
19103
19126
19726
19127
19727
19105
19128
19728
19106
19129
19729
19107
19130
19730
19108
19131
19731
19109
19132
19732
19110
19133
19733
19111
19134
19734
19112
19135
19735
19113
19136
19736
19114
19137
19737
19115
19138
19738
19116
19139
19739
19117
19140
19740
19118
19141
19741
19119
19142
19742
19120
19143
19743
19121
19144
19744
19122
19145
19745
19123
19146
19746
19124
19147
19747
19125
19148
19748
19126
19149
19749
19127
19150
19750
19151
19751
19129
19152
19752
19130
19153
19753
19131
19154
19754
19132
19155
19755
19133
19156
19756
19134
19157
19757
19135
19158
19758
19136
19159
19759
19137
19160
19760
19138
19161
19761
19139
19162
19762
19140
19163
19763
19141
19164
19764
19142
19165
19765
19143
19166
19766
19144
19167
19767
19145
19168
19768
19146
19169
19769
19147
19170
19770
19148
19171
19771
19149
19172
19772
19150
19173
19773
19151
19174
19774
19175
19775
19153
19176
19776
19154
19177
19777
19155
19178
19778
19156
19179
19779
19157
19180
19780
19158
19181
19781
19159
19182
19782
19160
19183
19783
19161
19184
19784
19162
19185
19785
19163
19186
19786
19164
19187
19787
19165
19188
19788
19166
19189
19789
19167
19190
19790
19168
19191
19791
19169
19192
19792
19170
19193
19793
19171
19194
19794
19172
19195
19795
19173
19196
19796
19174
19197
19797
19175
19198
19798
19199
19799
19177
19200
19800
19178
19201
19801
19179
19202
19802
19180
19203
19803
19181
19204
19804
19182
19205
19805
19183
19206
19806
19184
19207
19807
19185
19208
19808
19186
19209
19809
19187
19210
19810
19188
19211
19811
19189
19212
19812
19190
19213
19813
19191
19214
19814
19192
19215
19815
19193
19216
19816
19194
19217
19817
19195
19218
19818
19196
19219
19819
19197
19220
19820
19198
19221
19821
19199
19222
19822
19223
19823
19201
19224
19824
19202
19225
19825
19203
19226
19826
19204
19227
19827
19205
19228
19828
19206
19229
19829
19207
19230
19830
19208
19231
19831
19209
19232
19832
19210
19233
19833
19211
19234
19834
19212
19235
19835
19213
19236
19836
19214
19237
19837
19215
19238
19838
19216
19239
19839
19217
19240
19840
19218
19241
19841
19219
19242
19842
19220
19243
19843
19221
19244
19844
19222
19245
19845
19223
19246
19846
19247
19847
19225
19248
19848
19226
19249
19849
19227
19250
19850
19228
19251
19851
19229
19252
19852
19230
19253
19853
19231
19254
19854
19232
19255
19855
19233
19256
19856
19234
19257
19857
19235
19258
19858
19236
19259
19859
19237
19260
19860
19238
19261
19861
19239
19262
19862
19240
19263
19863
19241
19264
19864
19242
19265
19865
19243
19266
19866
19244
19267
19867
19245
19268
19868
19246
19269
19869
19247
19270
19870
19271
19871
19249
19272
19872
19250
19273
19873
19251
19274
19874
19252
19275
19875
19253
19276
19876
19254
19277
19877
19255
19278
19878
19256
19279
19879
19257
19280
19880
19258
19281
19881
19259
19282
19882
19260
19283
19883
19261
19284
19884
19262
19285
19885
19263
19286
19886
19264
19287
19887
19265
19288
19888
19266
19289
19889
19267
19290
19890
19268
19291
19891
19269
19292
19892
19270
19293
19893
19271
19294
19894
19295
19895
19273
19296
19896
19274
19297
19897
19275
19298
19898
19276
19299
19899
19277
19300
19900
19278
19301
19901
19279
19302
19902
19280
19303
19903
19281
19304
19904
19282
19305
19905
19283
19306
19906
19284
19307
19907
19285
19308
19908
19286
19309
19909
19287
19310
19910
19288
19311
19911
19289
19312
19912
19290
19313
19913
19291
19314
19914
19292
19315
19915
19293
19316
19916
19294
19317
19917
19295
19318
19918
19319
19919
19297
19320
19920
19298
19321
19921
19299
19322
19922
19300
19323
19923
19301
19324
19924
19302
19325
19925
19303
19326
19926
19304
19327
19927
19305
19328
19928
19306
19329
19929
19307
19330
19930
19308
19331
19931
19309
19332
19932
19310
19333
19933
19311
19334
19934
19312
19335
19935
19313
19336
19936
19314
19337
19937
19315
19338
19938
19316
19339
19939
19317
19340
19940
19318
19341
19941
19319
19342
19942
19343
19943
19321
19944
19322
19945
19323
19946
19324
19947
19325
19948
19326
19949
19327
19950
19328
19951
19329
19952
19330
19953
19331
19954
19332
19955
19333
19956
19334
19957
19335
19958
19336
19959
19337
19960
19338
19961
19339
19962
19340
19963
19341
19964
19342
19965
19343
19966
19967
19345
19368
19968
19346
19369
19969
19347
19370
19970
19348
19371
19971
19349
19372
19972
19350
19373
19973
19351
19374
19974
19352
19375
19975
19353
19376
19976
19354
19377
19977
19355
19378
19978
19356
19379
19979
19357
19380
19980
19358
19381
19981
19359
19382
19982
19360
19383
19983
19361
19384
19984
19362
19385
19985
19363
19386
19986
19364
19387
19987
19365
19388
19988
19366
19389
19989
19367
19390
19990
19391
19991
19369
19392
19992
19370
19393
19993
19371
19394
19994
19372
19395
19995
19373
19396
19996
19374
19397
19997
19375
19398
19998
19376
19399
19999
19377
19400
20000
19378
19401
20001
19379
19402
20002
19380
19403
20003
19381
19404
20004
19382
19405
20005
19383
19406
20006
19384
19407
20007
19385
19408
20008
19386
19409
20009
19387
19410
20010
19388
19411
20011
19389
19412
20012
19390
19413
20013
19391
19414
20014
19415
20015
19393
19416
20016
19394
19417
20017
19395
19418
20018
19396
19419
20019
19397
19420
20020
19398
19421
20021
19399
19422
20022
19400
19423
20023
19401
19424
20024
19402
19425
20025
19403
19426
20026
19404
19427
20027
19405
19428
20028
19406
19429
20029
19407
19430
20030
19408
19431
20031
19409
19432
20032
19410
19433
20033
19411
19434
20034
19412
19435
20035
19413
19436
20036
19414
19437
20037
19415
19438
20038
19439
20039
19417
19440
20040
19418
19441
20041
19419
19442
20042
19420
19443
20043
19421
19444
20044
19422
19445
20045
19423
19446
20046
19424
19447
20047
19425
19448
20048
19426
19449
20049
19427
19450
20050
19428
19451
20051
19429
19452
20052
19430
19453
20053
19431
19454
20054
19432
19455
20055
19433
19456
20056
19434
19457
20057
19435
19458
20058
19436
19459
20059
19437
19460
20060
19438
19461
20061
19439
19462
20062
19463
20063
19441
19464
20064
19442
19465
20065
19443
19466
20066
19444
19467
20067
19445
19468
20068
19446
19469
20069
19447
19470
20070
19448
19471
20071
19449
19472
20072
19450
19473
20073
19451
19474
20074
19452
19475
20075
19453
19476
20076
19454
19477
20077
19455
19478
20078
19456
19479
20079
19457
19480
20080
19458
19481
20081
19459
19482
20082
19460
19483
20083
19461
19484
20084
19462
19485
20085
19463
19486
20086
19487
20087
19465
19488
20088
19466
19489
20089
19467
19490
20090
19468
19491
20091
19469
19492
20092
19470
19493
20093
19471
19494
20094
19472
19495
20095
19473
19496
20096
19474
19497
20097
19475
19498
20098
19476
19499
20099
19477
19500
20100
19478
19501
20101
19479
19502
20102
19480
19503
20103
19481
19504
20104
19482
19505
20105
19483
19506
20106
19484
19507
20107
19485
19508
20108
19486
19509
20109
19487
19510
20110
19511
20111
19489
19512
20112
19490
19513
20113
19491
19514
20114
19492
19515
20115
19493
19516
20116
19494
19517
20117
19495
19518
20118
19496
19519
20119
19497
19520
20120
19498
19521
20121
19499
19522
20122
19500
19523
20123
19501
19524
20124
19502
19525
20125
19503
19526
20126
19504
19527
20127
19505
19528
20128
19506
19529
20129
19507
19530
20130
19508
19531
20131
19509
19532
20132
19510
19533
20133
19511
19534
20134
19535
20135
19513
19536
20136
19514
19537
20137
19515
19538
20138
19516
19539
20139
19517
19540
20140
19518
19541
20141
19519
19542
20142
19520
19543
20143
19521
19544
20144
19522
19545
20145
19523
19546
20146
19524
19547
20147
19525
19548
20148
19526
19549
20149
19527
19550
20150
19528
19551
20151
19529
19552
20152
19530
19553
20153
19531
19554
20154
19532
19555
20155
19533
19556
20156
19534
19557
20157
19535
19558
20158
19559
20159
19537
19560
20160
19538
19561
20161
19539
19562
20162
19540
19563
20163
19541
19564
20164
19542
19565
20165
19543
19566
20166
19544
19567
20167
19545
19568
20168
19546
19569
20169
19547
19570
20170
19548
19571
20171
19549
19572
20172
19550
19573
20173
19551
19574
20174
19552
19575
20175
19553
19576
20176
19554
19577
20177
19555
19578
20178
19556
19579
20179
19557
19580
20180
19558
19581
20181
19559
19582
20182
19583
20183
19561
19584
20184
19562
19585
20185
19563
19586
20186
19564
19587
20187
19565
19588
20188
19566
19589
20189
19567
19590
20190
19568
19591
20191
19569
19592
20192
19570
19593
20193
19571
19594
20194
19572
19595
20195
19573
19596
20196
19574
19597
20197
19575
19598
20198
19576
19599
20199
19577
19600
20200
19578
19601
20201
19579
19602
20202
19580
19603
20203
19581
19604
20204
19582
19605
20205
19583
19606
20206
19607
20207
19585
19608
20208
19586
19609
20209
19587
19610
20210
19588
19611
20211
19589
19612
20212
19590
19613
20213
19591
19614
20214
19592
19615
20215
19593
19616
20216
19594
19617
20217
19595
19618
20218
19596
19619
20219
19597
19620
20220
19598
19621
20221
19599
19622
20222
19600
19623
20223
19601
19624
20224
19602
19625
20225
19603
19626
20226
19604
19627
20227
19605
19628
20228
19606
19629
20229
19607
19630
20230
19631
20231
19609
19632
20232
19610
19633
20233
19611
19634
20234
19612
19635
20235
19613
19636
20236
19614
19637
20237
19615
19638
20238
19616
19639
20239
19617
19640
20240
19618
19641
20241
19619
19642
20242
19620
19643
20243
19621
19644
20244
19622
19645
20245
19623
19646
20246
19624
19647
20247
19625
19648
20248
19626
19649
20249
19627
19650
20250
19628
19651
20251
19629
19652
20252
19630
19653
20253
19631
19654
20254
19655
20255
19633
19656
20256
19634
19657
20257
19635
19658
20258
19636
19659
20259
19637
19660
20260
19638
19661
20261
19639
19662
20262
19640
19663
20263
19641
19664
20264
19642
19665
20265
19643
19666
20266
19644
19667
20267
19645
19668
20268
19646
19669
20269
19647
19670
20270
19648
19671
20271
19649
19672
20272
19650
19673
20273
19651
19674
20274
19652
19675
20275
19653
19676
20276
19654
19677
20277
19655
19678
20278
19679
20279
19657
19680
20280
19658
19681
20281
19659
19682
20282
19660
19683
20283
19661
19684
20284
19662
19685
20285
19663
19686
20286
19664
19687
20287
19665
19688
20288
19666
19689
20289
19667
19690
20290
19668
19691
20291
19669
19692
20292
19670
19693
20293
19671
19694
20294
19672
19695
20295
19673
19696
20296
19674
19697
20297
19675
19698
20298
19676
19699
20299
19677
19700
20300
19678
19701
20301
19679
19702
20302
19703
20303
19681
19704
20304
19682
19705
20305
19683
19706
20306
19684
19707
20307
19685
19708
20308
19686
19709
20309
19687
19710
20310
19688
19711
20311
19689
19712
20312
19690
19713
20313
19691
19714
20314
19692
19715
20315
19693
19716
20316
19694
19717
20317
19695
19718
20318
19696
19719
20319
19697
19720
20320
19698
19721
20321
19699
19722
20322
19700
19723
20323
19701
19724
20324
19702
19725
20325
19703
19726
20326
19727
20327
19705
19728
20328
19706
19729
20329
19707
19730
20330
19708
19731
20331
19709
19732
20332
19710
19733
20333
19711
19734
20334
19712
19735
20335
19713
19736
20336
19714
19737
20337
19715
19738
20338
19716
19739
20339
19717
19740
20340
19718
19741
20341
19719
19742
20342
19720
19743
20343
19721
19744
20344
19722
19745
20345
19723
19746
20346
19724
19747
20347
19725
19748
20348
19726
19749
20349
19727
19750
20350
19751
20351
19729
19752
20352
19730
19753
20353
19731
19754
20354
19732
19755
20355
19733
19756
20356
19734
19757
20357
19735
19758
20358
19736
19759
20359
19737
19760
20360
19738
19761
20361
19739
19762
20362
19740
19763
20363
19741
19764
20364
19742
19765
20365
19743
19766
20366
19744
19767
20367
19745
19768
20368
19746
19769
20369
19747
19770
20370
19748
19771
20371
19749
19772
20372
19750
19773
20373
19751
19774
20374
19775
20375
19753
19776
20376
19754
19777
20377
19755
19778
20378
19756
19779
20379
19757
19780
20380
19758
19781
20381
19759
19782
20382
19760
19783
20383
19761
19784
20384
19762
19785
20385
19763
19786
20386
19764
19787
20387
19765
19788
20388
19766
19789
20389
19767
19790
20390
19768
19791
20391
19769
19792
20392
19770
19793
20393
19771
19794
20394
19772
19795
20395
19773
19796
20396
19774
19797
20397
19775
19798
20398
19799
20399
19777
19800
20400
19778
19801
20401
19779
19802
20402
19780
19803
20403
19781
19804
20404
19782
19805
20405
19783
19806
20406
19784
19807
20407
19785
19808
20408
19786
19809
20409
19787
19810
20410
19788
19811
20411
19789
19812
20412
19790
19813
20413
19791
19814
20414
19792
19815
20415
19793
19816
20416
19794
19817
20417
19795
19818
20418
19796
19819
20419
19797
19820
20420
19798
19821
20421
19799
19822
20422
19823
20423
19801
19824
20424
19802
19825
20425
19803
19826
20426
19804
19827
20427
19805
19828
20428
19806
19829
20429
19807
19830
20430
19808
19831
20431
19809
19832
20432
19810
19833
20433
19811
19834
20434
19812
19835
20435
19813
19836
20436
19814
19837
20437
19815
19838
20438
19816
19839
20439
19817
19840
20440
19818
19841
20441
19819
19842
20442
19820
19843
20443
19821
19844
20444
19822
19845
20445
19823
19846
20446
19847
20447
19825
19848
20448
19826
19849
20449
19827
19850
20450
19828
19851
20451
19829
19852
20452
19830
19853
20453
19831
19854
20454
19832
19855
20455
19833
19856
20456
19834
19857
20457
19835
19858
20458
19836
19859
20459
19837
19860
20460
19838
19861
20461
19839
19862
20462
19840
19863
20463
19841
19864
20464
19842
19865
20465
19843
19866
20466
19844
19867
20467
19845
19868
20468
19846
19869
20469
19847
19870
20470
19871
20471
19849
19872
20472
19850
19873
20473
19851
19874
20474
19852
19875
20475
19853
19876
20476
19854
19877
20477
19855
19878
20478
19856
19879
20479
19857
19880
20480
19858
19881
20481
19859
19882
20482
19860
19883
20483
19861
19884
20484
19862
19885
20485
19863
19886
20486
19864
19887
20487
19865
19888
20488
19866
19889
20489
19867
19890
20490
19868
19891
20491
19869
19892
20492
19870
19893
20493
19871
19894
20494
19895
20495
19873
19896
20496
19874
19897
20497
19875
19898
20498
19876
19899
20499
19877
19900
20500
19878
19901
20501
19879
19902
20502
19880
19903
20503
19881
19904
20504
19882
19905
20505
19883
19906
20506
19884
19907
20507
19885
19908
20508
19886
19909
20509
19887
19910
20510
19888
19911
20511
19889
19912
20512
19890
19913
20513
19891
19914
20514
19892
19915
20515
19893
19916
20516
19894
19917
20517
19895
19918
20518
19919
20519
19897
19920
20520
19898
19921
20521
19899
19922
20522
19900
19923
20523
19901
19924
20524
19902
19925
20525
19903
19926
20526
19904
19927
20527
19905
19928
20528
19906
19929
20529
19907
19930
20530
19908
19931
20531
19909
19932
20532
19910
19933
20533
19911
19934
20534
19912
19935
20535
19913
19936
20536
19914
19937
20537
19915
19938
20538
19916
19939
20539
19917
19940
20540
19918
19941
20541
19919
19942
20542
19943
20543
19921
19944
20544
19922
19945
20545
19923
19946
20546
19924
19947
20547
19925
19948
20548
19926
19949
20549
19927
19950
20550
19928
19951
20551
19929
19952
20552
19930
19953
20553
19931
19954
20554
19932
19955
20555
19933
19956
20556
19934
19957
20557
19935
19958
20558
19936
19959
20559
19937
19960
20560
19938
19961
20561
19939
19962
20562
19940
19963
20563
19941
19964
20564
19942
19965
20565
19943
19966
20566
19967
20567
19945
20568
19946
20569
19947
20570
19948
20571
19949
20572
19950
20573
19951
20574
19952
20575
19953
20576
19954
20577
19955
20578
19956
20579
19957
20580
19958
20581
19959
20582
19960
20583
19961
20584
19962
20585
19963
20586
19964
20587
19965
20588
19966
20589
19967
20590
20591
19969
19992
20592
19970
19993
20593
19971
19994
20594
19972
19995
20595
19973
19996
20596
19974
19997
20597
19975
19998
20598
19976
19999
20599
19977
20000
20600
19978
20001
20601
19979
20002
20602
19980
20003
20603
19981
20004
20604
19982
20005
20605
19983
20006
20606
19984
20007
20607
19985
20008
20608
19986
20009
20609
19987
20010
20610
19988
20011
20611
19989
20012
20612
19990
20013
20613
19991
20014
20614
20015
20615
19993
20016
20616
19994
20017
20617
19995
20018
20618
19996
20019
20619
19997
20020
20620
19998
20021
20621
19999
20022
20622
20000
20023
20623
20001
20024
20624
20002
20025
20625
20003
20026
20626
20004
20027
20627
20005
20028
20628
20006
20029
20629
20007
20030
20630
20008
20031
20631
20009
20032
20632
20010
20033
20633
20011
20034
20634
20012
20035
20635
20013
20036
20636
20014
20037
20637
20015
20038
20638
20039
20639
20017
20040
20640
20018
20041
20641
20019
20042
20642
20020
20043
20643
20021
20044
20644
20022
20045
20645
20023
20046
20646
20024
20047
20647
20025
20048
20648
20026
20049
20649
20027
20050
20650
20028
20051
20651
20029
20052
20652
20030
20053
20653
20031
20054
20654
20032
20055
20655
20033
20056
20656
20034
20057
20657
20035
20058
20658
20036
20059
20659
20037
20060
20660
20038
20061
20661
20039
20062
20662
20063
20663
20041
20064
20664
20042
20065
20665
20043
20066
20666
20044
20067
20667
20045
20068
20668
20046
20069
20669
20047
20070
20670
20048
20071
20671
20049
20072
20672
20050
20073
20673
20051
20074
20674
20052
20075
20675
20053
20076
20676
20054
20077
20677
20055
20078
20678
20056
20079
20679
20057
20080
20680
20058
20081
20681
20059
20082
20682
20060
20083
20683
20061
20084
20684
20062
20085
20685
20063
20086
20686
20087
20687
20065
20088
20688
20066
20089
20689
20067
20090
20690
20068
20091
20691
20069
20092
20692
20070
20093
20693
20071
20094
20694
20072
20095
20695
20073
20096
20696
20074
20097
20697
20075
20098
20698
20076
20099
20699
20077
20100
20700
20078
20101
20701
20079
20102
20702
20080
20103
20703
20081
20104
20704
20082
20105
20705
20083
20106
20706
20084
20107
20707
20085
20108
20708
20086
20109
20709
20087
20110
20710
20111
20711
20089
20112
20712
20090
20113
20713
20091
20114
20714
20092
20115
20715
20093
20116
20716
20094
20117
20717
20095
20118
20718
20096
20119
20719
20097
20120
20720
20098
20121
20721
20099
20122
20722
20100
20123
20723
20101
20124
20724
20102
20125
20725
20103
20126
20726
20104
20127
20727
20105
20128
20728
20106
20129
20729
20107
20130
20730
20108
20131
20731
20109
20132
20732
20110
20133
20733
20111
20134
20734
20135
20735
20113
20136
20736
20114
20137
20737
20115
20138
20738
20116
20139
20739
20117
20140
20740
20118
20141
20741
20119
20142
20742
20120
20143
20743
20121
20144
20744
20122
20145
20745
20123
20146
20746
20124
20147
20747
20125
20148
20748
20126
20149
20749
20127
20150
20750
20128
20151
20751
20129
20152
20752
20130
20153
20753
20131
20154
20754
20132
20155
20755
20133
20156
20756
20134
20157
20757
20135
20158
20758
20159
20759
20137
20160
20760
20138
20161
20761
20139
20162
20762
20140
20163
20763
20141
20164
20764
20142
20165
20765
20143
20166
20766
20144
20167
20767
20145
20168
20768
20146
20169
20769
20147
20170
20770
20148
20171
20771
20149
20172
20772
20150
20173
20773
20151
20174
20774
20152
20175
20775
20153
20176
20776
20154
20177
20777
20155
20178
20778
20156
20179
20779
20157
20180
20780
20158
20181
20781
20159
20182
20782
20183
20783
20161
20184
20784
20162
20185
20785
20163
20186
20786
20164
20187
20787
20165
20188
20788
20166
20189
20789
20167
20190
20790
20168
20191
20791
20169
20192
20792
20170
20193
20793
20171
20194
20794
20172
20195
20795
20173
20196
20796
20174
20197
20797
20175
20198
20798
20176
20199
20799
20177
20200
20800
20178
20201
20801
20179
20202
20802
20180
20203
20803
20181
20204
20804
20182
20205
20805
20183
20206
20806
20207
20807
20185
20208
20808
20186
20209
20809
20187
20210
20810
20188
20211
20811
20189
20212
20812
20190
20213
20813
20191
20214
20814
20192
20215
20815
20193
20216
20816
20194
20217
20817
20195
20218
20818
20196
20219
20819
20197
20220
20820
20198
20221
20821
20199
20222
20822
20200
20223
20823
20201
20224
20824
20202
20225
20825
20203
20226
20826
20204
20227
20827
20205
20228
20828
20206
20229
20829
20207
20230
20830
20231
20831
20209
20232
20832
20210
20233
20833
20211
20234
20834
20212
20235
20835
20213
20236
20836
20214
20237
20837
20215
20238
20838
20216
20239
20839
20217
20240
20840
20218
20241
20841
20219
20242
20842
20220
20243
20843
20221
20244
20844
20222
20245
20845
20223
20246
20846
20224
20247
20847
20225
20248
20848
20226
20249
20849
20227
20250
20850
20228
20251
20851
20229
20252
20852
20230
20253
20853
20231
20254
20854
20255
20855
20233
20256
20856
20234
20257
20857
20235
20258
20858
20236
20259
20859
20237
20260
20860
20238
20261
20861
20239
20262
20862
20240
20263
20863
20241
20264
20864
20242
20265
20865
20243
20266
20866
20244
20267
20867
20245
20268
20868
20246
20269
20869
20247
20270
20870
20248
20271
20871
20249
20272
20872
20250
20273
20873
20251
20274
20874
20252
20275
20875
20253
20276
20876
20254
20277
20877
20255
20278
20878
20279
20879
20257
20280
20880
20258
20281
20881
20259
20282
20882
20260
20283
20883
20261
20284
20884
20262
20285
20885
20263
20286
20886
20264
20287
20887
20265
20288
20888
20266
20289
20889
20267
20290
20890
20268
20291
20891
20269
20292
20892
20270
20293
20893
20271
20294
20894
20272
20295
20895
20273
20296
20896
20274
20297
20897
20275
20298
20898
20276
20299
20899
20277
20300
20900
20278
20301
20901
20279
20302
20902
20303
20903
20281
20304
20904
20282
20305
20905
20283
20306
20906
20284
20307
20907
20285
20308
20908
20286
20309
20909
20287
20310
20910
20288
20311
20911
20289
20312
20912
20290
20313
20913
20291
20314
20914
20292
20315
20915
20293
20316
20916
20294
20317
20917
20295
20318
20918
20296
20319
20919
20297
20320
20920
20298
20321
20921
20299
20322
20922
20300
20323
20923
20301
20324
20924
20302
20325
20925
20303
20326
20926
20327
20927
20305
20328
20928
20306
20329
20929
20307
20330
20930
20308
20331
20931
20309
20332
20932
20310
20333
20933
20311
20334
20934
20312
20335
20935
20313
20336
20936
20314
20337
20937
20315
20338
20938
20316
20339
20939
20317
20340
20940
20318
20341
20941
20319
20342
20942
20320
20343
20943
20321
20344
20944
20322
20345
20945
20323
20346
20946
20324
20347
20947
20325
20348
20948
20326
20349
20949
20327
20350
20950
20351
20951
20329
20352
20952
20330
20353
20953
20331
20354
20954
20332
20355
20955
20333
20356
20956
20334
20357
20957
20335
20358
20958
20336
20359
20959
20337
20360
20960
20338
20361
20961
20339
20362
20962
20340
20363
20963
20341
20364
20964
20342
20365
20965
20343
20366
20966
20344
20367
20967
20345
20368
20968
20346
20369
20969
20347
20370
20970
20348
20371
20971
20349
20372
20972
20350
20373
20973
20351
20374
20974
20375
20975
20353
20376
20976
20354
20377
20977
20355
20378
20978
20356
20379
20979
20357
20380
20980
20358
20381
20981
20359
20382
20982
20360
20383
20983
20361
20384
20984
20362
20385
20985
20363
20386
20986
20364
20387
20987
20365
20388
20988
20366
20389
20989
20367
20390
20990
20368
20391
20991
20369
20392
20992
20370
20393
20993
20371
20394
20994
20372
20395
20995
20373
20396
20996
20374
20397
20997
20375
20398
20998
20399
20999
20377
20400
21000
20378
20401
21001
20379
20402
21002
20380
20403
21003
20381
20404
21004
20382
20405
21005
20383
20406
21006
20384
20407
21007
20385
20408
21008
20386
20409
21009
20387
20410
21010
20388
20411
21011
20389
20412
21012
20390
20413
21013
20391
20414
21014
20392
20415
21015
20393
20416
21016
20394
20417
21017
20395
20418
21018
20396
20419
21019
20397
20420
21020
20398
20421
21021
20399
20422
21022
20423
21023
20401
20424
21024
20402
20425
21025
20403
20426
21026
20404
20427
21027
20405
20428
21028
20406
20429
21029
20407
20430
21030
20408
20431
21031
20409
20432
21032
20410
20433
21033
20411
20434
21034
20412
20435
21035
20413
20436
21036
20414
20437
21037
20415
20438
21038
20416
20439
21039
20417
20440
21040
20418
20441
21041
20419
20442
21042
20420
20443
21043
20421
20444
21044
20422
20445
21045
20423
20446
21046
20447
21047
20425
20448
21048
20426
20449
21049
20427
20450
21050
20428
20451
21051
20429
20452
21052
20430
20453
21053
20431
20454
21054
20432
20455
21055
20433
20456
21056
20434
20457
21057
20435
20458
21058
20436
20459
21059
20437
20460
21060
20438
20461
21061
20439
20462
21062
20440
20463
21063
20441
20464
21064
20442
20465
21065
20443
20466
21066
20444
20467
21067
20445
20468
21068
20446
20469
21069
20447
20470
21070
20471
21071
20449
20472
21072
20450
20473
21073
20451
20474
21074
20452
20475
21075
20453
20476
21076
20454
20477
21077
20455
20478
21078
20456
20479
21079
20457
20480
21080
20458
20481
21081
20459
20482
21082
20460
20483
21083
20461
20484
21084
20462
20485
21085
20463
20486
21086
20464
20487
21087
20465
20488
21088
20466
20489
21089
20467
20490
21090
20468
20491
21091
20469
20492
21092
20470
20493
21093
20471
20494
21094
20495
21095
20473
20496
21096
20474
20497
21097
20475
20498
21098
20476
20499
21099
20477
20500
21100
20478
20501
21101
20479
20502
21102
20480
20503
21103
20481
20504
21104
20482
20505
21105
20483
20506
21106
20484
20507
21107
20485
20508
21108
20486
20509
21109
20487
20510
21110
20488
20511
21111
20489
20512
21112
20490
20513
21113
20491
20514
21114
20492
20515
21115
20493
20516
21116
20494
20517
21117
20495
20518
21118
20519
21119
20497
20520
21120
20498
20521
21121
20499
20522
21122
20500
20523
21123
20501
20524
21124
20502
20525
21125
20503
20526
21126
20504
20527
21127
20505
20528
21128
20506
20529
21129
20507
20530
21130
20508
20531
21131
20509
20532
21132
20510
20533
21133
20511
20534
21134
20512
20535
21135
20513
20536
21136
20514
20537
21137
20515
20538
21138
20516
20539
21139
20517
20540
21140
20518
20541
21141
20519
20542
21142
20543
21143
20521
20544
21144
20522
20545
21145
20523
20546
21146
20524
20547
21147
20525
20548
21148
20526
20549
21149
20527
20550
21150
20528
20551
21151
20529
20552
21152
20530
20553
21153
20531
20554
21154
20532
20555
21155
20533
20556
21156
20534
20557
21157
20535
20558
21158
20536
20559
21159
20537
20560
21160
20538
20561
21161
20539
20562
21162
20540
20563
21163
20541
20564
21164
20542
20565
21165
20543
20566
21166
20567
21167
20545
20568
21168
20546
20569
21169
20547
20570
21170
20548
20571
21171
20549
20572
21172
20550
20573
21173
20551
20574
21174
20552
20575
21175
20553
20576
21176
20554
20577
21177
20555
20578
21178
20556
20579
21179
20557
20580
21180
20558
20581
21181
20559
20582
21182
20560
20583
21183
20561
20584
21184
20562
20585
21185
20563
20586
21186
20564
20587
21187
20565
20588
21188
20566
20589
21189
20567
20590
21190
20591
21191
20569
21192
20570
21193
20571
21194
20572
21195
20573
21196
20574
21197
20575
21198
20576
21199
20577
21200
20578
21201
20579
21202
20580
21203
20581
21204
20582
21205
20583
21206
20584
21207
20585
21208
20586
21209
20587
21210
20588
21211
20589
21212
20590
21213
20591
21214
21215
20593
20616
21216
20594
20617
21217
20595
20618
21218
20596
20619
21219
20597
20620
21220
20598
20621
21221
20599
20622
21222
20600
20623
21223
20601
20624
21224
20602
20625
21225
20603
20626
21226
20604
20627
21227
20605
20628
21228
20606
20629
21229
20607
20630
21230
20608
20631
21231
20609
20632
21232
20610
20633
21233
20611
20634
21234
20612
20635
21235
20613
20636
21236
20614
20637
21237
20615
20638
21238
20639
21239
20617
20640
21240
20618
20641
21241
20619
20642
21242
20620
20643
21243
20621
20644
21244
20622
20645
21245
20623
20646
21246
20624
20647
21247
20625
20648
21248
20626
20649
21249
20627
20650
21250
20628
20651
21251
20629
20652
21252
20630
20653
21253
20631
20654
21254
20632
20655
21255
20633
20656
21256
20634
20657
21257
20635
20658
21258
20636
20659
21259
20637
20660
21260
20638
20661
21261
20639
20662
21262
20663
21263
20641
20664
21264
20642
20665
21265
20643
20666
21266
20644
20667
21267
20645
20668
21268
20646
20669
21269
20647
20670
21270
20648
20671
21271
20649
20672
21272
20650
20673
21273
20651
20674
21274
20652
20675
21275
20653
20676
21276
20654
20677
21277
20655
20678
21278
20656
20679
21279
20657
20680
21280
20658
20681
21281
20659
20682
21282
20660
20683
21283
20661
20684
21284
20662
20685
21285
20663
20686
21286
20687
21287
20665
20688
21288
20666
20689
21289
20667
20690
21290
20668
20691
21291
20669
20692
21292
20670
20693
21293
20671
20694
21294
20672
20695
21295
20673
20696
21296
20674
20697
21297
20675
20698
21298
20676
20699
21299
20677
20700
21300
20678
20701
21301
20679
20702
21302
20680
20703
21303
20681
20704
21304
20682
20705
21305
20683
20706
21306
20684
20707
21307
20685
20708
21308
20686
20709
21309
20687
20710
21310
20711
21311
20689
20712
21312
20690
20713
21313
20691
20714
21314
20692
20715
21315
20693
20716
21316
20694
20717
21317
20695
20718
21318
20696
20719
21319
20697
20720
21320
20698
20721
21321
20699
20722
21322
20700
20723
21323
20701
20724
21324
20702
20725
21325
20703
20726
21326
20704
20727
21327
20705
20728
21328
20706
20729
21329
20707
20730
21330
20708
20731
21331
20709
20732
21332
20710
20733
21333
20711
20734
21334
20735
21335
20713
20736
21336
20714
20737
21337
20715
20738
21338
20716
20739
21339
20717
20740
21340
20718
20741
21341
20719
20742
21342
20720
20743
21343
20721
20744
21344
20722
20745
21345
20723
20746
21346
20724
20747
21347
20725
20748
21348
20726
20749
21349
20727
20750
21350
20728
20751
21351
20729
20752
21352
20730
20753
21353
20731
20754
21354
20732
20755
21355
20733
20756
21356
20734
20757
21357
20735
20758
21358
20759
21359
20737
20760
21360
20738
20761
21361
20739
20762
21362
20740
20763
21363
20741
20764
21364
20742
20765
21365
20743
20766
21366
20744
20767
21367
20745
20768
21368
20746
20769
21369
20747
20770
21370
20748
20771
21371
20749
20772
21372
20750
20773
21373
20751
20774
21374
20752
20775
21375
20753
20776
21376
20754
20777
21377
20755
20778
21378
20756
20779
21379
20757
20780
21380
20758
20781
21381
20759
20782
21382
20783
21383
20761
20784
21384
20762
20785
21385
20763
20786
21386
20764
20787
21387
20765
20788
21388
20766
20789
21389
20767
20790
21390
20768
20791
21391
20769
20792
21392
20770
20793
21393
20771
20794
21394
20772
20795
21395
20773
20796
21396
20774
20797
21397
20775
20798
21398
20776
20799
21399
20777
20800
21400
20778
20801
21401
20779
20802
21402
20780
20803
21403
20781
20804
21404
20782
20805
21405
20783
20806
21406
20807
21407
20785
20808
21408
20786
20809
21409
20787
20810
21410
20788
20811
21411
20789
20812
21412
20790
20813
21413
20791
20814
21414
20792
20815
21415
20793
20816
21416
20794
20817
21417
20795
20818
21418
20796
20819
21419
20797
20820
21420
20798
20821
21421
20799
20822
21422
20800
20823
21423
20801
20824
21424
20802
20825
21425
20803
20826
21426
20804
20827
21427
20805
20828
21428
20806
20829
21429
20807
20830
21430
20831
21431
20809
20832
21432
20810
20833
21433
20811
20834
21434
20812
20835
21435
20813
20836
21436
20814
20837
21437
20815
20838
21438
20816
20839
21439
20817
20840
21440
20818
20841
21441
20819
20842
21442
20820
20843
21443
20821
20844
21444
20822
20845
21445
20823
20846
21446
20824
20847
21447
20825
20848
21448
20826
20849
21449
20827
20850
21450
20828
20851
21451
20829
20852
21452
20830
20853
21453
20831
20854
21454
20855
21455
20833
20856
21456
20834
20857
21457
20835
20858
21458
20836
20859
21459
20837
20860
21460
20838
20861
21461
20839
20862
21462
20840
20863
21463
20841
20864
21464
20842
20865
21465
20843
20866
21466
20844
20867
21467
20845
20868
21468
20846
20869
21469
20847
20870
21470
20848
20871
21471
20849
20872
21472
20850
20873
21473
20851
20874
21474
20852
20875
21475
20853
20876
21476
20854
20877
21477
20855
20878
21478
20879
21479
20857
20880
21480
20858
20881
21481
20859
20882
21482
20860
20883
21483
20861
20884
21484
20862
20885
21485
20863
20886
21486
20864
20887
21487
20865
20888
21488
20866
20889
21489
20867
20890
21490
20868
20891
21491
20869
20892
21492
20870
20893
21493
20871
20894
21494
20872
20895
21495
20873
20896
21496
20874
20897
21497
20875
20898
21498
20876
20899
21499
20877
20900
21500
20878
20901
21501
20879
20902
21502
20903
21503
20881
20904
21504
20882
20905
21505
20883
20906
21506
20884
20907
21507
20885
20908
21508
20886
20909
21509
20887
20910
21510
20888
20911
21511
20889
20912
21512
20890
20913
21513
20891
20914
21514
20892
20915
21515
20893
20916
21516
20894
20917
21517
20895
20918
21518
20896
20919
21519
20897
20920
21520
20898
20921
21521
20899
20922
21522
20900
20923
21523
20901
20924
21524
20902
20925
21525
20903
20926
21526
20927
21527
20905
20928
21528
20906
20929
21529
20907
20930
21530
20908
20931
21531
20909
20932
21532
20910
20933
21533
20911
20934
21534
20912
20935
21535
20913
20936
21536
20914
20937
21537
20915
20938
21538
20916
20939
21539
20917
20940
21540
20918
20941
21541
20919
20942
21542
20920
20943
21543
20921
20944
21544
20922
20945
21545
20923
20946
21546
20924
20947
21547
20925
20948
21548
20926
20949
21549
20927
20950
21550
20951
21551
20929
20952
21552
20930
20953
21553
20931
20954
21554
20932
20955
21555
20933
20956
21556
20934
20957
21557
20935
20958
21558
20936
20959
21559
20937
20960
21560
20938
20961
21561
20939
20962
21562
20940
20963
21563
20941
20964
21564
20942
20965
21565
20943
20966
21566
20944
20967
21567
20945
20968
21568
20946
20969
21569
20947
20970
21570
20948
20971
21571
20949
20972
21572
20950
20973
21573
20951
20974
21574
20975
21575
20953
20976
21576
20954
20977
21577
20955
20978
21578
20956
20979
21579
20957
20980
21580
20958
20981
21581
20959
20982
21582
20960
20983
21583
20961
20984
21584
20962
20985
21585
20963
20986
21586
20964
20987
21587
20965
20988
21588
20966
20989
21589
20967
20990
21590
20968
20991
21591
20969
20992
21592
20970
20993
21593
20971
20994
21594
20972
20995
21595
20973
20996
21596
20974
20997
21597
20975
20998
21598
20999
21599
20977
21000
21600
20978
21001
21601
20979
21002
21602
20980
21003
21603
20981
21004
21604
20982
21005
21605
20983
21006
21606
20984
21007
21607
20985
21008
21608
20986
21009
21609
20987
21010
21610
20988
21011
21611
20989
21012
21612
20990
21013
21613
20991
21014
21614
20992
21015
21615
20993
21016
21616
20994
21017
21617
20995
21018
21618
20996
21019
21619
20997
21020
21620
20998
21021
21621
20999
21022
21622
21023
21623
21001
21024
21624
21002
21025
21625
21003
21026
21626
21004
21027
21627
21005
21028
21628
21006
21029
21629
21007
21030
21630
21008
21031
21631
21009
21032
21632
21010
21033
21633
21011
21034
21634
21012
21035
21635
21013
21036
21636
21014
21037
21637
21015
21038
21638
21016
21039
21639
21017
21040
21640
21018
21041
21641
21019
21042
21642
21020
21043
21643
21021
21044
21644
21022
21045
21645
21023
21046
21646
21047
21647
21025
21048
21648
21026
21049
21649
21027
21050
21650
21028
21051
21651
21029
21052
21652
21030
21053
21653
21031
21054
21654
21032
21055
21655
21033
21056
21656
21034
21057
21657
21035
21058
21658
21036
21059
21659
21037
21060
21660
21038
21061
21661
21039
21062
21662
21040
21063
21663
21041
21064
21664
21042
21065
21665
21043
21066
21666
21044
21067
21667
21045
21068
21668
21046
21069
21669
21047
21070
21670
21071
21671
21049
21072
21672
21050
21073
21673
21051
21074
21674
21052
21075
21675
21053
21076
21676
21054
21077
21677
21055
21078
21678
21056
21079
21679
21057
21080
21680
21058
21081
21681
21059
21082
21682
21060
21083
21683
21061
21084
21684
21062
21085
21685
21063
21086
21686
21064
21087
21687
21065
21088
21688
21066
21089
21689
21067
21090
21690
21068
21091
21691
21069
21092
21692
21070
21093
21693
21071
21094
21694
21095
21695
21073
21096
21696
21074
21097
21697
21075
21098
21698
21076
21099
21699
21077
21100
21700
21078
21101
21701
21079
21102
21702
21080
21103
21703
21081
21104
21704
21082
21105
21705
21083
21106
21706
21084
21107
21707
21085
21108
21708
21086
21109
21709
21087
21110
21710
21088
21111
21711
21089
21112
21712
21090
21113
21713
21091
21114
21714
21092
21115
21715
21093
21116
21716
21094
21117
21717
21095
21118
21718
21119
21719
21097
21120
21720
21098
21121
21721
21099
21122
21722
21100
21123
21723
21101
21124
21724
21102
21125
21725
21103
21126
21726
21104
21127
21727
21105
21128
21728
21106
21129
21729
21107
21130
21730
21108
21131
21731
21109
21132
21732
21110
21133
21733
21111
21134
21734
21112
21135
21735
21113
21136
21736
21114
21137
21737
21115
21138
21738
21116
21139
21739
21117
21140
21740
21118
21141
21741
21119
21142
21742
21143
21743
21121
21144
21744
21122
21145
21745
21123
21146
21746
21124
21147
21747
21125
21148
21748
21126
21149
21749
21127
21150
21750
21128
21151
21751
21129
21152
21752
21130
21153
21753
21131
21154
21754
21132
21155
21755
21133
21156
21756
21134
21157
21757
21135
21158
21758
21136
21159
21759
21137
21160
21760
21138
21161
21761
21139
21162
21762
21140
21163
21763
21141
21164
21764
21142
21165
21765
21143
21166
21766
21167
21767
21145
21168
21768
21146
21169
21769
21147
21170
21770
21148
21171
21771
21149
21172
21772
21150
21173
21773
21151
21174
21774
21152
21175
21775
21153
21176
21776
21154
21177
21777
21155
21178
21778
21156
21179
21779
21157
21180
21780
21158
21181
21781
21159
21182
21782
21160
21183
21783
21161
21184
21784
21162
21185
21785
21163
21186
21786
21164
21187
21787
21165
21188
21788
21166
21189
21789
21167
21190
21790
21191
21791
21169
21192
21792
21170
21193
21793
21171
21194
21794
21172
21195
21795
21173
21196
21796
21174
21197
21797
21175
21198
21798
21176
21199
21799
21177
21200
21800
21178
21201
21801
21179
21202
21802
21180
21203
21803
21181
21204
21804
21182
21205
21805
21183
21206
21806
21184
21207
21807
21185
21208
21808
21186
21209
21809
21187
21210
21810
21188
21211
21811
21189
21212
21812
21190
21213
21813
21191
21214
21814
21215
21815
21193
21816
21194
21817
21195
21818
21196
21819
21197
21820
21198
21821
21199
21822
21200
21823
21201
21824
21202
21825
21203
21826
21204
21827
21205
21828
21206
21829
21207
21830
21208
21831
21209
21832
21210
21833
21211
21834
21212
21835
21213
21836
21214
21837
21215
21838
21839
21217
21240
21840
21218
21241
21841
21219
21242
21842
21220
21243
21843
21221
21244
21844
21222
21245
21845
21223
21246
21846
21224
21247
21847
21225
21248
21848
21226
21249
21849
21227
21250
21850
21228
21251
21851
21229
21252
21852
21230
21253
21853
21231
21254
21854
21232
21255
21855
21233
21256
21856
21234
21257
21857
21235
21258
21858
21236
21259
21859
21237
21260
21860
21238
21261
21861
21239
21262
21862
21263
21863
21241
21264
21864
21242
21265
21865
21243
21266
21866
21244
21267
21867
21245
21268
21868
21246
21269
21869
21247
21270
21870
21248
21271
21871
21249
21272
21872
21250
21273
21873
21251
21274
21874
21252
21275
21875
21253
21276
21876
21254
21277
21877
21255
21278
21878
21256
21279
21879
21257
21280
21880
21258
21281
21881
21259
21282
21882
21260
21283
21883
21261
21284
21884
21262
21285
21885
21263
21286
21886
21287
21887
21265
21288
21888
21266
21289
21889
21267
21290
21890
21268
21291
21891
21269
21292
21892
21270
21293
21893
21271
21294
21894
21272
21295
21895
21273
21296
21896
21274
21297
21897
21275
21298
21898
21276
21299
21899
21277
21300
21900
21278
21301
21901
21279
21302
21902
21280
21303
21903
21281
21304
21904
21282
21305
21905
21283
21306
21906
21284
21307
21907
21285
21308
21908
21286
21309
21909
21287
21310
21910
21311
21911
21289
21312
21912
21290
21313
21913
21291
21314
21914
21292
21315
21915
21293
21316
21916
21294
21317
21917
21295
21318
21918
21296
21319
21919
21297
21320
21920
21298
21321
21921
21299
21322
21922
21300
21323
21923
21301
21324
21924
21302
21325
21925
21303
21326
21926
21304
21327
21927
21305
21328
21928
21306
21329
21929
21307
21330
21930
21308
21331
21931
21309
21332
21932
21310
21333
21933
21311
21334
21934
21335
21935
21313
21336
21936
21314
21337
21937
21315
21338
21938
21316
21339
21939
21317
21340
21940
21318
21341
21941
21319
21342
21942
21320
21343
21943
21321
21344
21944
21322
21345
21945
21323
21346
21946
21324
21347
21947
21325
21348
21948
21326
21349
21949
21327
21350
21950
21328
21351
21951
21329
21352
21952
21330
21353
21953
21331
21354
21954
21332
21355
21955
21333
21356
21956
21334
21357
21957
21335
21358
21958
21359
21959
21337
21360
21960
21338
21361
21961
21339
21362
21962
21340
21363
21963
21341
21364
21964
21342
21365
21965
21343
21366
21966
21344
21367
21967
21345
21368
21968
21346
21369
21969
21347
21370
21970
21348
21371
21971
21349
21372
21972
21350
21373
21973
21351
21374
21974
21352
21375
21975
21353
21376
21976
21354
21377
21977
21355
21378
21978
21356
21379
21979
21357
21380
21980
21358
21381
21981
21359
21382
21982
21383
21983
21361
21384
21984
21362
21385
21985
21363
21386
21986
21364
21387
21987
21365
21388
21988
21366
21389
21989
21367
21390
21990
21368
21391
21991
21369
21392
21992
21370
21393
21993
21371
21394
21994
21372
21395
21995
21373
21396
21996
21374
21397
21997
21375
21398
21998
21376
21399
21999
21377
21400
22000
21378
21401
22001
21379
21402
22002
21380
21403
22003
21381
21404
22004
21382
21405
22005
21383
21406
22006
21407
22007
21385
21408
22008
21386
21409
22009
21387
21410
22010
21388
21411
22011
21389
21412
22012
21390
21413
22013
21391
21414
22014
21392
21415
22015
21393
21416
22016
21394
21417
22017
21395
21418
22018
21396
21419
22019
21397
21420
22020
21398
21421
22021
21399
21422
22022
21400
21423
22023
21401
21424
22024
21402
21425
22025
21403
21426
22026
21404
21427
22027
21405
21428
22028
21406
21429
22029
21407
21430
22030
21431
22031
21409
21432
22032
21410
21433
22033
21411
21434
22034
21412
21435
22035
21413
21436
22036
21414
21437
22037
21415
21438
22038
21416
21439
22039
21417
21440
22040
21418
21441
22041
21419
21442
22042
21420
21443
22043
21421
21444
22044
21422
21445
22045
21423
21446
22046
21424
21447
22047
21425
21448
22048
21426
21449
22049
21427
21450
22050
21428
21451
22051
21429
21452
22052
21430
21453
22053
21431
21454
22054
21455
22055
21433
21456
22056
21434
21457
22057
21435
21458
22058
21436
21459
22059
21437
21460
22060
21438
21461
22061
21439
21462
22062
21440
21463
22063
21441
21464
22064
21442
21465
22065
21443
21466
22066
21444
21467
22067
21445
21468
22068
21446
21469
22069
21447
21470
22070
21448
21471
22071
21449
21472
22072
21450
21473
22073
21451
21474
22074
21452
21475
22075
21453
21476
22076
21454
21477
22077
21455
21478
22078
21479
22079
21457
21480
22080
21458
21481
22081
21459
21482
22082
21460
21483
22083
21461
21484
22084
21462
21485
22085
21463
21486
22086
21464
21487
22087
21465
21488
22088
21466
21489
22089
21467
21490
22090
21468
21491
22091
21469
21492
22092
21470
21493
22093
21471
21494
22094
21472
21495
22095
21473
21496
22096
21474
21497
22097
21475
21498
22098
21476
21499
22099
21477
21500
22100
21478
21501
22101
21479
21502
22102
21503
22103
21481
21504
22104
21482
21505
22105
21483
21506
22106
21484
21507
22107
21485
21508
22108
21486
21509
22109
21487
21510
22110
21488
21511
22111
21489
21512
22112
21490
21513
22113
21491
21514
22114
21492
21515
22115
21493
21516
22116
21494
21517
22117
21495
21518
22118
21496
21519
22119
21497
21520
22120
21498
21521
22121
21499
21522
22122
21500
21523
22123
21501
21524
22124
21502
21525
22125
21503
21526
22126
21527
22127
21505
21528
22128
21506
21529
22129
21507
21530
22130
21508
21531
22131
21509
21532
22132
21510
21533
22133
21511
21534
22134
21512
21535
22135
21513
21536
22136
21514
21537
22137
21515
21538
22138
21516
21539
22139
21517
21540
22140
21518
21541
22141
21519
21542
22142
21520
21543
22143
21521
21544
22144
21522
21545
22145
21523
21546
22146
21524
21547
22147
21525
21548
22148
21526
21549
22149
21527
21550
22150
21551
22151
21529
21552
22152
21530
21553
22153
21531
21554
22154
21532
21555
22155
21533
21556
22156
21534
21557
22157
21535
21558
22158
21536
21559
22159
21537
21560
22160
21538
21561
22161
21539
21562
22162
21540
21563
22163
21541
21564
22164
21542
21565
22165
21543
21566
22166
21544
21567
22167
21545
21568
22168
21546
21569
22169
21547
21570
22170
21548
21571
22171
21549
21572
22172
21550
21573
22173
21551
21574
22174
21575
22175
21553
21576
22176
21554
21577
22177
21555
21578
22178
21556
21579
22179
21557
21580
22180
21558
21581
22181
21559
21582
22182
21560
21583
22183
21561
21584
22184
21562
21585
22185
21563
21586
22186
21564
21587
22187
21565
21588
22188
21566
21589
22189
21567
21590
22190
21568
21591
22191
21569
21592
22192
21570
21593
22193
21571
21594
22194
21572
21595
22195
21573
21596
22196
21574
21597
22197
21575
21598
22198
21599
22199
21577
21600
22200
21578
21601
22201
21579
21602
22202
21580
21603
22203
21581
21604
22204
21582
21605
22205
21583
21606
22206
21584
21607
22207
21585
21608
22208
21586
21609
22209
21587
21610
22210
21588
21611
22211
21589
21612
22212
21590
21613
22213
21591
21614
22214
21592
21615
22215
21593
21616
22216
21594
21617
22217
21595
21618
22218
21596
21619
22219
21597
21620
22220
21598
21621
22221
21599
21622
22222
21623
22223
21601
21624
22224
21602
21625
22225
21603
21626
22226
21604
21627
22227
21605
21628
22228
21606
21629
22229
21607
21630
22230
21608
21631
22231
21609
21632
22232
21610
21633
22233
21611
21634
22234
21612
21635
22235
21613
21636
22236
21614
21637
22237
21615
21638
22238
21616
21639
22239
21617
21640
22240
21618
21641
22241
21619
21642
22242
21620
21643
22243
21621
21644
22244
21622
21645
22245
21623
21646
22246
21647
22247
21625
21648
22248
21626
21649
22249
21627
21650
22250
21628
21651
22251
21629
21652
22252
21630
21653
22253
21631
21654
22254
21632
21655
22255
21633
21656
22256
21634
21657
22257
21635
21658
22258
21636
21659
22259
21637
21660
22260
21638
21661
22261
21639
21662
22262
21640
21663
22263
21641
21664
22264
21642
21665
22265
21643
21666
22266
21644
21667
22267
21645
21668
22268
21646
21669
22269
21647
21670
22270
21671
22271
21649
21672
22272
21650
21673
22273
21651
21674
22274
21652
21675
22275
21653
21676
22276
21654
21677
22277
21655
21678
22278
21656
21679
22279
21657
21680
22280
21658
21681
22281
21659
21682
22282
21660
21683
22283
21661
21684
22284
21662
21685
22285
21663
21686
22286
21664
21687
22287
21665
21688
22288
21666
21689
22289
21667
21690
22290
21668
21691
22291
21669
21692
22292
21670
21693
22293
21671
21694
22294
21695
22295
21673
21696
22296
21674
21697
22297
21675
21698
22298
21676
21699
22299
21677
21700
22300
21678
21701
22301
21679
21702
22302
21680
21703
22303
21681
21704
22304
21682
21705
22305
21683
21706
22306
21684
21707
22307
21685
21708
22308
21686
21709
22309
21687
21710
22310
21688
21711
22311
21689
21712
22312
21690
21713
22313
21691
21714
22314
21692
21715
22315
21693
21716
22316
21694
21717
22317
21695
21718
22318
21719
22319
21697
21720
22320
21698
21721
22321
21699
21722
22322
21700
21723
22323
21701
21724
22324
21702
21725
22325
21703
21726
22326
21704
21727
22327
21705
21728
22328
21706
21729
22329
21707
21730
22330
21708
21731
22331
21709
21732
22332
21710
21733
22333
21711
21734
22334
21712
21735
22335
21713
21736
22336
21714
21737
22337
21715
21738
22338
21716
21739
22339
21717
21740
22340
21718
21741
22341
21719
21742
22342
21743
22343
21721
21744
22344
21722
21745
22345
21723
21746
22346
21724
21747
22347
21725
21748
22348
21726
21749
22349
21727
21750
22350
21728
21751
22351
21729
21752
22352
21730
21753
22353
21731
21754
22354
21732
21755
22355
21733
21756
22356
21734
21757
22357
21735
21758
22358
21736
21759
22359
21737
21760
22360
21738
21761
22361
21739
21762
22362
21740
21763
22363
21741
21764
22364
21742
21765
22365
21743
21766
22366
21767
22367
21745
21768
22368
21746
21769
22369
21747
21770
22370
21748
21771
22371
21749
21772
22372
21750
21773
22373
21751
21774
22374
21752
21775
22375
21753
21776
22376
21754
21777
22377
21755
21778
22378
21756
21779
22379
21757
21780
22380
21758
21781
22381
21759
21782
22382
21760
21783
22383
21761
21784
22384
21762
21785
22385
21763
21786
22386
21764
21787
22387
21765
21788
22388
21766
21789
22389
21767
21790
22390
21791
22391
21769
21792
22392
21770
21793
22393
21771
21794
22394
21772
21795
22395
21773
21796
22396
21774
21797
22397
21775
21798
22398
21776
21799
22399
21777
21800
22400
21778
21801
22401
21779
21802
22402
21780
21803
22403
21781
21804
22404
21782
21805
22405
21783
21806
22406
21784
21807
22407
21785
21808
22408
21786
21809
22409
21787
21810
22410
21788
21811
22411
21789
21812
22412
21790
21813
22413
21791
21814
22414
21815
22415
21793
21816
22416
21794
21817
22417
21795
21818
22418
21796
21819
22419
21797
21820
22420
21798
21821
22421
21799
21822
22422
21800
21823
22423
21801
21824
22424
21802
21825
22425
21803
21826
22426
21804
21827
22427
21805
21828
22428
21806
21829
22429
21807
21830
22430
21808
21831
22431
21809
21832
22432
21810
21833
22433
21811
21834
22434
21812
21835
22435
21813
21836
22436
21814
21837
22437
21815
21838
22438
21839
22439
21817
22440
21818
22441
21819
22442
21820
22443
21821
22444
21822
22445
21823
22446
21824
22447
21825
22448
21826
22449
21827
22450
21828
22451
21829
22452
21830
22453
21831
22454
21832
22455
21833
22456
21834
22457
21835
22458
21836
22459
21837
22460
21838
22461
21839
22462
22463
21841
21864
22464
21842
21865
22465
21843
21866
22466
21844
21867
22467
21845
21868
22468
21846
21869
22469
21847
21870
22470
21848
21871
22471
21849
21872
22472
21850
21873
22473
21851
21874
22474
21852
21875
22475
21853
21876
22476
21854
21877
22477
21855
21878
22478
21856
21879
22479
21857
21880
22480
21858
21881
22481
21859
21882
22482
21860
21883
22483
21861
21884
22484
21862
21885
22485
21863
21886
22486
21887
22487
21865
21888
22488
21866
21889
22489
21867
21890
22490
21868
21891
22491
21869
21892
22492
21870
21893
22493
21871
21894
22494
21872
21895
22495
21873
21896
22496
21874
21897
22497
21875
21898
22498
21876
21899
22499
21877
21900
22500
21878
21901
22501
21879
21902
22502
21880
21903
22503
21881
21904
22504
21882
21905
22505
21883
21906
22506
21884
21907
22507
21885
21908
22508
21886
21909
22509
21887
21910
22510
21911
22511
21889
21912
22512
21890
21913
22513
21891
21914
22514
21892
21915
22515
21893
21916
22516
21894
21917
22517
21895
21918
22518
21896
21919
22519
21897
21920
22520
21898
21921
22521
21899
21922
22522
21900
21923
22523
21901
21924
22524
21902
21925
22525
21903
21926
22526
21904
21927
22527
21905
21928
22528
21906
21929
22529
21907
21930
22530
21908
21931
22531
21909
21932
22532
21910
21933
22533
21911
21934
22534
21935
22535
21913
21936
22536
21914
21937
22537
21915
21938
22538
21916
21939
22539
21917
21940
22540
21918
21941
22541
21919
21942
22542
21920
21943
22543
21921
21944
22544
21922
21945
22545
21923
21946
22546
21924
21947
22547
21925
21948
22548
21926
21949
22549
21927
21950
22550
21928
21951
22551
21929
21952
22552
21930
21953
22553
21931
21954
22554
21932
21955
22555
21933
21956
22556
21934
21957
22557
21935
21958
22558
21959
22559
21937
21960
22560
21938
21961
22561
21939
21962
22562
21940
21963
22563
21941
21964
22564
21942
21965
22565
21943
21966
22566
21944
21967
22567
21945
21968
22568
21946
21969
22569
21947
21970
22570
21948
21971
22571
21949
21972
22572
21950
21973
22573
21951
21974
22574
21952
21975
22575
21953
21976
22576
21954
21977
22577
21955
21978
22578
21956
21979
22579
21957
21980
22580
21958
21981
22581
21959
21982
22582
21983
22583
21961
21984
22584
21962
21985
22585
21963
21986
22586
21964
21987
22587
21965
21988
22588
21966
21989
22589
21967
21990
22590
21968
21991
22591
21969
21992
22592
21970
21993
22593
21971
21994
22594
21972
21995
22595
21973
21996
22596
21974
21997
22597
21975
21998
22598
21976
21999
22599
21977
22000
22600
21978
22001
22601
21979
22002
22602
21980
22003
22603
21981
22004
22604
21982
22005
22605
21983
22006
22606
22007
22607
21985
22008
22608
21986
22009
22609
21987
22010
22610
21988
22011
22611
21989
22012
22612
21990
22013
22613
21991
22014
22614
21992
22015
22615
21993
22016
22616
21994
22017
22617
21995
22018
22618
21996
22019
22619
21997
22020
22620
21998
22021
22621
21999
22022
22622
22000
22023
22623
22001
22024
22624
22002
22025
22625
22003
22026
22626
22004
22027
22627
22005
22028
22628
22006
22029
22629
22007
22030
22630
22031
22631
22009
22032
22632
22010
22033
22633
22011
22034
22634
22012
22035
22635
22013
22036
22636
22014
22037
22637
22015
22038
22638
22016
22039
22639
22017
22040
22640
22018
22041
22641
22019
22042
22642
22020
22043
22643
22021
22044
22644
22022
22045
22645
22023
22046
22646
22024
22047
22647
22025
22048
22648
22026
22049
22649
22027
22050
22650
22028
22051
22651
22029
22052
22652
22030
22053
22653
22031
22054
22654
22055
22655
22033
22056
22656
22034
22057
22657
22035
22058
22658
22036
22059
22659
22037
22060
22660
22038
22061
22661
22039
22062
22662
22040
22063
22663
22041
22064
22664
22042
22065
22665
22043
22066
22666
22044
22067
22667
22045
22068
22668
22046
22069
22669
22047
22070
22670
22048
22071
22671
22049
22072
22672
22050
22073
22673
22051
22074
22674
22052
22075
22675
22053
22076
22676
22054
22077
22677
22055
22078
22678
22079
22679
22057
22080
22680
22058
22081
22681
22059
22082
22682
22060
22083
22683
22061
22084
22684
22062
22085
22685
22063
22086
22686
22064
22087
22687
22065
22088
22688
22066
22089
22689
22067
22090
22690
22068
22091
22691
22069
22092
22692
22070
22093
22693
22071
22094
22694
22072
22095
22695
22073
22096
22696
22074
22097
22697
22075
22098
22698
22076
22099
22699
22077
22100
22700
22078
22101
22701
22079
22102
22702
22103
22703
22081
22104
22704
22082
22105
22705
22083
22106
22706
22084
22107
22707
22085
22108
22708
22086
22109
22709
22087
22110
22710
22088
22111
22711
22089
22112
22712
22090
22113
22713
22091
22114
22714
22092
22115
22715
22093
22116
22716
22094
22117
22717
22095
22118
22718
22096
22119
22719
22097
22120
22720
22098
22121
22721
22099
22122
22722
22100
22123
22723
22101
22124
22724
22102
22125
22725
22103
22126
22726
22127
22727
22105
22128
22728
22106
22129
22729
22107
22130
22730
22108
22131
22731
22109
22132
22732
22110
22133
22733
22111
22134
22734
22112
22135
22735
22113
22136
22736
22114
22137
22737
22115
22138
22738
22116
22139
22739
22117
22140
22740
22118
22141
22741
22119
22142
22742
22120
22143
22743
22121
22144
22744
22122
22145
22745
22123
22146
22746
22124
22147
22747
22125
22148
22748
22126
22149
22749
22127
22150
22750
22151
22751
22129
22152
22752
22130
22153
22753
22131
22154
22754
22132
22155
22755
22133
22156
22756
22134
22157
22757
22135
22158
22758
22136
22159
22759
22137
22160
22760
22138
22161
22761
22139
22162
22762
22140
22163
22763
22141
22164
22764
22142
22165
22765
22143
22166
22766
22144
22167
22767
22145
22168
22768
22146
22169
22769
22147
22170
22770
22148
22171
22771
22149
22172
22772
22150
22173
22773
22151
22174
22774
22175
22775
22153
22176
22776
22154
22177
22777
22155
22178
22778
22156
22179
22779
22157
22180
22780
22158
22181
22781
22159
22182
22782
22160
22183
22783
22161
22184
22784
22162
22185
22785
22163
22186
22786
22164
22187
22787
22165
22188
22788
22166
22189
22789
22167
22190
22790
22168
22191
22791
22169
22192
22792
22170
22193
22793
22171
22194
22794
22172
22195
22795
22173
22196
22796
22174
22197
22797
22175
22198
22798
22199
22799
22177
22200
22800
22178
22201
22801
22179
22202
22802
22180
22203
22803
22181
22204
22804
22182
22205
22805
22183
22206
22806
22184
22207
22807
22185
22208
22808
22186
22209
22809
22187
22210
22810
22188
22211
22811
22189
22212
22812
22190
22213
22813
22191
22214
22814
22192
22215
22815
22193
22216
22816
22194
22217
22817
22195
22218
22818
22196
22219
22819
22197
22220
22820
22198
22221
22821
22199
22222
22822
22223
22823
22201
22224
22824
22202
22225
22825
22203
22226
22826
22204
22227
22827
22205
22228
22828
22206
22229
22829
22207
22230
22830
22208
22231
22831
22209
22232
22832
22210
22233
22833
22211
22234
22834
22212
22235
22835
22213
22236
22836
22214
22237
22837
22215
22238
22838
22216
22239
22839
22217
22240
22840
22218
22241
22841
22219
22242
22842
22220
22243
22843
22221
22244
22844
22222
22245
22845
22223
22246
22846
22247
22847
22225
22248
22848
22226
22249
22849
22227
22250
22850
22228
22251
22851
22229
22252
22852
22230
22253
22853
22231
22254
22854
22232
22255
22855
22233
22256
22856
22234
22257
22857
22235
22258
22858
22236
22259
22859
22237
22260
22860
22238
22261
22861
22239
22262
22862
22240
22263
22863
22241
22264
22864
22242
22265
22865
22243
22266
22866
22244
22267
22867
22245
22268
22868
22246
22269
22869
22247
22270
22870
22271
22871
22249
22272
22872
22250
22273
22873
22251
22274
22874
22252
22275
22875
22253
22276
22876
22254
22277
22877
22255
22278
22878
22256
22279
22879
22257
22280
22880
22258
22281
22881
22259
22282
22882
22260
22283
22883
22261
22284
22884
22262
22285
22885
22263
22286
22886
22264
22287
22887
22265
22288
22888
22266
22289
22889
22267
22290
22890
22268
22291
22891
22269
22292
22892
22270
22293
22893
22271
22294
22894
22295
22895
22273
22296
22896
22274
22297
22897
22275
22298
22898
22276
22299
22899
22277
22300
22900
22278
22301
22901
22279
22302
22902
22280
22303
22903
22281
22304
22904
22282
22305
22905
22283
22306
22906
22284
22307
22907
22285
22308
22908
22286
22309
22909
22287
22310
22910
22288
22311
22911
22289
22312
22912
22290
22313
22913
22291
22314
22914
22292
22315
22915
22293
22316
22916
22294
22317
22917
22295
22318
22918
22319
22919
22297
22320
22920
22298
22321
22921
22299
22322
22922
22300
22323
22923
22301
22324
22924
22302
22325
22925
22303
22326
22926
22304
22327
22927
22305
22328
22928
22306
22329
22929
22307
22330
22930
22308
22331
22931
22309
22332
22932
22310
22333
22933
22311
22334
22934
22312
22335
22935
22313
22336
22936
22314
22337
22937
22315
22338
22938
22316
22339
22939
22317
22340
22940
22318
22341
22941
22319
22342
22942
22343
22943
22321
22344
22944
22322
22345
22945
22323
22346
22946
22324
22347
22947
22325
22348
22948
22326
22349
22949
22327
22350
22950
22328
22351
22951
22329
22352
22952
22330
22353
22953
22331
22354
22954
22332
22355
22955
22333
22356
22956
22334
22357
22957
22335
22358
22958
22336
22359
22959
22337
22360
22960
22338
22361
22961
22339
22362
22962
22340
22363
22963
22341
22364
22964
22342
22365
22965
22343
22366
22966
22367
22967
22345
22368
22968
22346
22369
22969
22347
22370
22970
22348
22371
22971
22349
22372
22972
22350
22373
22973
22351
22374
22974
22352
22375
22975
22353
22376
22976
22354
22377
22977
22355
22378
22978
22356
22379
22979
22357
22380
22980
22358
22381
22981
22359
22382
22982
22360
22383
22983
22361
22384
22984
22362
22385
22985
22363
22386
22986
22364
22387
22987
22365
22388
22988
22366
22389
22989
22367
22390
22990
22391
22991
22369
22392
22992
22370
22393
22993
22371
22394
22994
22372
22395
22995
22373
22396
22996
22374
22397
22997
22375
22398
22998
22376
22399
22999
22377
22400
23000
22378
22401
23001
22379
22402
23002
22380
22403
23003
22381
22404
23004
22382
22405
23005
22383
22406
23006
22384
22407
23007
22385
22408
23008
22386
22409
23009
22387
22410
23010
22388
22411
23011
22389
22412
23012
22390
22413
23013
22391
22414
23014
22415
23015
22393
22416
23016
22394
22417
23017
22395
22418
23018
22396
22419
23019
22397
22420
23020
22398
22421
23021
22399
22422
23022
22400
22423
23023
22401
22424
23024
22402
22425
23025
22403
22426
23026
22404
22427
23027
22405
22428
23028
22406
22429
23029
22407
22430
23030
22408
22431
23031
22409
22432
23032
22410
22433
23033
22411
22434
23034
22412
22435
23035
22413
22436
23036
22414
22437
23037
22415
22438
23038
22439
23039
22417
22440
23040
22418
22441
23041
22419
22442
23042
22420
22443
23043
22421
22444
23044
22422
22445
23045
22423
22446
23046
22424
22447
23047
22425
22448
23048
22426
22449
23049
22427
22450
23050
22428
22451
23051
22429
22452
23052
22430
22453
23053
22431
22454
23054
22432
22455
23055
22433
22456
23056
22434
22457
23057
22435
22458
23058
22436
22459
23059
22437
22460
23060
22438
22461
23061
22439
22462
23062
22463
23063
22441
23064
22442
23065
22443
23066
22444
23067
22445
23068
22446
23069
22447
23070
22448
23071
22449
23072
22450
23073
22451
23074
22452
23075
22453
23076
22454
23077
22455
23078
22456
23079
22457
23080
22458
23081
22459
23082
22460
23083
22461
23084
22462
23085
22463
23086
23087
22465
22488
23088
22466
22489
23089
22467
22490
23090
22468
22491
23091
22469
22492
23092
22470
22493
23093
22471
22494
23094
22472
22495
23095
22473
22496
23096
22474
22497
23097
22475
22498
23098
22476
22499
23099
22477
22500
23100
22478
22501
23101
22479
22502
23102
22480
22503
23103
22481
22504
23104
22482
22505
23105
22483
22506
23106
22484
22507
23107
22485
22508
23108
22486
22509
23109
22487
22510
23110
22511
23111
22489
22512
23112
22490
22513
23113
22491
22514
23114
22492
22515
23115
22493
22516
23116
22494
22517
23117
22495
22518
23118
22496
22519
23119
22497
22520
23120
22498
22521
23121
22499
22522
23122
22500
22523
23123
22501
22524
23124
22502
22525
23125
22503
22526
23126
22504
22527
23127
22505
22528
23128
22506
22529
23129
22507
22530
23130
22508
22531
23131
22509
22532
23132
22510
22533
23133
22511
22534
23134
22535
23135
22513
22536
23136
22514
22537
23137
22515
22538
23138
22516
22539
23139
22517
22540
23140
22518
22541
23141
22519
22542
23142
22520
22543
23143
22521
22544
23144
22522
22545
23145
22523
22546
23146
22524
22547
23147
22525
22548
23148
22526
22549
23149
22527
22550
23150
22528
22551
23151
22529
22552
23152
22530
22553
23153
22531
22554
23154
22532
22555
23155
22533
22556
23156
22534
22557
23157
22535
22558
23158
22559
23159
22537
22560
23160
22538
22561
23161
22539
22562
23162
22540
22563
23163
22541
22564
23164
22542
22565
23165
22543
22566
23166
22544
22567
23167
22545
22568
23168
22546
22569
23169
22547
22570
23170
22548
22571
23171
22549
22572
23172
22550
22573
23173
22551
22574
23174
22552
22575
23175
22553
22576
23176
22554
22577
23177
22555
22578
23178
22556
22579
23179
22557
22580
23180
22558
22581
23181
22559
22582
23182
22583
23183
22561
22584
23184
22562
22585
23185
22563
22586
23186
22564
22587
23187
22565
22588
23188
22566
22589
23189
22567
22590
23190
22568
22591
23191
22569
22592
23192
22570
22593
23193
22571
22594
23194
22572
22595
23195
22573
22596
23196
22574
22597
23197
22575
22598
23198
22576
22599
23199
22577
22600
23200
22578
22601
23201
22579
22602
23202
22580
22603
23203
22581
22604
23204
22582
22605
23205
22583
22606
23206
22607
23207
22585
22608
23208
22586
22609
23209
22587
22610
23210
22588
22611
23211
22589
22612
23212
22590
22613
23213
22591
22614
23214
22592
22615
23215
22593
22616
23216
22594
22617
23217
22595
22618
23218
22596
22619
23219
22597
22620
23220
22598
22621
23221
22599
22622
23222
22600
22623
23223
22601
22624
23224
22602
22625
23225
22603
22626
23226
22604
22627
23227
22605
22628
23228
22606
22629
23229
22607
22630
23230
22631
23231
22609
22632
23232
22610
22633
23233
22611
22634
23234
22612
22635
23235
22613
22636
23236
22614
22637
23237
22615
22638
23238
22616
22639
23239
22617
22640
23240
22618
22641
23241
22619
22642
23242
22620
22643
23243
22621
22644
23244
22622
22645
23245
22623
22646
23246
22624
22647
23247
22625
22648
23248
22626
22649
23249
22627
22650
23250
22628
22651
23251
22629
22652
23252
22630
22653
23253
22631
22654
23254
22655
23255
22633
22656
23256
22634
22657
23257
22635
22658
23258
22636
22659
23259
22637
22660
23260
22638
22661
23261
22639
22662
23262
22640
22663
23263
22641
22664
23264
22642
22665
23265
22643
22666
23266
22644
22667
23267
22645
22668
23268
22646
22669
23269
22647
22670
23270
22648
22671
23271
22649
22672
23272
22650
22673
23273
22651
22674
23274
22652
22675
23275
22653
22676
23276
22654
22677
23277
22655
22678
23278
22679
23279
22657
22680
23280
22658
22681
23281
22659
22682
23282
22660
22683
23283
22661
22684
23284
22662
22685
23285
22663
22686
23286
22664
22687
23287
22665
22688
23288
22666
22689
23289
22667
22690
23290
22668
22691
23291
22669
22692
23292
22670
22693
23293
22671
22694
23294
22672
22695
23295
22673
22696
23296
22674
22697
23297
22675
22698
23298
22676
22699
23299
22677
22700
23300
22678
22701
23301
22679
22702
23302
22703
23303
22681
22704
23304
22682
22705
23305
22683
22706
23306
22684
22707
23307
22685
22708
23308
22686
22709
23309
22687
22710
23310
22688
22711
23311
22689
22712
23312
22690
22713
23313
22691
22714
23314
22692
22715
23315
22693
22716
23316
22694
22717
23317
22695
22718
23318
22696
22719
23319
22697
22720
23320
22698
22721
23321
22699
22722
23322
22700
22723
23323
22701
22724
23324
22702
22725
23325
22703
22726
23326
22727
23327
22705
22728
23328
22706
22729
23329
22707
22730
23330
22708
22731
23331
22709
22732
23332
22710
22733
23333
22711
22734
23334
22712
22735
23335
22713
22736
23336
22714
22737
23337
22715
22738
23338
22716
22739
23339
22717
22740
23340
22718
22741
23341
22719
22742
23342
22720
22743
23343
22721
22744
23344
22722
22745
23345
22723
22746
23346
22724
22747
23347
22725
22748
23348
22726
22749
23349
22727
22750
23350
22751
23351
22729
22752
23352
22730
22753
23353
22731
22754
23354
22732
22755
23355
22733
22756
23356
22734
22757
23357
22735
22758
23358
22736
22759
23359
22737
22760
23360
22738
22761
23361
22739
22762
23362
22740
22763
23363
22741
22764
23364
22742
22765
23365
22743
22766
23366
22744
22767
23367
22745
22768
23368
22746
22769
23369
22747
22770
23370
22748
22771
23371
22749
22772
23372
22750
22773
23373
22751
22774
23374
22775
23375
22753
22776
23376
22754
22777
23377
22755
22778
23378
22756
22779
23379
22757
22780
23380
22758
22781
23381
22759
22782
23382
22760
22783
23383
22761
22784
23384
22762
22785
23385
22763
22786
23386
22764
22787
23387
22765
22788
23388
22766
22789
23389
22767
22790
23390
22768
22791
23391
22769
22792
23392
22770
22793
23393
22771
22794
23394
22772
22795
23395
22773
22796
23396
22774
22797
23397
22775
22798
23398
22799
23399
22777
22800
23400
22778
22801
23401
22779
22802
23402
22780
22803
23403
22781
22804
23404
22782
22805
23405
22783
22806
23406
22784
22807
23407
22785
22808
23408
22786
22809
23409
22787
22810
23410
22788
22811
23411
22789
22812
23412
22790
22813
23413
22791
22814
23414
22792
22815
23415
22793
22816
23416
22794
22817
23417
22795
22818
23418
22796
22819
23419
22797
22820
23420
22798
22821
23421
22799
22822
23422
22823
23423
22801
22824
23424
22802
22825
23425
22803
22826
23426
22804
22827
23427
22805
22828
23428
22806
22829
23429
22807
22830
23430
22808
22831
23431
22809
22832
23432
22810
22833
23433
22811
22834
23434
22812
22835
23435
22813
22836
23436
22814
22837
23437
22815
22838
23438
22816
22839
23439
22817
22840
23440
22818
22841
23441
22819
22842
23442
22820
22843
23443
22821
22844
23444
22822
22845
23445
22823
22846
23446
22847
23447
22825
22848
23448
22826
22849
23449
22827
22850
23450
22828
22851
23451
22829
22852
23452
22830
22853
23453
22831
22854
23454
22832
22855
23455
22833
22856
23456
22834
22857
23457
22835
22858
23458
22836
22859
23459
22837
22860
23460
22838
22861
23461
22839
22862
23462
22840
22863
23463
22841
22864
23464
22842
22865
23465
22843
22866
23466
22844
22867
23467
22845
22868
23468
22846
22869
23469
22847
22870
23470
22871
23471
22849
22872
23472
22850
22873
23473
22851
22874
23474
22852
22875
23475
22853
22876
23476
22854
22877
23477
22855
22878
23478
22856
22879
23479
22857
22880
23480
22858
22881
23481
22859
22882
23482
22860
22883
23483
22861
22884
23484
22862
22885
23485
22863
22886
23486
22864
22887
23487
22865
22888
23488
22866
22889
23489
22867
22890
23490
22868
22891
23491
22869
22892
23492
22870
22893
23493
22871
22894
23494
22895
23495
22873
22896
23496
22874
22897
23497
22875
22898
23498
22876
22899
23499
22877
22900
23500
22878
22901
23501
22879
22902
23502
22880
22903
23503
22881
22904
23504
22882
22905
23505
22883
22906
23506
22884
22907
23507
22885
22908
23508
22886
22909
23509
22887
22910
23510
22888
22911
23511
22889
22912
23512
22890
22913
23513
22891
22914
23514
22892
22915
23515
22893
22916
23516
22894
22917
23517
22895
22918
23518
22919
23519
22897
22920
23520
22898
22921
23521
22899
22922
23522
22900
22923
23523
22901
22924
23524
22902
22925
23525
22903
22926
23526
22904
22927
23527
22905
22928
23528
22906
22929
23529
22907
22930
23530
22908
22931
23531
22909
22932
23532
22910
22933
23533
22911
22934
23534
22912
22935
23535
22913
22936
23536
22914
22937
23537
22915
22938
23538
22916
22939
23539
22917
22940
23540
22918
22941
23541
22919
22942
23542
22943
23543
22921
22944
23544
22922
22945
23545
22923
22946
23546
22924
22947
23547
22925
22948
23548
22926
22949
23549
22927
22950
23550
22928
22951
23551
22929
22952
23552
22930
22953
23553
22931
22954
23554
22932
22955
23555
22933
22956
23556
22934
22957
23557
22935
22958
23558
22936
22959
23559
22937
22960
23560
22938
22961
23561
22939
22962
23562
22940
22963
23563
22941
22964
23564
22942
22965
23565
22943
22966
23566
22967
23567
22945
22968
23568
22946
22969
23569
22947
22970
23570
22948
22971
23571
22949
22972
23572
22950
22973
23573
22951
22974
23574
22952
22975
23575
22953
22976
23576
22954
22977
23577
22955
22978
23578
22956
22979
23579
22957
22980
23580
22958
22981
23581
22959
22982
23582
22960
22983
23583
22961
22984
23584
22962
22985
23585
22963
22986
23586
22964
22987
23587
22965
22988
23588
22966
22989
23589
22967
22990
23590
22991
23591
22969
22992
23592
22970
22993
23593
22971
22994
23594
22972
22995
23595
22973
22996
23596
22974
22997
23597
22975
22998
23598
22976
22999
23599
22977
23000
23600
22978
23001
23601
22979
23002
23602
22980
23003
23603
22981
23004
23604
22982
23005
23605
22983
23006
23606
22984
23007
23607
22985
23008
23608
22986
23009
23609
22987
23010
23610
22988
23011
23611
22989
23012
23612
22990
23013
23613
22991
23014
23614
23015
23615
22993
23016
23616
22994
23017
23617
22995
23018
23618
22996
23019
23619
22997
23020
23620
22998
23021
23621
22999
23022
23622
23000
23023
23623
23001
23024
23624
23002
23025
23625
23003
23026
23626
23004
23027
23627
23005
23028
23628
23006
23029
23629
23007
23030
23630
23008
23031
23631
23009
23032
23632
23010
23033
23633
23011
23034
23634
23012
23035
23635
23013
23036
23636
23014
23037
23637
23015
23038
23638
23039
23639
23017
23040
23640
23018
23041
23641
23019
23042
23642
23020
23043
23643
23021
23044
23644
23022
23045
23645
23023
23046
23646
23024
23047
23647
23025
23048
23648
23026
23049
23649
23027
23050
23650
23028
23051
23651
23029
23052
23652
23030
23053
23653
23031
23054
23654
23032
23055
23655
23033
23056
23656
23034
23057
23657
23035
23058
23658
23036
23059
23659
23037
23060
23660
23038
23061
23661
23039
23062
23662
23063
23663
23041
23064
23664
23042
23065
23665
23043
23066
23666
23044
23067
23667
23045
23068
23668
23046
23069
23669
23047
23070
23670
23048
23071
23671
23049
23072
23672
23050
23073
23673
23051
23074
23674
23052
23075
23675
23053
23076
23676
23054
23077
23677
23055
23078
23678
23056
23079
23679
23057
23080
23680
23058
23081
23681
23059
23082
23682
23060
23083
23683
23061
23084
23684
23062
23085
23685
23063
23086
23686
23087
23687
23065
23688
23066
23689
23067
23690
23068
23691
23069
23692
23070
23693
23071
23694
23072
23695
23073
23696
23074
23697
23075
23698
23076
23699
23077
23700
23078
23701
23079
23702
23080
23703
23081
23704
23082
23705
23083
23706
23084
23707
23085
23708
23086
23709
23087
23710
23711
23089
23112
23712
23090
23113
23713
23091
23114
23714
23092
23115
23715
23093
23116
23716
23094
23117
23717
23095
23118
23718
23096
23119
23719
23097
23120
23720
23098
23121
23721
23099
23122
23722
23100
23123
23723
23101
23124
23724
23102
23125
23725
23103
23126
23726
23104
23127
23727
23105
23128
23728
23106
23129
23729
23107
23130
23730
23108
23131
23731
23109
23132
23732
23110
23133
23733
23111
23134
23734
23135
23735
23113
23136
23736
23114
23137
23737
23115
23138
23738
23116
23139
23739
23117
23140
23740
23118
23141
23741
23119
23142
23742
23120
23143
23743
23121
23144
23744
23122
23145
23745
23123
23146
23746
23124
23147
23747
23125
23148
23748
23126
23149
23749
23127
23150
23750
23128
23151
23751
23129
23152
23752
23130
23153
23753
23131
23154
23754
23132
23155
23755
23133
23156
23756
23134
23157
23757
23135
23158
23758
23159
23759
23137
23160
23760
23138
23161
23761
23139
23162
23762
23140
23163
23763
23141
23164
23764
23142
23165
23765
23143
23166
23766
23144
23167
23767
23145
23168
23768
23146
23169
23769
23147
23170
23770
23148
23171
23771
23149
23172
23772
23150
23173
23773
23151
23174
23774
23152
23175
23775
23153
23176
23776
23154
23177
23777
23155
23178
23778
23156
23179
23779
23157
23180
23780
23158
23181
23781
23159
23182
23782
23183
23783
23161
23184
23784
23162
23185
23785
23163
23186
23786
23164
23187
23787
23165
23188
23788
23166
23189
23789
23167
23190
23790
23168
23191
23791
23169
23192
23792
23170
23193
23793
23171
23194
23794
23172
23195
23795
23173
23196
23796
23174
23197
23797
23175
23198
23798
23176
23199
23799
23177
23200
23800
23178
23201
23801
23179
23202
23802
23180
23203
23803
23181
23204
23804
23182
23205
23805
23183
23206
23806
23207
23807
23185
23208
23808
23186
23209
23809
23187
23210
23810
23188
23211
23811
23189
23212
23812
23190
23213
23813
23191
23214
23814
23192
23215
23815
23193
23216
23816
23194
23217
23817
23195
23218
23818
23196
23219
23819
23197
23220
23820
23198
23221
23821
23199
23222
23822
23200
23223
23823
23201
23224
23824
23202
23225
23825
23203
23226
23826
23204
23227
23827
23205
23228
23828
23206
23229
23829
23207
23230
23830
23231
23831
23209
23232
23832
23210
23233
23833
23211
23234
23834
23212
23235
23835
23213
23236
23836
23214
23237
23837
23215
23238
23838
23216
23239
23839
23217
23240
23840
23218
23241
23841
23219
23242
23842
23220
23243
23843
23221
23244
23844
23222
23245
23845
23223
23246
23846
23224
23247
23847
23225
23248
23848
23226
23249
23849
23227
23250
23850
23228
23251
23851
23229
23252
23852
23230
23253
23853
23231
23254
23854
23255
23855
23233
23256
23856
23234
23257
23857
23235
23258
23858
23236
23259
23859
23237
23260
23860
23238
23261
23861
23239
23262
23862
23240
23263
23863
23241
23264
23864
23242
23265
23865
23243
23266
23866
23244
23267
23867
23245
23268
23868
23246
23269
23869
23247
23270
23870
23248
23271
23871
23249
23272
23872
23250
23273
23873
23251
23274
23874
23252
23275
23875
23253
23276
23876
23254
23277
23877
23255
23278
23878
23279
23879
23257
23280
23880
23258
23281
23881
23259
23282
23882
23260
23283
23883
23261
23284
23884
23262
23285
23885
23263
23286
23886
23264
23287
23887
23265
23288
23888
23266
23289
23889
23267
23290
23890
23268
23291
23891
23269
23292
23892
23270
23293
23893
23271
23294
23894
23272
23295
23895
23273
23296
23896
23274
23297
23897
23275
23298
23898
23276
23299
23899
23277
23300
23900
23278
23301
23901
23279
23302
23902
23303
23903
23281
23304
23904
23282
23305
23905
23283
23306
23906
23284
23307
23907
23285
23308
23908
23286
23309
23909
23287
23310
23910
23288
23311
23911
23289
23312
23912
23290
23313
23913
23291
23314
23914
23292
23315
23915
23293
23316
23916
23294
23317
23917
23295
23318
23918
23296
23319
23919
23297
23320
23920
23298
23321
23921
23299
23322
23922
23300
23323
23923
23301
23324
23924
23302
23325
23925
23303
23326
23926
23327
23927
23305
23328
23928
23306
23329
23929
23307
23330
23930
23308
23331
23931
23309
23332
23932
23310
23333
23933
23311
23334
23934
23312
23335
23935
23313
23336
23936
23314
23337
23937
23315
23338
23938
23316
23339
23939
23317
23340
23940
23318
23341
23941
23319
23342
23942
23320
23343
23943
23321
23344
23944
23322
23345
23945
23323
23346
23946
23324
23347
23947
23325
23348
23948
23326
23349
23949
23327
23350
23950
23351
23951
23329
23352
23952
23330
23353
23953
23331
23354
23954
23332
23355
23955
23333
23356
23956
23334
23357
23957
23335
23358
23958
23336
23359
23959
23337
23360
23960
23338
23361
23961
23339
23362
23962
23340
23363
23963
23341
23364
23964
23342
23365
23965
23343
23366
23966
23344
23367
23967
23345
23368
23968
23346
23369
23969
23347
23370
23970
23348
23371
23971
23349
23372
23972
23350
23373
23973
23351
23374
23974
23375
23975
23353
23376
23976
23354
23377
23977
23355
23378
23978
23356
23379
23979
23357
23380
23980
23358
23381
23981
23359
23382
23982
23360
23383
23983
23361
23384
23984
23362
23385
23985
23363
23386
23986
23364
23387
23987
23365
23388
23988
23366
23389
23989
23367
23390
23990
23368
23391
23991
23369
23392
23992
23370
23393
23993
23371
23394
23994
23372
23395
23995
23373
23396
23996
23374
23397
23997
23375
23398
23998
23399
23999
23377
23400
24000
23378
23401
24001
23379
23402
24002
23380
23403
24003
23381
23404
24004
23382
23405
24005
23383
23406
24006
23384
23407
24007
23385
23408
24008
23386
23409
24009
23387
23410
24010
23388
23411
24011
23389
23412
24012
23390
23413
24013
23391
23414
24014
23392
23415
24015
23393
23416
24016
23394
23417
24017
23395
23418
24018
23396
23419
24019
23397
23420
24020
23398
23421
24021
23399
23422
24022
23423
24023
23401
23424
24024
23402
23425
24025
23403
23426
24026
23404
23427
24027
23405
23428
24028
23406
23429
24029
23407
23430
24030
23408
23431
24031
23409
23432
24032
23410
23433
24033
23411
23434
24034
23412
23435
24035
23413
23436
24036
23414
23437
24037
23415
23438
24038
23416
23439
24039
23417
23440
24040
23418
23441
24041
23419
23442
24042
23420
23443
24043
23421
23444
24044
23422
23445
24045
23423
23446
24046
23447
24047
23425
23448
24048
23426
23449
24049
23427
23450
24050
23428
23451
24051
23429
23452
24052
23430
23453
24053
23431
23454
24054
23432
23455
24055
23433
23456
24056
23434
23457
24057
23435
23458
24058
23436
23459
24059
23437
23460
24060
23438
23461
24061
23439
23462
24062
23440
23463
24063
23441
23464
24064
23442
23465
24065
23443
23466
24066
23444
23467
24067
23445
23468
24068
23446
23469
24069
23447
23470
24070
23471
24071
23449
23472
24072
23450
23473
24073
23451
23474
24074
23452
23475
24075
23453
23476
24076
23454
23477
24077
23455
23478
24078
23456
23479
24079
23457
23480
24080
23458
23481
24081
23459
23482
24082
23460
23483
24083
23461
23484
24084
23462
23485
24085
23463
23486
24086
23464
23487
24087
23465
23488
24088
23466
23489
24089
23467
23490
24090
23468
23491
24091
23469
23492
24092
23470
23493
24093
23471
23494
24094
23495
24095
23473
23496
24096
23474
23497
24097
23475
23498
24098
23476
23499
24099
23477
23500
24100
23478
23501
24101
23479
23502
24102
23480
23503
24103
23481
23504
24104
23482
23505
24105
23483
23506
24106
23484
23507
24107
23485
23508
24108
23486
23509
24109
23487
23510
24110
23488
23511
24111
23489
23512
24112
23490
23513
24113
23491
23514
24114
23492
23515
24115
23493
23516
24116
23494
23517
24117
23495
23518
24118
23519
24119
23497
23520
24120
23498
23521
24121
23499
23522
24122
23500
23523
24123
23501
23524
24124
23502
23525
24125
23503
23526
24126
23504
23527
24127
23505
23528
24128
23506
23529
24129
23507
23530
24130
23508
23531
24131
23509
23532
24132
23510
23533
24133
23511
23534
24134
23512
23535
24135
23513
23536
24136
23514
23537
24137
23515
23538
24138
23516
23539
24139
23517
23540
24140
23518
23541
24141
23519
23542
24142
23543
24143
23521
23544
24144
23522
23545
24145
23523
23546
24146
23524
23547
24147
23525
23548
24148
23526
23549
24149
23527
23550
24150
23528
23551
24151
23529
23552
24152
23530
23553
24153
23531
23554
24154
23532
23555
24155
23533
23556
24156
23534
23557
24157
23535
23558
24158
23536
23559
24159
23537
23560
24160
23538
23561
24161
23539
23562
24162
23540
23563
24163
23541
23564
24164
23542
23565
24165
23543
23566
24166
23567
24167
23545
23568
24168
23546
23569
24169
23547
23570
24170
23548
23571
24171
23549
23572
24172
23550
23573
24173
23551
23574
24174
23552
23575
24175
23553
23576
24176
23554
23577
24177
23555
23578
24178
23556
23579
24179
23557
23580
24180
23558
23581
24181
23559
23582
24182
23560
23583
24183
23561
23584
24184
23562
23585
24185
23563
23586
24186
23564
23587
24187
23565
23588
24188
23566
23589
24189
23567
23590
24190
23591
24191
23569
23592
24192
23570
23593
24193
23571
23594
24194
23572
23595
24195
23573
23596
24196
23574
23597
24197
23575
23598
24198
23576
23599
24199
23577
23600
24200
23578
23601
24201
23579
23602
24202
23580
23603
24203
23581
23604
24204
23582
23605
24205
23583
23606
24206
23584
23607
24207
23585
23608
24208
23586
23609
24209
23587
23610
24210
23588
23611
24211
23589
23612
24212
23590
23613
24213
23591
23614
24214
23615
24215
23593
23616
24216
23594
23617
24217
23595
23618
24218
23596
23619
24219
23597
23620
24220
23598
23621
24221
23599
23622
24222
23600
23623
24223
23601
23624
24224
23602
23625
24225
23603
23626
24226
23604
23627
24227
23605
23628
24228
23606
23629
24229
23607
23630
24230
23608
23631
24231
23609
23632
24232
23610
23633
24233
23611
23634
24234
23612
23635
24235
23613
23636
24236
23614
23637
24237
23615
23638
24238
23639
24239
23617
23640
24240
23618
23641
24241
23619
23642
24242
23620
23643
24243
23621
23644
24244
23622
23645
24245
23623
23646
24246
23624
23647
24247
23625
23648
24248
23626
23649
24249
23627
23650
24250
23628
23651
24251
23629
23652
24252
23630
23653
24253
23631
23654
24254
23632
23655
24255
23633
23656
24256
23634
23657
24257
23635
23658
24258
23636
23659
24259
23637
23660
24260
23638
23661
24261
23639
23662
24262
23663
24263
23641
23664
24264
23642
23665
24265
23643
23666
24266
23644
23667
24267
23645
23668
24268
23646
23669
24269
23647
23670
24270
23648
23671
24271
23649
23672
24272
23650
23673
24273
23651
23674
24274
23652
23675
24275
23653
23676
24276
23654
23677
24277
23655
23678
24278
23656
23679
24279
23657
23680
24280
23658
23681
24281
23659
23682
24282
23660
23683
24283
23661
23684
24284
23662
23685
24285
23663
23686
24286
23687
24287
23665
23688
24288
23666
23689
24289
23667
23690
24290
23668
23691
24291
23669
23692
24292
23670
23693
24293
23671
23694
24294
23672
23695
24295
23673
23696
24296
23674
23697
24297
23675
23698
24298
23676
23699
24299
23677
23700
24300
23678
23701
24301
23679
23702
24302
23680
23703
24303
23681
23704
24304
23682
23705
24305
23683
23706
24306
23684
23707
24307
23685
23708
24308
23686
23709
24309
23687
23710
24310
23711
24311
23689
24312
23690
24313
23691
24314
23692
24315
23693
24316
23694
24317
23695
24318
23696
24319
23697
24320
23698
24321
23699
24322
23700
24323
23701
24324
23702
24325
23703
24326
23704
24327
23705
24328
23706
24329
23707
24330
23708
24331
23709
24332
23710
24333
23711
24334
24335
23713
23736
24336
23714
23737
24337
23715
23738
24338
23716
23739
24339
23717
23740
24340
23718
23741
24341
23719
23742
24342
23720
23743
24343
23721
23744
24344
23722
23745
24345
23723
23746
24346
23724
23747
24347
23725
23748
24348
23726
23749
24349
23727
23750
24350
23728
23751
24351
23729
23752
24352
23730
23753
24353
23731
23754
24354
23732
23755
24355
23733
23756
24356
23734
23757
24357
23735
23758
24358
23759
24359
23737
23760
24360
23738
23761
24361
23739
23762
24362
23740
23763
24363
23741
23764
24364
23742
23765
24365
23743
23766
24366
23744
23767
24367
23745
23768
24368
23746
23769
24369
23747
23770
24370
23748
23771
24371
23749
23772
24372
23750
23773
24373
23751
23774
24374
23752
23775
24375
23753
23776
24376
23754
23777
24377
23755
23778
24378
23756
23779
24379
23757
23780
24380
23758
23781
24381
23759
23782
24382
23783
24383
23761
23784
24384
23762
23785
24385
23763
23786
24386
23764
23787
24387
23765
23788
24388
23766
23789
24389
23767
23790
24390
23768
23791
24391
23769
23792
24392
23770
23793
24393
23771
23794
24394
23772
23795
24395
23773
23796
24396
23774
23797
24397
23775
23798
24398
23776
23799
24399
23777
23800
24400
23778
23801
24401
23779
23802
24402
23780
23803
24403
23781
23804
24404
23782
23805
24405
23783
23806
24406
23807
24407
23785
23808
24408
23786
23809
24409
23787
23810
24410
23788
23811
24411
23789
23812
24412
23790
23813
24413
23791
23814
24414
23792
23815
24415
23793
23816
24416
23794
23817
24417
23795
23818
24418
23796
23819
24419
23797
23820
24420
23798
23821
24421
23799
23822
24422
23800
23823
24423
23801
23824
24424
23802
23825
24425
23803
23826
24426
23804
23827
24427
23805
23828
24428
23806
23829
24429
23807
23830
24430
23831
24431
23809
23832
24432
23810
23833
24433
23811
23834
24434
23812
23835
24435
23813
23836
24436
23814
23837
24437
23815
23838
24438
23816
23839
24439
23817
23840
24440
23818
23841
24441
23819
23842
24442
23820
23843
24443
23821
23844
24444
23822
23845
24445
23823
23846
24446
23824
23847
24447
23825
23848
24448
23826
23849
24449
23827
23850
24450
23828
23851
24451
23829
23852
24452
23830
23853
24453
23831
23854
24454
23855
24455
23833
23856
24456
23834
23857
24457
23835
23858
24458
23836
23859
24459
23837
23860
24460
23838
23861
24461
23839
23862
24462
23840
23863
24463
23841
23864
24464
23842
23865
24465
23843
23866
24466
23844
23867
24467
23845
23868
24468
23846
23869
24469
23847
23870
24470
23848
23871
24471
23849
23872
24472
23850
23873
24473
23851
23874
24474
23852
23875
24475
23853
23876
24476
23854
23877
24477
23855
23878
24478
23879
24479
23857
23880
24480
23858
23881
24481
23859
23882
24482
23860
23883
24483
23861
23884
24484
23862
23885
24485
23863
23886
24486
23864
23887
24487
23865
23888
24488
23866
23889
24489
23867
23890
24490
23868
23891
24491
23869
23892
24492
23870
23893
24493
23871
23894
24494
23872
23895
24495
23873
23896
24496
23874
23897
24497
23875
23898
24498
23876
23899
24499
23877
23900
24500
23878
23901
24501
23879
23902
24502
23903
24503
23881
23904
24504
23882
23905
24505
23883
23906
24506
23884
23907
24507
23885
23908
24508
23886
23909
24509
23887
23910
24510
23888
23911
24511
23889
23912
24512
23890
23913
24513
23891
23914
24514
23892
23915
24515
23893
23916
24516
23894
23917
24517
23895
23918
24518
23896
23919
24519
23897
23920
24520
23898
23921
24521
23899
23922
24522
23900
23923
24523
23901
23924
24524
23902
23925
24525
23903
23926
24526
23927
24527
23905
23928
24528
23906
23929
24529
23907
23930
24530
23908
23931
24531
23909
23932
24532
23910
23933
24533
23911
23934
24534
23912
23935
24535
23913
23936
24536
23914
23937
24537
23915
23938
24538
23916
23939
24539
23917
23940
24540
23918
23941
24541
23919
23942
24542
23920
23943
24543
23921
23944
24544
23922
23945
24545
23923
23946
24546
23924
23947
24547
23925
23948
24548
23926
23949
24549
23927
23950
24550
23951
24551
23929
23952
24552
23930
23953
24553
23931
23954
24554
23932
23955
24555
23933
23956
24556
23934
23957
24557
23935
23958
24558
23936
23959
24559
23937
23960
24560
23938
23961
24561
23939
23962
24562
23940
23963
24563
23941
23964
24564
23942
23965
24565
23943
23966
24566
23944
23967
24567
23945
23968
24568
23946
23969
24569
23947
23970
24570
23948
23971
24571
23949
23972
24572
23950
23973
24573
23951
23974
24574
23975
24575
23953
23976
24576
23954
23977
24577
23955
23978
24578
23956
23979
24579
23957
23980
24580
23958
23981
24581
23959
23982
24582
23960
23983
24583
23961
23984
24584
23962
23985
24585
23963
23986
24586
23964
23987
24587
23965
23988
24588
23966
23989
24589
23967
23990
24590
23968
23991
24591
23969
23992
24592
23970
23993
24593
23971
23994
24594
23972
23995
24595
23973
23996
24596
23974
23997
24597
23975
23998
24598
23999
24599
23977
24000
24600
23978
24001
24601
23979
24002
24602
23980
24003
24603
23981
24004
24604
23982
24005
24605
23983
24006
24606
23984
24007
24607
23985
24008
24608
23986
24009
24609
23987
24010
24610
23988
24011
24611
23989
24012
24612
23990
24013
24613
23991
24014
24614
23992
24015
24615
23993
24016
24616
23994
24017
24617
23995
24018
24618
23996
24019
24619
23997
24020
24620
23998
24021
24621
23999
24022
24622
24023
24623
24001
24024
24624
24002
24025
24625
24003
24026
24626
24004
24027
24627
24005
24028
24628
24006
24029
24629
24007
24030
24630
24008
24031
24631
24009
24032
24632
24010
24033
24633
24011
24034
24634
24012
24035
24635
24013
24036
24636
24014
24037
24637
24015
24038
24638
24016
24039
24639
24017
24040
24640
24018
24041
24641
24019
24042
24642
24020
24043
24643
24021
24044
24644
24022
24045
24645
24023
24046
24646
24047
24647
24025
24048
24648
24026
24049
24649
24027
24050
24650
24028
24051
24651
24029
24052
24652
24030
24053
24653
24031
24054
24654
24032
24055
24655
24033
24056
24656
24034
24057
24657
24035
24058
24658
24036
24059
24659
24037
24060
24660
24038
24061
24661
24039
24062
24662
24040
24063
24663
24041
24064
24664
24042
24065
24665
24043
24066
24666
24044
24067
24667
24045
24068
24668
24046
24069
24669
24047
24070
24670
24071
24671
24049
24072
24672
24050
24073
24673
24051
24074
24674
24052
24075
24675
24053
24076
24676
24054
24077
24677
24055
24078
24678
24056
24079
24679
24057
24080
24680
24058
24081
24681
24059
24082
24682
24060
24083
24683
24061
24084
24684
24062
24085
24685
24063
24086
24686
24064
24087
24687
24065
24088
24688
24066
24089
24689
24067
24090
24690
24068
24091
24691
24069
24092
24692
24070
24093
24693
24071
24094
24694
24095
24695
24073
24096
24696
24074
24097
24697
24075
24098
24698
24076
24099
24699
24077
24100
24700
24078
24101
24701
24079
24102
24702
24080
24103
24703
24081
24104
24704
24082
24105
24705
24083
24106
24706
24084
24107
24707
24085
24108
24708
24086
24109
24709
24087
24110
24710
24088
24111
24711
24089
24112
24712
24090
24113
24713
24091
24114
24714
24092
24115
24715
24093
24116
24716
24094
24117
24717
24095
24118
24718
24119
24719
24097
24120
24720
24098
24121
24721
24099
24122
24722
24100
24123
24723
24101
24124
24724
24102
24125
24725
24103
24126
24726
24104
24127
24727
24105
24128
24728
24106
24129
24729
24107
24130
24730
24108
24131
24731
24109
24132
24732
24110
24133
24733
24111
24134
24734
24112
24135
24735
24113
24136
24736
24114
24137
24737
24115
24138
24738
24116
24139
24739
24117
24140
24740
24118
24141
24741
24119
24142
24742
24143
24743
24121
24144
24744
24122
24145
24745
24123
24146
24746
24124
24147
24747
24125
24148
24748
24126
24149
24749
24127
24150
24750
24128
24151
24751
24129
24152
24752
24130
24153
24753
24131
24154
24754
24132
24155
24755
24133
24156
24756
24134
24157
24757
24135
24158
24758
24136
24159
24759
24137
24160
24760
24138
24161
24761
24139
24162
24762
24140
24163
24763
24141
24164
24764
24142
24165
24765
24143
24166
24766
24167
24767
24145
24168
24768
24146
24169
24769
24147
24170
24770
24148
24171
24771
24149
24172
24772
24150
24173
24773
24151
24174
24774
24152
24175
24775
24153
24176
24776
24154
24177
24777
24155
24178
24778
24156
24179
24779
24157
24180
24780
24158
24181
24781
24159
24182
24782
24160
24183
24783
24161
24184
24784
24162
24185
24785
24163
24186
24786
24164
24187
24787
24165
24188
24788
24166
24189
24789
24167
24190
24790
24191
24791
24169
24192
24792
24170
24193
24793
24171
24194
24794
24172
24195
24795
24173
24196
24796
24174
24197
24797
24175
24198
24798
24176
24199
24799
24177
24200
24800
24178
24201
24801
24179
24202
24802
24180
24203
24803
24181
24204
24804
24182
24205
24805
24183
24206
24806
24184
24207
24807
24185
24208
24808
24186
24209
24809
24187
24210
24810
24188
24211
24811
24189
24212
24812
24190
24213
24813
24191
24214
24814
24215
24815
24193
24216
24816
24194
24217
24817
24195
24218
24818
24196
24219
24819
24197
24220
24820
24198
24221
24821
24199
24222
24822
24200
24223
24823
24201
24224
24824
24202
24225
24825
24203
24226
24826
24204
24227
24827
24205
24228
24828
24206
24229
24829
24207
24230
24830
24208
24231
24831
24209
24232
24832
24210
24233
24833
24211
24234
24834
24212
24235
24835
24213
24236
24836
24214
24237
24837
24215
24238
24838
24239
24839
24217
24240
24840
24218
24241
24841
24219
24242
24842
24220
24243
24843
24221
24244
24844
24222
24245
24845
24223
24246
24846
24224
24247
24847
24225
24248
24848
24226
24249
24849
24227
24250
24850
24228
24251
24851
24229
24252
24852
24230
24253
24853
24231
24254
24854
24232
24255
24855
24233
24256
24856
24234
24257
24857
24235
24258
24858
24236
24259
24859
24237
24260
24860
24238
24261
24861
24239
24262
24862
24263
24863
24241
24264
24864
24242
24265
24865
24243
24266
24866
24244
24267
24867
24245
24268
24868
24246
24269
24869
24247
24270
24870
24248
24271
24871
24249
24272
24872
24250
24273
24873
24251
24274
24874
24252
24275
24875
24253
24276
24876
24254
24277
24877
24255
24278
24878
24256
24279
24879
24257
24280
24880
24258
24281
24881
24259
24282
24882
24260
24283
24883
24261
24284
24884
24262
24285
24885
24263
24286
24886
24287
24887
24265
24288
24888
24266
24289
24889
24267
24290
24890
24268
24291
24891
24269
24292
24892
24270
24293
24893
24271
24294
24894
24272
24295
24895
24273
24296
24896
24274
24297
24897
24275
24298
24898
24276
24299
24899
24277
24300
24900
24278
24301
24901
24279
24302
24902
24280
24303
24903
24281
24304
24904
24282
24305
24905
24283
24306
24906
24284
24307
24907
24285
24308
24908
24286
24309
24909
24287
24310
24910
24311
24911
24289
24312
24912
24290
24313
24913
24291
24314
24914
24292
24315
24915
24293
24316
24916
24294
24317
24917
24295
24318
24918
24296
24319
24919
24297
24320
24920
24298
24321
24921
24299
24322
24922
24300
24323
24923
24301
24324
24924
24302
24325
24925
24303
24326
24926
24304
24327
24927
24305
24328
24928
24306
24329
24929
24307
24330
24930
24308
24331
24931
24309
24332
24932
24310
24333
24933
24311
24334
24934
24335
24935
24313
24936
24314
24937
24315
24938
24316
24939
24317
24940
24318
24941
24319
24942
24320
24943
24321
24944
24322
24945
24323
24946
24324
24947
24325
24948
24326
24949
24327
24950
24328
24951
24329
24952
24330
24953
24331
24954
24332
24955
24333
24956
24334
24957
24335
24958
24959
24337
24360
24960
24338
24361
24961
24339
24362
24962
24340
24363
24963
24341
24364
24964
24342
24365
24965
24343
24366
24966
24344
24367
24967
24345
24368
24968
24346
24369
24969
24347
24370
24970
24348
24371
24971
24349
24372
24972
24350
24373
24973
24351
24374
24974
24352
24375
24975
24353
24376
24976
24354
24377
24977
24355
24378
24978
24356
24379
24979
24357
24380
24980
24358
24381
24981
24359
24382
24982
24383
24983
24361
24384
24984
24362
24385
24985
24363
24386
24986
24364
24387
24987
24365
24388
24988
24366
24389
24989
24367
24390
24990
24368
24391
24991
24369
24392
24992
24370
24393
24993
24371
24394
24994
24372
24395
24995
24373
24396
24996
24374
24397
24997
24375
24398
24998
24376
24399
24999
24377
24400
25000
24378
24401
25001
24379
24402
25002
24380
24403
25003
24381
24404
25004
24382
24405
25005
24383
24406
25006
24407
25007
24385
24408
25008
24386
24409
25009
24387
24410
25010
24388
24411
25011
24389
24412
25012
24390
24413
25013
24391
24414
25014
24392
24415
25015
24393
24416
25016
24394
24417
25017
24395
24418
25018
24396
24419
25019
24397
24420
25020
24398
24421
25021
24399
24422
25022
24400
24423
25023
24401
24424
25024
24402
24425
25025
24403
24426
25026
24404
24427
25027
24405
24428
25028
24406
24429
25029
24407
24430
25030
24431
25031
24409
24432
25032
24410
24433
25033
24411
24434
25034
24412
24435
25035
24413
24436
25036
24414
24437
25037
24415
24438
25038
24416
24439
25039
24417
24440
25040
24418
24441
25041
24419
24442
25042
24420
24443
25043
24421
24444
25044
24422
24445
25045
24423
24446
25046
24424
24447
25047
24425
24448
25048
24426
24449
25049
24427
24450
25050
24428
24451
25051
24429
24452
25052
24430
24453
25053
24431
24454
25054
24455
25055
24433
24456
25056
24434
24457
25057
24435
24458
25058
24436
24459
25059
24437
24460
25060
24438
24461
25061
24439
24462
25062
24440
24463
25063
24441
24464
25064
24442
24465
25065
24443
24466
25066
24444
24467
25067
24445
24468
25068
24446
24469
25069
24447
24470
25070
24448
24471
25071
24449
24472
25072
24450
24473
25073
24451
24474
25074
24452
24475
25075
24453
24476
25076
24454
24477
25077
24455
24478
25078
24479
25079
24457
24480
25080
24458
24481
25081
24459
24482
25082
24460
24483
25083
24461
24484
25084
24462
24485
25085
24463
24486
25086
24464
24487
25087
24465
24488
25088
24466
24489
25089
24467
24490
25090
24468
24491
25091
24469
24492
25092
24470
24493
25093
24471
24494
25094
24472
24495
25095
24473
24496
25096
24474
24497
25097
24475
24498
25098
24476
24499
25099
24477
24500
25100
24478
24501
25101
24479
24502
25102
24503
25103
24481
24504
25104
24482
24505
25105
24483
24506
25106
24484
24507
25107
24485
24508
25108
24486
24509
25109
24487
24510
25110
24488
24511
25111
24489
24512
25112
24490
24513
25113
24491
24514
25114
24492
24515
25115
24493
24516
25116
24494
24517
25117
24495
24518
25118
24496
24519
25119
24497
24520
25120
24498
24521
25121
24499
24522
25122
24500
24523
25123
24501
24524
25124
24502
24525
25125
24503
24526
25126
24527
25127
24505
24528
25128
24506
24529
25129
24507
24530
25130
24508
24531
25131
24509
24532
25132
24510
24533
25133
24511
24534
25134
24512
24535
25135
24513
24536
25136
24514
24537
25137
24515
24538
25138
24516
24539
25139
24517
24540
25140
24518
24541
25141
24519
24542
25142
24520
24543
25143
24521
24544
25144
24522
24545
25145
24523
24546
25146
24524
24547
25147
24525
24548
25148
24526
24549
25149
24527
24550
25150
24551
25151
24529
24552
25152
24530
24553
25153
24531
24554
25154
24532
24555
25155
24533
24556
25156
24534
24557
25157
24535
24558
25158
24536
24559
25159
24537
24560
25160
24538
24561
25161
24539
24562
25162
24540
24563
25163
24541
24564
25164
24542
24565
25165
24543
24566
25166
24544
24567
25167
24545
24568
25168
24546
24569
25169
24547
24570
25170
24548
24571
25171
24549
24572
25172
24550
24573
25173
24551
24574
25174
24575
25175
24553
24576
25176
24554
24577
25177
24555
24578
25178
24556
24579
25179
24557
24580
25180
24558
24581
25181
24559
24582
25182
24560
24583
25183
24561
24584
25184
24562
24585
25185
24563
24586
25186
24564
24587
25187
24565
24588
25188
24566
24589
25189
24567
24590
25190
24568
24591
25191
24569
24592
25192
24570
24593
25193
24571
24594
25194
24572
24595
25195
24573
24596
25196
24574
24597
25197
24575
24598
25198
24599
25199
24577
24600
25200
24578
24601
25201
24579
24602
25202
24580
24603
25203
24581
24604
25204
24582
24605
25205
24583
24606
25206
24584
24607
25207
24585
24608
25208
24586
24609
25209
24587
24610
25210
24588
24611
25211
24589
24612
25212
24590
24613
25213
24591
24614
25214
24592
24615
25215
24593
24616
25216
24594
24617
25217
24595
24618
25218
24596
24619
25219
24597
24620
25220
24598
24621
25221
24599
24622
25222
24623
25223
24601
24624
25224
24602
24625
25225
24603
24626
25226
24604
24627
25227
24605
24628
25228
24606
24629
25229
24607
24630
25230
24608
24631
25231
24609
24632
25232
24610
24633
25233
24611
24634
25234
24612
24635
25235
24613
24636
25236
24614
24637
25237
24615
24638
25238
24616
24639
25239
24617
24640
25240
24618
24641
25241
24619
24642
25242
24620
24643
25243
24621
24644
25244
24622
24645
25245
24623
24646
25246
24647
25247
24625
24648
25248
24626
24649
25249
24627
24650
25250
24628
24651
25251
24629
24652
25252
24630
24653
25253
24631
24654
25254
24632
24655
25255
24633
24656
25256
24634
24657
25257
24635
24658
25258
24636
24659
25259
24637
24660
25260
24638
24661
25261
24639
24662
25262
24640
24663
25263
24641
24664
25264
24642
24665
25265
24643
24666
25266
24644
24667
25267
24645
24668
25268
24646
24669
25269
24647
24670
25270
24671
25271
24649
24672
25272
24650
24673
25273
24651
24674
25274
24652
24675
25275
24653
24676
25276
24654
24677
25277
24655
24678
25278
24656
24679
25279
24657
24680
25280
24658
24681
25281
24659
24682
25282
24660
24683
25283
24661
24684
25284
24662
24685
25285
24663
24686
25286
24664
24687
25287
24665
24688
25288
24666
24689
25289
24667
24690
25290
24668
24691
25291
24669
24692
25292
24670
24693
25293
24671
24694
25294
24695
25295
24673
24696
25296
24674
24697
25297
24675
24698
25298
24676
24699
25299
24677
24700
25300
24678
24701
25301
24679
24702
25302
24680
24703
25303
24681
24704
25304
24682
24705
25305
24683
24706
25306
24684
24707
25307
24685
24708
25308
24686
24709
25309
24687
24710
25310
24688
24711
25311
24689
24712
25312
24690
24713
25313
24691
24714
25314
24692
24715
25315
24693
24716
25316
24694
24717
25317
24695
24718
25318
24719
25319
24697
24720
25320
24698
24721
25321
24699
24722
25322
24700
24723
25323
24701
24724
25324
24702
24725
25325
24703
24726
25326
24704
24727
25327
24705
24728
25328
24706
24729
25329
24707
24730
25330
24708
24731
25331
24709
24732
25332
24710
24733
25333
24711
24734
25334
24712
24735
25335
24713
24736
25336
24714
24737
25337
24715
24738
25338
24716
24739
25339
24717
24740
25340
24718
24741
25341
24719
24742
25342
24743
25343
24721
24744
25344
24722
24745
25345
24723
24746
25346
24724
24747
25347
24725
24748
25348
24726
24749
25349
24727
24750
25350
24728
24751
25351
24729
24752
25352
24730
24753
25353
24731
24754
25354
24732
24755
25355
24733
24756
25356
24734
24757
25357
24735
24758
25358
24736
24759
25359
24737
24760
25360
24738
24761
25361
24739
24762
25362
24740
24763
25363
24741
24764
25364
24742
24765
25365
24743
24766
25366
24767
25367
24745
24768
25368
24746
24769
25369
24747
24770
25370
24748
24771
25371
24749
24772
25372
24750
24773
25373
24751
24774
25374
24752
24775
25375
24753
24776
25376
24754
24777
25377
24755
24778
25378
24756
24779
25379
24757
24780
25380
24758
24781
25381
24759
24782
25382
24760
24783
25383
24761
24784
25384
24762
24785
25385
24763
24786
25386
24764
24787
25387
24765
24788
25388
24766
24789
25389
24767
24790
25390
24791
25391
24769
24792
25392
24770
24793
25393
24771
24794
25394
24772
24795
25395
24773
24796
25396
24774
24797
25397
24775
24798
25398
24776
24799
25399
24777
24800
25400
24778
24801
25401
24779
24802
25402
24780
24803
25403
24781
24804
25404
24782
24805
25405
24783
24806
25406
24784
24807
25407
24785
24808
25408
24786
24809
25409
24787
24810
25410
24788
24811
25411
24789
24812
25412
24790
24813
25413
24791
24814
25414
24815
25415
24793
24816
25416
24794
24817
25417
24795
24818
25418
24796
24819
25419
24797
24820
25420
24798
24821
25421
24799
24822
25422
24800
24823
25423
24801
24824
25424
24802
24825
25425
24803
24826
25426
24804
24827
25427
24805
24828
25428
24806
24829
25429
24807
24830
25430
24808
24831
25431
24809
24832
25432
24810
24833
25433
24811
24834
25434
24812
24835
25435
24813
24836
25436
24814
24837
25437
24815
24838
25438
24839
25439
24817
24840
25440
24818
24841
25441
24819
24842
25442
24820
24843
25443
24821
24844
25444
24822
24845
25445
24823
24846
25446
24824
24847
25447
24825
24848
25448
24826
24849
25449
24827
24850
25450
24828
24851
25451
24829
24852
25452
24830
24853
25453
24831
24854
25454
24832
24855
25455
24833
24856
25456
24834
24857
25457
24835
24858
25458
24836
24859
25459
24837
24860
25460
24838
24861
25461
24839
24862
25462
24863
25463
24841
24864
25464
24842
24865
25465
24843
24866
25466
24844
24867
25467
24845
24868
25468
24846
24869
25469
24847
24870
25470
24848
24871
25471
24849
24872
25472
24850
24873
25473
24851
24874
25474
24852
24875
25475
24853
24876
25476
24854
24877
25477
24855
24878
25478
24856
24879
25479
24857
24880
25480
24858
24881
25481
24859
24882
25482
24860
24883
25483
24861
24884
25484
24862
24885
25485
24863
24886
25486
24887
25487
24865
24888
25488
24866
24889
25489
24867
24890
25490
24868
24891
25491
24869
24892
25492
24870
24893
25493
24871
24894
25494
24872
24895
25495
24873
24896
25496
24874
24897
25497
24875
24898
25498
24876
24899
25499
24877
24900
25500
24878
24901
25501
24879
24902
25502
24880
24903
25503
24881
24904
25504
24882
24905
25505
24883
24906
25506
24884
24907
25507
24885
24908
25508
24886
24909
25509
24887
24910
25510
24911
25511
24889
24912
25512
24890
24913
25513
24891
24914
25514
24892
24915
25515
24893
24916
25516
24894
24917
25517
24895
24918
25518
24896
24919
25519
24897
24920
25520
24898
24921
25521
24899
24922
25522
24900
24923
25523
24901
24924
25524
24902
24925
25525
24903
24926
25526
24904
24927
25527
24905
24928
25528
24906
24929
25529
24907
24930
25530
24908
24931
25531
24909
24932
25532
24910
24933
25533
24911
24934
25534
24935
25535
24913
24936
25536
24914
24937
25537
24915
24938
25538
24916
24939
25539
24917
24940
25540
24918
24941
25541
24919
24942
25542
24920
24943
25543
24921
24944
25544
24922
24945
25545
24923
24946
25546
24924
24947
25547
24925
24948
25548
24926
24949
25549
24927
24950
25550
24928
24951
25551
24929
24952
25552
24930
24953
25553
24931
24954
25554
24932
24955
25555
24933
24956
25556
24934
24957
25557
24935
24958
25558
24959
25559
24937
25560
24938
25561
24939
25562
24940
25563
24941
25564
24942
25565
24943
25566
24944
25567
24945
25568
24946
25569
24947
25570
24948
25571
24949
25572
24950
25573
24951
25574
24952
25575
24953
25576
24954
25577
24955
25578
24956
25579
24957
25580
24958
25581
24959
25582
25583
24961
24984
25584
24962
24985
25585
24963
24986
25586
24964
24987
25587
24965
24988
25588
24966
24989
25589
24967
24990
25590
24968
24991
25591
24969
24992
25592
24970
24993
25593
24971
24994
25594
24972
24995
25595
24973
24996
25596
24974
24997
25597
24975
24998
25598
24976
24999
25599
24977
25000
25600
24978
25001
25601
24979
25002
25602
24980
25003
25603
24981
25004
25604
24982
25005
25605
24983
25006
25606
25007
25607
24985
25008
25608
24986
25009
25609
24987
25010
25610
24988
25011
25611
24989
25012
25612
24990
25013
25613
24991
25014
25614
24992
25015
25615
24993
25016
25616
24994
25017
25617
24995
25018
25618
24996
25019
25619
24997
25020
25620
24998
25021
25621
24999
25022
25622
25000
25023
25623
25001
25024
25624
25002
25025
25625
25003
25026
25626
25004
25027
25627
25005
25028
25628
25006
25029
25629
25007
25030
25630
25031
25631
25009
25032
25632
25010
25033
25633
25011
25034
25634
25012
25035
25635
25013
25036
25636
25014
25037
25637
25015
25038
25638
25016
25039
25639
25017
25040
25640
25018
25041
25641
25019
25042
25642
25020
25043
25643
25021
25044
25644
25022
25045
25645
25023
25046
25646
25024
25047
25647
25025
25048
25648
25026
25049
25649
25027
25050
25650
25028
25051
25651
25029
25052
25652
25030
25053
25653
25031
25054
25654
25055
25655
25033
25056
25656
25034
25057
25657
25035
25058
25658
25036
25059
25659
25037
25060
25660
25038
25061
25661
25039
25062
25662
25040
25063
25663
25041
25064
25664
25042
25065
25665
25043
25066
25666
25044
25067
25667
25045
25068
25668
25046
25069
25669
25047
25070
25670
25048
25071
25671
25049
25072
25672
25050
25073
25673
25051
25074
25674
25052
25075
25675
25053
25076
25676
25054
25077
25677
25055
25078
25678
25079
25679
25057
25080
25680
25058
25081
25681
25059
25082
25682
25060
25083
25683
25061
25084
25684
25062
25085
25685
25063
25086
25686
25064
25087
25687
25065
25088
25688
25066
25089
25689
25067
25090
25690
25068
25091
25691
25069
25092
25692
25070
25093
25693
25071
25094
25694
25072
25095
25695
25073
25096
25696
25074
25097
25697
25075
25098
25698
25076
25099
25699
25077
25100
25700
25078
25101
25701
25079
25102
25702
25103
25703
25081
25104
25704
25082
25105
25705
25083
25106
25706
25084
25107
25707
25085
25108
25708
25086
25109
25709
25087
25110
25710
25088
25111
25711
25089
25112
25712
25090
25113
25713
25091
25114
25714
25092
25115
25715
25093
25116
25716
25094
25117
25717
25095
25118
25718
25096
25119
25719
25097
25120
25720
25098
25121
25721
25099
25122
25722
25100
25123
25723
25101
25124
25724
25102
25125
25725
25103
25126
25726
25127
25727
25105
25128
25728
25106
25129
25729
25107
25130
25730
25108
25131
25731
25109
25132
25732
25110
25133
25733
25111
25134
25734
25112
25135
25735
25113
25136
25736
25114
25137
25737
25115
25138
25738
25116
25139
25739
25117
25140
25740
25118
25141
25741
25119
25142
25742
25120
25143
25743
25121
25144
25744
25122
25145
25745
25123
25146
25746
25124
25147
25747
25125
25148
25748
25126
25149
25749
25127
25150
25750
25151
25751
25129
25152
25752
25130
25153
25753
25131
25154
25754
25132
25155
25755
25133
25156
25756
25134
25157
25757
25135
25158
25758
25136
25159
25759
25137
25160
25760
25138
25161
25761
25139
25162
25762
25140
25163
25763
25141
25164
25764
25142
25165
25765
25143
25166
25766
25144
25167
25767
25145
25168
25768
25146
25169
25769
25147
25170
25770
25148
25171
25771
25149
25172
25772
25150
25173
25773
25151
25174
25774
25175
25775
25153
25176
25776
25154
25177
25777
25155
25178
25778
25156
25179
25779
25157
25180
25780
25158
25181
25781
25159
25182
25782
25160
25183
25783
25161
25184
25784
25162
25185
25785
25163
25186
25786
25164
25187
25787
25165
25188
25788
25166
25189
25789
25167
25190
25790
25168
25191
25791
25169
25192
25792
25170
25193
25793
25171
25194
25794
25172
25195
25795
25173
25196
25796
25174
25197
25797
25175
25198
25798
25199
25799
25177
25200
25800
25178
25201
25801
25179
25202
25802
25180
25203
25803
25181
25204
25804
25182
25205
25805
25183
25206
25806
25184
25207
25807
25185
25208
25808
25186
25209
25809
25187
25210
25810
25188
25211
25811
25189
25212
25812
25190
25213
25813
25191
25214
25814
25192
25215
25815
25193
25216
25816
25194
25217
25817
25195
25218
25818
25196
25219
25819
25197
25220
25820
25198
25221
25821
25199
25222
25822
25223
25823
25201
25224
25824
25202
25225
25825
25203
25226
25826
25204
25227
25827
25205
25228
25828
25206
25229
25829
25207
25230
25830
25208
25231
25831
25209
25232
25832
25210
25233
25833
25211
25234
25834
25212
25235
25835
25213
25236
25836
25214
25237
25837
25215
25238
25838
25216
25239
25839
25217
25240
25840
25218
25241
25841
25219
25242
25842
25220
25243
25843
25221
25244
25844
25222
25245
25845
25223
25246
25846
25247
25847
25225
25248
25848
25226
25249
25849
25227
25250
25850
25228
25251
25851
25229
25252
25852
25230
25253
25853
25231
25254
25854
25232
25255
25855
25233
25256
25856
25234
25257
25857
25235
25258
25858
25236
25259
25859
25237
25260
25860
25238
25261
25861
25239
25262
25862
25240
25263
25863
25241
25264
25864
25242
25265
25865
25243
25266
25866
25244
25267
25867
25245
25268
25868
25246
25269
25869
25247
25270
25870
25271
25871
25249
25272
25872
25250
25273
25873
25251
25274
25874
25252
25275
25875
25253
25276
25876
25254
25277
25877
25255
25278
25878
25256
25279
25879
25257
25280
25880
25258
25281
25881
25259
25282
25882
25260
25283
25883
25261
25284
25884
25262
25285
25885
25263
25286
25886
25264
25287
25887
25265
25288
25888
25266
25289
25889
25267
25290
25890
25268
25291
25891
25269
25292
25892
25270
25293
25893
25271
25294
25894
25295
25895
25273
25296
25896
25274
25297
25897
25275
25298
25898
25276
25299
25899
25277
25300
25900
25278
25301
25901
25279
25302
25902
25280
25303
25903
25281
25304
25904
25282
25305
25905
25283
25306
25906
25284
25307
25907
25285
25308
25908
25286
25309
25909
25287
25310
25910
25288
25311
25911
25289
25312
25912
25290
25313
25913
25291
25314
25914
25292
25315
25915
25293
25316
25916
25294
25317
25917
25295
25318
25918
25319
25919
25297
25320
25920
25298
25321
25921
25299
25322
25922
25300
25323
25923
25301
25324
25924
25302
25325
25925
25303
25326
25926
25304
25327
25927
25305
25328
25928
25306
25329
25929
25307
25330
25930
25308
25331
25931
25309
25332
25932
25310
25333
25933
25311
25334
25934
25312
25335
25935
25313
25336
25936
25314
25337
25937
25315
25338
25938
25316
25339
25939
25317
25340
25940
25318
25341
25941
25319
25342
25942
25343
25943
25321
25344
25944
25322
25345
25945
25323
25346
25946
25324
25347
25947
25325
25348
25948
25326
25349
25949
25327
25350
25950
25328
25351
25951
25329
25352
25952
25330
25353
25953
25331
25354
25954
25332
25355
25955
25333
25356
25956
25334
25357
25957
25335
25358
25958
25336
25359
25959
25337
25360
25960
25338
25361
25961
25339
25362
25962
25340
25363
25963
25341
25364
25964
25342
25365
25965
25343
25366
25966
25367
25967
25345
25368
25968
25346
25369
25969
25347
25370
25970
25348
25371
25971
25349
25372
25972
25350
25373
25973
25351
25374
25974
25352
25375
25975
25353
25376
25976
25354
25377
25977
25355
25378
25978
25356
25379
25979
25357
25380
25980
25358
25381
25981
25359
25382
25982
25360
25383
25983
25361
25384
25984
25362
25385
25985
25363
25386
25986
25364
25387
25987
25365
25388
25988
25366
25389
25989
25367
25390
25990
25391
25991
25369
25392
25992
25370
25393
25993
25371
25394
25994
25372
25395
25995
25373
25396
25996
25374
25397
25997
25375
25398
25998
25376
25399
25999
25377
25400
26000
25378
25401
26001
25379
25402
26002
25380
25403
26003
25381
25404
26004
25382
25405
26005
25383
25406
26006
25384
25407
26007
25385
25408
26008
25386
25409
26009
25387
25410
26010
25388
25411
26011
25389
25412
26012
25390
25413
26013
25391
25414
26014
25415
26015
25393
25416
26016
25394
25417
26017
25395
25418
26018
25396
25419
26019
25397
25420
26020
25398
25421
26021
25399
25422
26022
25400
25423
26023
25401
25424
26024
25402
25425
26025
25403
25426
26026
25404
25427
26027
25405
25428
26028
25406
25429
26029
25407
25430
26030
25408
25431
26031
25409
25432
26032
25410
25433
26033
25411
25434
26034
25412
25435
26035
25413
25436
26036
25414
25437
26037
25415
25438
26038
25439
26039
25417
25440
26040
25418
25441
26041
25419
25442
26042
25420
25443
26043
25421
25444
26044
25422
25445
26045
25423
25446
26046
25424
25447
26047
25425
25448
26048
25426
25449
26049
25427
25450
26050
25428
25451
26051
25429
25452
26052
25430
25453
26053
25431
25454
26054
25432
25455
26055
25433
25456
26056
25434
25457
26057
25435
25458
26058
25436
25459
26059
25437
25460
26060
25438
25461
26061
25439
25462
26062
25463
26063
25441
25464
26064
25442
25465
26065
25443
25466
26066
25444
25467
26067
25445
25468
26068
25446
25469
26069
25447
25470
26070
25448
25471
26071
25449
25472
26072
25450
25473
26073
25451
25474
26074
25452
25475
26075
25453
25476
26076
25454
25477
26077
25455
25478
26078
25456
25479
26079
25457
25480
26080
25458
25481
26081
25459
25482
26082
25460
25483
26083
25461
25484
26084
25462
25485
26085
25463
25486
26086
25487
26087
25465
25488
26088
25466
25489
26089
25467
25490
26090
25468
25491
26091
25469
25492
26092
25470
25493
26093
25471
25494
26094
25472
25495
26095
25473
25496
26096
25474
25497
26097
25475
25498
26098
25476
25499
26099
25477
25500
26100
25478
25501
26101
25479
25502
26102
25480
25503
26103
25481
25504
26104
25482
25505
26105
25483
25506
26106
25484
25507
26107
25485
25508
26108
25486
25509
26109
25487
25510
26110
25511
26111
25489
25512
26112
25490
25513
26113
25491
25514
26114
25492
25515
26115
25493
25516
26116
25494
25517
26117
25495
25518
26118
25496
25519
26119
25497
25520
26120
25498
25521
26121
25499
25522
26122
25500
25523
26123
25501
25524
26124
25502
25525
26125
25503
25526
26126
25504
25527
26127
25505
25528
26128
25506
25529
26129
25507
25530
26130
25508
25531
26131
25509
25532
26132
25510
25533
26133
25511
25534
26134
25535
26135
25513
25536
26136
25514
25537
26137
25515
25538
26138
25516
25539
26139
25517
25540
26140
25518
25541
26141
25519
25542
26142
25520
25543
26143
25521
25544
26144
25522
25545
26145
25523
25546
26146
25524
25547
26147
25525
25548
26148
25526
25549
26149
25527
25550
26150
25528
25551
26151
25529
25552
26152
25530
25553
26153
25531
25554
26154
25532
25555
26155
25533
25556
26156
25534
25557
26157
25535
25558
26158
25559
26159
25537
25560
26160
25538
25561
26161
25539
25562
26162
25540
25563
26163
25541
25564
26164
25542
25565
26165
25543
25566
26166
25544
25567
26167
25545
25568
26168
25546
25569
26169
25547
25570
26170
25548
25571
26171
25549
25572
26172
25550
25573
26173
25551
25574
26174
25552
25575
26175
25553
25576
26176
25554
25577
26177
25555
25578
26178
25556
25579
26179
25557
25580
26180
25558
25581
26181
25559
25582
26182
25583
26183
25561
26184
25562
26185
25563
26186
25564
26187
25565
26188
25566
26189
25567
26190
25568
26191
25569
26192
25570
26193
25571
26194
25572
26195
25573
26196
25574
26197
25575
26198
25576
26199
25577
26200
25578
26201
25579
26202
25580
26203
25581
26204
25582
26205
25583
26206
26207
25585
25608
26208
25586
25609
26209
25587
25610
26210
25588
25611
26211
25589
25612
26212
25590
25613
26213
25591
25614
26214
25592
25615
26215
25593
25616
26216
25594
25617
26217
25595
25618
26218
25596
25619
26219
25597
25620
26220
25598
25621
26221
25599
25622
26222
25600
25623
26223
25601
25624
26224
25602
25625
26225
25603
25626
26226
25604
25627
26227
25605
25628
26228
25606
25629
26229
25607
25630
26230
25631
26231
25609
25632
26232
25610
25633
26233
25611
25634
26234
25612
25635
26235
25613
25636
26236
25614
25637
26237
25615
25638
26238
25616
25639
26239
25617
25640
26240
25618
25641
26241
25619
25642
26242
25620
25643
26243
25621
25644
26244
25622
25645
26245
25623
25646
26246
25624
25647
26247
25625
25648
26248
25626
25649
26249
25627
25650
26250
25628
25651
26251
25629
25652
26252
25630
25653
26253
25631
25654
26254
25655
26255
25633
25656
26256
25634
25657
26257
25635
25658
26258
25636
25659
26259
25637
25660
26260
25638
25661
26261
25639
25662
26262
25640
25663
26263
25641
25664
26264
25642
25665
26265
25643
25666
26266
25644
25667
26267
25645
25668
26268
25646
25669
26269
25647
25670
26270
25648
25671
26271
25649
25672
26272
25650
25673
26273
25651
25674
26274
25652
25675
26275
25653
25676
26276
25654
25677
26277
25655
25678
26278
25679
26279
25657
25680
26280
25658
25681
26281
25659
25682
26282
25660
25683
26283
25661
25684
26284
25662
25685
26285
25663
25686
26286
25664
25687
26287
25665
25688
26288
25666
25689
26289
25667
25690
26290
25668
25691
26291
25669
25692
26292
25670
25693
26293
25671
25694
26294
25672
25695
26295
25673
25696
26296
25674
25697
26297
25675
25698
26298
25676
25699
26299
25677
25700
26300
25678
25701
26301
25679
25702
26302
25703
26303
25681
25704
26304
25682
25705
26305
25683
25706
26306
25684
25707
26307
25685
25708
26308
25686
25709
26309
25687
25710
26310
25688
25711
26311
25689
25712
26312
25690
25713
26313
25691
25714
26314
25692
25715
26315
25693
25716
26316
25694
25717
26317
25695
25718
26318
25696
25719
26319
25697
25720
26320
25698
25721
26321
25699
25722
26322
25700
25723
26323
25701
25724
26324
25702
25725
26325
25703
25726
26326
25727
26327
25705
25728
26328
25706
25729
26329
25707
25730
26330
25708
25731
26331
25709
25732
26332
25710
25733
26333
25711
25734
26334
25712
25735
26335
25713
25736
26336
25714
25737
26337
25715
25738
26338
25716
25739
26339
25717
25740
26340
25718
25741
26341
25719
25742
26342
25720
25743
26343
25721
25744
26344
25722
25745
26345
25723
25746
26346
25724
25747
26347
25725
25748
26348
25726
25749
26349
25727
25750
26350
25751
26351
25729
25752
26352
25730
25753
26353
25731
25754
26354
25732
25755
26355
25733
25756
26356
25734
25757
26357
25735
25758
26358
25736
25759
26359
25737
25760
26360
25738
25761
26361
25739
25762
26362
25740
25763
26363
25741
25764
26364
25742
25765
26365
25743
25766
26366
25744
25767
26367
25745
25768
26368
25746
25769
26369
25747
25770
26370
25748
25771
26371
25749
25772
26372
25750
25773
26373
25751
25774
26374
25775
26375
25753
25776
26376
25754
25777
26377
25755
25778
26378
25756
25779
26379
25757
25780
26380
25758
25781
26381
25759
25782
26382
25760
25783
26383
25761
25784
26384
25762
25785
26385
25763
25786
26386
25764
25787
26387
25765
25788
26388
25766
25789
26389
25767
25790
26390
25768
25791
26391
25769
25792
26392
25770
25793
26393
25771
25794
26394
25772
25795
26395
25773
25796
26396
25774
25797
26397
25775
25798
26398
25799
26399
25777
25800
26400
25778
25801
26401
25779
25802
26402
25780
25803
26403
25781
25804
26404
25782
25805
26405
25783
25806
26406
25784
25807
26407
25785
25808
26408
25786
25809
26409
25787
25810
26410
25788
25811
26411
25789
25812
26412
25790
25813
26413
25791
25814
26414
25792
25815
26415
25793
25816
26416
25794
25817
26417
25795
25818
26418
25796
25819
26419
25797
25820
26420
25798
25821
26421
25799
25822
26422
25823
26423
25801
25824
26424
25802
25825
26425
25803
25826
26426
25804
25827
26427
25805
25828
26428
25806
25829
26429
25807
25830
26430
25808
25831
26431
25809
25832
26432
25810
25833
26433
25811
25834
26434
25812
25835
26435
25813
25836
26436
25814
25837
26437
25815
25838
26438
25816
25839
26439
25817
25840
26440
25818
25841
26441
25819
25842
26442
25820
25843
26443
25821
25844
26444
25822
25845
26445
25823
25846
26446
25847
26447
25825
25848
26448
25826
25849
26449
25827
25850
26450
25828
25851
26451
25829
25852
26452
25830
25853
26453
25831
25854
26454
25832
25855
26455
25833
25856
26456
25834
25857
26457
25835
25858
26458
25836
25859
26459
25837
25860
26460
25838
25861
26461
25839
25862
26462
25840
25863
26463
25841
25864
26464
25842
25865
26465
25843
25866
26466
25844
25867
26467
25845
25868
26468
25846
25869
26469
25847
25870
26470
25871
26471
25849
25872
26472
25850
25873
26473
25851
25874
26474
25852
25875
26475
25853
25876
26476
25854
25877
26477
25855
25878
26478
25856
25879
26479
25857
25880
26480
25858
25881
26481
25859
25882
26482
25860
25883
26483
25861
25884
26484
25862
25885
26485
25863
25886
26486
25864
25887
26487
25865
25888
26488
25866
25889
26489
25867
25890
26490
25868
25891
26491
25869
25892
26492
25870
25893
26493
25871
25894
26494
25895
26495
25873
25896
26496
25874
25897
26497
25875
25898
26498
25876
25899
26499
25877
25900
26500
25878
25901
26501
25879
25902
26502
25880
25903
26503
25881
25904
26504
25882
25905
26505
25883
25906
26506
25884
25907
26507
25885
25908
26508
25886
25909
26509
25887
25910
26510
25888
25911
26511
25889
25912
26512
25890
25913
26513
25891
25914
26514
25892
25915
26515
25893
25916
26516
25894
25917
26517
25895
25918
26518
25919
26519
25897
25920
26520
25898
25921
26521
25899
25922
26522
25900
25923
26523
25901
25924
26524
25902
25925
26525
25903
25926
26526
25904
25927
26527
25905
25928
26528
25906
25929
26529
25907
25930
26530
25908
25931
26531
25909
25932
26532
25910
25933
26533
25911
25934
26534
25912
25935
26535
25913
25936
26536
25914
25937
26537
25915
25938
26538
25916
25939
26539
25917
25940
26540
25918
25941
26541
25919
25942
26542
25943
26543
25921
25944
26544
25922
25945
26545
25923
25946
26546
25924
25947
26547
25925
25948
26548
25926
25949
26549
25927
25950
26550
25928
25951
26551
25929
25952
26552
25930
25953
26553
25931
25954
26554
25932
25955
26555
25933
25956
26556
25934
25957
26557
25935
25958
26558
25936
25959
26559
25937
25960
26560
25938
25961
26561
25939
25962
26562
25940
25963
26563
25941
25964
26564
25942
25965
26565
25943
25966
26566
25967
26567
25945
25968
26568
25946
25969
26569
25947
25970
26570
25948
25971
26571
25949
25972
26572
25950
25973
26573
25951
25974
26574
25952
25975
26575
25953
25976
26576
25954
25977
26577
25955
25978
26578
25956
25979
26579
25957
25980
26580
25958
25981
26581
25959
25982
26582
25960
25983
26583
25961
25984
26584
25962
25985
26585
25963
25986
26586
25964
25987
26587
25965
25988
26588
25966
25989
26589
25967
25990
26590
25991
26591
25969
25992
26592
25970
25993
26593
25971
25994
26594
25972
25995
26595
25973
25996
26596
25974
25997
26597
25975
25998
26598
25976
25999
26599
25977
26000
26600
25978
26001
26601
25979
26002
26602
25980
26003
26603
25981
26004
26604
25982
26005
26605
25983
26006
26606
25984
26007
26607
25985
26008
26608
25986
26009
26609
25987
26010
26610
25988
26011
26611
25989
26012
26612
25990
26013
26613
25991
26014
26614
26015
26615
25993
26016
26616
25994
26017
26617
25995
26018
26618
25996
26019
26619
25997
26020
26620
25998
26021
26621
25999
26022
26622
26000
26023
26623
26001
26024
26624
26002
26025
26625
26003
26026
26626
26004
26027
26627
26005
26028
26628
26006
26029
26629
26007
26030
26630
26008
26031
26631
26009
26032
26632
26010
26033
26633
26011
26034
26634
26012
26035
26635
26013
26036
26636
26014
26037
26637
26015
26038
26638
26039
26639
26017
26040
26640
26018
26041
26641
26019
26042
26642
26020
26043
26643
26021
26044
26644
26022
26045
26645
26023
26046
26646
26024
26047
26647
26025
26048
26648
26026
26049
26649
26027
26050
26650
26028
26051
26651
26029
26052
26652
26030
26053
26653
26031
26054
26654
26032
26055
26655
26033
26056
26656
26034
26057
26657
26035
26058
26658
26036
26059
26659
26037
26060
26660
26038
26061
26661
26039
26062
26662
26063
26663
26041
26064
26664
26042
26065
26665
26043
26066
26666
26044
26067
26667
26045
26068
26668
26046
26069
26669
26047
26070
26670
26048
26071
26671
26049
26072
26672
26050
26073
26673
26051
26074
26674
26052
26075
26675
26053
26076
26676
26054
26077
26677
26055
26078
26678
26056
26079
26679
26057
26080
26680
26058
26081
26681
26059
26082
26682
26060
26083
26683
26061
26084
26684
26062
26085
26685
26063
26086
26686
26087
26687
26065
26088
26688
26066
26089
26689
26067
26090
26690
26068
26091
26691
26069
26092
26692
26070
26093
26693
26071
26094
26694
26072
26095
26695
26073
26096
26696
26074
26097
26697
26075
26098
26698
26076
26099
26699
26077
26100
26700
26078
26101
26701
26079
26102
26702
26080
26103
26703
26081
26104
26704
26082
26105
26705
26083
26106
26706
26084
26107
26707
26085
26108
26708
26086
26109
26709
26087
26110
26710
26111
26711
26089
26112
26712
26090
26113
26713
26091
26114
26714
26092
26115
26715
26093
26116
26716
26094
26117
26717
26095
26118
26718
26096
26119
26719
26097
26120
26720
26098
26121
26721
26099
26122
26722
26100
26123
26723
26101
26124
26724
26102
26125
26725
26103
26126
26726
26104
26127
26727
26105
26128
26728
26106
26129
26729
26107
26130
26730
26108
26131
26731
26109
26132
26732
26110
26133
26733
26111
26134
26734
26135
26735
26113
26136
26736
26114
26137
26737
26115
26138
26738
26116
26139
26739
26117
26140
26740
26118
26141
26741
26119
26142
26742
26120
26143
26743
26121
26144
26744
26122
26145
26745
26123
26146
26746
26124
26147
26747
26125
26148
26748
26126
26149
26749
26127
26150
26750
26128
26151
26751
26129
26152
26752
26130
26153
26753
26131
26154
26754
26132
26155
26755
26133
26156
26756
26134
26157
26757
26135
26158
26758
26159
26759
26137
26160
26760
26138
26161
26761
26139
26162
26762
26140
26163
26763
26141
26164
26764
26142
26165
26765
26143
26166
26766
26144
26167
26767
26145
26168
26768
26146
26169
26769
26147
26170
26770
26148
26171
26771
26149
26172
26772
26150
26173
26773
26151
26174
26774
26152
26175
26775
26153
26176
26776
26154
26177
26777
26155
26178
26778
26156
26179
26779
26157
26180
26780
26158
26181
26781
26159
26182
26782
26183
26783
26161
26184
26784
26162
26185
26785
26163
26186
26786
26164
26187
26787
26165
26188
26788
26166
26189
26789
26167
26190
26790
26168
26191
26791
26169
26192
26792
26170
26193
26793
26171
26194
26794
26172
26195
26795
26173
26196
26796
26174
26197
26797
26175
26198
26798
26176
26199
26799
26177
26200
26800
26178
26201
26801
26179
26202
26802
26180
26203
26803
26181
26204
26804
26182
26205
26805
26183
26206
26806
26207
26807
26185
26808
26186
26809
26187
26810
26188
26811
26189
26812
26190
26813
26191
26814
26192
26815
26193
26816
26194
26817
26195
26818
26196
26819
26197
26820
26198
26821
26199
26822
26200
26823
26201
26824
26202
26825
26203
26826
26204
26827
26205
26828
26206
26829
26207
26830
26831
26209
26232
26832
26210
26233
26833
26211
26234
26834
26212
26235
26835
26213
26236
26836
26214
26237
26837
26215
26238
26838
26216
26239
26839
26217
26240
26840
26218
26241
26841
26219
26242
26842
26220
26243
26843
26221
26244
26844
26222
26245
26845
26223
26246
26846
26224
26247
26847
26225
26248
26848
26226
26249
26849
26227
26250
26850
26228
26251
26851
26229
26252
26852
26230
26253
26853
26231
26254
26854
26255
26855
26233
26256
26856
26234
26257
26857
26235
26258
26858
26236
26259
26859
26237
26260
26860
26238
26261
26861
26239
26262
26862
26240
26263
26863
26241
26264
26864
26242
26265
26865
26243
26266
26866
26244
26267
26867
26245
26268
26868
26246
26269
26869
26247
26270
26870
26248
26271
26871
26249
26272
26872
26250
26273
26873
26251
26274
26874
26252
26275
26875
26253
26276
26876
26254
26277
26877
26255
26278
26878
26279
26879
26257
26280
26880
26258
26281
26881
26259
26282
26882
26260
26283
26883
26261
26284
26884
26262
26285
26885
26263
26286
26886
26264
26287
26887
26265
26288
26888
26266
26289
26889
26267
26290
26890
26268
26291
26891
26269
26292
26892
26270
26293
26893
26271
26294
26894
26272
26295
26895
26273
26296
26896
26274
26297
26897
26275
26298
26898
26276
26299
26899
26277
26300
26900
26278
26301
26901
26279
26302
26902
26303
26903
26281
26304
26904
26282
26305
26905
26283
26306
26906
26284
26307
26907
26285
26308
26908
26286
26309
26909
26287
26310
26910
26288
26311
26911
26289
26312
26912
26290
26313
26913
26291
26314
26914
26292
26315
26915
26293
26316
26916
26294
26317
26917
26295
26318
26918
26296
26319
26919
26297
26320
26920
26298
26321
26921
26299
26322
26922
26300
26323
26923
26301
26324
26924
26302
26325
26925
26303
26326
26926
26327
26927
26305
26328
26928
26306
26329
26929
26307
26330
26930
26308
26331
26931
26309
26332
26932
26310
26333
26933
26311
26334
26934
26312
26335
26935
26313
26336
26936
26314
26337
26937
26315
26338
26938
26316
26339
26939
26317
26340
26940
26318
26341
26941
26319
26342
26942
26320
26343
26943
26321
26344
26944
26322
26345
26945
26323
26346
26946
26324
26347
26947
26325
26348
26948
26326
26349
26949
26327
26350
26950
26351
26951
26329
26352
26952
26330
26353
26953
26331
26354
26954
26332
26355
26955
26333
26356
26956
26334
26357
26957
26335
26358
26958
26336
26359
26959
26337
26360
26960
26338
26361
26961
26339
26362
26962
26340
26363
26963
26341
26364
26964
26342
26365
26965
26343
26366
26966
26344
26367
26967
26345
26368
26968
26346
26369
26969
26347
26370
26970
26348
26371
26971
26349
26372
26972
26350
26373
26973
26351
26374
26974
26375
26975
26353
26376
26976
26354
26377
26977
26355
26378
26978
26356
26379
26979
26357
26380
26980
26358
26381
26981
26359
26382
26982
26360
26383
26983
26361
26384
26984
26362
26385
26985
26363
26386
26986
26364
26387
26987
26365
26388
26988
26366
26389
26989
26367
26390
26990
26368
26391
26991
26369
26392
26992
26370
26393
26993
26371
26394
26994
26372
26395
26995
26373
26396
26996
26374
26397
26997
26375
26398
26998
26399
26999
26377
26400
27000
26378
26401
27001
26379
26402
27002
26380
26403
27003
26381
26404
27004
26382
26405
27005
26383
26406
27006
26384
26407
27007
26385
26408
27008
26386
26409
27009
26387
26410
27010
26388
26411
27011
26389
26412
27012
26390
26413
27013
26391
26414
27014
26392
26415
27015
26393
26416
27016
26394
26417
27017
26395
26418
27018
26396
26419
27019
26397
26420
27020
26398
26421
27021
26399
26422
27022
26423
27023
26401
26424
27024
26402
26425
27025
26403
26426
27026
26404
26427
27027
26405
26428
27028
26406
26429
27029
26407
26430
27030
26408
26431
27031
26409
26432
27032
26410
26433
27033
26411
26434
27034
26412
26435
27035
26413
26436
27036
26414
26437
27037
26415
26438
27038
26416
26439
27039
26417
26440
27040
26418
26441
27041
26419
26442
27042
26420
26443
27043
26421
26444
27044
26422
26445
27045
26423
26446
27046
26447
27047
26425
26448
27048
26426
26449
27049
26427
26450
27050
26428
26451
27051
26429
26452
27052
26430
26453
27053
26431
26454
27054
26432
26455
27055
26433
26456
27056
26434
26457
27057
26435
26458
27058
26436
26459
27059
26437
26460
27060
26438
26461
27061
26439
26462
27062
26440
26463
27063
26441
26464
27064
26442
26465
27065
26443
26466
27066
26444
26467
27067
26445
26468
27068
26446
26469
27069
26447
26470
27070
26471
27071
26449
26472
27072
26450
26473
27073
26451
26474
27074
26452
26475
27075
26453
26476
27076
26454
26477
27077
26455
26478
27078
26456
26479
27079
26457
26480
27080
26458
26481
27081
26459
26482
27082
26460
26483
27083
26461
26484
27084
26462
26485
27085
26463
26486
27086
26464
26487
27087
26465
26488
27088
26466
26489
27089
26467
26490
27090
26468
26491
27091
26469
26492
27092
26470
26493
27093
26471
26494
27094
26495
27095
26473
26496
27096
26474
26497
27097
26475
26498
27098
26476
26499
27099
26477
26500
27100
26478
26501
27101
26479
26502
27102
26480
26503
27103
26481
26504
27104
26482
26505
27105
26483
26506
27106
26484
26507
27107
26485
26508
27108
26486
26509
27109
26487
26510
27110
26488
26511
27111
26489
26512
27112
26490
26513
27113
26491
26514
27114
26492
26515
27115
26493
26516
27116
26494
26517
27117
26495
26518
27118
26519
27119
26497
26520
27120
26498
26521
27121
26499
26522
27122
26500
26523
27123
26501
26524
27124
26502
26525
27125
26503
26526
27126
26504
26527
27127
26505
26528
27128
26506
26529
27129
26507
26530
27130
26508
26531
27131
26509
26532
27132
26510
26533
27133
26511
26534
27134
26512
26535
27135
26513
26536
27136
26514
26537
27137
26515
26538
27138
26516
26539
27139
26517
26540
27140
26518
26541
27141
26519
26542
27142
26543
27143
26521
26544
27144
26522
26545
27145
26523
26546
27146
26524
26547
27147
26525
26548
27148
26526
26549
27149
26527
26550
27150
26528
26551
27151
26529
26552
27152
26530
26553
27153
26531
26554
27154
26532
26555
27155
26533
26556
27156
26534
26557
27157
26535
26558
27158
26536
26559
27159
26537
26560
27160
26538
26561
27161
26539
26562
27162
26540
26563
27163
26541
26564
27164
26542
26565
27165
26543
26566
27166
26567
27167
26545
26568
27168
26546
26569
27169
26547
26570
27170
26548
26571
27171
26549
26572
27172
26550
26573
27173
26551
26574
27174
26552
26575
27175
26553
26576
27176
26554
26577
27177
26555
26578
27178
26556
26579
27179
26557
26580
27180
26558
26581
27181
26559
26582
27182
26560
26583
27183
26561
26584
27184
26562
26585
27185
26563
26586
27186
26564
26587
27187
26565
26588
27188
26566
26589
27189
26567
26590
27190
26591
27191
26569
26592
27192
26570
26593
27193
26571
26594
27194
26572
26595
27195
26573
26596
27196
26574
26597
27197
26575
26598
27198
26576
26599
27199
26577
26600
27200
26578
26601
27201
26579
26602
27202
26580
26603
27203
26581
26604
27204
26582
26605
27205
26583
26606
27206
26584
26607
27207
26585
26608
27208
26586
26609
27209
26587
26610
27210
26588
26611
27211
26589
26612
27212
26590
26613
27213
26591
26614
27214
26615
27215
26593
26616
27216
26594
26617
27217
26595
26618
27218
26596
26619
27219
26597
26620
27220
26598
26621
27221
26599
26622
27222
26600
26623
27223
26601
26624
27224
26602
26625
27225
26603
26626
27226
26604
26627
27227
26605
26628
27228
26606
26629
27229
26607
26630
27230
26608
26631
27231
26609
26632
27232
26610
26633
27233
26611
26634
27234
26612
26635
27235
26613
26636
27236
26614
26637
27237
26615
26638
27238
26639
27239
26617
26640
27240
26618
26641
27241
26619
26642
27242
26620
26643
27243
26621
26644
27244
26622
26645
27245
26623
26646
27246
26624
26647
27247
26625
26648
27248
26626
26649
27249
26627
26650
27250
26628
26651
27251
26629
26652
27252
26630
26653
27253
26631
26654
27254
26632
26655
27255
26633
26656
27256
26634
26657
27257
26635
26658
27258
26636
26659
27259
26637
26660
27260
26638
26661
27261
26639
26662
27262
26663
27263
26641
26664
27264
26642
26665
27265
26643
26666
27266
26644
26667
27267
26645
26668
27268
26646
26669
27269
26647
26670
27270
26648
26671
27271
26649
26672
27272
26650
26673
27273
26651
26674
27274
26652
26675
27275
26653
26676
27276
26654
26677
27277
26655
26678
27278
26656
26679
27279
26657
26680
27280
26658
26681
27281
26659
26682
27282
26660
26683
27283
26661
26684
27284
26662
26685
27285
26663
26686
27286
26687
27287
26665
26688
27288
26666
26689
27289
26667
26690
27290
26668
26691
27291
26669
26692
27292
26670
26693
27293
26671
26694
27294
26672
26695
27295
26673
26696
27296
26674
26697
27297
26675
26698
27298
26676
26699
27299
26677
26700
27300
26678
26701
27301
26679
26702
27302
26680
26703
27303
26681
26704
27304
26682
26705
27305
26683
26706
27306
26684
26707
27307
26685
26708
27308
26686
26709
27309
26687
26710
27310
26711
27311
26689
26712
27312
26690
26713
27313
26691
26714
27314
26692
26715
27315
26693
26716
27316
26694
26717
27317
26695
26718
27318
26696
26719
27319
26697
26720
27320
26698
26721
27321
26699
26722
27322
26700
26723
27323
26701
26724
27324
26702
26725
27325
26703
26726
27326
26704
26727
27327
26705
26728
27328
26706
26729
27329
26707
26730
27330
26708
26731
27331
26709
26732
27332
26710
26733
27333
26711
26734
27334
26735
27335
26713
26736
27336
26714
26737
27337
26715
26738
27338
26716
26739
27339
26717
26740
27340
26718
26741
27341
26719
26742
27342
26720
26743
27343
26721
26744
27344
26722
26745
27345
26723
26746
27346
26724
26747
27347
26725
26748
27348
26726
26749
27349
26727
26750
27350
26728
26751
27351
26729
26752
27352
26730
26753
27353
26731
26754
27354
26732
26755
27355
26733
26756
27356
26734
26757
27357
26735
26758
27358
26759
27359
26737
26760
27360
26738
26761
27361
26739
26762
27362
26740
26763
27363
26741
26764
27364
26742
26765
27365
26743
26766
27366
26744
26767
27367
26745
26768
27368
26746
26769
27369
26747
26770
27370
26748
26771
27371
26749
26772
27372
26750
26773
27373
26751
26774
27374
26752
26775
27375
26753
26776
27376
26754
26777
27377
26755
26778
27378
26756
26779
27379
26757
26780
27380
26758
26781
27381
26759
26782
27382
26783
27383
26761
26784
27384
26762
26785
27385
26763
26786
27386
26764
26787
27387
26765
26788
27388
26766
26789
27389
26767
26790
27390
26768
26791
27391
26769
26792
27392
26770
26793
27393
26771
26794
27394
26772
26795
27395
26773
26796
27396
26774
26797
27397
26775
26798
27398
26776
26799
27399
26777
26800
27400
26778
26801
27401
26779
26802
27402
26780
26803
27403
26781
26804
27404
26782
26805
27405
26783
26806
27406
26807
27407
26785
26808
27408
26786
26809
27409
26787
26810
27410
26788
26811
27411
26789
26812
27412
26790
26813
27413
26791
26814
27414
26792
26815
27415
26793
26816
27416
26794
26817
27417
26795
26818
27418
26796
26819
27419
26797
26820
27420
26798
26821
27421
26799
26822
27422
26800
26823
27423
26801
26824
27424
26802
26825
27425
26803
26826
27426
26804
26827
27427
26805
26828
27428
26806
26829
27429
26807
26830
27430
26831
27431
26809
27432
26810
27433
26811
27434
26812
27435
26813
27436
26814
27437
26815
27438
26816
27439
26817
27440
26818
27441
26819
27442
26820
27443
26821
27444
26822
27445
26823
27446
26824
27447
26825
27448
26826
27449
26827
27450
26828
27451
26829
27452
26830
27453
26831
27454
27455
26833
26856
27456
26834
26857
27457
26835
26858
27458
26836
26859
27459
26837
26860
27460
26838
26861
27461
26839
26862
27462
26840
26863
27463
26841
26864
27464
26842
26865
27465
26843
26866
27466
26844
26867
27467
26845
26868
27468
26846
26869
27469
26847
26870
27470
26848
26871
27471
26849
26872
27472
26850
26873
27473
26851
26874
27474
26852
26875
27475
26853
26876
27476
26854
26877
27477
26855
26878
27478
26879
27479
26857
26880
27480
26858
26881
27481
26859
26882
27482
26860
26883
27483
26861
26884
27484
26862
26885
27485
26863
26886
27486
26864
26887
27487
26865
26888
27488
26866
26889
27489
26867
26890
27490
26868
26891
27491
26869
26892
27492
26870
26893
27493
26871
26894
27494
26872
26895
27495
26873
26896
27496
26874
26897
27497
26875
26898
27498
26876
26899
27499
26877
26900
27500
26878
26901
27501
26879
26902
27502
26903
27503
26881
26904
27504
26882
26905
27505
26883
26906
27506
26884
26907
27507
26885
26908
27508
26886
26909
27509
26887
26910
27510
26888
26911
27511
26889
26912
27512
26890
26913
27513
26891
26914
27514
26892
26915
27515
26893
26916
27516
26894
26917
27517
26895
26918
27518
26896
26919
27519
26897
26920
27520
26898
26921
27521
26899
26922
27522
26900
26923
27523
26901
26924
27524
26902
26925
27525
26903
26926
27526
26927
27527
26905
26928
27528
26906
26929
27529
26907
26930
27530
26908
26931
27531
26909
26932
27532
26910
26933
27533
26911
26934
27534
26912
26935
27535
26913
26936
27536
26914
26937
27537
26915
26938
27538
26916
26939
27539
26917
26940
27540
26918
26941
27541
26919
26942
27542
26920
26943
27543
26921
26944
27544
26922
26945
27545
26923
26946
27546
26924
26947
27547
26925
26948
27548
26926
26949
27549
26927
26950
27550
26951
27551
26929
26952
27552
26930
26953
27553
26931
26954
27554
26932
26955
27555
26933
26956
27556
26934
26957
27557
26935
26958
27558
26936
26959
27559
26937
26960
27560
26938
26961
27561
26939
26962
27562
26940
26963
27563
26941
26964
27564
26942
26965
27565
26943
26966
27566
26944
26967
27567
26945
26968
27568
26946
26969
27569
26947
26970
27570
26948
26971
27571
26949
26972
27572
26950
26973
27573
26951
26974
27574
26975
27575
26953
26976
27576
26954
26977
27577
26955
26978
27578
26956
26979
27579
26957
26980
27580
26958
26981
27581
26959
26982
27582
26960
26983
27583
26961
26984
27584
26962
26985
27585
26963
26986
27586
26964
26987
27587
26965
26988
27588
26966
26989
27589
26967
26990
27590
26968
26991
27591
26969
26992
27592
26970
26993
27593
26971
26994
27594
26972
26995
27595
26973
26996
27596
26974
26997
27597
26975
26998
27598
26999
27599
26977
27000
27600
26978
27001
27601
26979
27002
27602
26980
27003
27603
26981
27004
27604
26982
27005
27605
26983
27006
27606
26984
27007
27607
26985
27008
27608
26986
27009
27609
26987
27010
27610
26988
27011
27611
26989
27012
27612
26990
27013
27613
26991
27014
27614
26992
27015
27615
26993
27016
27616
26994
27017
27617
26995
27018
27618
26996
27019
27619
26997
27020
27620
26998
27021
27621
26999
27022
27622
27023
27623
27001
27024
27624
27002
27025
27625
27003
27026
27626
27004
27027
27627
27005
27028
27628
27006
27029
27629
27007
27030
27630
27008
27031
27631
27009
27032
27632
27010
27033
27633
27011
27034
27634
27012
27035
27635
27013
27036
27636
27014
27037
27637
27015
27038
27638
27016
27039
27639
27017
27040
27640
27018
27041
27641
27019
27042
27642
27020
27043
27643
27021
27044
27644
27022
27045
27645
27023
27046
27646
27047
27647
27025
27048
27648
27026
27049
27649
27027
27050
27650
27028
27051
27651
27029
27052
27652
27030
27053
27653
27031
27054
27654
27032
27055
27655
27033
27056
27656
27034
27057
27657
27035
27058
27658
27036
27059
27659
27037
27060
27660
27038
27061
27661
27039
27062
27662
27040
27063
27663
27041
27064
27664
27042
27065
27665
27043
27066
27666
27044
27067
27667
27045
27068
27668
27046
27069
27669
27047
27070
27670
27071
27671
27049
27072
27672
27050
27073
27673
27051
27074
27674
27052
27075
27675
27053
27076
27676
27054
27077
27677
27055
27078
27678
27056
27079
27679
27057
27080
27680
27058
27081
27681
27059
27082
27682
27060
27083
27683
27061
27084
27684
27062
27085
27685
27063
27086
27686
27064
27087
27687
27065
27088
27688
27066
27089
27689
27067
27090
27690
27068
27091
27691
27069
27092
27692
27070
27093
27693
27071
27094
27694
27095
27695
27073
27096
27696
27074
27097
27697
27075
27098
27698
27076
27099
27699
27077
27100
27700
27078
27101
27701
27079
27102
27702
27080
27103
27703
27081
27104
27704
27082
27105
27705
27083
27106
27706
27084
27107
27707
27085
27108
27708
27086
27109
27709
27087
27110
27710
27088
27111
27711
27089
27112
27712
27090
27113
27713
27091
27114
27714
27092
27115
27715
27093
27116
27716
27094
27117
27717
27095
27118
27718
27119
27719
27097
27120
27720
27098
27121
27721
27099
27122
27722
27100
27123
27723
27101
27124
27724
27102
27125
27725
27103
27126
27726
27104
27127
27727
27105
27128
27728
27106
27129
27729
27107
27130
27730
27108
27131
27731
27109
27132
27732
27110
27133
27733
27111
27134
27734
27112
27135
27735
27113
27136
27736
27114
27137
27737
27115
27138
27738
27116
27139
27739
27117
27140
27740
27118
27141
27741
27119
27142
27742
27143
27743
27121
27144
27744
27122
27145
27745
27123
27146
27746
27124
27147
27747
27125
27148
27748
27126
27149
27749
27127
27150
27750
27128
27151
27751
27129
27152
27752
27130
27153
27753
27131
27154
27754
27132
27155
27755
27133
27156
27756
27134
27157
27757
27135
27158
27758
27136
27159
27759
27137
27160
27760
27138
27161
27761
27139
27162
27762
27140
27163
27763
27141
27164
27764
27142
27165
27765
27143
27166
27766
27167
27767
27145
27168
27768
27146
27169
27769
27147
27170
27770
27148
27171
27771
27149
27172
27772
27150
27173
27773
27151
27174
27774
27152
27175
27775
27153
27176
27776
27154
27177
27777
27155
27178
27778
27156
27179
27779
27157
27180
27780
27158
27181
27781
27159
27182
27782
27160
27183
27783
27161
27184
27784
27162
27185
27785
27163
27186
27786
27164
27187
27787
27165
27188
27788
27166
27189
27789
27167
27190
27790
27191
27791
27169
27192
27792
27170
27193
27793
27171
27194
27794
27172
27195
27795
27173
27196
27796
27174
27197
27797
27175
27198
27798
27176
27199
27799
27177
27200
27800
27178
27201
27801
27179
27202
27802
27180
27203
27803
27181
27204
27804
27182
27205
27805
27183
27206
27806
27184
27207
27807
27185
27208
27808
27186
27209
27809
27187
27210
27810
27188
27211
27811
27189
27212
27812
27190
27213
27813
27191
27214
27814
27215
27815
27193
27216
27816
27194
27217
27817
27195
27218
27818
27196
27219
27819
27197
27220
27820
27198
27221
27821
27199
27222
27822
27200
27223
27823
27201
27224
27824
27202
27225
27825
27203
27226
27826
27204
27227
27827
27205
27228
27828
27206
27229
27829
27207
27230
27830
27208
27231
27831
27209
27232
27832
27210
27233
27833
27211
27234
27834
27212
27235
27835
27213
27236
27836
27214
27237
27837
27215
27238
27838
27239
27839
27217
27240
27840
27218
27241
27841
27219
27242
27842
27220
27243
27843
27221
27244
27844
27222
27245
27845
27223
27246
27846
27224
27247
27847
27225
27248
27848
27226
27249
27849
27227
27250
27850
27228
27251
27851
27229
27252
27852
27230
27253
27853
27231
27254
27854
27232
27255
27855
27233
27256
27856
27234
27257
27857
27235
27258
27858
27236
27259
27859
27237
27260
27860
27238
27261
27861
27239
27262
27862
27263
27863
27241
27264
27864
27242
27265
27865
27243
27266
27866
27244
27267
27867
27245
27268
27868
27246
27269
27869
27247
27270
27870
27248
27271
27871
27249
27272
27872
27250
27273
27873
27251
27274
27874
27252
27275
27875
27253
27276
27876
27254
27277
27877
27255
27278
27878
27256
27279
27879
27257
27280
27880
27258
27281
27881
27259
27282
27882
27260
27283
27883
27261
27284
27884
27262
27285
27885
27263
27286
27886
27287
27887
27265
27288
27888
27266
27289
27889
27267
27290
27890
27268
27291
27891
27269
27292
27892
27270
27293
27893
27271
27294
27894
27272
27295
27895
27273
27296
27896
27274
27297
27897
27275
27298
27898
27276
27299
27899
27277
27300
27900
27278
27301
27901
27279
27302
27902
27280
27303
27903
27281
27304
27904
27282
27305
27905
27283
27306
27906
27284
27307
27907
27285
27308
27908
27286
27309
27909
27287
27310
27910
27311
27911
27289
27312
27912
27290
27313
27913
27291
27314
27914
27292
27315
27915
27293
27316
27916
27294
27317
27917
27295
27318
27918
27296
27319
27919
27297
27320
27920
27298
27321
27921
27299
27322
27922
27300
27323
27923
27301
27324
27924
27302
27325
27925
27303
27326
27926
27304
27327
27927
27305
27328
27928
27306
27329
27929
27307
27330
27930
27308
27331
27931
27309
27332
27932
27310
27333
27933
27311
27334
27934
27335
27935
27313
27336
27936
27314
27337
27937
27315
27338
27938
27316
27339
27939
27317
27340
27940
27318
27341
27941
27319
27342
27942
27320
27343
27943
27321
27344
27944
27322
27345
27945
27323
27346
27946
27324
27347
27947
27325
27348
27948
27326
27349
27949
27327
27350
27950
27328
27351
27951
27329
27352
27952
27330
27353
27953
27331
27354
27954
27332
27355
27955
27333
27356
27956
27334
27357
27957
27335
27358
27958
27359
27959
27337
27360
27960
27338
27361
27961
27339
27362
27962
27340
27363
27963
27341
27364
27964
27342
27365
27965
27343
27366
27966
27344
27367
27967
27345
27368
27968
27346
27369
27969
27347
27370
27970
27348
27371
27971
27349
27372
27972
27350
27373
27973
27351
27374
27974
27352
27375
27975
27353
27376
27976
27354
27377
27977
27355
27378
27978
27356
27379
27979
27357
27380
27980
27358
27381
27981
27359
27382
27982
27383
27983
27361
27384
27984
27362
27385
27985
27363
27386
27986
27364
27387
27987
27365
27388
27988
27366
27389
27989
27367
27390
27990
27368
27391
27991
27369
27392
27992
27370
27393
27993
27371
27394
27994
27372
27395
27995
27373
27396
27996
27374
27397
27997
27375
27398
27998
27376
27399
27999
27377
27400
28000
27378
27401
28001
27379
27402
28002
27380
27403
28003
27381
27404
28004
27382
27405
28005
27383
27406
28006
27407
28007
27385
27408
28008
27386
27409
28009
27387
27410
28010
27388
27411
28011
27389
27412
28012
27390
27413
28013
27391
27414
28014
27392
27415
28015
27393
27416
28016
27394
27417
28017
27395
27418
28018
27396
27419
28019
27397
27420
28020
27398
27421
28021
27399
27422
28022
27400
27423
28023
27401
27424
28024
27402
27425
28025
27403
27426
28026
27404
27427
28027
27405
27428
28028
27406
27429
28029
27407
27430
28030
27431
28031
27409
27432
28032
27410
27433
28033
27411
27434
28034
27412
27435
28035
27413
27436
28036
27414
27437
28037
27415
27438
28038
27416
27439
28039
27417
27440
28040
27418
27441
28041
27419
27442
28042
27420
27443
28043
27421
27444
28044
27422
27445
28045
27423
27446
28046
27424
27447
28047
27425
27448
28048
27426
27449
28049
27427
27450
28050
27428
27451
28051
27429
27452
28052
27430
27453
28053
27431
27454
28054
27455
28055
27433
28056
27434
28057
27435
28058
27436
28059
27437
28060
27438
28061
27439
28062
27440
28063
27441
28064
27442
28065
27443
28066
27444
28067
27445
28068
27446
28069
27447
28070
27448
28071
27449
28072
27450
28073
27451
28074
27452
28075
27453
28076
27454
28077
27455
28078
28079
27457
27480
28080
27458
27481
28081
27459
27482
28082
27460
27483
28083
27461
27484
28084
27462
27485
28085
27463
27486
28086
27464
27487
28087
27465
27488
28088
27466
27489
28089
27467
27490
28090
27468
27491
28091
27469
27492
28092
27470
27493
28093
27471
27494
28094
27472
27495
28095
27473
27496
28096
27474
27497
28097
27475
27498
28098
27476
27499
28099
27477
27500
28100
27478
27501
28101
27479
27502
28102
27503
28103
27481
27504
28104
27482
27505
28105
27483
27506
28106
27484
27507
28107
27485
27508
28108
27486
27509
28109
27487
27510
28110
27488
27511
28111
27489
27512
28112
27490
27513
28113
27491
27514
28114
27492
27515
28115
27493
27516
28116
27494
27517
28117
27495
27518
28118
27496
27519
28119
27497
27520
28120
27498
27521
28121
27499
27522
28122
27500
27523
28123
27501
27524
28124
27502
27525
28125
27503
27526
28126
27527
28127
27505
27528
28128
27506
27529
28129
27507
27530
28130
27508
27531
28131
27509
27532
28132
27510
27533
28133
27511
27534
28134
27512
27535
28135
27513
27536
28136
27514
27537
28137
27515
27538
28138
27516
27539
28139
27517
27540
28140
27518
27541
28141
27519
27542
28142
27520
27543
28143
27521
27544
28144
27522
27545
28145
27523
27546
28146
27524
27547
28147
27525
27548
28148
27526
27549
28149
27527
27550
28150
27551
28151
27529
27552
28152
27530
27553
28153
27531
27554
28154
27532
27555
28155
27533
27556
28156
27534
27557
28157
27535
27558
28158
27536
27559
28159
27537
27560
28160
27538
27561
28161
27539
27562
28162
27540
27563
28163
27541
27564
28164
27542
27565
28165
27543
27566
28166
27544
27567
28167
27545
27568
28168
27546
27569
28169
27547
27570
28170
27548
27571
28171
27549
27572
28172
27550
27573
28173
27551
27574
28174
27575
28175
27553
27576
28176
27554
27577
28177
27555
27578
28178
27556
27579
28179
27557
27580
28180
27558
27581
28181
27559
27582
28182
27560
27583
28183
27561
27584
28184
27562
27585
28185
27563
27586
28186
27564
27587
28187
27565
27588
28188
27566
27589
28189
27567
27590
28190
27568
27591
28191
27569
27592
28192
27570
27593
28193
27571
27594
28194
27572
27595
28195
27573
27596
28196
27574
27597
28197
27575
27598
28198
27599
28199
27577
27600
28200
27578
27601
28201
27579
27602
28202
27580
27603
28203
27581
27604
28204
27582
27605
28205
27583
27606
28206
27584
27607
28207
27585
27608
28208
27586
27609
28209
27587
27610
28210
27588
27611
28211
27589
27612
28212
27590
27613
28213
27591
27614
28214
27592
27615
28215
27593
27616
28216
27594
27617
28217
27595
27618
28218
27596
27619
28219
27597
27620
28220
27598
27621
28221
27599
27622
28222
27623
28223
27601
27624
28224
27602
27625
28225
27603
27626
28226
27604
27627
28227
27605
27628
28228
27606
27629
28229
27607
27630
28230
27608
27631
28231
27609
27632
28232
27610
27633
28233
27611
27634
28234
27612
27635
28235
27613
27636
28236
27614
27637
28237
27615
27638
28238
27616
27639
28239
27617
27640
28240
27618
27641
28241
27619
27642
28242
27620
27643
28243
27621
27644
28244
27622
27645
28245
27623
27646
28246
27647
28247
27625
27648
28248
27626
27649
28249
27627
27650
28250
27628
27651
28251
27629
27652
28252
27630
27653
28253
27631
27654
28254
27632
27655
28255
27633
27656
28256
27634
27657
28257
27635
27658
28258
27636
27659
28259
27637
27660
28260
27638
27661
28261
27639
27662
28262
27640
27663
28263
27641
27664
28264
27642
27665
28265
27643
27666
28266
27644
27667
28267
27645
27668
28268
27646
27669
28269
27647
27670
28270
27671
28271
27649
27672
28272
27650
27673
28273
27651
27674
28274
27652
27675
28275
27653
27676
28276
27654
27677
28277
27655
27678
28278
27656
27679
28279
27657
27680
28280
27658
27681
28281
27659
27682
28282
27660
27683
28283
27661
27684
28284
27662
27685
28285
27663
27686
28286
27664
27687
28287
27665
27688
28288
27666
27689
28289
27667
27690
28290
27668
27691
28291
27669
27692
28292
27670
27693
28293
27671
27694
28294
27695
28295
27673
27696
28296
27674
27697
28297
27675
27698
28298
27676
27699
28299
27677
27700
28300
27678
27701
28301
27679
27702
28302
27680
27703
28303
27681
27704
28304
27682
27705
28305
27683
27706
28306
27684
27707
28307
27685
27708
28308
27686
27709
28309
27687
27710
28310
27688
27711
28311
27689
27712
28312
27690
27713
28313
27691
27714
28314
27692
27715
28315
27693
27716
28316
27694
27717
28317
27695
27718
28318
27719
28319
27697
27720
28320
27698
27721
28321
27699
27722
28322
27700
27723
28323
27701
27724
28324
27702
27725
28325
27703
27726
28326
27704
27727
28327
27705
27728
28328
27706
27729
28329
27707
27730
28330
27708
27731
28331
27709
27732
28332
27710
27733
28333
27711
27734
28334
27712
27735
28335
27713
27736
28336
27714
27737
28337
27715
27738
28338
27716
27739
28339
27717
27740
28340
27718
27741
28341
27719
27742
28342
27743
28343
27721
27744
28344
27722
27745
28345
27723
27746
28346
27724
27747
28347
27725
27748
28348
27726
27749
28349
27727
27750
28350
27728
27751
28351
27729
27752
28352
27730
27753
28353
27731
27754
28354
27732
27755
28355
27733
27756
28356
27734
27757
28357
27735
27758
28358
27736
27759
28359
27737
27760
28360
27738
27761
28361
27739
27762
28362
27740
27763
28363
27741
27764
28364
27742
27765
28365
27743
27766
28366
27767
28367
27745
27768
28368
27746
27769
28369
27747
27770
28370
27748
27771
28371
27749
27772
28372
27750
27773
28373
27751
27774
28374
27752
27775
28375
27753
27776
28376
27754
27777
28377
27755
27778
28378
27756
27779
28379
27757
27780
28380
27758
27781
28381
27759
27782
28382
27760
27783
28383
27761
27784
28384
27762
27785
28385
27763
27786
28386
27764
27787
28387
27765
27788
28388
27766
27789
28389
27767
27790
28390
27791
28391
27769
27792
28392
27770
27793
28393
27771
27794
28394
27772
27795
28395
27773
27796
28396
27774
27797
28397
27775
27798
28398
27776
27799
28399
27777
27800
28400
27778
27801
28401
27779
27802
28402
27780
27803
28403
27781
27804
28404
27782
27805
28405
27783
27806
28406
27784
27807
28407
27785
27808
28408
27786
27809
28409
27787
27810
28410
27788
27811
28411
27789
27812
28412
27790
27813
28413
27791
27814
28414
27815
28415
27793
27816
28416
27794
27817
28417
27795
27818
28418
27796
27819
28419
27797
27820
28420
27798
27821
28421
27799
27822
28422
27800
27823
28423
27801
27824
28424
27802
27825
28425
27803
27826
28426
27804
27827
28427
27805
27828
28428
27806
27829
28429
27807
27830
28430
27808
27831
28431
27809
27832
28432
27810
27833
28433
27811
27834
28434
27812
27835
28435
27813
27836
28436
27814
27837
28437
27815
27838
28438
27839
28439
27817
27840
28440
27818
27841
28441
27819
27842
28442
27820
27843
28443
27821
27844
28444
27822
27845
28445
27823
27846
28446
27824
27847
28447
27825
27848
28448
27826
27849
28449
27827
27850
28450
27828
27851
28451
27829
27852
28452
27830
27853
28453
27831
27854
28454
27832
27855
28455
27833
27856
28456
27834
27857
28457
27835
27858
28458
27836
27859
28459
27837
27860
28460
27838
27861
28461
27839
27862
28462
27863
28463
27841
27864
28464
27842
27865
28465
27843
27866
28466
27844
27867
28467
27845
27868
28468
27846
27869
28469
27847
27870
28470
27848
27871
28471
27849
27872
28472
27850
27873
28473
27851
27874
28474
27852
27875
28475
27853
27876
28476
27854
27877
28477
27855
27878
28478
27856
27879
28479
27857
27880
28480
27858
27881
28481
27859
27882
28482
27860
27883
28483
27861
27884
28484
27862
27885
28485
27863
27886
28486
27887
28487
27865
27888
28488
27866
27889
28489
27867
27890
28490
27868
27891
28491
27869
27892
28492
27870
27893
28493
27871
27894
28494
27872
27895
28495
27873
27896
28496
27874
27897
28497
27875
27898
28498
27876
27899
28499
27877
27900
28500
27878
27901
28501
27879
27902
28502
27880
27903
28503
27881
27904
28504
27882
27905
28505
27883
27906
28506
27884
27907
28507
27885
27908
28508
27886
27909
28509
27887
27910
28510
27911
28511
27889
27912
28512
27890
27913
28513
27891
27914
28514
27892
27915
28515
27893
27916
28516
27894
27917
28517
27895
27918
28518
27896
27919
28519
27897
27920
28520
27898
27921
28521
27899
27922
28522
27900
27923
28523
27901
27924
28524
27902
27925
28525
27903
27926
28526
27904
27927
28527
27905
27928
28528
27906
27929
28529
27907
27930
28530
27908
27931
28531
27909
27932
28532
27910
27933
28533
27911
27934
28534
27935
28535
27913
27936
28536
27914
27937
28537
27915
27938
28538
27916
27939
28539
27917
27940
28540
27918
27941
28541
27919
27942
28542
27920
27943
28543
27921
27944
28544
27922
27945
28545
27923
27946
28546
27924
27947
28547
27925
27948
28548
27926
27949
28549
27927
27950
28550
27928
27951
28551
27929
27952
28552
27930
27953
28553
27931
27954
28554
27932
27955
28555
27933
27956
28556
27934
27957
28557
27935
27958
28558
27959
28559
27937
27960
28560
27938
27961
28561
27939
27962
28562
27940
27963
28563
27941
27964
28564
27942
27965
28565
27943
27966
28566
27944
27967
28567
27945
27968
28568
27946
27969
28569
27947
27970
28570
27948
27971
28571
27949
27972
28572
27950
27973
28573
27951
27974
28574
27952
27975
28575
27953
27976
28576
27954
27977
28577
27955
27978
28578
27956
27979
28579
27957
27980
28580
27958
27981
28581
27959
27982
28582
27983
28583
27961
27984
28584
27962
27985
28585
27963
27986
28586
27964
27987
28587
27965
27988
28588
27966
27989
28589
27967
27990
28590
27968
27991
28591
27969
27992
28592
27970
27993
28593
27971
27994
28594
27972
27995
28595
27973
27996
28596
27974
27997
28597
27975
27998
28598
27976
27999
28599
27977
28000
28600
27978
28001
28601
27979
28002
28602
27980
28003
28603
27981
28004
28604
27982
28005
28605
27983
28006
28606
28007
28607
27985
28008
28608
27986
28009
28609
27987
28010
28610
27988
28011
28611
27989
28012
28612
27990
28013
28613
27991
28014
28614
27992
28015
28615
27993
28016
28616
27994
28017
28617
27995
28018
28618
27996
28019
28619
27997
28020
28620
27998
28021
28621
27999
28022
28622
28000
28023
28623
28001
28024
28624
28002
28025
28625
28003
28026
28626
28004
28027
28627
28005
28028
28628
28006
28029
28629
28007
28030
28630
28031
28631
28009
28032
28632
28010
28033
28633
28011
28034
28634
28012
28035
28635
28013
28036
28636
28014
28037
28637
28015
28038
28638
28016
28039
28639
28017
28040
28640
28018
28041
28641
28019
28042
28642
28020
28043
28643
28021
28044
28644
28022
28045
28645
28023
28046
28646
28024
28047
28647
28025
28048
28648
28026
28049
28649
28027
28050
28650
28028
28051
28651
28029
28052
28652
28030
28053
28653
28031
28054
28654
28055
28655
28033
28056
28656
28034
28057
28657
28035
28058
28658
28036
28059
28659
28037
28060
28660
28038
28061
28661
28039
28062
28662
28040
28063
28663
28041
28064
28664
28042
28065
28665
28043
28066
28666
28044
28067
28667
28045
28068
28668
28046
28069
28669
28047
28070
28670
28048
28071
28671
28049
28072
28672
28050
28073
28673
28051
28074
28674
28052
28075
28675
28053
28076
28676
28054
28077
28677
28055
28078
28678
28079
28679
28057
28680
28058
28681
28059
28682
28060
28683
28061
28684
28062
28685
28063
28686
28064
28687
28065
28688
28066
28689
28067
28690
28068
28691
28069
28692
28070
28693
28071
28694
28072
28695
28073
28696
28074
28697
28075
28698
28076
28699
28077
28700
28078
28701
28079
28702
28703
28081
28104
28704
28082
28105
28705
28083
28106
28706
28084
28107
28707
28085
28108
28708
28086
28109
28709
28087
28110
28710
28088
28111
28711
28089
28112
28712
28090
28113
28713
28091
28114
28714
28092
28115
28715
28093
28116
28716
28094
28117
28717
28095
28118
28718
28096
28119
28719
28097
28120
28720
28098
28121
28721
28099
28122
28722
28100
28123
28723
28101
28124
28724
28102
28125
28725
28103
28126
28726
28127
28727
28105
28128
28728
28106
28129
28729
28107
28130
28730
28108
28131
28731
28109
28132
28732
28110
28133
28733
28111
28134
28734
28112
28135
28735
28113
28136
28736
28114
28137
28737
28115
28138
28738
28116
28139
28739
28117
28140
28740
28118
28141
28741
28119
28142
28742
28120
28143
28743
28121
28144
28744
28122
28145
28745
28123
28146
28746
28124
28147
28747
28125
28148
28748
28126
28149
28749
28127
28150
28750
28151
28751
28129
28152
28752
28130
28153
28753
28131
28154
28754
28132
28155
28755
28133
28156
28756
28134
28157
28757
28135
28158
28758
28136
28159
28759
28137
28160
28760
28138
28161
28761
28139
28162
28762
28140
28163
28763
28141
28164
28764
28142
28165
28765
28143
28166
28766
28144
28167
28767
28145
28168
28768
28146
28169
28769
28147
28170
28770
28148
28171
28771
28149
28172
28772
28150
28173
28773
28151
28174
28774
28175
28775
28153
28176
28776
28154
28177
28777
28155
28178
28778
28156
28179
28779
28157
28180
28780
28158
28181
28781
28159
28182
28782
28160
28183
28783
28161
28184
28784
28162
28185
28785
28163
28186
28786
28164
28187
28787
28165
28188
28788
28166
28189
28789
28167
28190
28790
28168
28191
28791
28169
28192
28792
28170
28193
28793
28171
28194
28794
28172
28195
28795
28173
28196
28796
28174
28197
28797
28175
28198
28798
28199
28799
28177
28200
28800
28178
28201
28801
28179
28202
28802
28180
28203
28803
28181
28204
28804
28182
28205
28805
28183
28206
28806
28184
28207
28807
28185
28208
28808
28186
28209
28809
28187
28210
28810
28188
28211
28811
28189
28212
28812
28190
28213
28813
28191
28214
28814
28192
28215
28815
28193
28216
28816
28194
28217
28817
28195
28218
28818
28196
28219
28819
28197
28220
28820
28198
28221
28821
28199
28222
28822
28223
28823
28201
28224
28824
28202
28225
28825
28203
28226
28826
28204
28227
28827
28205
28228
28828
28206
28229
28829
28207
28230
28830
28208
28231
28831
28209
28232
28832
28210
28233
28833
28211
28234
28834
28212
28235
28835
28213
28236
28836
28214
28237
28837
28215
28238
28838
28216
28239
28839
28217
28240
28840
28218
28241
28841
28219
28242
28842
28220
28243
28843
28221
28244
28844
28222
28245
28845
28223
28246
28846
28247
28847
28225
28248
28848
28226
28249
28849
28227
28250
28850
28228
28251
28851
28229
28252
28852
28230
28253
28853
28231
28254
28854
28232
28255
28855
28233
28256
28856
28234
28257
28857
28235
28258
28858
28236
28259
28859
28237
28260
28860
28238
28261
28861
28239
28262
28862
28240
28263
28863
28241
28264
28864
28242
28265
28865
28243
28266
28866
28244
28267
28867
28245
28268
28868
28246
28269
28869
28247
28270
28870
28271
28871
28249
28272
28872
28250
28273
28873
28251
28274
28874
28252
28275
28875
28253
28276
28876
28254
28277
28877
28255
28278
28878
28256
28279
28879
28257
28280
28880
28258
28281
28881
28259
28282
28882
28260
28283
28883
28261
28284
28884
28262
28285
28885
28263
28286
28886
28264
28287
28887
28265
28288
28888
28266
28289
28889
28267
28290
28890
28268
28291
28891
28269
28292
28892
28270
28293
28893
28271
28294
28894
28295
28895
28273
28296
28896
28274
28297
28897
28275
28298
28898
28276
28299
28899
28277
28300
28900
28278
28301
28901
28279
28302
28902
28280
28303
28903
28281
28304
28904
28282
28305
28905
28283
28306
28906
28284
28307
28907
28285
28308
28908
28286
28309
28909
28287
28310
28910
28288
28311
28911
28289
28312
28912
28290
28313
28913
28291
28314
28914
28292
28315
28915
28293
28316
28916
28294
28317
28917
28295
28318
28918
28319
28919
28297
28320
28920
28298
28321
28921
28299
28322
28922
28300
28323
28923
28301
28324
28924
28302
28325
28925
28303
28326
28926
28304
28327
28927
28305
28328
28928
28306
28329
28929
28307
28330
28930
28308
28331
28931
28309
28332
28932
28310
28333
28933
28311
28334
28934
28312
28335
28935
28313
28336
28936
28314
28337
28937
28315
28338
28938
28316
28339
28939
28317
28340
28940
28318
28341
28941
28319
28342
28942
28343
28943
28321
28344
28944
28322
28345
28945
28323
28346
28946
28324
28347
28947
28325
28348
28948
28326
28349
28949
28327
28350
28950
28328
28351
28951
28329
28352
28952
28330
28353
28953
28331
28354
28954
28332
28355
28955
28333
28356
28956
28334
28357
28957
28335
28358
28958
28336
28359
28959
28337
28360
28960
28338
28361
28961
28339
28362
28962
28340
28363
28963
28341
28364
28964
28342
28365
28965
28343
28366
28966
28367
28967
28345
28368
28968
28346
28369
28969
28347
28370
28970
28348
28371
28971
28349
28372
28972
28350
28373
28973
28351
28374
28974
28352
28375
28975
28353
28376
28976
28354
28377
28977
28355
28378
28978
28356
28379
28979
28357
28380
28980
28358
28381
28981
28359
28382
28982
28360
28383
28983
28361
28384
28984
28362
28385
28985
28363
28386
28986
28364
28387
28987
28365
28388
28988
28366
28389
28989
28367
28390
28990
28391
28991
28369
28392
28992
28370
28393
28993
28371
28394
28994
28372
28395
28995
28373
28396
28996
28374
28397
28997
28375
28398
28998
28376
28399
28999
28377
28400
29000
28378
28401
29001
28379
28402
29002
28380
28403
29003
28381
28404
29004
28382
28405
29005
28383
28406
29006
28384
28407
29007
28385
28408
29008
28386
28409
29009
28387
28410
29010
28388
28411
29011
28389
28412
29012
28390
28413
29013
28391
28414
29014
28415
29015
28393
28416
29016
28394
28417
29017
28395
28418
29018
28396
28419
29019
28397
28420
29020
28398
28421
29021
28399
28422
29022
28400
28423
29023
28401
28424
29024
28402
28425
29025
28403
28426
29026
28404
28427
29027
28405
28428
29028
28406
28429
29029
28407
28430
29030
28408
28431
29031
28409
28432
29032
28410
28433
29033
28411
28434
29034
28412
28435
29035
28413
28436
29036
28414
28437
29037
28415
28438
29038
28439
29039
28417
28440
29040
28418
28441
29041
28419
28442
29042
28420
28443
29043
28421
28444
29044
28422
28445
29045
28423
28446
29046
28424
28447
29047
28425
28448
29048
28426
28449
29049
28427
28450
29050
28428
28451
29051
28429
28452
29052
28430
28453
29053
28431
28454
29054
28432
28455
29055
28433
28456
29056
28434
28457
29057
28435
28458
29058
28436
28459
29059
28437
28460
29060
28438
28461
29061
28439
28462
29062
28463
29063
28441
28464
29064
28442
28465
29065
28443
28466
29066
28444
28467
29067
28445
28468
29068
28446
28469
29069
28447
28470
29070
28448
28471
29071
28449
28472
29072
28450
28473
29073
28451
28474
29074
28452
28475
29075
28453
28476
29076
28454
28477
29077
28455
28478
29078
28456
28479
29079
28457
28480
29080
28458
28481
29081
28459
28482
29082
28460
28483
29083
28461
28484
29084
28462
28485
29085
28463
28486
29086
28487
29087
28465
28488
29088
28466
28489
29089
28467
28490
29090
28468
28491
29091
28469
28492
29092
28470
28493
29093
28471
28494
29094
28472
28495
29095
28473
28496
29096
28474
28497
29097
28475
28498
29098
28476
28499
29099
28477
28500
29100
28478
28501
29101
28479
28502
29102
28480
28503
29103
28481
28504
29104
28482
28505
29105
28483
28506
29106
28484
28507
29107
28485
28508
29108
28486
28509
29109
28487
28510
29110
28511
29111
28489
28512
29112
28490
28513
29113
28491
28514
29114
28492
28515
29115
28493
28516
29116
28494
28517
29117
28495
28518
29118
28496
28519
29119
28497
28520
29120
28498
28521
29121
28499
28522
29122
28500
28523
29123
28501
28524
29124
28502
28525
29125
28503
28526
29126
28504
28527
29127
28505
28528
29128
28506
28529
29129
28507
28530
29130
28508
28531
29131
28509
28532
29132
28510
28533
29133
28511
28534
29134
28535
29135
28513
28536
29136
28514
28537
29137
28515
28538
29138
28516
28539
29139
28517
28540
29140
28518
28541
29141
28519
28542
29142
28520
28543
29143
28521
28544
29144
28522
28545
29145
28523
28546
29146
28524
28547
29147
28525
28548
29148
28526
28549
29149
28527
28550
29150
28528
28551
29151
28529
28552
29152
28530
28553
29153
28531
28554
29154
28532
28555
29155
28533
28556
29156
28534
28557
29157
28535
28558
29158
28559
29159
28537
28560
29160
28538
28561
29161
28539
28562
29162
28540
28563
29163
28541
28564
29164
28542
28565
29165
28543
28566
29166
28544
28567
29167
28545
28568
29168
28546
28569
29169
28547
28570
29170
28548
28571
29171
28549
28572
29172
28550
28573
29173
28551
28574
29174
28552
28575
29175
28553
28576
29176
28554
28577
29177
28555
28578
29178
28556
28579
29179
28557
28580
29180
28558
28581
29181
28559
28582
29182
28583
29183
28561
28584
29184
28562
28585
29185
28563
28586
29186
28564
28587
29187
28565
28588
29188
28566
28589
29189
28567
28590
29190
28568
28591
29191
28569
28592
29192
28570
28593
29193
28571
28594
29194
28572
28595
29195
28573
28596
29196
28574
28597
29197
28575
28598
29198
28576
28599
29199
28577
28600
29200
28578
28601
29201
28579
28602
29202
28580
28603
29203
28581
28604
29204
28582
28605
29205
28583
28606
29206
28607
29207
28585
28608
29208
28586
28609
29209
28587
28610
29210
28588
28611
29211
28589
28612
29212
28590
28613
29213
28591
28614
29214
28592
28615
29215
28593
28616
29216
28594
28617
29217
28595
28618
29218
28596
28619
29219
28597
28620
29220
28598
28621
29221
28599
28622
29222
28600
28623
29223
28601
28624
29224
28602
28625
29225
28603
28626
29226
28604
28627
29227
28605
28628
29228
28606
28629
29229
28607
28630
29230
28631
29231
28609
28632
29232
28610
28633
29233
28611
28634
29234
28612
28635
29235
28613
28636
29236
28614
28637
29237
28615
28638
29238
28616
28639
29239
28617
28640
29240
28618
28641
29241
28619
28642
29242
28620
28643
29243
28621
28644
29244
28622
28645
29245
28623
28646
29246
28624
28647
29247
28625
28648
29248
28626
28649
29249
28627
28650
29250
28628
28651
29251
28629
28652
29252
28630
28653
29253
28631
28654
29254
28655
29255
28633
28656
29256
28634
28657
29257
28635
28658
29258
28636
28659
29259
28637
28660
29260
28638
28661
29261
28639
28662
29262
28640
28663
29263
28641
28664
29264
28642
28665
29265
28643
28666
29266
28644
28667
29267
28645
28668
29268
28646
28669
29269
28647
28670
29270
28648
28671
29271
28649
28672
29272
28650
28673
29273
28651
28674
29274
28652
28675
29275
28653
28676
29276
28654
28677
29277
28655
28678
29278
28679
29279
28657
28680
29280
28658
28681
29281
28659
28682
29282
28660
28683
29283
28661
28684
29284
28662
28685
29285
28663
28686
29286
28664
28687
29287
28665
28688
29288
28666
28689
29289
28667
28690
29290
28668
28691
29291
28669
28692
29292
28670
28693
29293
28671
28694
29294
28672
28695
29295
28673
28696
29296
28674
28697
29297
28675
28698
29298
28676
28699
29299
28677
28700
29300
28678
28701
29301
28679
28702
29302
28703
29303
28681
29304
28682
29305
28683
29306
28684
29307
28685
29308
28686
29309
28687
29310
28688
29311
28689
29312
28690
29313
28691
29314
28692
29315
28693
29316
28694
29317
28695
29318
28696
29319
28697
29320
28698
29321
28699
29322
28700
29323
28701
29324
28702
29325
28703
29326
29327
28705
28728
29328
28706
28729
29329
28707
28730
29330
28708
28731
29331
28709
28732
29332
28710
28733
29333
28711
28734
29334
28712
28735
29335
28713
28736
29336
28714
28737
29337
28715
28738
29338
28716
28739
29339
28717
28740
29340
28718
28741
29341
28719
28742
29342
28720
28743
29343
28721
28744
29344
28722
28745
29345
28723
28746
29346
28724
28747
29347
28725
28748
29348
28726
28749
29349
28727
28750
29350
28751
29351
28729
28752
29352
28730
28753
29353
28731
28754
29354
28732
28755
29355
28733
28756
29356
28734
28757
29357
28735
28758
29358
28736
28759
29359
28737
28760
29360
28738
28761
29361
28739
28762
29362
28740
28763
29363
28741
28764
29364
28742
28765
29365
28743
28766
29366
28744
28767
29367
28745
28768
29368
28746
28769
29369
28747
28770
29370
28748
28771
29371
28749
28772
29372
28750
28773
29373
28751
28774
29374
28775
29375
28753
28776
29376
28754
28777
29377
28755
28778
29378
28756
28779
29379
28757
28780
29380
28758
28781
29381
28759
28782
29382
28760
28783
29383
28761
28784
29384
28762
28785
29385
28763
28786
29386
28764
28787
29387
28765
28788
29388
28766
28789
29389
28767
28790
29390
28768
28791
29391
28769
28792
29392
28770
28793
29393
28771
28794
29394
28772
28795
29395
28773
28796
29396
28774
28797
29397
28775
28798
29398
28799
29399
28777
28800
29400
28778
28801
29401
28779
28802
29402
28780
28803
29403
28781
28804
29404
28782
28805
29405
28783
28806
29406
28784
28807
29407
28785
28808
29408
28786
28809
29409
28787
28810
29410
28788
28811
29411
28789
28812
29412
28790
28813
29413
28791
28814
29414
28792
28815
29415
28793
28816
29416
28794
28817
29417
28795
28818
29418
28796
28819
29419
28797
28820
29420
28798
28821
29421
28799
28822
29422
28823
29423
28801
28824
29424
28802
28825
29425
28803
28826
29426
28804
28827
29427
28805
28828
29428
28806
28829
29429
28807
28830
29430
28808
28831
29431
28809
28832
29432
28810
28833
29433
28811
28834
29434
28812
28835
29435
28813
28836
29436
28814
28837
29437
28815
28838
29438
28816
28839
29439
28817
28840
29440
28818
28841
29441
28819
28842
29442
28820
28843
29443
28821
28844
29444
28822
28845
29445
28823
28846
29446
28847
29447
28825
28848
29448
28826
28849
29449
28827
28850
29450
28828
28851
29451
28829
28852
29452
28830
28853
29453
28831
28854
29454
28832
28855
29455
28833
28856
29456
28834
28857
29457
28835
28858
29458
28836
28859
29459
28837
28860
29460
28838
28861
29461
28839
28862
29462
28840
28863
29463
28841
28864
29464
28842
28865
29465
28843
28866
29466
28844
28867
29467
28845
28868
29468
28846
28869
29469
28847
28870
29470
28871
29471
28849
28872
29472
28850
28873
29473
28851
28874
29474
28852
28875
29475
28853
28876
29476
28854
28877
29477
28855
28878
29478
28856
28879
29479
28857
28880
29480
28858
28881
29481
28859
28882
29482
28860
28883
29483
28861
28884
29484
28862
28885
29485
28863
28886
29486
28864
28887
29487
28865
28888
29488
28866
28889
29489
28867
28890
29490
28868
28891
29491
28869
28892
29492
28870
28893
29493
28871
28894
29494
28895
29495
28873
28896
29496
28874
28897
29497
28875
28898
29498
28876
28899
29499
28877
28900
29500
28878
28901
29501
28879
28902
29502
28880
28903
29503
28881
28904
29504
28882
28905
29505
28883
28906
29506
28884
28907
29507
28885
28908
29508
28886
28909
29509
28887
28910
29510
28888
28911
29511
28889
28912
29512
28890
28913
29513
28891
28914
29514
28892
28915
29515
28893
28916
29516
28894
28917
29517
28895
28918
29518
28919
29519
28897
28920
29520
28898
28921
29521
28899
28922
29522
28900
28923
29523
28901
28924
29524
28902
28925
29525
28903
28926
29526
28904
28927
29527
28905
28928
29528
28906
28929
29529
28907
28930
29530
28908
28931
29531
28909
28932
29532
28910
28933
29533
28911
28934
29534
28912
28935
29535
28913
28936
29536
28914
28937
29537
28915
28938
29538
28916
28939
29539
28917
28940
29540
28918
28941
29541
28919
28942
29542
28943
29543
28921
28944
29544
28922
28945
29545
28923
28946
29546
28924
28947
29547
28925
28948
29548
28926
28949
29549
28927
28950
29550
28928
28951
29551
28929
28952
29552
28930
28953
29553
28931
28954
29554
28932
28955
29555
28933
28956
29556
28934
28957
29557
28935
28958
29558
28936
28959
29559
28937
28960
29560
28938
28961
29561
28939
28962
29562
28940
28963
29563
28941
28964
29564
28942
28965
29565
28943
28966
29566
28967
29567
28945
28968
29568
28946
28969
29569
28947
28970
29570
28948
28971
29571
28949
28972
29572
28950
28973
29573
28951
28974
29574
28952
28975
29575
28953
28976
29576
28954
28977
29577
28955
28978
29578
28956
28979
29579
28957
28980
29580
28958
28981
29581
28959
28982
29582
28960
28983
29583
28961
28984
29584
28962
28985
29585
28963
28986
29586
28964
28987
29587
28965
28988
29588
28966
28989
29589
28967
28990
29590
28991
29591
28969
28992
29592
28970
28993
29593
28971
28994
29594
28972
28995
29595
28973
28996
29596
28974
28997
29597
28975
28998
29598
28976
28999
29599
28977
29000
29600
28978
29001
29601
28979
29002
29602
28980
29003
29603
28981
29004
29604
28982
29005
29605
28983
29006
29606
28984
29007
29607
28985
29008
29608
28986
29009
29609
28987
29010
29610
28988
29011
29611
28989
29012
29612
28990
29013
29613
28991
29014
29614
29015
29615
28993
29016
29616
28994
29017
29617
28995
29018
29618
28996
29019
29619
28997
29020
29620
28998
29021
29621
28999
29022
29622
29000
29023
29623
29001
29024
29624
29002
29025
29625
29003
29026
29626
29004
29027
29627
29005
29028
29628
29006
29029
29629
29007
29030
29630
29008
29031
29631
29009
29032
29632
29010
29033
29633
29011
29034
29634
29012
29035
29635
29013
29036
29636
29014
29037
29637
29015
29038
29638
29039
29639
29017
29040
29640
29018
29041
29641
29019
29042
29642
29020
29043
29643
29021
29044
29644
29022
29045
29645
29023
29046
29646
29024
29047
29647
29025
29048
29648
29026
29049
29649
29027
29050
29650
29028
29051
29651
29029
29052
29652
29030
29053
29653
29031
29054
29654
29032
29055
29655
29033
29056
29656
29034
29057
29657
29035
29058
29658
29036
29059
29659
29037
29060
29660
29038
29061
29661
29039
29062
29662
29063
29663
29041
29064
29664
29042
29065
29665
29043
29066
29666
29044
29067
29667
29045
29068
29668
29046
29069
29669
29047
29070
29670
29048
29071
29671
29049
29072
29672
29050
29073
29673
29051
29074
29674
29052
29075
29675
29053
29076
29676
29054
29077
29677
29055
29078
29678
29056
29079
29679
29057
29080
29680
29058
29081
29681
29059
29082
29682
29060
29083
29683
29061
29084
29684
29062
29085
29685
29063
29086
29686
29087
29687
29065
29088
29688
29066
29089
29689
29067
29090
29690
29068
29091
29691
29069
29092
29692
29070
29093
29693
29071
29094
29694
29072
29095
29695
29073
29096
29696
29074
29097
29697
29075
29098
29698
29076
29099
29699
29077
29100
29700
29078
29101
29701
29079
29102
29702
29080
29103
29703
29081
29104
29704
29082
29105
29705
29083
29106
29706
29084
29107
29707
29085
29108
29708
29086
29109
29709
29087
29110
29710
29111
29711
29089
29112
29712
29090
29113
29713
29091
29114
29714
29092
29115
29715
29093
29116
29716
29094
29117
29717
29095
29118
29718
29096
29119
29719
29097
29120
29720
29098
29121
29721
29099
29122
29722
29100
29123
29723
29101
29124
29724
29102
29125
29725
29103
29126
29726
29104
29127
29727
29105
29128
29728
29106
29129
29729
29107
29130
29730
29108
29131
29731
29109
29132
29732
29110
29133
29733
29111
29134
29734
29135
29735
29113
29136
29736
29114
29137
29737
29115
29138
29738
29116
29139
29739
29117
29140
29740
29118
29141
29741
29119
29142
29742
29120
29143
29743
29121
29144
29744
29122
29145
29745
29123
29146
29746
29124
29147
29747
29125
29148
29748
29126
29149
29749
29127
29150
29750
29128
29151
29751
29129
29152
29752
29130
29153
29753
29131
29154
29754
29132
29155
29755
29133
29156
29756
29134
29157
29757
29135
29158
29758
29159
29759
29137
29160
29760
29138
29161
29761
29139
29162
29762
29140
29163
29763
29141
29164
29764
29142
29165
29765
29143
29166
29766
29144
29167
29767
29145
29168
29768
29146
29169
29769
29147
29170
29770
29148
29171
29771
29149
29172
29772
29150
29173
29773
29151
29174
29774
29152
29175
29775
29153
29176
29776
29154
29177
29777
29155
29178
29778
29156
29179
29779
29157
29180
29780
29158
29181
29781
29159
29182
29782
29183
29783
29161
29184
29784
29162
29185
29785
29163
29186
29786
29164
29187
29787
29165
29188
29788
29166
29189
29789
29167
29190
29790
29168
29191
29791
29169
29192
29792
29170
29193
29793
29171
29194
29794
29172
29195
29795
29173
29196
29796
29174
29197
29797
29175
29198
29798
29176
29199
29799
29177
29200
29800
29178
29201
29801
29179
29202
29802
29180
29203
29803
29181
29204
29804
29182
29205
29805
29183
29206
29806
29207
29807
29185
29208
29808
29186
29209
29809
29187
29210
29810
29188
29211
29811
29189
29212
29812
29190
29213
29813
29191
29214
29814
29192
29215
29815
29193
29216
29816
29194
29217
29817
29195
29218
29818
29196
29219
29819
29197
29220
29820
29198
29221
29821
29199
29222
29822
29200
29223
29823
29201
29224
29824
29202
29225
29825
29203
29226
29826
29204
29227
29827
29205
29228
29828
29206
29229
29829
29207
29230
29830
29231
29831
29209
29232
29832
29210
29233
29833
29211
29234
29834
29212
29235
29835
29213
29236
29836
29214
29237
29837
29215
29238
29838
29216
29239
29839
29217
29240
29840
29218
29241
29841
29219
29242
29842
29220
29243
29843
29221
29244
29844
29222
29245
29845
29223
29246
29846
29224
29247
29847
29225
29248
29848
29226
29249
29849
29227
29250
29850
29228
29251
29851
29229
29252
29852
29230
29253
29853
29231
29254
29854
29255
29855
29233
29256
29856
29234
29257
29857
29235
29258
29858
29236
29259
29859
29237
29260
29860
29238
29261
29861
29239
29262
29862
29240
29263
29863
29241
29264
29864
29242
29265
29865
29243
29266
29866
29244
29267
29867
29245
29268
29868
29246
29269
29869
29247
29270
29870
29248
29271
29871
29249
29272
29872
29250
29273
29873
29251
29274
29874
29252
29275
29875
29253
29276
29876
29254
29277
29877
29255
29278
29878
29279
29879
29257
29280
29880
29258
29281
29881
29259
29282
29882
29260
29283
29883
29261
29284
29884
29262
29285
29885
29263
29286
29886
29264
29287
29887
29265
29288
29888
29266
29289
29889
29267
29290
29890
29268
29291
29891
29269
29292
29892
29270
29293
29893
29271
29294
29894
29272
29295
29895
29273
29296
29896
29274
29297
29897
29275
29298
29898
29276
29299
29899
29277
29300
29900
29278
29301
29901
29279
29302
29902
29303
29903
29281
29304
29904
29282
29305
29905
29283
29306
29906
29284
29307
29907
29285
29308
29908
29286
29309
29909
29287
29310
29910
29288
29311
29911
29289
29312
29912
29290
29313
29913
29291
29314
29914
29292
29315
29915
29293
29316
29916
29294
29317
29917
29295
29318
29918
29296
29319
29919
29297
29320
29920
29298
29321
29921
29299
29322
29922
29300
29323
29923
29301
29324
29924
29302
29325
29925
29303
29326
29926
29327
29927
29305
29928
29306
29929
29307
29930
29308
29931
29309
29932
29310
29933
29311
29934
29312
29935
29313
29936
29314
29937
29315
29938
29316
29939
29317
29940
29318
29941
29319
29942
29320
29943
29321
29944
29322
29945
29323
29946
29324
29947
29325
29948
29326
29949
29327
29950
29951
29329
29352
29952
29330
29353
29953
29331
29354
29954
29332
29355
29955
29333
29356
29956
29334
29357
29957
29335
29358
29958
29336
29359
29959
29337
29360
29960
29338
29361
29961
29339
29362
29962
29340
29363
29963
29341
29364
29964
29342
29365
29965
29343
29366
29966
29344
29367
29967
29345
29368
29968
29346
29369
29969
29347
29370
29970
29348
29371
29971
29349
29372
29972
29350
29373
29973
29351
29374
29974
29375
29975
29353
29376
29976
29354
29377
29977
29355
29378
29978
29356
29379
29979
29357
29380
29980
29358
29381
29981
29359
29382
29982
29360
29383
29983
29361
29384
29984
29362
29385
29985
29363
29386
29986
29364
29387
29987
29365
29388
29988
29366
29389
29989
29367
29390
29990
29368
29391
29991
29369
29392
29992
29370
29393
29993
29371
29394
29994
29372
29395
29995
29373
29396
29996
29374
29397
29997
29375
29398
29998
29399
29999
29377
29400
30000
29378
29401
30001
29379
29402
30002
29380
29403
30003
29381
29404
30004
29382
29405
30005
29383
29406
30006
29384
29407
30007
29385
29408
30008
29386
29409
30009
29387
29410
30010
29388
29411
30011
29389
29412
30012
29390
29413
30013
29391
29414
30014
29392
29415
30015
29393
29416
30016
29394
29417
30017
29395
29418
30018
29396
29419
30019
29397
29420
30020
29398
29421
30021
29399
29422
30022
29423
30023
29401
29424
30024
29402
29425
30025
29403
29426
30026
29404
29427
30027
29405
29428
30028
29406
29429
30029
29407
29430
30030
29408
29431
30031
29409
29432
30032
29410
29433
30033
29411
29434
30034
29412
29435
30035
29413
29436
30036
29414
29437
30037
29415
29438
30038
29416
29439
30039
29417
29440
30040
29418
29441
30041
29419
29442
30042
29420
29443
30043
29421
29444
30044
29422
29445
30045
29423
29446
30046
29447
30047
29425
29448
30048
29426
29449
30049
29427
29450
30050
29428
29451
30051
29429
29452
30052
29430
29453
30053
29431
29454
30054
29432
29455
30055
29433
29456
30056
29434
29457
30057
29435
29458
30058
29436
29459
30059
29437
29460
30060
29438
29461
30061
29439
29462
30062
29440
29463
30063
29441
29464
30064
29442
29465
30065
29443
29466
30066
29444
29467
30067
29445
29468
30068
29446
29469
30069
29447
29470
30070
29471
30071
29449
29472
30072
29450
29473
30073
29451
29474
30074
29452
29475
30075
29453
29476
30076
29454
29477
30077
29455
29478
30078
29456
29479
30079
29457
29480
30080
29458
29481
30081
29459
29482
30082
29460
29483
30083
29461
29484
30084
29462
29485
30085
29463
29486
30086
29464
29487
30087
29465
29488
30088
29466
29489
30089
29467
29490
30090
29468
29491
30091
29469
29492
30092
29470
29493
30093
29471
29494
30094
29495
30095
29473
29496
30096
29474
29497
30097
29475
29498
30098
29476
29499
30099
29477
29500
30100
29478
29501
30101
29479
29502
30102
29480
29503
30103
29481
29504
30104
29482
29505
30105
29483
29506
30106
29484
29507
30107
29485
29508
30108
29486
29509
30109
29487
29510
30110
29488
29511
30111
29489
29512
30112
29490
29513
30113
29491
29514
30114
29492
29515
30115
29493
29516
30116
29494
29517
30117
29495
29518
30118
29519
30119
29497
29520
30120
29498
29521
30121
29499
29522
30122
29500
29523
30123
29501
29524
30124
29502
29525
30125
29503
29526
30126
29504
29527
30127
29505
29528
30128
29506
29529
30129
29507
29530
30130
29508
29531
30131
29509
29532
30132
29510
29533
30133
29511
29534
30134
29512
29535
30135
29513
29536
30136
29514
29537
30137
29515
29538
30138
29516
29539
30139
29517
29540
30140
29518
29541
30141
29519
29542
30142
29543
30143
29521
29544
30144
29522
29545
30145
29523
29546
30146
29524
29547
30147
29525
29548
30148
29526
29549
30149
29527
29550
30150
29528
29551
30151
29529
29552
30152
29530
29553
30153
29531
29554
30154
29532
29555
30155
29533
29556
30156
29534
29557
30157
29535
29558
30158
29536
29559
30159
29537
29560
30160
29538
29561
30161
29539
29562
30162
29540
29563
30163
29541
29564
30164
29542
29565
30165
29543
29566
30166
29567
30167
29545
29568
30168
29546
29569
30169
29547
29570
30170
29548
29571
30171
29549
29572
30172
29550
29573
30173
29551
29574
30174
29552
29575
30175
29553
29576
30176
29554
29577
30177
29555
29578
30178
29556
29579
30179
29557
29580
30180
29558
29581
30181
29559
29582
30182
29560
29583
30183
29561
29584
30184
29562
29585
30185
29563
29586
30186
29564
29587
30187
29565
29588
30188
29566
29589
30189
29567
29590
30190
29591
30191
29569
29592
30192
29570
29593
30193
29571
29594
30194
29572
29595
30195
29573
29596
30196
29574
29597
30197
29575
29598
30198
29576
29599
30199
29577
29600
30200
29578
29601
30201
29579
29602
30202
29580
29603
30203
29581
29604
30204
29582
29605
30205
29583
29606
30206
29584
29607
30207
29585
29608
30208
29586
29609
30209
29587
29610
30210
29588
29611
30211
29589
29612
30212
29590
29613
30213
29591
29614
30214
29615
30215
29593
29616
30216
29594
29617
30217
29595
29618
30218
29596
29619
30219
29597
29620
30220
29598
29621
30221
29599
29622
30222
29600
29623
30223
29601
29624
30224
29602
29625
30225
29603
29626
30226
29604
29627
30227
29605
29628
30228
29606
29629
30229
29607
29630
30230
29608
29631
30231
29609
29632
30232
29610
29633
30233
29611
29634
30234
29612
29635
30235
29613
29636
30236
29614
29637
30237
29615
29638
30238
29639
30239
29617
29640
30240
29618
29641
30241
29619
29642
30242
29620
29643
30243
29621
29644
30244
29622
29645
30245
29623
29646
30246
29624
29647
30247
29625
29648
30248
29626
29649
30249
29627
29650
30250
29628
29651
30251
29629
29652
30252
29630
29653
30253
29631
29654
30254
29632
29655
30255
29633
29656
30256
29634
29657
30257
29635
29658
30258
29636
29659
30259
29637
29660
30260
29638
29661
30261
29639
29662
30262
29663
30263
29641
29664
30264
29642
29665
30265
29643
29666
30266
29644
29667
30267
29645
29668
30268
29646
29669
30269
29647
29670
30270
29648
29671
30271
29649
29672
30272
29650
29673
30273
29651
29674
30274
29652
29675
30275
29653
29676
30276
29654
29677
30277
29655
29678
30278
29656
29679
30279
29657
29680
30280
29658
29681
30281
29659
29682
30282
29660
29683
30283
29661
29684
30284
29662
29685
30285
29663
29686
30286
29687
30287
29665
29688
30288
29666
29689
30289
29667
29690
30290
29668
29691
30291
29669
29692
30292
29670
29693
30293
29671
29694
30294
29672
29695
30295
29673
29696
30296
29674
29697
30297
29675
29698
30298
29676
29699
30299
29677
29700
30300
29678
29701
30301
29679
29702
30302
29680
29703
30303
29681
29704
30304
29682
29705
30305
29683
29706
30306
29684
29707
30307
29685
29708
30308
29686
29709
30309
29687
29710
30310
29711
30311
29689
29712
30312
29690
29713
30313
29691
29714
30314
29692
29715
30315
29693
29716
30316
29694
29717
30317
29695
29718
30318
29696
29719
30319
29697
29720
30320
29698
29721
30321
29699
29722
30322
29700
29723
30323
29701
29724
30324
29702
29725
30325
29703
29726
30326
29704
29727
30327
29705
29728
30328
29706
29729
30329
29707
29730
30330
29708
29731
30331
29709
29732
30332
29710
29733
30333
29711
29734
30334
29735
30335
29713
29736
30336
29714
29737
30337
29715
29738
30338
29716
29739
30339
29717
29740
30340
29718
29741
30341
29719
29742
30342
29720
29743
30343
29721
29744
30344
29722
29745
30345
29723
29746
30346
29724
29747
30347
29725
29748
30348
29726
29749
30349
29727
29750
30350
29728
29751
30351
29729
29752
30352
29730
29753
30353
29731
29754
30354
29732
29755
30355
29733
29756
30356
29734
29757
30357
29735
29758
30358
29759
30359
29737
29760
30360
29738
29761
30361
29739
29762
30362
29740
29763
30363
29741
29764
30364
29742
29765
30365
29743
29766
30366
29744
29767
30367
29745
29768
30368
29746
29769
30369
29747
29770
30370
29748
29771
30371
29749
29772
30372
29750
29773
30373
29751
29774
30374
29752
29775
30375
29753
29776
30376
29754
29777
30377
29755
29778
30378
29756
29779
30379
29757
29780
30380
29758
29781
30381
29759
29782
30382
29783
30383
29761
29784
30384
29762
29785
30385
29763
29786
30386
29764
29787
30387
29765
29788
30388
29766
29789
30389
29767
29790
30390
29768
29791
30391
29769
29792
30392
29770
29793
30393
29771
29794
30394
29772
29795
30395
29773
29796
30396
29774
29797
30397
29775
29798
30398
29776
29799
30399
29777
29800
30400
29778
29801
30401
29779
29802
30402
29780
29803
30403
29781
29804
30404
29782
29805
30405
29783
29806
30406
29807
30407
29785
29808
30408
29786
29809
30409
29787
29810
30410
29788
29811
30411
29789
29812
30412
29790
29813
30413
29791
29814
30414
29792
29815
30415
29793
29816
30416
29794
29817
30417
29795
29818
30418
29796
29819
30419
29797
29820
30420
29798
29821
30421
29799
29822
30422
29800
29823
30423
29801
29824
30424
29802
29825
30425
29803
29826
30426
29804
29827
30427
29805
29828
30428
29806
29829
30429
29807
29830
30430
29831
30431
29809
29832
30432
29810
29833
30433
29811
29834
30434
29812
29835
30435
29813
29836
30436
29814
29837
30437
29815
29838
30438
29816
29839
30439
29817
29840
30440
29818
29841
30441
29819
29842
30442
29820
29843
30443
29821
29844
30444
29822
29845
30445
29823
29846
30446
29824
29847
30447
29825
29848
30448
29826
29849
30449
29827
29850
30450
29828
29851
30451
29829
29852
30452
29830
29853
30453
29831
29854
30454
29855
30455
29833
29856
30456
29834
29857
30457
29835
29858
30458
29836
29859
30459
29837
29860
30460
29838
29861
30461
29839
29862
30462
29840
29863
30463
29841
29864
30464
29842
29865
30465
29843
29866
30466
29844
29867
30467
29845
29868
30468
29846
29869
30469
29847
29870
30470
29848
29871
30471
29849
29872
30472
29850
29873
30473
29851
29874
30474
29852
29875
30475
29853
29876
30476
29854
29877
30477
29855
29878
30478
29879
30479
29857
29880
30480
29858
29881
30481
29859
29882
30482
29860
29883
30483
29861
29884
30484
29862
29885
30485
29863
29886
30486
29864
29887
30487
29865
29888
30488
29866
29889
30489
29867
29890
30490
29868
29891
30491
29869
29892
30492
29870
29893
30493
29871
29894
30494
29872
29895
30495
29873
29896
30496
29874
29897
30497
29875
29898
30498
29876
29899
30499
29877
29900
30500
29878
29901
30501
29879
29902
30502
29903
30503
29881
29904
30504
29882
29905
30505
29883
29906
30506
29884
29907
30507
29885
29908
30508
29886
29909
30509
29887
29910
30510
29888
29911
30511
29889
29912
30512
29890
29913
30513
29891
29914
30514
29892
29915
30515
29893
29916
30516
29894
29917
30517
29895
29918
30518
29896
29919
30519
29897
29920
30520
29898
29921
30521
29899
29922
30522
29900
29923
30523
29901
29924
30524
29902
29925
30525
29903
29926
30526
29927
30527
29905
29928
30528
29906
29929
30529
29907
29930
30530
29908
29931
30531
29909
29932
30532
29910
29933
30533
29911
29934
30534
29912
29935
30535
29913
29936
30536
29914
29937
30537
29915
29938
30538
29916
29939
30539
29917
29940
30540
29918
29941
30541
29919
29942
30542
29920
29943
30543
29921
29944
30544
29922
29945
30545
29923
29946
30546
29924
29947
30547
29925
29948
30548
29926
29949
30549
29927
29950
30550
29951
30551
29929
30552
29930
30553
29931
30554
29932
30555
29933
30556
29934
30557
29935
30558
29936
30559
29937
30560
29938
30561
29939
30562
29940
30563
29941
30564
29942
30565
29943
30566
29944
30567
29945
30568
29946
30569
29947
30570
29948
30571
29949
30572
29950
30573
29951
30574
30575
29953
29976
30576
29954
29977
30577
29955
29978
30578
29956
29979
30579
29957
29980
30580
29958
29981
30581
29959
29982
30582
29960
29983
30583
29961
29984
30584
29962
29985
30585
29963
29986
30586
29964
29987
30587
29965
29988
30588
29966
29989
30589
29967
29990
30590
29968
29991
30591
29969
29992
30592
29970
29993
30593
29971
29994
30594
29972
29995
30595
29973
29996
30596
29974
29997
30597
29975
29998
30598
29999
30599
29977
30000
30600
29978
30001
30601
29979
30002
30602
29980
30003
30603
29981
30004
30604
29982
30005
30605
29983
30006
30606
29984
30007
30607
29985
30008
30608
29986
30009
30609
29987
30010
30610
29988
30011
30611
29989
30012
30612
29990
30013
30613
29991
30014
30614
29992
30015
30615
29993
30016
30616
29994
30017
30617
29995
30018
30618
29996
30019
30619
29997
30020
30620
29998
30021
30621
29999
30022
30622
30023
30623
30001
30024
30624
30002
30025
30625
30003
30026
30626
30004
30027
30627
30005
30028
30628
30006
30029
30629
30007
30030
30630
30008
30031
30631
30009
30032
30632
30010
30033
30633
30011
30034
30634
30012
30035
30635
30013
30036
30636
30014
30037
30637
30015
30038
30638
30016
30039
30639
30017
30040
30640
30018
30041
30641
30019
30042
30642
30020
30043
30643
30021
30044
30644
30022
30045
30645
30023
30046
30646
30047
30647
30025
30048
30648
30026
30049
30649
30027
30050
30650
30028
30051
30651
30029
30052
30652
30030
30053
30653
30031
30054
30654
30032
30055
30655
30033
30056
30656
30034
30057
30657
30035
30058
30658
30036
30059
30659
30037
30060
30660
30038
30061
30661
30039
30062
30662
30040
30063
30663
30041
30064
30664
30042
30065
30665
30043
30066
30666
30044
30067
30667
30045
30068
30668
30046
30069
30669
30047
30070
30670
30071
30671
30049
30072
30672
30050
30073
30673
30051
30074
30674
30052
30075
30675
30053
30076
30676
30054
30077
30677
30055
30078
30678
30056
30079
30679
30057
30080
30680
30058
30081
30681
30059
30082
30682
30060
30083
30683
30061
30084
30684
30062
30085
30685
30063
30086
30686
30064
30087
30687
30065
30088
30688
30066
30089
30689
30067
30090
30690
30068
30091
30691
30069
30092
30692
30070
30093
30693
30071
30094
30694
30095
30695
30073
30096
30696
30074
30097
30697
30075
30098
30698
30076
30099
30699
30077
30100
30700
30078
30101
30701
30079
30102
30702
30080
30103
30703
30081
30104
30704
30082
30105
30705
30083
30106
30706
30084
30107
30707
30085
30108
30708
30086
30109
30709
30087
30110
30710
30088
30111
30711
30089
30112
30712
30090
30113
30713
30091
30114
30714
30092
30115
30715
30093
30116
30716
30094
30117
30717
30095
30118
30718
30119
30719
30097
30120
30720
30098
30121
30721
30099
30122
30722
30100
30123
30723
30101
30124
30724
30102
30125
30725
30103
30126
30726
30104
30127
30727
30105
30128
30728
30106
30129
30729
30107
30130
30730
30108
30131
30731
30109
30132
30732
30110
30133
30733
30111
30134
30734
30112
30135
30735
30113
30136
30736
30114
30137
30737
30115
30138
30738
30116
30139
30739
30117
30140
30740
30118
30141
30741
30119
30142
30742
30143
30743
30121
30144
30744
30122
30145
30745
30123
30146
30746
30124
30147
30747
30125
30148
30748
30126
30149
30749
30127
30150
30750
30128
30151
30751
30129
30152
30752
30130
30153
30753
30131
30154
30754
30132
30155
30755
30133
30156
30756
30134
30157
30757
30135
30158
30758
30136
30159
30759
30137
30160
30760
30138
30161
30761
30139
30162
30762
30140
30163
30763
30141
30164
30764
30142
30165
30765
30143
30166
30766
30167
30767
30145
30168
30768
30146
30169
30769
30147
30170
30770
30148
30171
30771
30149
30172
30772
30150
30173
30773
30151
30174
30774
30152
30175
30775
30153
30176
30776
30154
30177
30777
30155
30178
30778
30156
30179
30779
30157
30180
30780
30158
30181
30781
30159
30182
30782
30160
30183
30783
30161
30184
30784
30162
30185
30785
30163
30186
30786
30164
30187
30787
30165
30188
30788
30166
30189
30789
30167
30190
30790
30191
30791
30169
30192
30792
30170
30193
30793
30171
30194
30794
30172
30195
30795
30173
30196
30796
30174
30197
30797
30175
30198
30798
30176
30199
30799
30177
30200
30800
30178
30201
30801
30179
30202
30802
30180
30203
30803
30181
30204
30804
30182
30205
30805
30183
30206
30806
30184
30207
30807
30185
30208
30808
30186
30209
30809
30187
30210
30810
30188
30211
30811
30189
30212
30812
30190
30213
30813
30191
30214
30814
30215
30815
30193
30216
30816
30194
30217
30817
30195
30218
30818
30196
30219
30819
30197
30220
30820
30198
30221
30821
30199
30222
30822
30200
30223
30823
30201
30224
30824
30202
30225
30825
30203
30226
30826
30204
30227
30827
30205
30228
30828
30206
30229
30829
30207
30230
30830
30208
30231
30831
30209
30232
30832
30210
30233
30833
30211
30234
30834
30212
30235
30835
30213
30236
30836
30214
30237
30837
30215
30238
30838
30239
30839
30217
30240
30840
30218
30241
30841
30219
30242
30842
30220
30243
30843
30221
30244
30844
30222
30245
30845
30223
30246
30846
30224
30247
30847
30225
30248
30848
30226
30249
30849
30227
30250
30850
30228
30251
30851
30229
30252
30852
30230
30253
30853
30231
30254
30854
30232
30255
30855
30233
30256
30856
30234
30257
30857
30235
30258
30858
30236
30259
30859
30237
30260
30860
30238
30261
30861
30239
30262
30862
30263
30863
30241
30264
30864
30242
30265
30865
30243
30266
30866
30244
30267
30867
30245
30268
30868
30246
30269
30869
30247
30270
30870
30248
30271
30871
30249
30272
30872
30250
30273
30873
30251
30274
30874
30252
30275
30875
30253
30276
30876
30254
30277
30877
30255
30278
30878
30256
30279
30879
30257
30280
30880
30258
30281
30881
30259
30282
30882
30260
30283
30883
30261
30284
30884
30262
30285
30885
30263
30286
30886
30287
30887
30265
30288
30888
30266
30289
30889
30267
30290
30890
30268
30291
30891
30269
30292
30892
30270
30293
30893
30271
30294
30894
30272
30295
30895
30273
30296
30896
30274
30297
30897
30275
30298
30898
30276
30299
30899
30277
30300
30900
30278
30301
30901
30279
30302
30902
30280
30303
30903
30281
30304
30904
30282
30305
30905
30283
30306
30906
30284
30307
30907
30285
30308
30908
30286
30309
30909
30287
30310
30910
30311
30911
30289
30312
30912
30290
30313
30913
30291
30314
30914
30292
30315
30915
30293
30316
30916
30294
30317
30917
30295
30318
30918
30296
30319
30919
30297
30320
30920
30298
30321
30921
30299
30322
30922
30300
30323
30923
30301
30324
30924
30302
30325
30925
30303
30326
30926
30304
30327
30927
30305
30328
30928
30306
30329
30929
30307
30330
30930
30308
30331
30931
30309
30332
30932
30310
30333
30933
30311
30334
30934
30335
30935
30313
30336
30936
30314
30337
30937
30315
30338
30938
30316
30339
30939
30317
30340
30940
30318
30341
30941
30319
30342
30942
30320
30343
30943
30321
30344
30944
30322
30345
30945
30323
30346
30946
30324
30347
30947
30325
30348
30948
30326
30349
30949
30327
30350
30950
30328
30351
30951
30329
30352
30952
30330
30353
30953
30331
30354
30954
30332
30355
30955
30333
30356
30956
30334
30357
30957
30335
30358
30958
30359
30959
30337
30360
30960
30338
30361
30961
30339
30362
30962
30340
30363
30963
30341
30364
30964
30342
30365
30965
30343
30366
30966
30344
30367
30967
30345
30368
30968
30346
30369
30969
30347
30370
30970
30348
30371
30971
30349
30372
30972
30350
30373
30973
30351
30374
30974
30352
30375
30975
30353
30376
30976
30354
30377
30977
30355
30378
30978
30356
30379
30979
30357
30380
30980
30358
30381
30981
30359
30382
30982
30383
30983
30361
30384
30984
30362
30385
30985
30363
30386
30986
30364
30387
30987
30365
30388
30988
30366
30389
30989
30367
30390
30990
30368
30391
30991
30369
30392
30992
30370
30393
30993
30371
30394
30994
30372
30395
30995
30373
30396
30996
30374
30397
30997
30375
30398
30998
30376
30399
30999
30377
30400
31000
30378
30401
31001
30379
30402
31002
30380
30403
31003
30381
30404
31004
30382
30405
31005
30383
30406
31006
30407
31007
30385
30408
31008
30386
30409
31009
30387
30410
31010
30388
30411
31011
30389
30412
31012
30390
30413
31013
30391
30414
31014
30392
30415
31015
30393
30416
31016
30394
30417
31017
30395
30418
31018
30396
30419
31019
30397
30420
31020
30398
30421
31021
30399
30422
31022
30400
30423
31023
30401
30424
31024
30402
30425
31025
30403
30426
31026
30404
30427
31027
30405
30428
31028
30406
30429
31029
30407
30430
31030
30431
31031
30409
30432
31032
30410
30433
31033
30411
30434
31034
30412
30435
31035
30413
30436
31036
30414
30437
31037
30415
30438
31038
30416
30439
31039
30417
30440
31040
30418
30441
31041
30419
30442
31042
30420
30443
31043
30421
30444
31044
30422
30445
31045
30423
30446
31046
30424
30447
31047
30425
30448
31048
30426
30449
31049
30427
30450
31050
30428
30451
31051
30429
30452
31052
30430
30453
31053
30431
30454
31054
30455
31055
30433
30456
31056
30434
30457
31057
30435
30458
31058
30436
30459
31059
30437
30460
31060
30438
30461
31061
30439
30462
31062
30440
30463
31063
30441
30464
31064
30442
30465
31065
30443
30466
31066
30444
30467
31067
30445
30468
31068
30446
30469
31069
30447
30470
31070
30448
30471
31071
30449
30472
31072
30450
30473
31073
30451
30474
31074
30452
30475
31075
30453
30476
31076
30454
30477
31077
30455
30478
31078
30479
31079
30457
30480
31080
30458
30481
31081
30459
30482
31082
30460
30483
31083
30461
30484
31084
30462
30485
31085
30463
30486
31086
30464
30487
31087
30465
30488
31088
30466
30489
31089
30467
30490
31090
30468
30491
31091
30469
30492
31092
30470
30493
31093
30471
30494
31094
30472
30495
31095
30473
30496
31096
30474
30497
31097
30475
30498
31098
30476
30499
31099
30477
30500
31100
30478
30501
31101
30479
30502
31102
30503
31103
30481
30504
31104
30482
30505
31105
30483
30506
31106
30484
30507
31107
30485
30508
31108
30486
30509
31109
30487
30510
31110
30488
30511
31111
30489
30512
31112
30490
30513
31113
30491
30514
31114
30492
30515
31115
30493
30516
31116
30494
30517
31117
30495
30518
31118
30496
30519
31119
30497
30520
31120
30498
30521
31121
30499
30522
31122
30500
30523
31123
30501
30524
31124
30502
30525
31125
30503
30526
31126
30527
31127
30505
30528
31128
30506
30529
31129
30507
30530
31130
30508
30531
31131
30509
30532
31132
30510
30533
31133
30511
30534
31134
30512
30535
31135
30513
30536
31136
30514
30537
31137
30515
30538
31138
30516
30539
31139
30517
30540
31140
30518
30541
31141
30519
30542
31142
30520
30543
31143
30521
30544
31144
30522
30545
31145
30523
30546
31146
30524
30547
31147
30525
30548
31148
30526
30549
31149
30527
30550
31150
30551
31151
30529
30552
31152
30530
30553
31153
30531
30554
31154
30532
30555
31155
30533
30556
31156
30534
30557
31157
30535
30558
31158
30536
30559
31159
30537
30560
31160
30538
30561
31161
30539
30562
31162
30540
30563
31163
30541
30564
31164
30542
30565
31165
30543
30566
31166
30544
30567
31167
30545
30568
31168
30546
30569
31169
30547
30570
31170
30548
30571
31171
30549
30572
31172
30550
30573
31173
30551
30574
31174
30575
31175
30553
31176
30554
31177
30555
31178
30556
31179
30557
31180
30558
31181
30559
31182
30560
31183
30561
31184
30562
31185
30563
31186
30564
31187
30565
31188
30566
31189
30567
31190
30568
31191
30569
31192
30570
31193
30571
31194
30572
31195
30573
31196
30574
31197
30575
31198
31199
30577
30600
31200
30578
30601
31201
30579
30602
31202
30580
30603
31203
30581
30604
31204
30582
30605
31205
30583
30606
31206
30584
30607
31207
30585
30608
31208
30586
30609
31209
30587
30610
31210
30588
30611
31211
30589
30612
31212
30590
30613
31213
30591
30614
31214
30592
30615
31215
30593
30616
31216
30594
30617
31217
30595
30618
31218
30596
30619
31219
30597
30620
31220
30598
30621
31221
30599
30622
31222
30623
31223
30601
30624
31224
30602
30625
31225
30603
30626
31226
30604
30627
31227
30605
30628
31228
30606
30629
31229
30607
30630
31230
30608
30631
31231
30609
30632
31232
30610
30633
31233
30611
30634
31234
30612
30635
31235
30613
30636
31236
30614
30637
31237
30615
30638
31238
30616
30639
31239
30617
30640
31240
30618
30641
31241
30619
30642
31242
30620
30643
31243
30621
30644
31244
30622
30645
31245
30623
30646
31246
30647
31247
30625
30648
31248
30626
30649
31249
30627
30650
31250
30628
30651
31251
30629
30652
31252
30630
30653
31253
30631
30654
31254
30632
30655
31255
30633
30656
31256
30634
30657
31257
30635
30658
31258
30636
30659
31259
30637
30660
31260
30638
30661
31261
30639
30662
31262
30640
30663
31263
30641
30664
31264
30642
30665
31265
30643
30666
31266
30644
30667
31267
30645
30668
31268
30646
30669
31269
30647
30670
31270
30671
31271
30649
30672
31272
30650
30673
31273
30651
30674
31274
30652
30675
31275
30653
30676
31276
30654
30677
31277
30655
30678
31278
30656
30679
31279
30657
30680
31280
30658
30681
31281
30659
30682
31282
30660
30683
31283
30661
30684
31284
30662
30685
31285
30663
30686
31286
30664
30687
31287
30665
30688
31288
30666
30689
31289
30667
30690
31290
30668
30691
31291
30669
30692
31292
30670
30693
31293
30671
30694
31294
30695
31295
30673
30696
31296
30674
30697
31297
30675
30698
31298
30676
30699
31299
30677
30700
31300
30678
30701
31301
30679
30702
31302
30680
30703
31303
30681
30704
31304
30682
30705
31305
30683
30706
31306
30684
30707
31307
30685
30708
31308
30686
30709
31309
30687
30710
31310
30688
30711
31311
30689
30712
31312
30690
30713
31313
30691
30714
31314
30692
30715
31315
30693
30716
31316
30694
30717
31317
30695
30718
31318
30719
31319
30697
30720
31320
30698
30721
31321
30699
30722
31322
30700
30723
31323
30701
30724
31324
30702
30725
31325
30703
30726
31326
30704
30727
31327
30705
30728
31328
30706
30729
31329
30707
30730
31330
30708
30731
31331
30709
30732
31332
30710
30733
31333
30711
30734
31334
30712
30735
31335
30713
30736
31336
30714
30737
31337
30715
30738
31338
30716
30739
31339
30717
30740
31340
30718
30741
31341
30719
30742
31342
30743
31343
30721
30744
31344
30722
30745
31345
30723
30746
31346
30724
30747
31347
30725
30748
31348
30726
30749
31349
30727
30750
31350
30728
30751
31351
30729
30752
31352
30730
30753
31353
30731
30754
31354
30732
30755
31355
30733
30756
31356
30734
30757
31357
30735
30758
31358
30736
30759
31359
30737
30760
31360
30738
30761
31361
30739
30762
31362
30740
30763
31363
30741
30764
31364
30742
30765
31365
30743
30766
31366
30767
31367
30745
30768
31368
30746
30769
31369
30747
30770
31370
30748
30771
31371
30749
30772
31372
30750
30773
31373
30751
30774
31374
30752
30775
31375
30753
30776
31376
30754
30777
31377
30755
30778
31378
30756
30779
31379
30757
30780
31380
30758
30781
31381
30759
30782
31382
30760
30783
31383
30761
30784
31384
30762
30785
31385
30763
30786
31386
30764
30787
31387
30765
30788
31388
30766
30789
31389
30767
30790
31390
30791
31391
30769
30792
31392
30770
30793
31393
30771
30794
31394
30772
30795
31395
30773
30796
31396
30774
30797
31397
30775
30798
31398
30776
30799
31399
30777
30800
31400
30778
30801
31401
30779
30802
31402
30780
30803
31403
30781
30804
31404
30782
30805
31405
30783
30806
31406
30784
30807
31407
30785
30808
31408
30786
30809
31409
30787
30810
31410
30788
30811
31411
30789
30812
31412
30790
30813
31413
30791
30814
31414
30815
31415
30793
30816
31416
30794
30817
31417
30795
30818
31418
30796
30819
31419
30797
30820
31420
30798
30821
31421
30799
30822
31422
30800
30823
31423
30801
30824
31424
30802
30825
31425
30803
30826
31426
30804
30827
31427
30805
30828
31428
30806
30829
31429
30807
30830
31430
30808
30831
31431
30809
30832
31432
30810
30833
31433
30811
30834
31434
30812
30835
31435
30813
30836
31436
30814
30837
31437
30815
30838
31438
30839
31439
30817
30840
31440
30818
30841
31441
30819
30842
31442
30820
30843
31443
30821
30844
31444
30822
30845
31445
30823
30846
31446
30824
30847
31447
30825
30848
31448
30826
30849
31449
30827
30850
31450
30828
30851
31451
30829
30852
31452
30830
30853
31453
30831
30854
31454
30832
30855
31455
30833
30856
31456
30834
30857
31457
30835
30858
31458
30836
30859
31459
30837
30860
31460
30838
30861
31461
30839
30862
31462
30863
31463
30841
30864
31464
30842
30865
31465
30843
30866
31466
30844
30867
31467
30845
30868
31468
30846
30869
31469
30847
30870
31470
30848
30871
31471
30849
30872
31472
30850
30873
31473
30851
30874
31474
30852
30875
31475
30853
30876
31476
30854
30877
31477
30855
30878
31478
30856
30879
31479
30857
30880
31480
30858
30881
31481
30859
30882
31482
30860
30883
31483
30861
30884
31484
30862
30885
31485
30863
30886
31486
30887
31487
30865
30888
31488
30866
30889
31489
30867
30890
31490
30868
30891
31491
30869
30892
31492
30870
30893
31493
30871
30894
31494
30872
30895
31495
30873
30896
31496
30874
30897
31497
30875
30898
31498
30876
30899
31499
30877
30900
31500
30878
30901
31501
30879
30902
31502
30880
30903
31503
30881
30904
31504
30882
30905
31505
30883
30906
31506
30884
30907
31507
30885
30908
31508
30886
30909
31509
30887
30910
31510
30911
31511
30889
30912
31512
30890
30913
31513
30891
30914
31514
30892
30915
31515
30893
30916
31516
30894
30917
31517
30895
30918
31518
30896
30919
31519
30897
30920
31520
30898
30921
31521
30899
30922
31522
30900
30923
31523
30901
30924
31524
30902
30925
31525
30903
30926
31526
30904
30927
31527
30905
30928
31528
30906
30929
31529
30907
30930
31530
30908
30931
31531
30909
30932
31532
30910
30933
31533
30911
30934
31534
30935
31535
30913
30936
31536
30914
30937
31537
30915
30938
31538
30916
30939
31539
30917
30940
31540
30918
30941
31541
30919
30942
31542
30920
30943
31543
30921
30944
31544
30922
30945
31545
30923
30946
31546
30924
30947
31547
30925
30948
31548
30926
30949
31549
30927
30950
31550
30928
30951
31551
30929
30952
31552
30930
30953
31553
30931
30954
31554
30932
30955
31555
30933
30956
31556
30934
30957
31557
30935
30958
31558
30959
31559
30937
30960
31560
30938
30961
31561
30939
30962
31562
30940
30963
31563
30941
30964
31564
30942
30965
31565
30943
30966
31566
30944
30967
31567
30945
30968
31568
30946
30969
31569
30947
30970
31570
30948
30971
31571
30949
30972
31572
30950
30973
31573
30951
30974
31574
30952
30975
31575
30953
30976
31576
30954
30977
31577
30955
30978
31578
30956
30979
31579
30957
30980
31580
30958
30981
31581
30959
30982
31582
30983
31583
30961
30984
31584
30962
30985
31585
30963
30986
31586
30964
30987
31587
30965
30988
31588
30966
30989
31589
30967
30990
31590
30968
30991
31591
30969
30992
31592
30970
30993
31593
30971
30994
31594
30972
30995
31595
30973
30996
31596
30974
30997
31597
30975
30998
31598
30976
30999
31599
30977
31000
31600
30978
31001
31601
30979
31002
31602
30980
31003
31603
30981
31004
31604
30982
31005
31605
30983
31006
31606
31007
31607
30985
31008
31608
30986
31009
31609
30987
31010
31610
30988
31011
31611
30989
31012
31612
30990
31013
31613
30991
31014
31614
30992
31015
31615
30993
31016
31616
30994
31017
31617
30995
31018
31618
30996
31019
31619
30997
31020
31620
30998
31021
31621
30999
31022
31622
31000
31023
31623
31001
31024
31624
31002
31025
31625
31003
31026
31626
31004
31027
31627
31005
31028
31628
31006
31029
31629
31007
31030
31630
31031
31631
31009
31032
31632
31010
31033
31633
31011
31034
31634
31012
31035
31635
31013
31036
31636
31014
31037
31637
31015
31038
31638
31016
31039
31639
31017
31040
31640
31018
31041
31641
31019
31042
31642
31020
31043
31643
31021
31044
31644
31022
31045
31645
31023
31046
31646
31024
31047
31647
31025
31048
31648
31026
31049
31649
31027
31050
31650
31028
31051
31651
31029
31052
31652
31030
31053
31653
31031
31054
31654
31055
31655
31033
31056
31656
31034
31057
31657
31035
31058
31658
31036
31059
31659
31037
31060
31660
31038
31061
31661
31039
31062
31662
31040
31063
31663
31041
31064
31664
31042
31065
31665
31043
31066
31666
31044
31067
31667
31045
31068
31668
31046
31069
31669
31047
31070
31670
31048
31071
31671
31049
31072
31672
31050
31073
31673
31051
31074
31674
31052
31075
31675
31053
31076
31676
31054
31077
31677
31055
31078
31678
31079
31679
31057
31080
31680
31058
31081
31681
31059
31082
31682
31060
31083
31683
31061
31084
31684
31062
31085
31685
31063
31086
31686
31064
31087
31687
31065
31088
31688
31066
31089
31689
31067
31090
31690
31068
31091
31691
31069
31092
31692
31070
31093
31693
31071
31094
31694
31072
31095
31695
31073
31096
31696
31074
31097
31697
31075
31098
31698
31076
31099
31699
31077
31100
31700
31078
31101
31701
31079
31102
31702
31103
31703
31081
31104
31704
31082
31105
31705
31083
31106
31706
31084
31107
31707
31085
31108
31708
31086
31109
31709
31087
31110
31710
31088
31111
31711
31089
31112
31712
31090
31113
31713
31091
31114
31714
31092
31115
31715
31093
31116
31716
31094
31117
31717
31095
31118
31718
31096
31119
31719
31097
31120
31720
31098
31121
31721
31099
31122
31722
31100
31123
31723
31101
31124
31724
31102
31125
31725
31103
31126
31726
31127
31727
31105
31128
31728
31106
31129
31729
31107
31130
31730
31108
31131
31731
31109
31132
31732
31110
31133
31733
31111
31134
31734
31112
31135
31735
31113
31136
31736
31114
31137
31737
31115
31138
31738
31116
31139
31739
31117
31140
31740
31118
31141
31741
31119
31142
31742
31120
31143
31743
31121
31144
31744
31122
31145
31745
31123
31146
31746
31124
31147
31747
31125
31148
31748
31126
31149
31749
31127
31150
31750
31151
31751
31129
31152
31752
31130
31153
31753
31131
31154
31754
31132
31155
31755
31133
31156
31756
31134
31157
31757
31135
31158
31758
31136
31159
31759
31137
31160
31760
31138
31161
31761
31139
31162
31762
31140
31163
31763
31141
31164
31764
31142
31165
31765
31143
31166
31766
31144
31167
31767
31145
31168
31768
31146
31169
31769
31147
31170
31770
31148
31171
31771
31149
31172
31772
31150
31173
31773
31151
31174
31774
31175
31775
31153
31176
31776
31154
31177
31777
31155
31178
31778
31156
31179
31779
31157
31180
31780
31158
31181
31781
31159
31182
31782
31160
31183
31783
31161
31184
31784
31162
31185
31785
31163
31186
31786
31164
31187
31787
31165
31188
31788
31166
31189
31789
31167
31190
31790
31168
31191
31791
31169
31192
31792
31170
31193
31793
31171
31194
31794
31172
31195
31795
31173
31196
31796
31174
31197
31797
31175
31198
31798
31199
31799
31177
31800
31178
31801
31179
31802
31180
31803
31181
31804
31182
31805
31183
31806
31184
31807
31185
31808
31186
31809
31187
31810
31188
31811
31189
31812
31190
31813
31191
31814
31192
31815
31193
31816
31194
31817
31195
31818
31196
31819
31197
31820
31198
31821
31199
31822
31823
31201
31224
31824
31202
31225
31825
31203
31226
31826
31204
31227
31827
31205
31228
31828
31206
31229
31829
31207
31230
31830
31208
31231
31831
31209
31232
31832
31210
31233
31833
31211
31234
31834
31212
31235
31835
31213
31236
31836
31214
31237
31837
31215
31238
31838
31216
31239
31839
31217
31240
31840
31218
31241
31841
31219
31242
31842
31220
31243
31843
31221
31244
31844
31222
31245
31845
31223
31246
31846
31247
31847
31225
31248
31848
31226
31249
31849
31227
31250
31850
31228
31251
31851
31229
31252
31852
31230
31253
31853
31231
31254
31854
31232
31255
31855
31233
31256
31856
31234
31257
31857
31235
31258
31858
31236
31259
31859
31237
31260
31860
31238
31261
31861
31239
31262
31862
31240
31263
31863
31241
31264
31864
31242
31265
31865
31243
31266
31866
31244
31267
31867
31245
31268
31868
31246
31269
31869
31247
31270
31870
31271
31871
31249
31272
31872
31250
31273
31873
31251
31274
31874
31252
31275
31875
31253
31276
31876
31254
31277
31877
31255
31278
31878
31256
31279
31879
31257
31280
31880
31258
31281
31881
31259
31282
31882
31260
31283
31883
31261
31284
31884
31262
31285
31885
31263
31286
31886
31264
31287
31887
31265
31288
31888
31266
31289
31889
31267
31290
31890
31268
31291
31891
31269
31292
31892
31270
31293
31893
31271
31294
31894
31295
31895
31273
31296
31896
31274
31297
31897
31275
31298
31898
31276
31299
31899
31277
31300
31900
31278
31301
31901
31279
31302
31902
31280
31303
31903
31281
31304
31904
31282
31305
31905
31283
31306
31906
31284
31307
31907
31285
31308
31908
31286
31309
31909
31287
31310
31910
31288
31311
31911
31289
31312
31912
31290
31313
31913
31291
31314
31914
31292
31315
31915
31293
31316
31916
31294
31317
31917
31295
31318
31918
31319
31919
31297
31320
31920
31298
31321
31921
31299
31322
31922
31300
31323
31923
31301
31324
31924
31302
31325
31925
31303
31326
31926
31304
31327
31927
31305
31328
31928
31306
31329
31929
31307
31330
31930
31308
31331
31931
31309
31332
31932
31310
31333
31933
31311
31334
31934
31312
31335
31935
31313
31336
31936
31314
31337
31937
31315
31338
31938
31316
31339
31939
31317
31340
31940
31318
31341
31941
31319
31342
31942
31343
31943
31321
31344
31944
31322
31345
31945
31323
31346
31946
31324
31347
31947
31325
31348
31948
31326
31349
31949
31327
31350
31950
31328
31351
31951
31329
31352
31952
31330
31353
31953
31331
31354
31954
31332
31355
31955
31333
31356
31956
31334
31357
31957
31335
31358
31958
31336
31359
31959
31337
31360
31960
31338
31361
31961
31339
31362
31962
31340
31363
31963
31341
31364
31964
31342
31365
31965
31343
31366
31966
31367
31967
31345
31368
31968
31346
31369
31969
31347
31370
31970
31348
31371
31971
31349
31372
31972
31350
31373
31973
31351
31374
31974
31352
31375
31975
31353
31376
31976
31354
31377
31977
31355
31378
31978
31356
31379
31979
31357
31380
31980
31358
31381
31981
31359
31382
31982
31360
31383
31983
31361
31384
31984
31362
31385
31985
31363
31386
31986
31364
31387
31987
31365
31388
31988
31366
31389
31989
31367
31390
31990
31391
31991
31369
31392
31992
31370
31393
31993
31371
31394
31994
31372
31395
31995
31373
31396
31996
31374
31397
31997
31375
31398
31998
31376
31399
31999
31377
31400
32000
31378
31401
32001
31379
31402
32002
31380
31403
32003
31381
31404
32004
31382
31405
32005
31383
31406
32006
31384
31407
32007
31385
31408
32008
31386
31409
32009
31387
31410
32010
31388
31411
32011
31389
31412
32012
31390
31413
32013
31391
31414
32014
31415
32015
31393
31416
32016
31394
31417
32017
31395
31418
32018
31396
31419
32019
31397
31420
32020
31398
31421
32021
31399
31422
32022
31400
31423
32023
31401
31424
32024
31402
31425
32025
31403
31426
32026
31404
31427
32027
31405
31428
32028
31406
31429
32029
31407
31430
32030
31408
31431
32031
31409
31432
32032
31410
31433
32033
31411
31434
32034
31412
31435
32035
31413
31436
32036
31414
31437
32037
31415
31438
32038
31439
32039
31417
31440
32040
31418
31441
32041
31419
31442
32042
31420
31443
32043
31421
31444
32044
31422
31445
32045
31423
31446
32046
31424
31447
32047
31425
31448
32048
31426
31449
32049
31427
31450
32050
31428
31451
32051
31429
31452
32052
31430
31453
32053
31431
31454
32054
31432
31455
32055
31433
31456
32056
31434
31457
32057
31435
31458
32058
31436
31459
32059
31437
31460
32060
31438
31461
32061
31439
31462
32062
31463
32063
31441
31464
32064
31442
31465
32065
31443
31466
32066
31444
31467
32067
31445
31468
32068
31446
31469
32069
31447
31470
32070
31448
31471
32071
31449
31472
32072
31450
31473
32073
31451
31474
32074
31452
31475
32075
31453
31476
32076
31454
31477
32077
31455
31478
32078
31456
31479
32079
31457
31480
32080
31458
31481
32081
31459
31482
32082
31460
31483
32083
31461
31484
32084
31462
31485
32085
31463
31486
32086
31487
32087
31465
31488
32088
31466
31489
32089
31467
31490
32090
31468
31491
32091
31469
31492
32092
31470
31493
32093
31471
31494
32094
31472
31495
32095
31473
31496
32096
31474
31497
32097
31475
31498
32098
31476
31499
32099
31477
31500
32100
31478
31501
32101
31479
31502
32102
31480
31503
32103
31481
31504
32104
31482
31505
32105
31483
31506
32106
31484
31507
32107
31485
31508
32108
31486
31509
32109
31487
31510
32110
31511
32111
31489
31512
32112
31490
31513
32113
31491
31514
32114
31492
31515
32115
31493
31516
32116
31494
31517
32117
31495
31518
32118
31496
31519
32119
31497
31520
32120
31498
31521
32121
31499
31522
32122
31500
31523
32123
31501
31524
32124
31502
31525
32125
31503
31526
32126
31504
31527
32127
31505
31528
32128
31506
31529
32129
31507
31530
32130
31508
31531
32131
31509
31532
32132
31510
31533
32133
31511
31534
32134
31535
32135
31513
31536
32136
31514
31537
32137
31515
31538
32138
31516
31539
32139
31517
31540
32140
31518
31541
32141
31519
31542
32142
31520
31543
32143
31521
31544
32144
31522
31545
32145
31523
31546
32146
31524
31547
32147
31525
31548
32148
31526
31549
32149
31527
31550
32150
31528
31551
32151
31529
31552
32152
31530
31553
32153
31531
31554
32154
31532
31555
32155
31533
31556
32156
31534
31557
32157
31535
31558
32158
31559
32159
31537
31560
32160
31538
31561
32161
31539
31562
32162
31540
31563
32163
31541
31564
32164
31542
31565
32165
31543
31566
32166
31544
31567
32167
31545
31568
32168
31546
31569
32169
31547
31570
32170
31548
31571
32171
31549
31572
32172
31550
31573
32173
31551
31574
32174
31552
31575
32175
31553
31576
32176
31554
31577
32177
31555
31578
32178
31556
31579
32179
31557
31580
32180
31558
31581
32181
31559
31582
32182
31583
32183
31561
31584
32184
31562
31585
32185
31563
31586
32186
31564
31587
32187
31565
31588
32188
31566
31589
32189
31567
31590
32190
31568
31591
32191
31569
31592
32192
31570
31593
32193
31571
31594
32194
31572
31595
32195
31573
31596
32196
31574
31597
32197
31575
31598
32198
31576
31599
32199
31577
31600
32200
31578
31601
32201
31579
31602
32202
31580
31603
32203
31581
31604
32204
31582
31605
32205
31583
31606
32206
31607
32207
31585
31608
32208
31586
31609
32209
31587
31610
32210
31588
31611
32211
31589
31612
32212
31590
31613
32213
31591
31614
32214
31592
31615
32215
31593
31616
32216
31594
31617
32217
31595
31618
32218
31596
31619
32219
31597
31620
32220
31598
31621
32221
31599
31622
32222
31600
31623
32223
31601
31624
32224
31602
31625
32225
31603
31626
32226
31604
31627
32227
31605
31628
32228
31606
31629
32229
31607
31630
32230
31631
32231
31609
31632
32232
31610
31633
32233
31611
31634
32234
31612
31635
32235
31613
31636
32236
31614
31637
32237
31615
31638
32238
31616
31639
32239
31617
31640
32240
31618
31641
32241
31619
31642
32242
31620
31643
32243
31621
31644
32244
31622
31645
32245
31623
31646
32246
31624
31647
32247
31625
31648
32248
31626
31649
32249
31627
31650
32250
31628
31651
32251
31629
31652
32252
31630
31653
32253
31631
31654
32254
31655
32255
31633
31656
32256
31634
31657
32257
31635
31658
32258
31636
31659
32259
31637
31660
32260
31638
31661
32261
31639
31662
32262
31640
31663
32263
31641
31664
32264
31642
31665
32265
31643
31666
32266
31644
31667
32267
31645
31668
32268
31646
31669
32269
31647
31670
32270
31648
31671
32271
31649
31672
32272
31650
31673
32273
31651
31674
32274
31652
31675
32275
31653
31676
32276
31654
31677
32277
31655
31678
32278
31679
32279
31657
31680
32280
31658
31681
32281
31659
31682
32282
31660
31683
32283
31661
31684
32284
31662
31685
32285
31663
31686
32286
31664
31687
32287
31665
31688
32288
31666
31689
32289
31667
31690
32290
31668
31691
32291
31669
31692
32292
31670
31693
32293
31671
31694
32294
31672
31695
32295
31673
31696
32296
31674
31697
32297
31675
31698
32298
31676
31699
32299
31677
31700
32300
31678
31701
32301
31679
31702
32302
31703
32303
31681
31704
32304
31682
31705
32305
31683
31706
32306
31684
31707
32307
31685
31708
32308
31686
31709
32309
31687
31710
32310
31688
31711
32311
31689
31712
32312
31690
31713
32313
31691
31714
32314
31692
31715
32315
31693
31716
32316
31694
31717
32317
31695
31718
32318
31696
31719
32319
31697
31720
32320
31698
31721
32321
31699
31722
32322
31700
31723
32323
31701
31724
32324
31702
31725
32325
31703
31726
32326
31727
32327
31705
31728
32328
31706
31729
32329
31707
31730
32330
31708
31731
32331
31709
31732
32332
31710
31733
32333
31711
31734
32334
31712
31735
32335
31713
31736
32336
31714
31737
32337
31715
31738
32338
31716
31739
32339
31717
31740
32340
31718
31741
32341
31719
31742
32342
31720
31743
32343
31721
31744
32344
31722
31745
32345
31723
31746
32346
31724
31747
32347
31725
31748
32348
31726
31749
32349
31727
31750
32350
31751
32351
31729
31752
32352
31730
31753
32353
31731
31754
32354
31732
31755
32355
31733
31756
32356
31734
31757
32357
31735
31758
32358
31736
31759
32359
31737
31760
32360
31738
31761
32361
31739
31762
32362
31740
31763
32363
31741
31764
32364
31742
31765
32365
31743
31766
32366
31744
31767
32367
31745
31768
32368
31746
31769
32369
31747
31770
32370
31748
31771
32371
31749
31772
32372
31750
31773
32373
31751
31774
32374
31775
32375
31753
31776
32376
31754
31777
32377
31755
31778
32378
31756
31779
32379
31757
31780
32380
31758
31781
32381
31759
31782
32382
31760
31783
32383
31761
31784
32384
31762
31785
32385
31763
31786
32386
31764
31787
32387
31765
31788
32388
31766
31789
32389
31767
31790
32390
31768
31791
32391
31769
31792
32392
31770
31793
32393
31771
31794
32394
31772
31795
32395
31773
31796
32396
31774
31797
32397
31775
31798
32398
31799
32399
31777
31800
32400
31778
31801
32401
31779
31802
32402
31780
31803
32403
31781
31804
32404
31782
31805
32405
31783
31806
32406
31784
31807
32407
31785
31808
32408
31786
31809
32409
31787
31810
32410
31788
31811
32411
31789
31812
32412
31790
31813
32413
31791
31814
32414
31792
31815
32415
31793
31816
32416
31794
31817
32417
31795
31818
32418
31796
31819
32419
31797
31820
32420
31798
31821
32421
31799
31822
32422
31823
32423
31801
32424
31802
32425
31803
32426
31804
32427
31805
32428
31806
32429
31807
32430
31808
32431
31809
32432
31810
32433
31811
32434
31812
32435
31813
32436
31814
32437
31815
32438
31816
32439
31817
32440
31818
32441
31819
32442
31820
32443
31821
32444
31822
32445
31823
32446
32447
31825
31848
32448
31826
31849
32449
31827
31850
32450
31828
31851
32451
31829
31852
32452
31830
31853
32453
31831
31854
32454
31832
31855
32455
31833
31856
32456
31834
31857
32457
31835
31858
32458
31836
31859
32459
31837
31860
32460
31838
31861
32461
31839
31862
32462
31840
31863
32463
31841
31864
32464
31842
31865
32465
31843
31866
32466
31844
31867
32467
31845
31868
32468
31846
31869
32469
31847
31870
32470
31871
32471
31849
31872
32472
31850
31873
32473
31851
31874
32474
31852
31875
32475
31853
31876
32476
31854
31877
32477
31855
31878
32478
31856
31879
32479
31857
31880
32480
31858
31881
32481
31859
31882
32482
31860
31883
32483
31861
31884
32484
31862
31885
32485
31863
31886
32486
31864
31887
32487
31865
31888
32488
31866
31889
32489
31867
31890
32490
31868
31891
32491
31869
31892
32492
31870
31893
32493
31871
31894
32494
31895
32495
31873
31896
32496
31874
31897
32497
31875
31898
32498
31876
31899
32499
31877
31900
32500
31878
31901
32501
31879
31902
32502
31880
31903
32503
31881
31904
32504
31882
31905
32505
31883
31906
32506
31884
31907
32507
31885
31908
32508
31886
31909
32509
31887
31910
32510
31888
31911
32511
31889
31912
32512
31890
31913
32513
31891
31914
32514
31892
31915
32515
31893
31916
32516
31894
31917
32517
31895
31918
32518
31919
32519
31897
31920
32520
31898
31921
32521
31899
31922
32522
31900
31923
32523
31901
31924
32524
31902
31925
32525
31903
31926
32526
31904
31927
32527
31905
31928
32528
31906
31929
32529
31907
31930
32530
31908
31931
32531
31909
31932
32532
31910
31933
32533
31911
31934
32534
31912
31935
32535
31913
31936
32536
31914
31937
32537
31915
31938
32538
31916
31939
32539
31917
31940
32540
31918
31941
32541
31919
31942
32542
31943
32543
31921
31944
32544
31922
31945
32545
31923
31946
32546
31924
31947
32547
31925
31948
32548
31926
31949
32549
31927
31950
32550
31928
31951
32551
31929
31952
32552
31930
31953
32553
31931
31954
32554
31932
31955
32555
31933
31956
32556
31934
31957
32557
31935
31958
32558
31936
31959
32559
31937
31960
32560
31938
31961
32561
31939
31962
32562
31940
31963
32563
31941
31964
32564
31942
31965
32565
31943
31966
32566
31967
32567
31945
31968
32568
31946
31969
32569
31947
31970
32570
31948
31971
32571
31949
31972
32572
31950
31973
32573
31951
31974
32574
31952
31975
32575
31953
31976
32576
31954
31977
32577
31955
31978
32578
31956
31979
32579
31957
31980
32580
31958
31981
32581
31959
31982
32582
31960
31983
32583
31961
31984
32584
31962
31985
32585
31963
31986
32586
31964
31987
32587
31965
31988
32588
31966
31989
32589
31967
31990
32590
31991
32591
31969
31992
32592
31970
31993
32593
31971
31994
32594
31972
31995
32595
31973
31996
32596
31974
31997
32597
31975
31998
32598
31976
31999
32599
31977
32000
32600
31978
32001
32601
31979
32002
32602
31980
32003
32603
31981
32004
32604
31982
32005
32605
31983
32006
32606
31984
32007
32607
31985
32008
32608
31986
32009
32609
31987
32010
32610
31988
32011
32611
31989
32012
32612
31990
32013
32613
31991
32014
32614
32015
32615
31993
32016
32616
31994
32017
32617
31995
32018
32618
31996
32019
32619
31997
32020
32620
31998
32021
32621
31999
32022
32622
32000
32023
32623
32001
32024
32624
32002
32025
32625
32003
32026
32626
32004
32027
32627
32005
32028
32628
32006
32029
32629
32007
32030
32630
32008
32031
32631
32009
32032
32632
32010
32033
32633
32011
32034
32634
32012
32035
32635
32013
32036
32636
32014
32037
32637
32015
32038
32638
32039
32639
32017
32040
32640
32018
32041
32641
32019
32042
32642
32020
32043
32643
32021
32044
32644
32022
32045
32645
32023
32046
32646
32024
32047
32647
32025
32048
32648
32026
32049
32649
32027
32050
32650
32028
32051
32651
32029
32052
32652
32030
32053
32653
32031
32054
32654
32032
32055
32655
32033
32056
32656
32034
32057
32657
32035
32058
32658
32036
32059
32659
32037
32060
32660
32038
32061
32661
32039
32062
32662
32063
32663
32041
32064
32664
32042
32065
32665
32043
32066
32666
32044
32067
32667
32045
32068
32668
32046
32069
32669
32047
32070
32670
32048
32071
32671
32049
32072
32672
32050
32073
32673
32051
32074
32674
32052
32075
32675
32053
32076
32676
32054
32077
32677
32055
32078
32678
32056
32079
32679
32057
32080
32680
32058
32081
32681
32059
32082
32682
32060
32083
32683
32061
32084
32684
32062
32085
32685
32063
32086
32686
32087
32687
32065
32088
32688
32066
32089
32689
32067
32090
32690
32068
32091
32691
32069
32092
32692
32070
32093
32693
32071
32094
32694
32072
32095
32695
32073
32096
32696
32074
32097
32697
32075
32098
32698
32076
32099
32699
32077
32100
32700
32078
32101
32701
32079
32102
32702
32080
32103
32703
32081
32104
32704
32082
32105
32705
32083
32106
32706
32084
32107
32707
32085
32108
32708
32086
32109
32709
32087
32110
32710
32111
32711
32089
32112
32712
32090
32113
32713
32091
32114
32714
32092
32115
32715
32093
32116
32716
32094
32117
32717
32095
32118
32718
32096
32119
32719
32097
32120
32720
32098
32121
32721
32099
32122
32722
32100
32123
32723
32101
32124
32724
32102
32125
32725
32103
32126
32726
32104
32127
32727
32105
32128
32728
32106
32129
32729
32107
32130
32730
32108
32131
32731
32109
32132
32732
32110
32133
32733
32111
32134
32734
32135
32735
32113
32136
32736
32114
32137
32737
32115
32138
32738
32116
32139
32739
32117
32140
32740
32118
32141
32741
32119
32142
32742
32120
32143
32743
32121
32144
32744
32122
32145
32745
32123
32146
32746
32124
32147
32747
32125
32148
32748
32126
32149
32749
32127
32150
32750
32128
32151
32751
32129
32152
32752
32130
32153
32753
32131
32154
32754
32132
32155
32755
32133
32156
32756
32134
32157
32757
32135
32158
32758
32159
32759
32137
32160
32760
32138
32161
32761
32139
32162
32762
32140
32163
32763
32141
32164
32764
32142
32165
32765
32143
32166
32766
32144
32167
32767
32145
32168
32768
32146
32169
32769
32147
32170
32770
32148
32171
32771
32149
32172
32772
32150
32173
32773
32151
32174
32774
32152
32175
32775
32153
32176
32776
32154
32177
32777
32155
32178
32778
32156
32179
32779
32157
32180
32780
32158
32181
32781
32159
32182
32782
32183
32783
32161
32184
32784
32162
32185
32785
32163
32186
32786
32164
32187
32787
32165
32188
32788
32166
32189
32789
32167
32190
32790
32168
32191
32791
32169
32192
32792
32170
32193
32793
32171
32194
32794
32172
32195
32795
32173
32196
32796
32174
32197
32797
32175
32198
32798
32176
32199
32799
32177
32200
32800
32178
32201
32801
32179
32202
32802
32180
32203
32803
32181
32204
32804
32182
32205
32805
32183
32206
32806
32207
32807
32185
32208
32808
32186
32209
32809
32187
32210
32810
32188
32211
32811
32189
32212
32812
32190
32213
32813
32191
32214
32814
32192
32215
32815
32193
32216
32816
32194
32217
32817
32195
32218
32818
32196
32219
32819
32197
32220
32820
32198
32221
32821
32199
32222
32822
32200
32223
32823
32201
32224
32824
32202
32225
32825
32203
32226
32826
32204
32227
32827
32205
32228
32828
32206
32229
32829
32207
32230
32830
32231
32831
32209
32232
32832
32210
32233
32833
32211
32234
32834
32212
32235
32835
32213
32236
32836
32214
32237
32837
32215
32238
32838
32216
32239
32839
32217
32240
32840
32218
32241
32841
32219
32242
32842
32220
32243
32843
32221
32244
32844
32222
32245
32845
32223
32246
32846
32224
32247
32847
32225
32248
32848
32226
32249
32849
32227
32250
32850
32228
32251
32851
32229
32252
32852
32230
32253
32853
32231
32254
32854
32255
32855
32233
32256
32856
32234
32257
32857
32235
32258
32858
32236
32259
32859
32237
32260
32860
32238
32261
32861
32239
32262
32862
32240
32263
32863
32241
32264
32864
32242
32265
32865
32243
32266
32866
32244
32267
32867
32245
32268
32868
32246
32269
32869
32247
32270
32870
32248
32271
32871
32249
32272
32872
32250
32273
32873
32251
32274
32874
32252
32275
32875
32253
32276
32876
32254
32277
32877
32255
32278
32878
32279
32879
32257
32280
32880
32258
32281
32881
32259
32282
32882
32260
32283
32883
32261
32284
32884
32262
32285
32885
32263
32286
32886
32264
32287
32887
32265
32288
32888
32266
32289
32889
32267
32290
32890
32268
32291
32891
32269
32292
32892
32270
32293
32893
32271
32294
32894
32272
32295
32895
32273
32296
32896
32274
32297
32897
32275
32298
32898
32276
32299
32899
32277
32300
32900
32278
32301
32901
32279
32302
32902
32303
32903
32281
32304
32904
32282
32305
32905
32283
32306
32906
32284
32307
32907
32285
32308
32908
32286
32309
32909
32287
32310
32910
32288
32311
32911
32289
32312
32912
32290
32313
32913
32291
32314
32914
32292
32315
32915
32293
32316
32916
32294
32317
32917
32295
32318
32918
32296
32319
32919
32297
32320
32920
32298
32321
32921
32299
32322
32922
32300
32323
32923
32301
32324
32924
32302
32325
32925
32303
32326
32926
32327
32927
32305
32328
32928
32306
32329
32929
32307
32330
32930
32308
32331
32931
32309
32332
32932
32310
32333
32933
32311
32334
32934
32312
32335
32935
32313
32336
32936
32314
32337
32937
32315
32338
32938
32316
32339
32939
32317
32340
32940
32318
32341
32941
32319
32342
32942
32320
32343
32943
32321
32344
32944
32322
32345
32945
32323
32346
32946
32324
32347
32947
32325
32348
32948
32326
32349
32949
32327
32350
32950
32351
32951
32329
32352
32952
32330
32353
32953
32331
32354
32954
32332
32355
32955
32333
32356
32956
32334
32357
32957
32335
32358
32958
32336
32359
32959
32337
32360
32960
32338
32361
32961
32339
32362
32962
32340
32363
32963
32341
32364
32964
32342
32365
32965
32343
32366
32966
32344
32367
32967
32345
32368
32968
32346
32369
32969
32347
32370
32970
32348
32371
32971
32349
32372
32972
32350
32373
32973
32351
32374
32974
32375
32975
32353
32376
32976
32354
32377
32977
32355
32378
32978
32356
32379
32979
32357
32380
32980
32358
32381
32981
32359
32382
32982
32360
32383
32983
32361
32384
32984
32362
32385
32985
32363
32386
32986
32364
32387
32987
32365
32388
32988
32366
32389
32989
32367
32390
32990
32368
32391
32991
32369
32392
32992
32370
32393
32993
32371
32394
32994
32372
32395
32995
32373
32396
32996
32374
32397
32997
32375
32398
32998
32399
32999
32377
32400
33000
32378
32401
33001
32379
32402
33002
32380
32403
33003
32381
32404
33004
32382
32405
33005
32383
32406
33006
32384
32407
33007
32385
32408
33008
32386
32409
33009
32387
32410
33010
32388
32411
33011
32389
32412
33012
32390
32413
33013
32391
32414
33014
32392
32415
33015
32393
32416
33016
32394
32417
33017
32395
32418
33018
32396
32419
33019
32397
32420
33020
32398
32421
33021
32399
32422
33022
32423
33023
32401
32424
33024
32402
32425
33025
32403
32426
33026
32404
32427
33027
32405
32428
33028
32406
32429
33029
32407
32430
33030
32408
32431
33031
32409
32432
33032
32410
32433
33033
32411
32434
33034
32412
32435
33035
32413
32436
33036
32414
32437
33037
32415
32438
33038
32416
32439
33039
32417
32440
33040
32418
32441
33041
32419
32442
33042
32420
32443
33043
32421
32444
33044
32422
32445
33045
32423
32446
33046
32447
33047
32425
33048
32426
33049
32427
33050
32428
33051
32429
33052
32430
33053
32431
33054
32432
33055
32433
33056
32434
33057
32435
33058
32436
33059
32437
33060
32438
33061
32439
33062
32440
33063
32441
33064
32442
33065
32443
33066
32444
33067
32445
33068
32446
33069
32447
33070
33071
32449
32472
33072
32450
32473
33073
32451
32474
33074
32452
32475
33075
32453
32476
33076
32454
32477
33077
32455
32478
33078
32456
32479
33079
32457
32480
33080
32458
32481
33081
32459
32482
33082
32460
32483
33083
32461
32484
33084
32462
32485
33085
32463
32486
33086
32464
32487
33087
32465
32488
33088
32466
32489
33089
32467
32490
33090
32468
32491
33091
32469
32492
33092
32470
32493
33093
32471
32494
33094
32495
33095
32473
32496
33096
32474
32497
33097
32475
32498
33098
32476
32499
33099
32477
32500
33100
32478
32501
33101
32479
32502
33102
32480
32503
33103
32481
32504
33104
32482
32505
33105
32483
32506
33106
32484
32507
33107
32485
32508
33108
32486
32509
33109
32487
32510
33110
32488
32511
33111
32489
32512
33112
32490
32513
33113
32491
32514
33114
32492
32515
33115
32493
32516
33116
32494
32517
33117
32495
32518
33118
32519
33119
32497
32520
33120
32498
32521
33121
32499
32522
33122
32500
32523
33123
32501
32524
33124
32502
32525
33125
32503
32526
33126
32504
32527
33127
32505
32528
33128
32506
32529
33129
32507
32530
33130
32508
32531
33131
32509
32532
33132
32510
32533
33133
32511
32534
33134
32512
32535
33135
32513
32536
33136
32514
32537
33137
32515
32538
33138
32516
32539
33139
32517
32540
33140
32518
32541
33141
32519
32542
33142
32543
33143
32521
32544
33144
32522
32545
33145
32523
32546
33146
32524
32547
33147
32525
32548
33148
32526
32549
33149
32527
32550
33150
32528
32551
33151
32529
32552
33152
32530
32553
33153
32531
32554
33154
32532
32555
33155
32533
32556
33156
32534
32557
33157
32535
32558
33158
32536
32559
33159
32537
32560
33160
32538
32561
33161
32539
32562
33162
32540
32563
33163
32541
32564
33164
32542
32565
33165
32543
32566
33166
32567
33167
32545
32568
33168
32546
32569
33169
32547
32570
33170
32548
32571
33171
32549
32572
33172
32550
32573
33173
32551
32574
33174
32552
32575
33175
32553
32576
33176
32554
32577
33177
32555
32578
33178
32556
32579
33179
32557
32580
33180
32558
32581
33181
32559
32582
33182
32560
32583
33183
32561
32584
33184
32562
32585
33185
32563
32586
33186
32564
32587
33187
32565
32588
33188
32566
32589
33189
32567
32590
33190
32591
33191
32569
32592
33192
32570
32593
33193
32571
32594
33194
32572
32595
33195
32573
32596
33196
32574
32597
33197
32575
32598
33198
32576
32599
33199
32577
32600
33200
32578
32601
33201
32579
32602
33202
32580
32603
33203
32581
32604
33204
32582
32605
33205
32583
32606
33206
32584
32607
33207
32585
32608
33208
32586
32609
33209
32587
32610
33210
32588
32611
33211
32589
32612
33212
32590
32613
33213
32591
32614
33214
32615
33215
32593
32616
33216
32594
32617
33217
32595
32618
33218
32596
32619
33219
32597
32620
33220
32598
32621
33221
32599
32622
33222
32600
32623
33223
32601
32624
33224
32602
32625
33225
32603
32626
33226
32604
32627
33227
32605
32628
33228
32606
32629
33229
32607
32630
33230
32608
32631
33231
32609
32632
33232
32610
32633
33233
32611
32634
33234
32612
32635
33235
32613
32636
33236
32614
32637
33237
32615
32638
33238
32639
33239
32617
32640
33240
32618
32641
33241
32619
32642
33242
32620
32643
33243
32621
32644
33244
32622
32645
33245
32623
32646
33246
32624
32647
33247
32625
32648
33248
32626
32649
33249
32627
32650
33250
32628
32651
33251
32629
32652
33252
32630
32653
33253
32631
32654
33254
32632
32655
33255
32633
32656
33256
32634
32657
33257
32635
32658
33258
32636
32659
33259
32637
32660
33260
32638
32661
33261
32639
32662
33262
32663
33263
32641
32664
33264
32642
32665
33265
32643
32666
33266
32644
32667
33267
32645
32668
33268
32646
32669
33269
32647
32670
33270
32648
32671
33271
32649
32672
33272
32650
32673
33273
32651
32674
33274
32652
32675
33275
32653
32676
33276
32654
32677
33277
32655
32678
33278
32656
32679
33279
32657
32680
33280
32658
32681
33281
32659
32682
33282
32660
32683
33283
32661
32684
33284
32662
32685
33285
32663
32686
33286
32687
33287
32665
32688
33288
32666
32689
33289
32667
32690
33290
32668
32691
33291
32669
32692
33292
32670
32693
33293
32671
32694
33294
32672
32695
33295
32673
32696
33296
32674
32697
33297
32675
32698
33298
32676
32699
33299
32677
32700
33300
32678
32701
33301
32679
32702
33302
32680
32703
33303
32681
32704
33304
32682
32705
33305
32683
32706
33306
32684
32707
33307
32685
32708
33308
32686
32709
33309
32687
32710
33310
32711
33311
32689
32712
33312
32690
32713
33313
32691
32714
33314
32692
32715
33315
32693
32716
33316
32694
32717
33317
32695
32718
33318
32696
32719
33319
32697
32720
33320
32698
32721
33321
32699
32722
33322
32700
32723
33323
32701
32724
33324
32702
32725
33325
32703
32726
33326
32704
32727
33327
32705
32728
33328
32706
32729
33329
32707
32730
33330
32708
32731
33331
32709
32732
33332
32710
32733
33333
32711
32734
33334
32735
33335
32713
32736
33336
32714
32737
33337
32715
32738
33338
32716
32739
33339
32717
32740
33340
32718
32741
33341
32719
32742
33342
32720
32743
33343
32721
32744
33344
32722
32745
33345
32723
32746
33346
32724
32747
33347
32725
32748
33348
32726
32749
33349
32727
32750
33350
32728
32751
33351
32729
32752
33352
32730
32753
33353
32731
32754
33354
32732
32755
33355
32733
32756
33356
32734
32757
33357
32735
32758
33358
32759
33359
32737
32760
33360
32738
32761
33361
32739
32762
33362
32740
32763
33363
32741
32764
33364
32742
32765
33365
32743
32766
33366
32744
32767
33367
32745
32768
33368
32746
32769
33369
32747
32770
33370
32748
32771
33371
32749
32772
33372
32750
32773
33373
32751
32774
33374
32752
32775
33375
32753
32776
33376
32754
32777
33377
32755
32778
33378
32756
32779
33379
32757
32780
33380
32758
32781
33381
32759
32782
33382
32783
33383
32761
32784
33384
32762
32785
33385
32763
32786
33386
32764
32787
33387
32765
32788
33388
32766
32789
33389
32767
32790
33390
32768
32791
33391
32769
32792
33392
32770
32793
33393
32771
32794
33394
32772
32795
33395
32773
32796
33396
32774
32797
33397
32775
32798
33398
32776
32799
33399
32777
32800
33400
32778
32801
33401
32779
32802
33402
32780
32803
33403
32781
32804
33404
32782
32805
33405
32783
32806
33406
32807
33407
32785
32808
33408
32786
32809
33409
32787
32810
33410
32788
32811
33411
32789
32812
33412
32790
32813
33413
32791
32814
33414
32792
32815
33415
32793
32816
33416
32794
32817
33417
32795
32818
33418
32796
32819
33419
32797
32820
33420
32798
32821
33421
32799
32822
33422
32800
32823
33423
32801
32824
33424
32802
32825
33425
32803
32826
33426
32804
32827
33427
32805
32828
33428
32806
32829
33429
32807
32830
33430
32831
33431
32809
32832
33432
32810
32833
33433
32811
32834
33434
32812
32835
33435
32813
32836
33436
32814
32837
33437
32815
32838
33438
32816
32839
33439
32817
32840
33440
32818
32841
33441
32819
32842
33442
32820
32843
33443
32821
32844
33444
32822
32845
33445
32823
32846
33446
32824
32847
33447
32825
32848
33448
32826
32849
33449
32827
32850
33450
32828
32851
33451
32829
32852
33452
32830
32853
33453
32831
32854
33454
32855
33455
32833
32856
33456
32834
32857
33457
32835
32858
33458
32836
32859
33459
32837
32860
33460
32838
32861
33461
32839
32862
33462
32840
32863
33463
32841
32864
33464
32842
32865
33465
32843
32866
33466
32844
32867
33467
32845
32868
33468
32846
32869
33469
32847
32870
33470
32848
32871
33471
32849
32872
33472
32850
32873
33473
32851
32874
33474
32852
32875
33475
32853
32876
33476
32854
32877
33477
32855
32878
33478
32879
33479
32857
32880
33480
32858
32881
33481
32859
32882
33482
32860
32883
33483
32861
32884
33484
32862
32885
33485
32863
32886
33486
32864
32887
33487
32865
32888
33488
32866
32889
33489
32867
32890
33490
32868
32891
33491
32869
32892
33492
32870
32893
33493
32871
32894
33494
32872
32895
33495
32873
32896
33496
32874
32897
33497
32875
32898
33498
32876
32899
33499
32877
32900
33500
32878
32901
33501
32879
32902
33502
32903
33503
32881
32904
33504
32882
32905
33505
32883
32906
33506
32884
32907
33507
32885
32908
33508
32886
32909
33509
32887
32910
33510
32888
32911
33511
32889
32912
33512
32890
32913
33513
32891
32914
33514
32892
32915
33515
32893
32916
33516
32894
32917
33517
32895
32918
33518
32896
32919
33519
32897
32920
33520
32898
32921
33521
32899
32922
33522
32900
32923
33523
32901
32924
33524
32902
32925
33525
32903
32926
33526
32927
33527
32905
32928
33528
32906
32929
33529
32907
32930
33530
32908
32931
33531
32909
32932
33532
32910
32933
33533
32911
32934
33534
32912
32935
33535
32913
32936
33536
32914
32937
33537
32915
32938
33538
32916
32939
33539
32917
32940
33540
32918
32941
33541
32919
32942
33542
32920
32943
33543
32921
32944
33544
32922
32945
33545
32923
32946
33546
32924
32947
33547
32925
32948
33548
32926
32949
33549
32927
32950
33550
32951
33551
32929
32952
33552
32930
32953
33553
32931
32954
33554
32932
32955
33555
32933
32956
33556
32934
32957
33557
32935
32958
33558
32936
32959
33559
32937
32960
33560
32938
32961
33561
32939
32962
33562
32940
32963
33563
32941
32964
33564
32942
32965
33565
32943
32966
33566
32944
32967
33567
32945
32968
33568
32946
32969
33569
32947
32970
33570
32948
32971
33571
32949
32972
33572
32950
32973
33573
32951
32974
33574
32975
33575
32953
32976
33576
32954
32977
33577
32955
32978
33578
32956
32979
33579
32957
32980
33580
32958
32981
33581
32959
32982
33582
32960
32983
33583
32961
32984
33584
32962
32985
33585
32963
32986
33586
32964
32987
33587
32965
32988
33588
32966
32989
33589
32967
32990
33590
32968
32991
33591
32969
32992
33592
32970
32993
33593
32971
32994
33594
32972
32995
33595
32973
32996
33596
32974
32997
33597
32975
32998
33598
32999
33599
32977
33000
33600
32978
33001
33601
32979
33002
33602
32980
33003
33603
32981
33004
33604
32982
33005
33605
32983
33006
33606
32984
33007
33607
32985
33008
33608
32986
33009
33609
32987
33010
33610
32988
33011
33611
32989
33012
33612
32990
33013
33613
32991
33014
33614
32992
33015
33615
32993
33016
33616
32994
33017
33617
32995
33018
33618
32996
33019
33619
32997
33020
33620
32998
33021
33621
32999
33022
33622
33023
33623
33001
33024
33624
33002
33025
33625
33003
33026
33626
33004
33027
33627
33005
33028
33628
33006
33029
33629
33007
33030
33630
33008
33031
33631
33009
33032
33632
33010
33033
33633
33011
33034
33634
33012
33035
33635
33013
33036
33636
33014
33037
33637
33015
33038
33638
33016
33039
33639
33017
33040
33640
33018
33041
33641
33019
33042
33642
33020
33043
33643
33021
33044
33644
33022
33045
33645
33023
33046
33646
33047
33647
33025
33048
33648
33026
33049
33649
33027
33050
33650
33028
33051
33651
33029
33052
33652
33030
33053
33653
33031
33054
33654
33032
33055
33655
33033
33056
33656
33034
33057
33657
33035
33058
33658
33036
33059
33659
33037
33060
33660
33038
33061
33661
33039
33062
33662
33040
33063
33663
33041
33064
33664
33042
33065
33665
33043
33066
33666
33044
33067
33667
33045
33068
33668
33046
33069
33669
33047
33070
33670
33071
33671
33049
33672
33050
33673
33051
33674
33052
33675
33053
33676
33054
33677
33055
33678
33056
33679
33057
33680
33058
33681
33059
33682
33060
33683
33061
33684
33062
33685
33063
33686
33064
33687
33065
33688
33066
33689
33067
33690
33068
33691
33069
33692
33070
33693
33071
33694
33695
33073
33096
33696
33074
33097
33697
33075
33098
33698
33076
33099
33699
33077
33100
33700
33078
33101
33701
33079
33102
33702
33080
33103
33703
33081
33104
33704
33082
33105
33705
33083
33106
33706
33084
33107
33707
33085
33108
33708
33086
33109
33709
33087
33110
33710
33088
33111
33711
33089
33112
33712
33090
33113
33713
33091
33114
33714
33092
33115
33715
33093
33116
33716
33094
33117
33717
33095
33118
33718
33119
33719
33097
33120
33720
33098
33121
33721
33099
33122
33722
33100
33123
33723
33101
33124
33724
33102
33125
33725
33103
33126
33726
33104
33127
33727
33105
33128
33728
33106
33129
33729
33107
33130
33730
33108
33131
33731
33109
33132
33732
33110
33133
33733
33111
33134
33734
33112
33135
33735
33113
33136
33736
33114
33137
33737
33115
33138
33738
33116
33139
33739
33117
33140
33740
33118
33141
33741
33119
33142
33742
33143
33743
33121
33144
33744
33122
33145
33745
33123
33146
33746
33124
33147
33747
33125
33148
33748
33126
33149
33749
33127
33150
33750
33128
33151
33751
33129
33152
33752
33130
33153
33753
33131
33154
33754
33132
33155
33755
33133
33156
33756
33134
33157
33757
33135
33158
33758
33136
33159
33759
33137
33160
33760
33138
33161
33761
33139
33162
33762
33140
33163
33763
33141
33164
33764
33142
33165
33765
33143
33166
33766
33167
33767
33145
33168
33768
33146
33169
33769
33147
33170
33770
33148
33171
33771
33149
33172
33772
33150
33173
33773
33151
33174
33774
33152
33175
33775
33153
33176
33776
33154
33177
33777
33155
33178
33778
33156
33179
33779
33157
33180
33780
33158
33181
33781
33159
33182
33782
33160
33183
33783
33161
33184
33784
33162
33185
33785
33163
33186
33786
33164
33187
33787
33165
33188
33788
33166
33189
33789
33167
33190
33790
33191
33791
33169
33192
33792
33170
33193
33793
33171
33194
33794
33172
33195
33795
33173
33196
33796
33174
33197
33797
33175
33198
33798
33176
33199
33799
33177
33200
33800
33178
33201
33801
33179
33202
33802
33180
33203
33803
33181
33204
33804
33182
33205
33805
33183
33206
33806
33184
33207
33807
33185
33208
33808
33186
33209
33809
33187
33210
33810
33188
33211
33811
33189
33212
33812
33190
33213
33813
33191
33214
33814
33215
33815
33193
33216
33816
33194
33217
33817
33195
33218
33818
33196
33219
33819
33197
33220
33820
33198
33221
33821
33199
33222
33822
33200
33223
33823
33201
33224
33824
33202
33225
33825
33203
33226
33826
33204
33227
33827
33205
33228
33828
33206
33229
33829
33207
33230
33830
33208
33231
33831
33209
33232
33832
33210
33233
33833
33211
33234
33834
33212
33235
33835
33213
33236
33836
33214
33237
33837
33215
33238
33838
33239
33839
33217
33240
33840
33218
33241
33841
33219
33242
33842
33220
33243
33843
33221
33244
33844
33222
33245
33845
33223
33246
33846
33224
33247
33847
33225
33248
33848
33226
33249
33849
33227
33250
33850
33228
33251
33851
33229
33252
33852
33230
33253
33853
33231
33254
33854
33232
33255
33855
33233
33256
33856
33234
33257
33857
33235
33258
33858
33236
33259
33859
33237
33260
33860
33238
33261
33861
33239
33262
33862
33263
33863
33241
33264
33864
33242
33265
33865
33243
33266
33866
33244
33267
33867
33245
33268
33868
33246
33269
33869
33247
33270
33870
33248
33271
33871
33249
33272
33872
33250
33273
33873
33251
33274
33874
33252
33275
33875
33253
33276
33876
33254
33277
33877
33255
33278
33878
33256
33279
33879
33257
33280
33880
33258
33281
33881
33259
33282
33882
33260
33283
33883
33261
33284
33884
33262
33285
33885
33263
33286
33886
33287
33887
33265
33288
33888
33266
33289
33889
33267
33290
33890
33268
33291
33891
33269
33292
33892
33270
33293
33893
33271
33294
33894
33272
33295
33895
33273
33296
33896
33274
33297
33897
33275
33298
33898
33276
33299
33899
33277
33300
33900
33278
33301
33901
33279
33302
33902
33280
33303
33903
33281
33304
33904
33282
33305
33905
33283
33306
33906
33284
33307
33907
33285
33308
33908
33286
33309
33909
33287
33310
33910
33311
33911
33289
33312
33912
33290
33313
33913
33291
33314
33914
33292
33315
33915
33293
33316
33916
33294
33317
33917
33295
33318
33918
33296
33319
33919
33297
33320
33920
33298
33321
33921
33299
33322
33922
33300
33323
33923
33301
33324
33924
33302
33325
33925
33303
33326
33926
33304
33327
33927
33305
33328
33928
33306
33329
33929
33307
33330
33930
33308
33331
33931
33309
33332
33932
33310
33333
33933
33311
33334
33934
33335
33935
33313
33336
33936
33314
33337
33937
33315
33338
33938
33316
33339
33939
33317
33340
33940
33318
33341
33941
33319
33342
33942
33320
33343
33943
33321
33344
33944
33322
33345
33945
33323
33346
33946
33324
33347
33947
33325
33348
33948
33326
33349
33949
33327
33350
33950
33328
33351
33951
33329
33352
33952
33330
33353
33953
33331
33354
33954
33332
33355
33955
33333
33356
33956
33334
33357
33957
33335
33358
33958
33359
33959
33337
33360
33960
33338
33361
33961
33339
33362
33962
33340
33363
33963
33341
33364
33964
33342
33365
33965
33343
33366
33966
33344
33367
33967
33345
33368
33968
33346
33369
33969
33347
33370
33970
33348
33371
33971
33349
33372
33972
33350
33373
33973
33351
33374
33974
33352
33375
33975
33353
33376
33976
33354
33377
33977
33355
33378
33978
33356
33379
33979
33357
33380
33980
33358
33381
33981
33359
33382
33982
33383
33983
33361
33384
33984
33362
33385
33985
33363
33386
33986
33364
33387
33987
33365
33388
33988
33366
33389
33989
33367
33390
33990
33368
33391
33991
33369
33392
33992
33370
33393
33993
33371
33394
33994
33372
33395
33995
33373
33396
33996
33374
33397
33997
33375
33398
33998
33376
33399
33999
33377
33400
34000
33378
33401
34001
33379
33402
34002
33380
33403
34003
33381
33404
34004
33382
33405
34005
33383
33406
34006
33407
34007
33385
33408
34008
33386
33409
34009
33387
33410
34010
33388
33411
34011
33389
33412
34012
33390
33413
34013
33391
33414
34014
33392
33415
34015
33393
33416
34016
33394
33417
34017
33395
33418
34018
33396
33419
34019
33397
33420
34020
33398
33421
34021
33399
33422
34022
33400
33423
34023
33401
33424
34024
33402
33425
34025
33403
33426
34026
33404
33427
34027
33405
33428
34028
33406
33429
34029
33407
33430
34030
33431
34031
33409
33432
34032
33410
33433
34033
33411
33434
34034
33412
33435
34035
33413
33436
34036
33414
33437
34037
33415
33438
34038
33416
33439
34039
33417
33440
34040
33418
33441
34041
33419
33442
34042
33420
33443
34043
33421
33444
34044
33422
33445
34045
33423
33446
34046
33424
33447
34047
33425
33448
34048
33426
33449
34049
33427
33450
34050
33428
33451
34051
33429
33452
34052
33430
33453
34053
33431
33454
34054
33455
34055
33433
33456
34056
33434
33457
34057
33435
33458
34058
33436
33459
34059
33437
33460
34060
33438
33461
34061
33439
33462
34062
33440
33463
34063
33441
33464
34064
33442
33465
34065
33443
33466
34066
33444
33467
34067
33445
33468
34068
33446
33469
34069
33447
33470
34070
33448
33471
34071
33449
33472
34072
33450
33473
34073
33451
33474
34074
33452
33475
34075
33453
33476
34076
33454
33477
34077
33455
33478
34078
33479
34079
33457
33480
34080
33458
33481
34081
33459
33482
34082
33460
33483
34083
33461
33484
34084
33462
33485
34085
33463
33486
34086
33464
33487
34087
33465
33488
34088
33466
33489
34089
33467
33490
34090
33468
33491
34091
33469
33492
34092
33470
33493
34093
33471
33494
34094
33472
33495
34095
33473
33496
34096
33474
33497
34097
33475
33498
34098
33476
33499
34099
33477
33500
34100
33478
33501
34101
33479
33502
34102
33503
34103
33481
33504
34104
33482
33505
34105
33483
33506
34106
33484
33507
34107
33485
33508
34108
33486
33509
34109
33487
33510
34110
33488
33511
34111
33489
33512
34112
33490
33513
34113
33491
33514
34114
33492
33515
34115
33493
33516
34116
33494
33517
34117
33495
33518
34118
33496
33519
34119
33497
33520
34120
33498
33521
34121
33499
33522
34122
33500
33523
34123
33501
33524
34124
33502
33525
34125
33503
33526
34126
33527
34127
33505
33528
34128
33506
33529
34129
33507
33530
34130
33508
33531
34131
33509
33532
34132
33510
33533
34133
33511
33534
34134
33512
33535
34135
33513
33536
34136
33514
33537
34137
33515
33538
34138
33516
33539
34139
33517
33540
34140
33518
33541
34141
33519
33542
34142
33520
33543
34143
33521
33544
34144
33522
33545
34145
33523
33546
34146
33524
33547
34147
33525
33548
34148
33526
33549
34149
33527
33550
34150
33551
34151
33529
33552
34152
33530
33553
34153
33531
33554
34154
33532
33555
34155
33533
33556
34156
33534
33557
34157
33535
33558
34158
33536
33559
34159
33537
33560
34160
33538
33561
34161
33539
33562
34162
33540
33563
34163
33541
33564
34164
33542
33565
34165
33543
33566
34166
33544
33567
34167
33545
33568
34168
33546
33569
34169
33547
33570
34170
33548
33571
34171
33549
33572
34172
33550
33573
34173
33551
33574
34174
33575
34175
33553
33576
34176
33554
33577
34177
33555
33578
34178
33556
33579
34179
33557
33580
34180
33558
33581
34181
33559
33582
34182
33560
33583
34183
33561
33584
34184
33562
33585
34185
33563
33586
34186
33564
33587
34187
33565
33588
34188
33566
33589
34189
33567
33590
34190
33568
33591
34191
33569
33592
34192
33570
33593
34193
33571
33594
34194
33572
33595
34195
33573
33596
34196
33574
33597
34197
33575
33598
34198
33599
34199
33577
33600
34200
33578
33601
34201
33579
33602
34202
33580
33603
34203
33581
33604
34204
33582
33605
34205
33583
33606
34206
33584
33607
34207
33585
33608
34208
33586
33609
34209
33587
33610
34210
33588
33611
34211
33589
33612
34212
33590
33613
34213
33591
33614
34214
33592
33615
34215
33593
33616
34216
33594
33617
34217
33595
33618
34218
33596
33619
34219
33597
33620
34220
33598
33621
34221
33599
33622
34222
33623
34223
33601
33624
34224
33602
33625
34225
33603
33626
34226
33604
33627
34227
33605
33628
34228
33606
33629
34229
33607
33630
34230
33608
33631
34231
33609
33632
34232
33610
33633
34233
33611
33634
34234
33612
33635
34235
33613
33636
34236
33614
33637
34237
33615
33638
34238
33616
33639
34239
33617
33640
34240
33618
33641
34241
33619
33642
34242
33620
33643
34243
33621
33644
34244
33622
33645
34245
33623
33646
34246
33647
34247
33625
33648
34248
33626
33649
34249
33627
33650
34250
33628
33651
34251
33629
33652
34252
33630
33653
34253
33631
33654
34254
33632
33655
34255
33633
33656
34256
33634
33657
34257
33635
33658
34258
33636
33659
34259
33637
33660
34260
33638
33661
34261
33639
33662
34262
33640
33663
34263
33641
33664
34264
33642
33665
34265
33643
33666
34266
33644
33667
34267
33645
33668
34268
33646
33669
34269
33647
33670
34270
33671
34271
33649
33672
34272
33650
33673
34273
33651
33674
34274
33652
33675
34275
33653
33676
34276
33654
33677
34277
33655
33678
34278
33656
33679
34279
33657
33680
34280
33658
33681
34281
33659
33682
34282
33660
33683
34283
33661
33684
34284
33662
33685
34285
33663
33686
34286
33664
33687
34287
33665
33688
34288
33666
33689
34289
33667
33690
34290
33668
33691
34291
33669
33692
34292
33670
33693
34293
33671
33694
34294
33695
34295
33673
34296
33674
34297
33675
34298
33676
34299
33677
34300
33678
34301
33679
34302
33680
34303
33681
34304
33682
34305
33683
34306
33684
34307
33685
34308
33686
34309
33687
34310
33688
34311
33689
34312
33690
34313
33691
34314
33692
34315
33693
34316
33694
34317
33695
34318
34319
33697
33720
34320
33698
33721
34321
33699
33722
34322
33700
33723
34323
33701
33724
34324
33702
33725
34325
33703
33726
34326
33704
33727
34327
33705
33728
34328
33706
33729
34329
33707
33730
34330
33708
33731
34331
33709
33732
34332
33710
33733
34333
33711
33734
34334
33712
33735
34335
33713
33736
34336
33714
33737
34337
33715
33738
34338
33716
33739
34339
33717
33740
34340
33718
33741
34341
33719
33742
34342
33743
34343
33721
33744
34344
33722
33745
34345
33723
33746
34346
33724
33747
34347
33725
33748
34348
33726
33749
34349
33727
33750
34350
33728
33751
34351
33729
33752
34352
33730
33753
34353
33731
33754
34354
33732
33755
34355
33733
33756
34356
33734
33757
34357
33735
33758
34358
33736
33759
34359
33737
33760
34360
33738
33761
34361
33739
33762
34362
33740
33763
34363
33741
33764
34364
33742
33765
34365
33743
33766
34366
33767
34367
33745
33768
34368
33746
33769
34369
33747
33770
34370
33748
33771
34371
33749
33772
34372
33750
33773
34373
33751
33774
34374
33752
33775
34375
33753
33776
34376
33754
33777
34377
33755
33778
34378
33756
33779
34379
33757
33780
34380
33758
33781
34381
33759
33782
34382
33760
33783
34383
33761
33784
34384
33762
33785
34385
33763
33786
34386
33764
33787
34387
33765
33788
34388
33766
33789
34389
33767
33790
34390
33791
34391
33769
33792
34392
33770
33793
34393
33771
33794
34394
33772
33795
34395
33773
33796
34396
33774
33797
34397
33775
33798
34398
33776
33799
34399
33777
33800
34400
33778
33801
34401
33779
33802
34402
33780
33803
34403
33781
33804
34404
33782
33805
34405
33783
33806
34406
33784
33807
34407
33785
33808
34408
33786
33809
34409
33787
33810
34410
33788
33811
34411
33789
33812
34412
33790
33813
34413
33791
33814
34414
33815
34415
33793
33816
34416
33794
33817
34417
33795
33818
34418
33796
33819
34419
33797
33820
34420
33798
33821
34421
33799
33822
34422
33800
33823
34423
33801
33824
34424
33802
33825
34425
33803
33826
34426
33804
33827
34427
33805
33828
34428
33806
33829
34429
33807
33830
34430
33808
33831
34431
33809
33832
34432
33810
33833
34433
33811
33834
34434
33812
33835
34435
33813
33836
34436
33814
33837
34437
33815
33838
34438
33839
34439
33817
33840
34440
33818
33841
34441
33819
33842
34442
33820
33843
34443
33821
33844
34444
33822
33845
34445
33823
33846
34446
33824
33847
34447
33825
33848
34448
33826
33849
34449
33827
33850
34450
33828
33851
34451
33829
33852
34452
33830
33853
34453
33831
33854
34454
33832
33855
34455
33833
33856
34456
33834
33857
34457
33835
33858
34458
33836
33859
34459
33837
33860
34460
33838
33861
34461
33839
33862
34462
33863
34463
33841
33864
34464
33842
33865
34465
33843
33866
34466
33844
33867
34467
33845
33868
34468
33846
33869
34469
33847
33870
34470
33848
33871
34471
33849
33872
34472
33850
33873
34473
33851
33874
34474
33852
33875
34475
33853
33876
34476
33854
33877
34477
33855
33878
34478
33856
33879
34479
33857
33880
34480
33858
33881
34481
33859
33882
34482
33860
33883
34483
33861
33884
34484
33862
33885
34485
33863
33886
34486
33887
34487
33865
33888
34488
33866
33889
34489
33867
33890
34490
33868
33891
34491
33869
33892
34492
33870
33893
34493
33871
33894
34494
33872
33895
34495
33873
33896
34496
33874
33897
34497
33875
33898
34498
33876
33899
34499
33877
33900
34500
33878
33901
34501
33879
33902
34502
33880
33903
34503
33881
33904
34504
33882
33905
34505
33883
33906
34506
33884
33907
34507
33885
33908
34508
33886
33909
34509
33887
33910
34510
33911
34511
33889
33912
34512
33890
33913
34513
33891
33914
34514
33892
33915
34515
33893
33916
34516
33894
33917
34517
33895
33918
34518
33896
33919
34519
33897
33920
34520
33898
33921
34521
33899
33922
34522
33900
33923
34523
33901
33924
34524
33902
33925
34525
33903
33926
34526
33904
33927
34527
33905
33928
34528
33906
33929
34529
33907
33930
34530
33908
33931
34531
33909
33932
34532
33910
33933
34533
33911
33934
34534
33935
34535
33913
33936
34536
33914
33937
34537
33915
33938
34538
33916
33939
34539
33917
33940
34540
33918
33941
34541
33919
33942
34542
33920
33943
34543
33921
33944
34544
33922
33945
34545
33923
33946
34546
33924
33947
34547
33925
33948
34548
33926
33949
34549
33927
33950
34550
33928
33951
34551
33929
33952
34552
33930
33953
34553
33931
33954
34554
33932
33955
34555
33933
33956
34556
33934
33957
34557
33935
33958
34558
33959
34559
33937
33960
34560
33938
33961
34561
33939
33962
34562
33940
33963
34563
33941
33964
34564
33942
33965
34565
33943
33966
34566
33944
33967
34567
33945
33968
34568
33946
33969
34569
33947
33970
34570
33948
33971
34571
33949
33972
34572
33950
33973
34573
33951
33974
34574
33952
33975
34575
33953
33976
34576
33954
33977
34577
33955
33978
34578
33956
33979
34579
33957
33980
34580
33958
33981
34581
33959
33982
34582
33983
34583
33961
33984
34584
33962
33985
34585
33963
33986
34586
33964
33987
34587
33965
33988
34588
33966
33989
34589
33967
33990
34590
33968
33991
34591
33969
33992
34592
33970
33993
34593
33971
33994
34594
33972
33995
34595
33973
33996
34596
33974
33997
34597
33975
33998
34598
33976
33999
34599
33977
34000
34600
33978
34001
34601
33979
34002
34602
33980
34003
34603
33981
34004
34604
33982
34005
34605
33983
34006
34606
34007
34607
33985
34008
34608
33986
34009
34609
33987
34010
34610
33988
34011
34611
33989
34012
34612
33990
34013
34613
33991
34014
34614
33992
34015
34615
33993
34016
34616
33994
34017
34617
33995
34018
34618
33996
34019
34619
33997
34020
34620
33998
34021
34621
33999
34022
34622
34000
34023
34623
34001
34024
34624
34002
34025
34625
34003
34026
34626
34004
34027
34627
34005
34028
34628
34006
34029
34629
34007
34030
34630
34031
34631
34009
34032
34632
34010
34033
34633
34011
34034
34634
34012
34035
34635
34013
34036
34636
34014
34037
34637
34015
34038
34638
34016
34039
34639
34017
34040
34640
34018
34041
34641
34019
34042
34642
34020
34043
34643
34021
34044
34644
34022
34045
34645
34023
34046
34646
34024
34047
34647
34025
34048
34648
34026
34049
34649
34027
34050
34650
34028
34051
34651
34029
34052
34652
34030
34053
34653
34031
34054
34654
34055
34655
34033
34056
34656
34034
34057
34657
34035
34058
34658
34036
34059
34659
34037
34060
34660
34038
34061
34661
34039
34062
34662
34040
34063
34663
34041
34064
34664
34042
34065
34665
34043
34066
34666
34044
34067
34667
34045
34068
34668
34046
34069
34669
34047
34070
34670
34048
34071
34671
34049
34072
34672
34050
34073
34673
34051
34074
34674
34052
34075
34675
34053
34076
34676
34054
34077
34677
34055
34078
34678
34079
34679
34057
34080
34680
34058
34081
34681
34059
34082
34682
34060
34083
34683
34061
34084
34684
34062
34085
34685
34063
34086
34686
34064
34087
34687
34065
34088
34688
34066
34089
34689
34067
34090
34690
34068
34091
34691
34069
34092
34692
34070
34093
34693
34071
34094
34694
34072
34095
34695
34073
34096
34696
34074
34097
34697
34075
34098
34698
34076
34099
34699
34077
34100
34700
34078
34101
34701
34079
34102
34702
34103
34703
34081
34104
34704
34082
34105
34705
34083
34106
34706
34084
34107
34707
34085
34108
34708
34086
34109
34709
34087
34110
34710
34088
34111
34711
34089
34112
34712
34090
34113
34713
34091
34114
34714
34092
34115
34715
34093
34116
34716
34094
34117
34717
34095
34118
34718
34096
34119
34719
34097
34120
34720
34098
34121
34721
34099
34122
34722
34100
34123
34723
34101
34124
34724
34102
34125
34725
34103
34126
34726
34127
34727
34105
34128
34728
34106
34129
34729
34107
34130
34730
34108
34131
34731
34109
34132
34732
34110
34133
34733
34111
34134
34734
34112
34135
34735
34113
34136
34736
34114
34137
34737
34115
34138
34738
34116
34139
34739
34117
34140
34740
34118
34141
34741
34119
34142
34742
34120
34143
34743
34121
34144
34744
34122
34145
34745
34123
34146
34746
34124
34147
34747
34125
34148
34748
34126
34149
34749
34127
34150
34750
34151
34751
34129
34152
34752
34130
34153
34753
34131
34154
34754
34132
34155
34755
34133
34156
34756
34134
34157
34757
34135
34158
34758
34136
34159
34759
34137
34160
34760
34138
34161
34761
34139
34162
34762
34140
34163
34763
34141
34164
34764
34142
34165
34765
34143
34166
34766
34144
34167
34767
34145
34168
34768
34146
34169
34769
34147
34170
34770
34148
34171
34771
34149
34172
34772
34150
34173
34773
34151
34174
34774
34175
34775
34153
34176
34776
34154
34177
34777
34155
34178
34778
34156
34179
34779
34157
34180
34780
34158
34181
34781
34159
34182
34782
34160
34183
34783
34161
34184
34784
34162
34185
34785
34163
34186
34786
34164
34187
34787
34165
34188
34788
34166
34189
34789
34167
34190
34790
34168
34191
34791
34169
34192
34792
34170
34193
34793
34171
34194
34794
34172
34195
34795
34173
34196
34796
34174
34197
34797
34175
34198
34798
34199
34799
34177
34200
34800
34178
34201
34801
34179
34202
34802
34180
34203
34803
34181
34204
34804
34182
34205
34805
34183
34206
34806
34184
34207
34807
34185
34208
34808
34186
34209
34809
34187
34210
34810
34188
34211
34811
34189
34212
34812
34190
34213
34813
34191
34214
34814
34192
34215
34815
34193
34216
34816
34194
34217
34817
34195
34218
34818
34196
34219
34819
34197
34220
34820
34198
34221
34821
34199
34222
34822
34223
34823
34201
34224
34824
34202
34225
34825
34203
34226
34826
34204
34227
34827
34205
34228
34828
34206
34229
34829
34207
34230
34830
34208
34231
34831
34209
34232
34832
34210
34233
34833
34211
34234
34834
34212
34235
34835
34213
34236
34836
34214
34237
34837
34215
34238
34838
34216
34239
34839
34217
34240
34840
34218
34241
34841
34219
34242
34842
34220
34243
34843
34221
34244
34844
34222
34245
34845
34223
34246
34846
34247
34847
34225
34248
34848
34226
34249
34849
34227
34250
34850
34228
34251
34851
34229
34252
34852
34230
34253
34853
34231
34254
34854
34232
34255
34855
34233
34256
34856
34234
34257
34857
34235
34258
34858
34236
34259
34859
34237
34260
34860
34238
34261
34861
34239
34262
34862
34240
34263
34863
34241
34264
34864
34242
34265
34865
34243
34266
34866
34244
34267
34867
34245
34268
34868
34246
34269
34869
34247
34270
34870
34271
34871
34249
34272
34872
34250
34273
34873
34251
34274
34874
34252
34275
34875
34253
34276
34876
34254
34277
34877
34255
34278
34878
34256
34279
34879
34257
34280
34880
34258
34281
34881
34259
34282
34882
34260
34283
34883
34261
34284
34884
34262
34285
34885
34263
34286
34886
34264
34287
34887
34265
34288
34888
34266
34289
34889
34267
34290
34890
34268
34291
34891
34269
34292
34892
34270
34293
34893
34271
34294
34894
34295
34895
34273
34296
34896
34274
34297
34897
34275
34298
34898
34276
34299
34899
34277
34300
34900
34278
34301
34901
34279
34302
34902
34280
34303
34903
34281
34304
34904
34282
34305
34905
34283
34306
34906
34284
34307
34907
34285
34308
34908
34286
34309
34909
34287
34310
34910
34288
34311
34911
34289
34312
34912
34290
34313
34913
34291
34314
34914
34292
34315
34915
34293
34316
34916
34294
34317
34917
34295
34318
34918
34319
34919
34297
34920
34298
34921
34299
34922
34300
34923
34301
34924
34302
34925
34303
34926
34304
34927
34305
34928
34306
34929
34307
34930
34308
34931
34309
34932
34310
34933
34311
34934
34312
34935
34313
34936
34314
34937
34315
34938
34316
34939
34317
34940
34318
34941
34319
34942
34943
34321
34344
34322
34345
34323
34346
34324
34347
34325
34348
34326
34349
34327
34350
34328
34351
34329
34352
34330
34353
34331
34354
34332
34355
34333
34356
34334
34357
34335
34358
34336
34359
34337
34360
34338
34361
34339
34362
34340
34363
34341
34364
34342
34365
34343
34366
34367
34345
34368
34346
34369
34347
34370
34348
34371
34349
34372
34350
34373
34351
34374
34352
34375
34353
34376
34354
34377
34355
34378
34356
34379
34357
34380
34358
34381
34359
34382
34360
34383
34361
34384
34362
34385
34363
34386
34364
34387
34365
34388
34366
34389
34367
34390
34391
34369
34392
34370
34393
34371
34394
34372
34395
34373
34396
34374
34397
34375
34398
34376
34399
34377
34400
34378
34401
34379
34402
34380
34403
34381
34404
34382
34405
34383
34406
34384
34407
34385
34408
34386
34409
34387
34410
34388
34411
34389
34412
34390
34413
34391
34414
34415
34393
34416
34394
34417
34395
34418
34396
34419
34397
34420
34398
34421
34399
34422
34400
34423
34401
34424
34402
34425
34403
34426
34404
34427
34405
34428
34406
34429
34407
34430
34408
34431
34409
34432
34410
34433
34411
34434
34412
34435
34413
34436
34414
34437
34415
34438
34439
34417
34440
34418
34441
34419
34442
34420
34443
34421
34444
34422
34445
34423
34446
34424
34447
34425
34448
34426
34449
34427
34450
34428
34451
34429
34452
34430
34453
34431
34454
34432
34455
34433
34456
34434
34457
34435
34458
34436
34459
34437
34460
34438
34461
34439
34462
34463
34441
34464
34442
34465
34443
34466
34444
34467
34445
34468
34446
34469
34447
34470
34448
34471
34449
34472
34450
34473
34451
34474
34452
34475
34453
34476
34454
34477
34455
34478
34456
34479
34457
34480
34458
34481
34459
34482
34460
34483
34461
34484
34462
34485
34463
34486
34487
34465
34488
34466
34489
34467
34490
34468
34491
34469
34492
34470
34493
34471
34494
34472
34495
34473
34496
34474
34497
34475
34498
34476
34499
34477
34500
34478
34501
34479
34502
34480
34503
34481
34504
34482
34505
34483
34506
34484
34507
34485
34508
34486
34509
34487
34510
34511
34489
34512
34490
34513
34491
34514
34492
34515
34493
34516
34494
34517
34495
34518
34496
34519
34497
34520
34498
34521
34499
34522
34500
34523
34501
34524
34502
34525
34503
34526
34504
34527
34505
34528
34506
34529
34507
34530
34508
34531
34509
34532
34510
34533
34511
34534
34535
34513
34536
34514
34537
34515
34538
34516
34539
34517
34540
34518
34541
34519
34542
34520
34543
34521
34544
34522
34545
34523
34546
34524
34547
34525
34548
34526
34549
34527
34550
34528
34551
34529
34552
34530
34553
34531
34554
34532
34555
34533
34556
34534
34557
34535
34558
34559
34537
34560
34538
34561
34539
34562
34540
34563
34541
34564
34542
34565
34543
34566
34544
34567
34545
34568
34546
34569
34547
34570
34548
34571
34549
34572
34550
34573
34551
34574
34552
34575
34553
34576
34554
34577
34555
34578
34556
34579
34557
34580
34558
34581
34559
34582
34583
34561
34584
34562
34585
34563
34586
34564
34587
34565
34588
34566
34589
34567
34590
34568
34591
34569
34592
34570
34593
34571
34594
34572
34595
34573
34596
34574
34597
34575
34598
34576
34599
34577
34600
34578
34601
34579
34602
34580
34603
34581
34604
34582
34605
34583
34606
34607
34585
34608
34586
34609
34587
34610
34588
34611
34589
34612
34590
34613
34591
34614
34592
34615
34593
34616
34594
34617
34595
34618
34596
34619
34597
34620
34598
34621
34599
34622
34600
34623
34601
34624
34602
34625
34603
34626
34604
34627
34605
34628
34606
34629
34607
34630
34631
34609
34632
34610
34633
34611
34634
34612
34635
34613
34636
34614
34637
34615
34638
34616
34639
34617
34640
34618
34641
34619
34642
34620
34643
34621
34644
34622
34645
34623
34646
34624
34647
34625
34648
34626
34649
34627
34650
34628
34651
34629
34652
34630
34653
34631
34654
34655
34633
34656
34634
34657
34635
34658
34636
34659
34637
34660
34638
34661
34639
34662
34640
34663
34641
34664
34642
34665
34643
34666
34644
34667
34645
34668
34646
34669
34647
34670
34648
34671
34649
34672
34650
34673
34651
34674
34652
34675
34653
34676
34654
34677
34655
34678
34679
34657
34680
34658
34681
34659
34682
34660
34683
34661
34684
34662
34685
34663
34686
34664
34687
34665
34688
34666
34689
34667
34690
34668
34691
34669
34692
34670
34693
34671
34694
34672
34695
34673
34696
34674
34697
34675
34698
34676
34699
34677
34700
34678
34701
34679
34702
34703
34681
34704
34682
34705
34683
34706
34684
34707
34685
34708
34686
34709
34687
34710
34688
34711
34689
34712
34690
34713
34691
34714
34692
34715
34693
34716
34694
34717
34695
34718
34696
34719
34697
34720
34698
34721
34699
34722
34700
34723
34701
34724
34702
34725
34703
34726
34727
34705
34728
34706
34729
34707
34730
34708
34731
34709
34732
34710
34733
34711
34734
34712
34735
34713
34736
34714
34737
34715
34738
34716
34739
34717
34740
34718
34741
34719
34742
34720
34743
34721
34744
34722
34745
34723
34746
34724
34747
34725
34748
34726
34749
34727
34750
34751
34729
34752
34730
34753
34731
34754
34732
34755
34733
34756
34734
34757
34735
34758
34736
34759
34737
34760
34738
34761
34739
34762
34740
34763
34741
34764
34742
34765
34743
34766
34744
34767
34745
34768
34746
34769
34747
34770
34748
34771
34749
34772
34750
34773
34751
34774
34775
34753
34776
34754
34777
34755
34778
34756
34779
34757
34780
34758
34781
34759
34782
34760
34783
34761
34784
34762
34785
34763
34786
34764
34787
34765
34788
34766
34789
34767
34790
34768
34791
34769
34792
34770
34793
34771
34794
34772
34795
34773
34796
34774
34797
34775
34798
34799
34777
34800
34778
34801
34779
34802
34780
34803
34781
34804
34782
34805
34783
34806
34784
34807
34785
34808
34786
34809
34787
34810
34788
34811
34789
34812
34790
34813
34791
34814
34792
34815
34793
34816
34794
34817
34795
34818
34796
34819
34797
34820
34798
34821
34799
34822
34823
34801
34824
34802
34825
34803
34826
34804
34827
34805
34828
34806
34829
34807
34830
34808
34831
34809
34832
34810
34833
34811
34834
34812
34835
34813
34836
34814
34837
34815
34838
34816
34839
34817
34840
34818
34841
34819
34842
34820
34843
34821
34844
34822
34845
34823
34846
34847
34825
34848
34826
34849
34827
34850
34828
34851
34829
34852
34830
34853
34831
34854
34832
34855
34833
34856
34834
34857
34835
34858
34836
34859
34837
34860
34838
34861
34839
34862
34840
34863
34841
34864
34842
34865
34843
34866
34844
34867
34845
34868
34846
34869
34847
34870
34871
34849
34872
34850
34873
34851
34874
34852
34875
34853
34876
34854
34877
34855
34878
34856
34879
34857
34880
34858
34881
34859
34882
34860
34883
34861
34884
34862
34885
34863
34886
34864
34887
34865
34888
34866
34889
34867
34890
34868
34891
34869
34892
34870
34893
34871
34894
34895
34873
34896
34874
34897
34875
34898
34876
34899
34877
34900
34878
34901
34879
34902
34880
34903
34881
34904
34882
34905
34883
34906
34884
34907
34885
34908
34886
34909
34887
34910
34888
34911
34889
34912
34890
34913
34891
34914
34892
34915
34893
34916
34894
34917
34895
34918
34919
34897
34920
34898
34921
34899
34922
34900
34923
34901
34924
34902
34925
34903
34926
34904
34927
34905
34928
34906
34929
34907
34930
34908
34931
34909
34932
34910
34933
34911
34934
34912
34935
34913
34936
34914
34937
34915
34938
34916
34939
34917
34940
34918
34941
34919
34942
34943
34921
34922
34923
34924
34925
34926
34927
34928
34929
34930
34931
34932
34933
34934
34935
34936
34937
34938
34939
34940
34941
34942
34943
)


// ************************************************************************* //
