/*--------------------------------*- C++ -*----------------------------------*\
| =========                 |                                                 |
| \\      /  F ield         | OpenFOAM: The Open Source CFD Toolbox           |
|  \\    /   O peration     | Version:  2412                                  |
|   \\  /    A nd           | Website:  www.openfoam.com                      |
|    \\/     M anipulation  |                                                 |
\*---------------------------------------------------------------------------*/
FoamFile
{
    version     2.0;
    format      ascii;
    arch        "LSB;label=32;scalar=64";
    class       vectorField;
    location    "constant/polyMesh";
    object      points;
}
// * * * * * * * * * * * * * * * * * * * * * * * * * * * * * * * * * * * * * //


7497
(
(-0.05 0 -0.05)
(-0.045 0 -0.05)
(-0.04 0 -0.05)
(-0.035 0 -0.05)
(-0.03 0 -0.05)
(-0.025 0 -0.05)
(-0.02 0 -0.05)
(-0.015 0 -0.05)
(-0.01 0 -0.05)
(-0.005 0 -0.05)
(0 0 -0.05)
(0.005 0 -0.05)
(0.01 0 -0.05)
(0.015 0 -0.05)
(0.02 0 -0.05)
(0.025 0 -0.05)
(0.03 0 -0.05)
(0.035 0 -0.05)
(0.04 0 -0.05)
(0.045 0 -0.05)
(0.05 0 -0.05)
(-0.05 0.0025 -0.05)
(-0.045 0.0025 -0.05)
(-0.04 0.0025 -0.05)
(-0.035 0.0025 -0.05)
(-0.03 0.0025 -0.05)
(-0.025 0.0025 -0.05)
(-0.02 0.0025 -0.05)
(-0.015 0.0025 -0.05)
(-0.01 0.0025 -0.05)
(-0.005 0.0025 -0.05)
(0 0.0025 -0.05)
(0.005 0.0025 -0.05)
(0.01 0.0025 -0.05)
(0.015 0.0025 -0.05)
(0.02 0.0025 -0.05)
(0.025 0.0025 -0.05)
(0.03 0.0025 -0.05)
(0.035 0.0025 -0.05)
(0.04 0.0025 -0.05)
(0.045 0.0025 -0.05)
(0.05 0.0025 -0.05)
(-0.05 0.005 -0.05)
(-0.045 0.005 -0.05)
(-0.04 0.005 -0.05)
(-0.035 0.005 -0.05)
(-0.03 0.005 -0.05)
(-0.025 0.005 -0.05)
(-0.02 0.005 -0.05)
(-0.015 0.005 -0.05)
(-0.01 0.005 -0.05)
(-0.005 0.005 -0.05)
(0 0.005 -0.05)
(0.005 0.005 -0.05)
(0.01 0.005 -0.05)
(0.015 0.005 -0.05)
(0.02 0.005 -0.05)
(0.025 0.005 -0.05)
(0.03 0.005 -0.05)
(0.035 0.005 -0.05)
(0.04 0.005 -0.05)
(0.045 0.005 -0.05)
(0.05 0.005 -0.05)
(-0.05 0.0075 -0.05)
(-0.045 0.0075 -0.05)
(-0.04 0.0075 -0.05)
(-0.035 0.0075 -0.05)
(-0.03 0.0075 -0.05)
(-0.025 0.0075 -0.05)
(-0.02 0.0075 -0.05)
(-0.015 0.0075 -0.05)
(-0.01 0.0075 -0.05)
(-0.005 0.0075 -0.05)
(0 0.0075 -0.05)
(0.005 0.0075 -0.05)
(0.01 0.0075 -0.05)
(0.015 0.0075 -0.05)
(0.02 0.0075 -0.05)
(0.025 0.0075 -0.05)
(0.03 0.0075 -0.05)
(0.035 0.0075 -0.05)
(0.04 0.0075 -0.05)
(0.045 0.0075 -0.05)
(0.05 0.0075 -0.05)
(-0.05 0.01 -0.05)
(-0.045 0.01 -0.05)
(-0.04 0.01 -0.05)
(-0.035 0.01 -0.05)
(-0.03 0.01 -0.05)
(-0.025 0.01 -0.05)
(-0.02 0.01 -0.05)
(-0.015 0.01 -0.05)
(-0.01 0.01 -0.05)
(-0.005 0.01 -0.05)
(0 0.01 -0.05)
(0.005 0.01 -0.05)
(0.01 0.01 -0.05)
(0.015 0.01 -0.05)
(0.02 0.01 -0.05)
(0.025 0.01 -0.05)
(0.03 0.01 -0.05)
(0.035 0.01 -0.05)
(0.04 0.01 -0.05)
(0.045 0.01 -0.05)
(0.05 0.01 -0.05)
(-0.05 0.0125 -0.05)
(-0.045 0.0125 -0.05)
(-0.04 0.0125 -0.05)
(-0.035 0.0125 -0.05)
(-0.03 0.0125 -0.05)
(-0.025 0.0125 -0.05)
(-0.02 0.0125 -0.05)
(-0.015 0.0125 -0.05)
(-0.01 0.0125 -0.05)
(-0.005 0.0125 -0.05)
(0 0.0125 -0.05)
(0.005 0.0125 -0.05)
(0.01 0.0125 -0.05)
(0.015 0.0125 -0.05)
(0.02 0.0125 -0.05)
(0.025 0.0125 -0.05)
(0.03 0.0125 -0.05)
(0.035 0.0125 -0.05)
(0.04 0.0125 -0.05)
(0.045 0.0125 -0.05)
(0.05 0.0125 -0.05)
(-0.05 0.015 -0.05)
(-0.045 0.015 -0.05)
(-0.04 0.015 -0.05)
(-0.035 0.015 -0.05)
(-0.03 0.015 -0.05)
(-0.025 0.015 -0.05)
(-0.02 0.015 -0.05)
(-0.015 0.015 -0.05)
(-0.01 0.015 -0.05)
(-0.005 0.015 -0.05)
(0 0.015 -0.05)
(0.005 0.015 -0.05)
(0.01 0.015 -0.05)
(0.015 0.015 -0.05)
(0.02 0.015 -0.05)
(0.025 0.015 -0.05)
(0.03 0.015 -0.05)
(0.035 0.015 -0.05)
(0.04 0.015 -0.05)
(0.045 0.015 -0.05)
(0.05 0.015 -0.05)
(-0.05 0.0175 -0.05)
(-0.045 0.0175 -0.05)
(-0.04 0.0175 -0.05)
(-0.035 0.0175 -0.05)
(-0.03 0.0175 -0.05)
(-0.025 0.0175 -0.05)
(-0.02 0.0175 -0.05)
(-0.015 0.0175 -0.05)
(-0.01 0.0175 -0.05)
(-0.005 0.0175 -0.05)
(0 0.0175 -0.05)
(0.005 0.0175 -0.05)
(0.01 0.0175 -0.05)
(0.015 0.0175 -0.05)
(0.02 0.0175 -0.05)
(0.025 0.0175 -0.05)
(0.03 0.0175 -0.05)
(0.035 0.0175 -0.05)
(0.04 0.0175 -0.05)
(0.045 0.0175 -0.05)
(0.05 0.0175 -0.05)
(-0.05 0.02 -0.05)
(-0.045 0.02 -0.05)
(-0.04 0.02 -0.05)
(-0.035 0.02 -0.05)
(-0.03 0.02 -0.05)
(-0.025 0.02 -0.05)
(-0.02 0.02 -0.05)
(-0.015 0.02 -0.05)
(-0.01 0.02 -0.05)
(-0.005 0.02 -0.05)
(0 0.02 -0.05)
(0.005 0.02 -0.05)
(0.01 0.02 -0.05)
(0.015 0.02 -0.05)
(0.02 0.02 -0.05)
(0.025 0.02 -0.05)
(0.03 0.02 -0.05)
(0.035 0.02 -0.05)
(0.04 0.02 -0.05)
(0.045 0.02 -0.05)
(0.05 0.02 -0.05)
(-0.05 0.0225 -0.05)
(-0.045 0.0225 -0.05)
(-0.04 0.0225 -0.05)
(-0.035 0.0225 -0.05)
(-0.03 0.0225 -0.05)
(-0.025 0.0225 -0.05)
(-0.02 0.0225 -0.05)
(-0.015 0.0225 -0.05)
(-0.01 0.0225 -0.05)
(-0.005 0.0225 -0.05)
(0 0.0225 -0.05)
(0.005 0.0225 -0.05)
(0.01 0.0225 -0.05)
(0.015 0.0225 -0.05)
(0.02 0.0225 -0.05)
(0.025 0.0225 -0.05)
(0.03 0.0225 -0.05)
(0.035 0.0225 -0.05)
(0.04 0.0225 -0.05)
(0.045 0.0225 -0.05)
(0.05 0.0225 -0.05)
(-0.05 0.025 -0.05)
(-0.045 0.025 -0.05)
(-0.04 0.025 -0.05)
(-0.035 0.025 -0.05)
(-0.03 0.025 -0.05)
(-0.025 0.025 -0.05)
(-0.02 0.025 -0.05)
(-0.015 0.025 -0.05)
(-0.01 0.025 -0.05)
(-0.005 0.025 -0.05)
(0 0.025 -0.05)
(0.005 0.025 -0.05)
(0.01 0.025 -0.05)
(0.015 0.025 -0.05)
(0.02 0.025 -0.05)
(0.025 0.025 -0.05)
(0.03 0.025 -0.05)
(0.035 0.025 -0.05)
(0.04 0.025 -0.05)
(0.045 0.025 -0.05)
(0.05 0.025 -0.05)
(-0.05 0.0275 -0.05)
(-0.045 0.0275 -0.05)
(-0.04 0.0275 -0.05)
(-0.035 0.0275 -0.05)
(-0.03 0.0275 -0.05)
(-0.025 0.0275 -0.05)
(-0.02 0.0275 -0.05)
(-0.015 0.0275 -0.05)
(-0.01 0.0275 -0.05)
(-0.005 0.0275 -0.05)
(0 0.0275 -0.05)
(0.005 0.0275 -0.05)
(0.01 0.0275 -0.05)
(0.015 0.0275 -0.05)
(0.02 0.0275 -0.05)
(0.025 0.0275 -0.05)
(0.03 0.0275 -0.05)
(0.035 0.0275 -0.05)
(0.04 0.0275 -0.05)
(0.045 0.0275 -0.05)
(0.05 0.0275 -0.05)
(-0.05 0.03 -0.05)
(-0.045 0.03 -0.05)
(-0.04 0.03 -0.05)
(-0.035 0.03 -0.05)
(-0.03 0.03 -0.05)
(-0.025 0.03 -0.05)
(-0.02 0.03 -0.05)
(-0.015 0.03 -0.05)
(-0.01 0.03 -0.05)
(-0.005 0.03 -0.05)
(0 0.03 -0.05)
(0.005 0.03 -0.05)
(0.01 0.03 -0.05)
(0.015 0.03 -0.05)
(0.02 0.03 -0.05)
(0.025 0.03 -0.05)
(0.03 0.03 -0.05)
(0.035 0.03 -0.05)
(0.04 0.03 -0.05)
(0.045 0.03 -0.05)
(0.05 0.03 -0.05)
(-0.05 0.0325 -0.05)
(-0.045 0.0325 -0.05)
(-0.04 0.0325 -0.05)
(-0.035 0.0325 -0.05)
(-0.03 0.0325 -0.05)
(-0.025 0.0325 -0.05)
(-0.02 0.0325 -0.05)
(-0.015 0.0325 -0.05)
(-0.01 0.0325 -0.05)
(-0.005 0.0325 -0.05)
(0 0.0325 -0.05)
(0.005 0.0325 -0.05)
(0.01 0.0325 -0.05)
(0.015 0.0325 -0.05)
(0.02 0.0325 -0.05)
(0.025 0.0325 -0.05)
(0.03 0.0325 -0.05)
(0.035 0.0325 -0.05)
(0.04 0.0325 -0.05)
(0.045 0.0325 -0.05)
(0.05 0.0325 -0.05)
(-0.05 0.035 -0.05)
(-0.045 0.035 -0.05)
(-0.04 0.035 -0.05)
(-0.035 0.035 -0.05)
(-0.03 0.035 -0.05)
(-0.025 0.035 -0.05)
(-0.02 0.035 -0.05)
(-0.015 0.035 -0.05)
(-0.01 0.035 -0.05)
(-0.005 0.035 -0.05)
(0 0.035 -0.05)
(0.005 0.035 -0.05)
(0.01 0.035 -0.05)
(0.015 0.035 -0.05)
(0.02 0.035 -0.05)
(0.025 0.035 -0.05)
(0.03 0.035 -0.05)
(0.035 0.035 -0.05)
(0.04 0.035 -0.05)
(0.045 0.035 -0.05)
(0.05 0.035 -0.05)
(-0.05 0.0375 -0.05)
(-0.045 0.0375 -0.05)
(-0.04 0.0375 -0.05)
(-0.035 0.0375 -0.05)
(-0.03 0.0375 -0.05)
(-0.025 0.0375 -0.05)
(-0.02 0.0375 -0.05)
(-0.015 0.0375 -0.05)
(-0.01 0.0375 -0.05)
(-0.005 0.0375 -0.05)
(0 0.0375 -0.05)
(0.005 0.0375 -0.05)
(0.01 0.0375 -0.05)
(0.015 0.0375 -0.05)
(0.02 0.0375 -0.05)
(0.025 0.0375 -0.05)
(0.03 0.0375 -0.05)
(0.035 0.0375 -0.05)
(0.04 0.0375 -0.05)
(0.045 0.0375 -0.05)
(0.05 0.0375 -0.05)
(-0.05 0.04 -0.05)
(-0.045 0.04 -0.05)
(-0.04 0.04 -0.05)
(-0.035 0.04 -0.05)
(-0.03 0.04 -0.05)
(-0.025 0.04 -0.05)
(-0.02 0.04 -0.05)
(-0.015 0.04 -0.05)
(-0.01 0.04 -0.05)
(-0.005 0.04 -0.05)
(0 0.04 -0.05)
(0.005 0.04 -0.05)
(0.01 0.04 -0.05)
(0.015 0.04 -0.05)
(0.02 0.04 -0.05)
(0.025 0.04 -0.05)
(0.03 0.04 -0.05)
(0.035 0.04 -0.05)
(0.04 0.04 -0.05)
(0.045 0.04 -0.05)
(0.05 0.04 -0.05)
(-0.05 0 -0.045)
(-0.045 0 -0.045)
(-0.04 0 -0.045)
(-0.035 0 -0.045)
(-0.03 0 -0.045)
(-0.025 0 -0.045)
(-0.02 0 -0.045)
(-0.015 0 -0.045)
(-0.01 0 -0.045)
(-0.005 0 -0.045)
(0 0 -0.045)
(0.005 0 -0.045)
(0.01 0 -0.045)
(0.015 0 -0.045)
(0.02 0 -0.045)
(0.025 0 -0.045)
(0.03 0 -0.045)
(0.035 0 -0.045)
(0.04 0 -0.045)
(0.045 0 -0.045)
(0.05 0 -0.045)
(-0.05 0.0025 -0.045)
(-0.045 0.0025 -0.045)
(-0.04 0.0025 -0.045)
(-0.035 0.0025 -0.045)
(-0.03 0.0025 -0.045)
(-0.025 0.0025 -0.045)
(-0.02 0.0025 -0.045)
(-0.015 0.0025 -0.045)
(-0.01 0.0025 -0.045)
(-0.005 0.0025 -0.045)
(0 0.0025 -0.045)
(0.005 0.0025 -0.045)
(0.01 0.0025 -0.045)
(0.015 0.0025 -0.045)
(0.02 0.0025 -0.045)
(0.025 0.0025 -0.045)
(0.03 0.0025 -0.045)
(0.035 0.0025 -0.045)
(0.04 0.0025 -0.045)
(0.045 0.0025 -0.045)
(0.05 0.0025 -0.045)
(-0.05 0.005 -0.045)
(-0.045 0.005 -0.045)
(-0.04 0.005 -0.045)
(-0.035 0.005 -0.045)
(-0.03 0.005 -0.045)
(-0.025 0.005 -0.045)
(-0.02 0.005 -0.045)
(-0.015 0.005 -0.045)
(-0.01 0.005 -0.045)
(-0.005 0.005 -0.045)
(0 0.005 -0.045)
(0.005 0.005 -0.045)
(0.01 0.005 -0.045)
(0.015 0.005 -0.045)
(0.02 0.005 -0.045)
(0.025 0.005 -0.045)
(0.03 0.005 -0.045)
(0.035 0.005 -0.045)
(0.04 0.005 -0.045)
(0.045 0.005 -0.045)
(0.05 0.005 -0.045)
(-0.05 0.0075 -0.045)
(-0.045 0.0075 -0.045)
(-0.04 0.0075 -0.045)
(-0.035 0.0075 -0.045)
(-0.03 0.0075 -0.045)
(-0.025 0.0075 -0.045)
(-0.02 0.0075 -0.045)
(-0.015 0.0075 -0.045)
(-0.01 0.0075 -0.045)
(-0.005 0.0075 -0.045)
(0 0.0075 -0.045)
(0.005 0.0075 -0.045)
(0.01 0.0075 -0.045)
(0.015 0.0075 -0.045)
(0.02 0.0075 -0.045)
(0.025 0.0075 -0.045)
(0.03 0.0075 -0.045)
(0.035 0.0075 -0.045)
(0.04 0.0075 -0.045)
(0.045 0.0075 -0.045)
(0.05 0.0075 -0.045)
(-0.05 0.01 -0.045)
(-0.045 0.01 -0.045)
(-0.04 0.01 -0.045)
(-0.035 0.01 -0.045)
(-0.03 0.01 -0.045)
(-0.025 0.01 -0.045)
(-0.02 0.01 -0.045)
(-0.015 0.01 -0.045)
(-0.01 0.01 -0.045)
(-0.005 0.01 -0.045)
(0 0.01 -0.045)
(0.005 0.01 -0.045)
(0.01 0.01 -0.045)
(0.015 0.01 -0.045)
(0.02 0.01 -0.045)
(0.025 0.01 -0.045)
(0.03 0.01 -0.045)
(0.035 0.01 -0.045)
(0.04 0.01 -0.045)
(0.045 0.01 -0.045)
(0.05 0.01 -0.045)
(-0.05 0.0125 -0.045)
(-0.045 0.0125 -0.045)
(-0.04 0.0125 -0.045)
(-0.035 0.0125 -0.045)
(-0.03 0.0125 -0.045)
(-0.025 0.0125 -0.045)
(-0.02 0.0125 -0.045)
(-0.015 0.0125 -0.045)
(-0.01 0.0125 -0.045)
(-0.005 0.0125 -0.045)
(0 0.0125 -0.045)
(0.005 0.0125 -0.045)
(0.01 0.0125 -0.045)
(0.015 0.0125 -0.045)
(0.02 0.0125 -0.045)
(0.025 0.0125 -0.045)
(0.03 0.0125 -0.045)
(0.035 0.0125 -0.045)
(0.04 0.0125 -0.045)
(0.045 0.0125 -0.045)
(0.05 0.0125 -0.045)
(-0.05 0.015 -0.045)
(-0.045 0.015 -0.045)
(-0.04 0.015 -0.045)
(-0.035 0.015 -0.045)
(-0.03 0.015 -0.045)
(-0.025 0.015 -0.045)
(-0.02 0.015 -0.045)
(-0.015 0.015 -0.045)
(-0.01 0.015 -0.045)
(-0.005 0.015 -0.045)
(0 0.015 -0.045)
(0.005 0.015 -0.045)
(0.01 0.015 -0.045)
(0.015 0.015 -0.045)
(0.02 0.015 -0.045)
(0.025 0.015 -0.045)
(0.03 0.015 -0.045)
(0.035 0.015 -0.045)
(0.04 0.015 -0.045)
(0.045 0.015 -0.045)
(0.05 0.015 -0.045)
(-0.05 0.0175 -0.045)
(-0.045 0.0175 -0.045)
(-0.04 0.0175 -0.045)
(-0.035 0.0175 -0.045)
(-0.03 0.0175 -0.045)
(-0.025 0.0175 -0.045)
(-0.02 0.0175 -0.045)
(-0.015 0.0175 -0.045)
(-0.01 0.0175 -0.045)
(-0.005 0.0175 -0.045)
(0 0.0175 -0.045)
(0.005 0.0175 -0.045)
(0.01 0.0175 -0.045)
(0.015 0.0175 -0.045)
(0.02 0.0175 -0.045)
(0.025 0.0175 -0.045)
(0.03 0.0175 -0.045)
(0.035 0.0175 -0.045)
(0.04 0.0175 -0.045)
(0.045 0.0175 -0.045)
(0.05 0.0175 -0.045)
(-0.05 0.02 -0.045)
(-0.045 0.02 -0.045)
(-0.04 0.02 -0.045)
(-0.035 0.02 -0.045)
(-0.03 0.02 -0.045)
(-0.025 0.02 -0.045)
(-0.02 0.02 -0.045)
(-0.015 0.02 -0.045)
(-0.01 0.02 -0.045)
(-0.005 0.02 -0.045)
(0 0.02 -0.045)
(0.005 0.02 -0.045)
(0.01 0.02 -0.045)
(0.015 0.02 -0.045)
(0.02 0.02 -0.045)
(0.025 0.02 -0.045)
(0.03 0.02 -0.045)
(0.035 0.02 -0.045)
(0.04 0.02 -0.045)
(0.045 0.02 -0.045)
(0.05 0.02 -0.045)
(-0.05 0.0225 -0.045)
(-0.045 0.0225 -0.045)
(-0.04 0.0225 -0.045)
(-0.035 0.0225 -0.045)
(-0.03 0.0225 -0.045)
(-0.025 0.0225 -0.045)
(-0.02 0.0225 -0.045)
(-0.015 0.0225 -0.045)
(-0.01 0.0225 -0.045)
(-0.005 0.0225 -0.045)
(0 0.0225 -0.045)
(0.005 0.0225 -0.045)
(0.01 0.0225 -0.045)
(0.015 0.0225 -0.045)
(0.02 0.0225 -0.045)
(0.025 0.0225 -0.045)
(0.03 0.0225 -0.045)
(0.035 0.0225 -0.045)
(0.04 0.0225 -0.045)
(0.045 0.0225 -0.045)
(0.05 0.0225 -0.045)
(-0.05 0.025 -0.045)
(-0.045 0.025 -0.045)
(-0.04 0.025 -0.045)
(-0.035 0.025 -0.045)
(-0.03 0.025 -0.045)
(-0.025 0.025 -0.045)
(-0.02 0.025 -0.045)
(-0.015 0.025 -0.045)
(-0.01 0.025 -0.045)
(-0.005 0.025 -0.045)
(0 0.025 -0.045)
(0.005 0.025 -0.045)
(0.01 0.025 -0.045)
(0.015 0.025 -0.045)
(0.02 0.025 -0.045)
(0.025 0.025 -0.045)
(0.03 0.025 -0.045)
(0.035 0.025 -0.045)
(0.04 0.025 -0.045)
(0.045 0.025 -0.045)
(0.05 0.025 -0.045)
(-0.05 0.0275 -0.045)
(-0.045 0.0275 -0.045)
(-0.04 0.0275 -0.045)
(-0.035 0.0275 -0.045)
(-0.03 0.0275 -0.045)
(-0.025 0.0275 -0.045)
(-0.02 0.0275 -0.045)
(-0.015 0.0275 -0.045)
(-0.01 0.0275 -0.045)
(-0.005 0.0275 -0.045)
(0 0.0275 -0.045)
(0.005 0.0275 -0.045)
(0.01 0.0275 -0.045)
(0.015 0.0275 -0.045)
(0.02 0.0275 -0.045)
(0.025 0.0275 -0.045)
(0.03 0.0275 -0.045)
(0.035 0.0275 -0.045)
(0.04 0.0275 -0.045)
(0.045 0.0275 -0.045)
(0.05 0.0275 -0.045)
(-0.05 0.03 -0.045)
(-0.045 0.03 -0.045)
(-0.04 0.03 -0.045)
(-0.035 0.03 -0.045)
(-0.03 0.03 -0.045)
(-0.025 0.03 -0.045)
(-0.02 0.03 -0.045)
(-0.015 0.03 -0.045)
(-0.01 0.03 -0.045)
(-0.005 0.03 -0.045)
(0 0.03 -0.045)
(0.005 0.03 -0.045)
(0.01 0.03 -0.045)
(0.015 0.03 -0.045)
(0.02 0.03 -0.045)
(0.025 0.03 -0.045)
(0.03 0.03 -0.045)
(0.035 0.03 -0.045)
(0.04 0.03 -0.045)
(0.045 0.03 -0.045)
(0.05 0.03 -0.045)
(-0.05 0.0325 -0.045)
(-0.045 0.0325 -0.045)
(-0.04 0.0325 -0.045)
(-0.035 0.0325 -0.045)
(-0.03 0.0325 -0.045)
(-0.025 0.0325 -0.045)
(-0.02 0.0325 -0.045)
(-0.015 0.0325 -0.045)
(-0.01 0.0325 -0.045)
(-0.005 0.0325 -0.045)
(0 0.0325 -0.045)
(0.005 0.0325 -0.045)
(0.01 0.0325 -0.045)
(0.015 0.0325 -0.045)
(0.02 0.0325 -0.045)
(0.025 0.0325 -0.045)
(0.03 0.0325 -0.045)
(0.035 0.0325 -0.045)
(0.04 0.0325 -0.045)
(0.045 0.0325 -0.045)
(0.05 0.0325 -0.045)
(-0.05 0.035 -0.045)
(-0.045 0.035 -0.045)
(-0.04 0.035 -0.045)
(-0.035 0.035 -0.045)
(-0.03 0.035 -0.045)
(-0.025 0.035 -0.045)
(-0.02 0.035 -0.045)
(-0.015 0.035 -0.045)
(-0.01 0.035 -0.045)
(-0.005 0.035 -0.045)
(0 0.035 -0.045)
(0.005 0.035 -0.045)
(0.01 0.035 -0.045)
(0.015 0.035 -0.045)
(0.02 0.035 -0.045)
(0.025 0.035 -0.045)
(0.03 0.035 -0.045)
(0.035 0.035 -0.045)
(0.04 0.035 -0.045)
(0.045 0.035 -0.045)
(0.05 0.035 -0.045)
(-0.05 0.0375 -0.045)
(-0.045 0.0375 -0.045)
(-0.04 0.0375 -0.045)
(-0.035 0.0375 -0.045)
(-0.03 0.0375 -0.045)
(-0.025 0.0375 -0.045)
(-0.02 0.0375 -0.045)
(-0.015 0.0375 -0.045)
(-0.01 0.0375 -0.045)
(-0.005 0.0375 -0.045)
(0 0.0375 -0.045)
(0.005 0.0375 -0.045)
(0.01 0.0375 -0.045)
(0.015 0.0375 -0.045)
(0.02 0.0375 -0.045)
(0.025 0.0375 -0.045)
(0.03 0.0375 -0.045)
(0.035 0.0375 -0.045)
(0.04 0.0375 -0.045)
(0.045 0.0375 -0.045)
(0.05 0.0375 -0.045)
(-0.05 0.04 -0.045)
(-0.045 0.04 -0.045)
(-0.04 0.04 -0.045)
(-0.035 0.04 -0.045)
(-0.03 0.04 -0.045)
(-0.025 0.04 -0.045)
(-0.02 0.04 -0.045)
(-0.015 0.04 -0.045)
(-0.01 0.04 -0.045)
(-0.005 0.04 -0.045)
(0 0.04 -0.045)
(0.005 0.04 -0.045)
(0.01 0.04 -0.045)
(0.015 0.04 -0.045)
(0.02 0.04 -0.045)
(0.025 0.04 -0.045)
(0.03 0.04 -0.045)
(0.035 0.04 -0.045)
(0.04 0.04 -0.045)
(0.045 0.04 -0.045)
(0.05 0.04 -0.045)
(-0.05 0 -0.04)
(-0.045 0 -0.04)
(-0.04 0 -0.04)
(-0.035 0 -0.04)
(-0.03 0 -0.04)
(-0.025 0 -0.04)
(-0.02 0 -0.04)
(-0.015 0 -0.04)
(-0.01 0 -0.04)
(-0.005 0 -0.04)
(0 0 -0.04)
(0.005 0 -0.04)
(0.01 0 -0.04)
(0.015 0 -0.04)
(0.02 0 -0.04)
(0.025 0 -0.04)
(0.03 0 -0.04)
(0.035 0 -0.04)
(0.04 0 -0.04)
(0.045 0 -0.04)
(0.05 0 -0.04)
(-0.05 0.0025 -0.04)
(-0.045 0.0025 -0.04)
(-0.04 0.0025 -0.04)
(-0.035 0.0025 -0.04)
(-0.03 0.0025 -0.04)
(-0.025 0.0025 -0.04)
(-0.02 0.0025 -0.04)
(-0.015 0.0025 -0.04)
(-0.01 0.0025 -0.04)
(-0.005 0.0025 -0.04)
(0 0.0025 -0.04)
(0.005 0.0025 -0.04)
(0.01 0.0025 -0.04)
(0.015 0.0025 -0.04)
(0.02 0.0025 -0.04)
(0.025 0.0025 -0.04)
(0.03 0.0025 -0.04)
(0.035 0.0025 -0.04)
(0.04 0.0025 -0.04)
(0.045 0.0025 -0.04)
(0.05 0.0025 -0.04)
(-0.05 0.005 -0.04)
(-0.045 0.005 -0.04)
(-0.04 0.005 -0.04)
(-0.035 0.005 -0.04)
(-0.03 0.005 -0.04)
(-0.025 0.005 -0.04)
(-0.02 0.005 -0.04)
(-0.015 0.005 -0.04)
(-0.01 0.005 -0.04)
(-0.005 0.005 -0.04)
(0 0.005 -0.04)
(0.005 0.005 -0.04)
(0.01 0.005 -0.04)
(0.015 0.005 -0.04)
(0.02 0.005 -0.04)
(0.025 0.005 -0.04)
(0.03 0.005 -0.04)
(0.035 0.005 -0.04)
(0.04 0.005 -0.04)
(0.045 0.005 -0.04)
(0.05 0.005 -0.04)
(-0.05 0.0075 -0.04)
(-0.045 0.0075 -0.04)
(-0.04 0.0075 -0.04)
(-0.035 0.0075 -0.04)
(-0.03 0.0075 -0.04)
(-0.025 0.0075 -0.04)
(-0.02 0.0075 -0.04)
(-0.015 0.0075 -0.04)
(-0.01 0.0075 -0.04)
(-0.005 0.0075 -0.04)
(0 0.0075 -0.04)
(0.005 0.0075 -0.04)
(0.01 0.0075 -0.04)
(0.015 0.0075 -0.04)
(0.02 0.0075 -0.04)
(0.025 0.0075 -0.04)
(0.03 0.0075 -0.04)
(0.035 0.0075 -0.04)
(0.04 0.0075 -0.04)
(0.045 0.0075 -0.04)
(0.05 0.0075 -0.04)
(-0.05 0.01 -0.04)
(-0.045 0.01 -0.04)
(-0.04 0.01 -0.04)
(-0.035 0.01 -0.04)
(-0.03 0.01 -0.04)
(-0.025 0.01 -0.04)
(-0.02 0.01 -0.04)
(-0.015 0.01 -0.04)
(-0.01 0.01 -0.04)
(-0.005 0.01 -0.04)
(0 0.01 -0.04)
(0.005 0.01 -0.04)
(0.01 0.01 -0.04)
(0.015 0.01 -0.04)
(0.02 0.01 -0.04)
(0.025 0.01 -0.04)
(0.03 0.01 -0.04)
(0.035 0.01 -0.04)
(0.04 0.01 -0.04)
(0.045 0.01 -0.04)
(0.05 0.01 -0.04)
(-0.05 0.0125 -0.04)
(-0.045 0.0125 -0.04)
(-0.04 0.0125 -0.04)
(-0.035 0.0125 -0.04)
(-0.03 0.0125 -0.04)
(-0.025 0.0125 -0.04)
(-0.02 0.0125 -0.04)
(-0.015 0.0125 -0.04)
(-0.01 0.0125 -0.04)
(-0.005 0.0125 -0.04)
(0 0.0125 -0.04)
(0.005 0.0125 -0.04)
(0.01 0.0125 -0.04)
(0.015 0.0125 -0.04)
(0.02 0.0125 -0.04)
(0.025 0.0125 -0.04)
(0.03 0.0125 -0.04)
(0.035 0.0125 -0.04)
(0.04 0.0125 -0.04)
(0.045 0.0125 -0.04)
(0.05 0.0125 -0.04)
(-0.05 0.015 -0.04)
(-0.045 0.015 -0.04)
(-0.04 0.015 -0.04)
(-0.035 0.015 -0.04)
(-0.03 0.015 -0.04)
(-0.025 0.015 -0.04)
(-0.02 0.015 -0.04)
(-0.015 0.015 -0.04)
(-0.01 0.015 -0.04)
(-0.005 0.015 -0.04)
(0 0.015 -0.04)
(0.005 0.015 -0.04)
(0.01 0.015 -0.04)
(0.015 0.015 -0.04)
(0.02 0.015 -0.04)
(0.025 0.015 -0.04)
(0.03 0.015 -0.04)
(0.035 0.015 -0.04)
(0.04 0.015 -0.04)
(0.045 0.015 -0.04)
(0.05 0.015 -0.04)
(-0.05 0.0175 -0.04)
(-0.045 0.0175 -0.04)
(-0.04 0.0175 -0.04)
(-0.035 0.0175 -0.04)
(-0.03 0.0175 -0.04)
(-0.025 0.0175 -0.04)
(-0.02 0.0175 -0.04)
(-0.015 0.0175 -0.04)
(-0.01 0.0175 -0.04)
(-0.005 0.0175 -0.04)
(0 0.0175 -0.04)
(0.005 0.0175 -0.04)
(0.01 0.0175 -0.04)
(0.015 0.0175 -0.04)
(0.02 0.0175 -0.04)
(0.025 0.0175 -0.04)
(0.03 0.0175 -0.04)
(0.035 0.0175 -0.04)
(0.04 0.0175 -0.04)
(0.045 0.0175 -0.04)
(0.05 0.0175 -0.04)
(-0.05 0.02 -0.04)
(-0.045 0.02 -0.04)
(-0.04 0.02 -0.04)
(-0.035 0.02 -0.04)
(-0.03 0.02 -0.04)
(-0.025 0.02 -0.04)
(-0.02 0.02 -0.04)
(-0.015 0.02 -0.04)
(-0.01 0.02 -0.04)
(-0.005 0.02 -0.04)
(0 0.02 -0.04)
(0.005 0.02 -0.04)
(0.01 0.02 -0.04)
(0.015 0.02 -0.04)
(0.02 0.02 -0.04)
(0.025 0.02 -0.04)
(0.03 0.02 -0.04)
(0.035 0.02 -0.04)
(0.04 0.02 -0.04)
(0.045 0.02 -0.04)
(0.05 0.02 -0.04)
(-0.05 0.0225 -0.04)
(-0.045 0.0225 -0.04)
(-0.04 0.0225 -0.04)
(-0.035 0.0225 -0.04)
(-0.03 0.0225 -0.04)
(-0.025 0.0225 -0.04)
(-0.02 0.0225 -0.04)
(-0.015 0.0225 -0.04)
(-0.01 0.0225 -0.04)
(-0.005 0.0225 -0.04)
(0 0.0225 -0.04)
(0.005 0.0225 -0.04)
(0.01 0.0225 -0.04)
(0.015 0.0225 -0.04)
(0.02 0.0225 -0.04)
(0.025 0.0225 -0.04)
(0.03 0.0225 -0.04)
(0.035 0.0225 -0.04)
(0.04 0.0225 -0.04)
(0.045 0.0225 -0.04)
(0.05 0.0225 -0.04)
(-0.05 0.025 -0.04)
(-0.045 0.025 -0.04)
(-0.04 0.025 -0.04)
(-0.035 0.025 -0.04)
(-0.03 0.025 -0.04)
(-0.025 0.025 -0.04)
(-0.02 0.025 -0.04)
(-0.015 0.025 -0.04)
(-0.01 0.025 -0.04)
(-0.005 0.025 -0.04)
(0 0.025 -0.04)
(0.005 0.025 -0.04)
(0.01 0.025 -0.04)
(0.015 0.025 -0.04)
(0.02 0.025 -0.04)
(0.025 0.025 -0.04)
(0.03 0.025 -0.04)
(0.035 0.025 -0.04)
(0.04 0.025 -0.04)
(0.045 0.025 -0.04)
(0.05 0.025 -0.04)
(-0.05 0.0275 -0.04)
(-0.045 0.0275 -0.04)
(-0.04 0.0275 -0.04)
(-0.035 0.0275 -0.04)
(-0.03 0.0275 -0.04)
(-0.025 0.0275 -0.04)
(-0.02 0.0275 -0.04)
(-0.015 0.0275 -0.04)
(-0.01 0.0275 -0.04)
(-0.005 0.0275 -0.04)
(0 0.0275 -0.04)
(0.005 0.0275 -0.04)
(0.01 0.0275 -0.04)
(0.015 0.0275 -0.04)
(0.02 0.0275 -0.04)
(0.025 0.0275 -0.04)
(0.03 0.0275 -0.04)
(0.035 0.0275 -0.04)
(0.04 0.0275 -0.04)
(0.045 0.0275 -0.04)
(0.05 0.0275 -0.04)
(-0.05 0.03 -0.04)
(-0.045 0.03 -0.04)
(-0.04 0.03 -0.04)
(-0.035 0.03 -0.04)
(-0.03 0.03 -0.04)
(-0.025 0.03 -0.04)
(-0.02 0.03 -0.04)
(-0.015 0.03 -0.04)
(-0.01 0.03 -0.04)
(-0.005 0.03 -0.04)
(0 0.03 -0.04)
(0.005 0.03 -0.04)
(0.01 0.03 -0.04)
(0.015 0.03 -0.04)
(0.02 0.03 -0.04)
(0.025 0.03 -0.04)
(0.03 0.03 -0.04)
(0.035 0.03 -0.04)
(0.04 0.03 -0.04)
(0.045 0.03 -0.04)
(0.05 0.03 -0.04)
(-0.05 0.0325 -0.04)
(-0.045 0.0325 -0.04)
(-0.04 0.0325 -0.04)
(-0.035 0.0325 -0.04)
(-0.03 0.0325 -0.04)
(-0.025 0.0325 -0.04)
(-0.02 0.0325 -0.04)
(-0.015 0.0325 -0.04)
(-0.01 0.0325 -0.04)
(-0.005 0.0325 -0.04)
(0 0.0325 -0.04)
(0.005 0.0325 -0.04)
(0.01 0.0325 -0.04)
(0.015 0.0325 -0.04)
(0.02 0.0325 -0.04)
(0.025 0.0325 -0.04)
(0.03 0.0325 -0.04)
(0.035 0.0325 -0.04)
(0.04 0.0325 -0.04)
(0.045 0.0325 -0.04)
(0.05 0.0325 -0.04)
(-0.05 0.035 -0.04)
(-0.045 0.035 -0.04)
(-0.04 0.035 -0.04)
(-0.035 0.035 -0.04)
(-0.03 0.035 -0.04)
(-0.025 0.035 -0.04)
(-0.02 0.035 -0.04)
(-0.015 0.035 -0.04)
(-0.01 0.035 -0.04)
(-0.005 0.035 -0.04)
(0 0.035 -0.04)
(0.005 0.035 -0.04)
(0.01 0.035 -0.04)
(0.015 0.035 -0.04)
(0.02 0.035 -0.04)
(0.025 0.035 -0.04)
(0.03 0.035 -0.04)
(0.035 0.035 -0.04)
(0.04 0.035 -0.04)
(0.045 0.035 -0.04)
(0.05 0.035 -0.04)
(-0.05 0.0375 -0.04)
(-0.045 0.0375 -0.04)
(-0.04 0.0375 -0.04)
(-0.035 0.0375 -0.04)
(-0.03 0.0375 -0.04)
(-0.025 0.0375 -0.04)
(-0.02 0.0375 -0.04)
(-0.015 0.0375 -0.04)
(-0.01 0.0375 -0.04)
(-0.005 0.0375 -0.04)
(0 0.0375 -0.04)
(0.005 0.0375 -0.04)
(0.01 0.0375 -0.04)
(0.015 0.0375 -0.04)
(0.02 0.0375 -0.04)
(0.025 0.0375 -0.04)
(0.03 0.0375 -0.04)
(0.035 0.0375 -0.04)
(0.04 0.0375 -0.04)
(0.045 0.0375 -0.04)
(0.05 0.0375 -0.04)
(-0.05 0.04 -0.04)
(-0.045 0.04 -0.04)
(-0.04 0.04 -0.04)
(-0.035 0.04 -0.04)
(-0.03 0.04 -0.04)
(-0.025 0.04 -0.04)
(-0.02 0.04 -0.04)
(-0.015 0.04 -0.04)
(-0.01 0.04 -0.04)
(-0.005 0.04 -0.04)
(0 0.04 -0.04)
(0.005 0.04 -0.04)
(0.01 0.04 -0.04)
(0.015 0.04 -0.04)
(0.02 0.04 -0.04)
(0.025 0.04 -0.04)
(0.03 0.04 -0.04)
(0.035 0.04 -0.04)
(0.04 0.04 -0.04)
(0.045 0.04 -0.04)
(0.05 0.04 -0.04)
(-0.05 0 -0.035)
(-0.045 0 -0.035)
(-0.04 0 -0.035)
(-0.035 0 -0.035)
(-0.03 0 -0.035)
(-0.025 0 -0.035)
(-0.02 0 -0.035)
(-0.015 0 -0.035)
(-0.01 0 -0.035)
(-0.005 0 -0.035)
(0 0 -0.035)
(0.005 0 -0.035)
(0.01 0 -0.035)
(0.015 0 -0.035)
(0.02 0 -0.035)
(0.025 0 -0.035)
(0.03 0 -0.035)
(0.035 0 -0.035)
(0.04 0 -0.035)
(0.045 0 -0.035)
(0.05 0 -0.035)
(-0.05 0.0025 -0.035)
(-0.045 0.0025 -0.035)
(-0.04 0.0025 -0.035)
(-0.035 0.0025 -0.035)
(-0.03 0.0025 -0.035)
(-0.025 0.0025 -0.035)
(-0.02 0.0025 -0.035)
(-0.015 0.0025 -0.035)
(-0.01 0.0025 -0.035)
(-0.005 0.0025 -0.035)
(0 0.0025 -0.035)
(0.005 0.0025 -0.035)
(0.01 0.0025 -0.035)
(0.015 0.0025 -0.035)
(0.02 0.0025 -0.035)
(0.025 0.0025 -0.035)
(0.03 0.0025 -0.035)
(0.035 0.0025 -0.035)
(0.04 0.0025 -0.035)
(0.045 0.0025 -0.035)
(0.05 0.0025 -0.035)
(-0.05 0.005 -0.035)
(-0.045 0.005 -0.035)
(-0.04 0.005 -0.035)
(-0.035 0.005 -0.035)
(-0.03 0.005 -0.035)
(-0.025 0.005 -0.035)
(-0.02 0.005 -0.035)
(-0.015 0.005 -0.035)
(-0.01 0.005 -0.035)
(-0.005 0.005 -0.035)
(0 0.005 -0.035)
(0.005 0.005 -0.035)
(0.01 0.005 -0.035)
(0.015 0.005 -0.035)
(0.02 0.005 -0.035)
(0.025 0.005 -0.035)
(0.03 0.005 -0.035)
(0.035 0.005 -0.035)
(0.04 0.005 -0.035)
(0.045 0.005 -0.035)
(0.05 0.005 -0.035)
(-0.05 0.0075 -0.035)
(-0.045 0.0075 -0.035)
(-0.04 0.0075 -0.035)
(-0.035 0.0075 -0.035)
(-0.03 0.0075 -0.035)
(-0.025 0.0075 -0.035)
(-0.02 0.0075 -0.035)
(-0.015 0.0075 -0.035)
(-0.01 0.0075 -0.035)
(-0.005 0.0075 -0.035)
(0 0.0075 -0.035)
(0.005 0.0075 -0.035)
(0.01 0.0075 -0.035)
(0.015 0.0075 -0.035)
(0.02 0.0075 -0.035)
(0.025 0.0075 -0.035)
(0.03 0.0075 -0.035)
(0.035 0.0075 -0.035)
(0.04 0.0075 -0.035)
(0.045 0.0075 -0.035)
(0.05 0.0075 -0.035)
(-0.05 0.01 -0.035)
(-0.045 0.01 -0.035)
(-0.04 0.01 -0.035)
(-0.035 0.01 -0.035)
(-0.03 0.01 -0.035)
(-0.025 0.01 -0.035)
(-0.02 0.01 -0.035)
(-0.015 0.01 -0.035)
(-0.01 0.01 -0.035)
(-0.005 0.01 -0.035)
(0 0.01 -0.035)
(0.005 0.01 -0.035)
(0.01 0.01 -0.035)
(0.015 0.01 -0.035)
(0.02 0.01 -0.035)
(0.025 0.01 -0.035)
(0.03 0.01 -0.035)
(0.035 0.01 -0.035)
(0.04 0.01 -0.035)
(0.045 0.01 -0.035)
(0.05 0.01 -0.035)
(-0.05 0.0125 -0.035)
(-0.045 0.0125 -0.035)
(-0.04 0.0125 -0.035)
(-0.035 0.0125 -0.035)
(-0.03 0.0125 -0.035)
(-0.025 0.0125 -0.035)
(-0.02 0.0125 -0.035)
(-0.015 0.0125 -0.035)
(-0.01 0.0125 -0.035)
(-0.005 0.0125 -0.035)
(0 0.0125 -0.035)
(0.005 0.0125 -0.035)
(0.01 0.0125 -0.035)
(0.015 0.0125 -0.035)
(0.02 0.0125 -0.035)
(0.025 0.0125 -0.035)
(0.03 0.0125 -0.035)
(0.035 0.0125 -0.035)
(0.04 0.0125 -0.035)
(0.045 0.0125 -0.035)
(0.05 0.0125 -0.035)
(-0.05 0.015 -0.035)
(-0.045 0.015 -0.035)
(-0.04 0.015 -0.035)
(-0.035 0.015 -0.035)
(-0.03 0.015 -0.035)
(-0.025 0.015 -0.035)
(-0.02 0.015 -0.035)
(-0.015 0.015 -0.035)
(-0.01 0.015 -0.035)
(-0.005 0.015 -0.035)
(0 0.015 -0.035)
(0.005 0.015 -0.035)
(0.01 0.015 -0.035)
(0.015 0.015 -0.035)
(0.02 0.015 -0.035)
(0.025 0.015 -0.035)
(0.03 0.015 -0.035)
(0.035 0.015 -0.035)
(0.04 0.015 -0.035)
(0.045 0.015 -0.035)
(0.05 0.015 -0.035)
(-0.05 0.0175 -0.035)
(-0.045 0.0175 -0.035)
(-0.04 0.0175 -0.035)
(-0.035 0.0175 -0.035)
(-0.03 0.0175 -0.035)
(-0.025 0.0175 -0.035)
(-0.02 0.0175 -0.035)
(-0.015 0.0175 -0.035)
(-0.01 0.0175 -0.035)
(-0.005 0.0175 -0.035)
(0 0.0175 -0.035)
(0.005 0.0175 -0.035)
(0.01 0.0175 -0.035)
(0.015 0.0175 -0.035)
(0.02 0.0175 -0.035)
(0.025 0.0175 -0.035)
(0.03 0.0175 -0.035)
(0.035 0.0175 -0.035)
(0.04 0.0175 -0.035)
(0.045 0.0175 -0.035)
(0.05 0.0175 -0.035)
(-0.05 0.02 -0.035)
(-0.045 0.02 -0.035)
(-0.04 0.02 -0.035)
(-0.035 0.02 -0.035)
(-0.03 0.02 -0.035)
(-0.025 0.02 -0.035)
(-0.02 0.02 -0.035)
(-0.015 0.02 -0.035)
(-0.01 0.02 -0.035)
(-0.005 0.02 -0.035)
(0 0.02 -0.035)
(0.005 0.02 -0.035)
(0.01 0.02 -0.035)
(0.015 0.02 -0.035)
(0.02 0.02 -0.035)
(0.025 0.02 -0.035)
(0.03 0.02 -0.035)
(0.035 0.02 -0.035)
(0.04 0.02 -0.035)
(0.045 0.02 -0.035)
(0.05 0.02 -0.035)
(-0.05 0.0225 -0.035)
(-0.045 0.0225 -0.035)
(-0.04 0.0225 -0.035)
(-0.035 0.0225 -0.035)
(-0.03 0.0225 -0.035)
(-0.025 0.0225 -0.035)
(-0.02 0.0225 -0.035)
(-0.015 0.0225 -0.035)
(-0.01 0.0225 -0.035)
(-0.005 0.0225 -0.035)
(0 0.0225 -0.035)
(0.005 0.0225 -0.035)
(0.01 0.0225 -0.035)
(0.015 0.0225 -0.035)
(0.02 0.0225 -0.035)
(0.025 0.0225 -0.035)
(0.03 0.0225 -0.035)
(0.035 0.0225 -0.035)
(0.04 0.0225 -0.035)
(0.045 0.0225 -0.035)
(0.05 0.0225 -0.035)
(-0.05 0.025 -0.035)
(-0.045 0.025 -0.035)
(-0.04 0.025 -0.035)
(-0.035 0.025 -0.035)
(-0.03 0.025 -0.035)
(-0.025 0.025 -0.035)
(-0.02 0.025 -0.035)
(-0.015 0.025 -0.035)
(-0.01 0.025 -0.035)
(-0.005 0.025 -0.035)
(0 0.025 -0.035)
(0.005 0.025 -0.035)
(0.01 0.025 -0.035)
(0.015 0.025 -0.035)
(0.02 0.025 -0.035)
(0.025 0.025 -0.035)
(0.03 0.025 -0.035)
(0.035 0.025 -0.035)
(0.04 0.025 -0.035)
(0.045 0.025 -0.035)
(0.05 0.025 -0.035)
(-0.05 0.0275 -0.035)
(-0.045 0.0275 -0.035)
(-0.04 0.0275 -0.035)
(-0.035 0.0275 -0.035)
(-0.03 0.0275 -0.035)
(-0.025 0.0275 -0.035)
(-0.02 0.0275 -0.035)
(-0.015 0.0275 -0.035)
(-0.01 0.0275 -0.035)
(-0.005 0.0275 -0.035)
(0 0.0275 -0.035)
(0.005 0.0275 -0.035)
(0.01 0.0275 -0.035)
(0.015 0.0275 -0.035)
(0.02 0.0275 -0.035)
(0.025 0.0275 -0.035)
(0.03 0.0275 -0.035)
(0.035 0.0275 -0.035)
(0.04 0.0275 -0.035)
(0.045 0.0275 -0.035)
(0.05 0.0275 -0.035)
(-0.05 0.03 -0.035)
(-0.045 0.03 -0.035)
(-0.04 0.03 -0.035)
(-0.035 0.03 -0.035)
(-0.03 0.03 -0.035)
(-0.025 0.03 -0.035)
(-0.02 0.03 -0.035)
(-0.015 0.03 -0.035)
(-0.01 0.03 -0.035)
(-0.005 0.03 -0.035)
(0 0.03 -0.035)
(0.005 0.03 -0.035)
(0.01 0.03 -0.035)
(0.015 0.03 -0.035)
(0.02 0.03 -0.035)
(0.025 0.03 -0.035)
(0.03 0.03 -0.035)
(0.035 0.03 -0.035)
(0.04 0.03 -0.035)
(0.045 0.03 -0.035)
(0.05 0.03 -0.035)
(-0.05 0.0325 -0.035)
(-0.045 0.0325 -0.035)
(-0.04 0.0325 -0.035)
(-0.035 0.0325 -0.035)
(-0.03 0.0325 -0.035)
(-0.025 0.0325 -0.035)
(-0.02 0.0325 -0.035)
(-0.015 0.0325 -0.035)
(-0.01 0.0325 -0.035)
(-0.005 0.0325 -0.035)
(0 0.0325 -0.035)
(0.005 0.0325 -0.035)
(0.01 0.0325 -0.035)
(0.015 0.0325 -0.035)
(0.02 0.0325 -0.035)
(0.025 0.0325 -0.035)
(0.03 0.0325 -0.035)
(0.035 0.0325 -0.035)
(0.04 0.0325 -0.035)
(0.045 0.0325 -0.035)
(0.05 0.0325 -0.035)
(-0.05 0.035 -0.035)
(-0.045 0.035 -0.035)
(-0.04 0.035 -0.035)
(-0.035 0.035 -0.035)
(-0.03 0.035 -0.035)
(-0.025 0.035 -0.035)
(-0.02 0.035 -0.035)
(-0.015 0.035 -0.035)
(-0.01 0.035 -0.035)
(-0.005 0.035 -0.035)
(0 0.035 -0.035)
(0.005 0.035 -0.035)
(0.01 0.035 -0.035)
(0.015 0.035 -0.035)
(0.02 0.035 -0.035)
(0.025 0.035 -0.035)
(0.03 0.035 -0.035)
(0.035 0.035 -0.035)
(0.04 0.035 -0.035)
(0.045 0.035 -0.035)
(0.05 0.035 -0.035)
(-0.05 0.0375 -0.035)
(-0.045 0.0375 -0.035)
(-0.04 0.0375 -0.035)
(-0.035 0.0375 -0.035)
(-0.03 0.0375 -0.035)
(-0.025 0.0375 -0.035)
(-0.02 0.0375 -0.035)
(-0.015 0.0375 -0.035)
(-0.01 0.0375 -0.035)
(-0.005 0.0375 -0.035)
(0 0.0375 -0.035)
(0.005 0.0375 -0.035)
(0.01 0.0375 -0.035)
(0.015 0.0375 -0.035)
(0.02 0.0375 -0.035)
(0.025 0.0375 -0.035)
(0.03 0.0375 -0.035)
(0.035 0.0375 -0.035)
(0.04 0.0375 -0.035)
(0.045 0.0375 -0.035)
(0.05 0.0375 -0.035)
(-0.05 0.04 -0.035)
(-0.045 0.04 -0.035)
(-0.04 0.04 -0.035)
(-0.035 0.04 -0.035)
(-0.03 0.04 -0.035)
(-0.025 0.04 -0.035)
(-0.02 0.04 -0.035)
(-0.015 0.04 -0.035)
(-0.01 0.04 -0.035)
(-0.005 0.04 -0.035)
(0 0.04 -0.035)
(0.005 0.04 -0.035)
(0.01 0.04 -0.035)
(0.015 0.04 -0.035)
(0.02 0.04 -0.035)
(0.025 0.04 -0.035)
(0.03 0.04 -0.035)
(0.035 0.04 -0.035)
(0.04 0.04 -0.035)
(0.045 0.04 -0.035)
(0.05 0.04 -0.035)
(-0.05 0 -0.03)
(-0.045 0 -0.03)
(-0.04 0 -0.03)
(-0.035 0 -0.03)
(-0.03 0 -0.03)
(-0.025 0 -0.03)
(-0.02 0 -0.03)
(-0.015 0 -0.03)
(-0.01 0 -0.03)
(-0.005 0 -0.03)
(0 0 -0.03)
(0.005 0 -0.03)
(0.01 0 -0.03)
(0.015 0 -0.03)
(0.02 0 -0.03)
(0.025 0 -0.03)
(0.03 0 -0.03)
(0.035 0 -0.03)
(0.04 0 -0.03)
(0.045 0 -0.03)
(0.05 0 -0.03)
(-0.05 0.0025 -0.03)
(-0.045 0.0025 -0.03)
(-0.04 0.0025 -0.03)
(-0.035 0.0025 -0.03)
(-0.03 0.0025 -0.03)
(-0.025 0.0025 -0.03)
(-0.02 0.0025 -0.03)
(-0.015 0.0025 -0.03)
(-0.01 0.0025 -0.03)
(-0.005 0.0025 -0.03)
(0 0.0025 -0.03)
(0.005 0.0025 -0.03)
(0.01 0.0025 -0.03)
(0.015 0.0025 -0.03)
(0.02 0.0025 -0.03)
(0.025 0.0025 -0.03)
(0.03 0.0025 -0.03)
(0.035 0.0025 -0.03)
(0.04 0.0025 -0.03)
(0.045 0.0025 -0.03)
(0.05 0.0025 -0.03)
(-0.05 0.005 -0.03)
(-0.045 0.005 -0.03)
(-0.04 0.005 -0.03)
(-0.035 0.005 -0.03)
(-0.03 0.005 -0.03)
(-0.025 0.005 -0.03)
(-0.02 0.005 -0.03)
(-0.015 0.005 -0.03)
(-0.01 0.005 -0.03)
(-0.005 0.005 -0.03)
(0 0.005 -0.03)
(0.005 0.005 -0.03)
(0.01 0.005 -0.03)
(0.015 0.005 -0.03)
(0.02 0.005 -0.03)
(0.025 0.005 -0.03)
(0.03 0.005 -0.03)
(0.035 0.005 -0.03)
(0.04 0.005 -0.03)
(0.045 0.005 -0.03)
(0.05 0.005 -0.03)
(-0.05 0.0075 -0.03)
(-0.045 0.0075 -0.03)
(-0.04 0.0075 -0.03)
(-0.035 0.0075 -0.03)
(-0.03 0.0075 -0.03)
(-0.025 0.0075 -0.03)
(-0.02 0.0075 -0.03)
(-0.015 0.0075 -0.03)
(-0.01 0.0075 -0.03)
(-0.005 0.0075 -0.03)
(0 0.0075 -0.03)
(0.005 0.0075 -0.03)
(0.01 0.0075 -0.03)
(0.015 0.0075 -0.03)
(0.02 0.0075 -0.03)
(0.025 0.0075 -0.03)
(0.03 0.0075 -0.03)
(0.035 0.0075 -0.03)
(0.04 0.0075 -0.03)
(0.045 0.0075 -0.03)
(0.05 0.0075 -0.03)
(-0.05 0.01 -0.03)
(-0.045 0.01 -0.03)
(-0.04 0.01 -0.03)
(-0.035 0.01 -0.03)
(-0.03 0.01 -0.03)
(-0.025 0.01 -0.03)
(-0.02 0.01 -0.03)
(-0.015 0.01 -0.03)
(-0.01 0.01 -0.03)
(-0.005 0.01 -0.03)
(0 0.01 -0.03)
(0.005 0.01 -0.03)
(0.01 0.01 -0.03)
(0.015 0.01 -0.03)
(0.02 0.01 -0.03)
(0.025 0.01 -0.03)
(0.03 0.01 -0.03)
(0.035 0.01 -0.03)
(0.04 0.01 -0.03)
(0.045 0.01 -0.03)
(0.05 0.01 -0.03)
(-0.05 0.0125 -0.03)
(-0.045 0.0125 -0.03)
(-0.04 0.0125 -0.03)
(-0.035 0.0125 -0.03)
(-0.03 0.0125 -0.03)
(-0.025 0.0125 -0.03)
(-0.02 0.0125 -0.03)
(-0.015 0.0125 -0.03)
(-0.01 0.0125 -0.03)
(-0.005 0.0125 -0.03)
(0 0.0125 -0.03)
(0.005 0.0125 -0.03)
(0.01 0.0125 -0.03)
(0.015 0.0125 -0.03)
(0.02 0.0125 -0.03)
(0.025 0.0125 -0.03)
(0.03 0.0125 -0.03)
(0.035 0.0125 -0.03)
(0.04 0.0125 -0.03)
(0.045 0.0125 -0.03)
(0.05 0.0125 -0.03)
(-0.05 0.015 -0.03)
(-0.045 0.015 -0.03)
(-0.04 0.015 -0.03)
(-0.035 0.015 -0.03)
(-0.03 0.015 -0.03)
(-0.025 0.015 -0.03)
(-0.02 0.015 -0.03)
(-0.015 0.015 -0.03)
(-0.01 0.015 -0.03)
(-0.005 0.015 -0.03)
(0 0.015 -0.03)
(0.005 0.015 -0.03)
(0.01 0.015 -0.03)
(0.015 0.015 -0.03)
(0.02 0.015 -0.03)
(0.025 0.015 -0.03)
(0.03 0.015 -0.03)
(0.035 0.015 -0.03)
(0.04 0.015 -0.03)
(0.045 0.015 -0.03)
(0.05 0.015 -0.03)
(-0.05 0.0175 -0.03)
(-0.045 0.0175 -0.03)
(-0.04 0.0175 -0.03)
(-0.035 0.0175 -0.03)
(-0.03 0.0175 -0.03)
(-0.025 0.0175 -0.03)
(-0.02 0.0175 -0.03)
(-0.015 0.0175 -0.03)
(-0.01 0.0175 -0.03)
(-0.005 0.0175 -0.03)
(0 0.0175 -0.03)
(0.005 0.0175 -0.03)
(0.01 0.0175 -0.03)
(0.015 0.0175 -0.03)
(0.02 0.0175 -0.03)
(0.025 0.0175 -0.03)
(0.03 0.0175 -0.03)
(0.035 0.0175 -0.03)
(0.04 0.0175 -0.03)
(0.045 0.0175 -0.03)
(0.05 0.0175 -0.03)
(-0.05 0.02 -0.03)
(-0.045 0.02 -0.03)
(-0.04 0.02 -0.03)
(-0.035 0.02 -0.03)
(-0.03 0.02 -0.03)
(-0.025 0.02 -0.03)
(-0.02 0.02 -0.03)
(-0.015 0.02 -0.03)
(-0.01 0.02 -0.03)
(-0.005 0.02 -0.03)
(0 0.02 -0.03)
(0.005 0.02 -0.03)
(0.01 0.02 -0.03)
(0.015 0.02 -0.03)
(0.02 0.02 -0.03)
(0.025 0.02 -0.03)
(0.03 0.02 -0.03)
(0.035 0.02 -0.03)
(0.04 0.02 -0.03)
(0.045 0.02 -0.03)
(0.05 0.02 -0.03)
(-0.05 0.0225 -0.03)
(-0.045 0.0225 -0.03)
(-0.04 0.0225 -0.03)
(-0.035 0.0225 -0.03)
(-0.03 0.0225 -0.03)
(-0.025 0.0225 -0.03)
(-0.02 0.0225 -0.03)
(-0.015 0.0225 -0.03)
(-0.01 0.0225 -0.03)
(-0.005 0.0225 -0.03)
(0 0.0225 -0.03)
(0.005 0.0225 -0.03)
(0.01 0.0225 -0.03)
(0.015 0.0225 -0.03)
(0.02 0.0225 -0.03)
(0.025 0.0225 -0.03)
(0.03 0.0225 -0.03)
(0.035 0.0225 -0.03)
(0.04 0.0225 -0.03)
(0.045 0.0225 -0.03)
(0.05 0.0225 -0.03)
(-0.05 0.025 -0.03)
(-0.045 0.025 -0.03)
(-0.04 0.025 -0.03)
(-0.035 0.025 -0.03)
(-0.03 0.025 -0.03)
(-0.025 0.025 -0.03)
(-0.02 0.025 -0.03)
(-0.015 0.025 -0.03)
(-0.01 0.025 -0.03)
(-0.005 0.025 -0.03)
(0 0.025 -0.03)
(0.005 0.025 -0.03)
(0.01 0.025 -0.03)
(0.015 0.025 -0.03)
(0.02 0.025 -0.03)
(0.025 0.025 -0.03)
(0.03 0.025 -0.03)
(0.035 0.025 -0.03)
(0.04 0.025 -0.03)
(0.045 0.025 -0.03)
(0.05 0.025 -0.03)
(-0.05 0.0275 -0.03)
(-0.045 0.0275 -0.03)
(-0.04 0.0275 -0.03)
(-0.035 0.0275 -0.03)
(-0.03 0.0275 -0.03)
(-0.025 0.0275 -0.03)
(-0.02 0.0275 -0.03)
(-0.015 0.0275 -0.03)
(-0.01 0.0275 -0.03)
(-0.005 0.0275 -0.03)
(0 0.0275 -0.03)
(0.005 0.0275 -0.03)
(0.01 0.0275 -0.03)
(0.015 0.0275 -0.03)
(0.02 0.0275 -0.03)
(0.025 0.0275 -0.03)
(0.03 0.0275 -0.03)
(0.035 0.0275 -0.03)
(0.04 0.0275 -0.03)
(0.045 0.0275 -0.03)
(0.05 0.0275 -0.03)
(-0.05 0.03 -0.03)
(-0.045 0.03 -0.03)
(-0.04 0.03 -0.03)
(-0.035 0.03 -0.03)
(-0.03 0.03 -0.03)
(-0.025 0.03 -0.03)
(-0.02 0.03 -0.03)
(-0.015 0.03 -0.03)
(-0.01 0.03 -0.03)
(-0.005 0.03 -0.03)
(0 0.03 -0.03)
(0.005 0.03 -0.03)
(0.01 0.03 -0.03)
(0.015 0.03 -0.03)
(0.02 0.03 -0.03)
(0.025 0.03 -0.03)
(0.03 0.03 -0.03)
(0.035 0.03 -0.03)
(0.04 0.03 -0.03)
(0.045 0.03 -0.03)
(0.05 0.03 -0.03)
(-0.05 0.0325 -0.03)
(-0.045 0.0325 -0.03)
(-0.04 0.0325 -0.03)
(-0.035 0.0325 -0.03)
(-0.03 0.0325 -0.03)
(-0.025 0.0325 -0.03)
(-0.02 0.0325 -0.03)
(-0.015 0.0325 -0.03)
(-0.01 0.0325 -0.03)
(-0.005 0.0325 -0.03)
(0 0.0325 -0.03)
(0.005 0.0325 -0.03)
(0.01 0.0325 -0.03)
(0.015 0.0325 -0.03)
(0.02 0.0325 -0.03)
(0.025 0.0325 -0.03)
(0.03 0.0325 -0.03)
(0.035 0.0325 -0.03)
(0.04 0.0325 -0.03)
(0.045 0.0325 -0.03)
(0.05 0.0325 -0.03)
(-0.05 0.035 -0.03)
(-0.045 0.035 -0.03)
(-0.04 0.035 -0.03)
(-0.035 0.035 -0.03)
(-0.03 0.035 -0.03)
(-0.025 0.035 -0.03)
(-0.02 0.035 -0.03)
(-0.015 0.035 -0.03)
(-0.01 0.035 -0.03)
(-0.005 0.035 -0.03)
(0 0.035 -0.03)
(0.005 0.035 -0.03)
(0.01 0.035 -0.03)
(0.015 0.035 -0.03)
(0.02 0.035 -0.03)
(0.025 0.035 -0.03)
(0.03 0.035 -0.03)
(0.035 0.035 -0.03)
(0.04 0.035 -0.03)
(0.045 0.035 -0.03)
(0.05 0.035 -0.03)
(-0.05 0.0375 -0.03)
(-0.045 0.0375 -0.03)
(-0.04 0.0375 -0.03)
(-0.035 0.0375 -0.03)
(-0.03 0.0375 -0.03)
(-0.025 0.0375 -0.03)
(-0.02 0.0375 -0.03)
(-0.015 0.0375 -0.03)
(-0.01 0.0375 -0.03)
(-0.005 0.0375 -0.03)
(0 0.0375 -0.03)
(0.005 0.0375 -0.03)
(0.01 0.0375 -0.03)
(0.015 0.0375 -0.03)
(0.02 0.0375 -0.03)
(0.025 0.0375 -0.03)
(0.03 0.0375 -0.03)
(0.035 0.0375 -0.03)
(0.04 0.0375 -0.03)
(0.045 0.0375 -0.03)
(0.05 0.0375 -0.03)
(-0.05 0.04 -0.03)
(-0.045 0.04 -0.03)
(-0.04 0.04 -0.03)
(-0.035 0.04 -0.03)
(-0.03 0.04 -0.03)
(-0.025 0.04 -0.03)
(-0.02 0.04 -0.03)
(-0.015 0.04 -0.03)
(-0.01 0.04 -0.03)
(-0.005 0.04 -0.03)
(0 0.04 -0.03)
(0.005 0.04 -0.03)
(0.01 0.04 -0.03)
(0.015 0.04 -0.03)
(0.02 0.04 -0.03)
(0.025 0.04 -0.03)
(0.03 0.04 -0.03)
(0.035 0.04 -0.03)
(0.04 0.04 -0.03)
(0.045 0.04 -0.03)
(0.05 0.04 -0.03)
(-0.05 0 -0.025)
(-0.045 0 -0.025)
(-0.04 0 -0.025)
(-0.035 0 -0.025)
(-0.03 0 -0.025)
(-0.025 0 -0.025)
(-0.02 0 -0.025)
(-0.015 0 -0.025)
(-0.01 0 -0.025)
(-0.005 0 -0.025)
(0 0 -0.025)
(0.005 0 -0.025)
(0.01 0 -0.025)
(0.015 0 -0.025)
(0.02 0 -0.025)
(0.025 0 -0.025)
(0.03 0 -0.025)
(0.035 0 -0.025)
(0.04 0 -0.025)
(0.045 0 -0.025)
(0.05 0 -0.025)
(-0.05 0.0025 -0.025)
(-0.045 0.0025 -0.025)
(-0.04 0.0025 -0.025)
(-0.035 0.0025 -0.025)
(-0.03 0.0025 -0.025)
(-0.025 0.0025 -0.025)
(-0.02 0.0025 -0.025)
(-0.015 0.0025 -0.025)
(-0.01 0.0025 -0.025)
(-0.005 0.0025 -0.025)
(0 0.0025 -0.025)
(0.005 0.0025 -0.025)
(0.01 0.0025 -0.025)
(0.015 0.0025 -0.025)
(0.02 0.0025 -0.025)
(0.025 0.0025 -0.025)
(0.03 0.0025 -0.025)
(0.035 0.0025 -0.025)
(0.04 0.0025 -0.025)
(0.045 0.0025 -0.025)
(0.05 0.0025 -0.025)
(-0.05 0.005 -0.025)
(-0.045 0.005 -0.025)
(-0.04 0.005 -0.025)
(-0.035 0.005 -0.025)
(-0.03 0.005 -0.025)
(-0.025 0.005 -0.025)
(-0.02 0.005 -0.025)
(-0.015 0.005 -0.025)
(-0.01 0.005 -0.025)
(-0.005 0.005 -0.025)
(0 0.005 -0.025)
(0.005 0.005 -0.025)
(0.01 0.005 -0.025)
(0.015 0.005 -0.025)
(0.02 0.005 -0.025)
(0.025 0.005 -0.025)
(0.03 0.005 -0.025)
(0.035 0.005 -0.025)
(0.04 0.005 -0.025)
(0.045 0.005 -0.025)
(0.05 0.005 -0.025)
(-0.05 0.0075 -0.025)
(-0.045 0.0075 -0.025)
(-0.04 0.0075 -0.025)
(-0.035 0.0075 -0.025)
(-0.03 0.0075 -0.025)
(-0.025 0.0075 -0.025)
(-0.02 0.0075 -0.025)
(-0.015 0.0075 -0.025)
(-0.01 0.0075 -0.025)
(-0.005 0.0075 -0.025)
(0 0.0075 -0.025)
(0.005 0.0075 -0.025)
(0.01 0.0075 -0.025)
(0.015 0.0075 -0.025)
(0.02 0.0075 -0.025)
(0.025 0.0075 -0.025)
(0.03 0.0075 -0.025)
(0.035 0.0075 -0.025)
(0.04 0.0075 -0.025)
(0.045 0.0075 -0.025)
(0.05 0.0075 -0.025)
(-0.05 0.01 -0.025)
(-0.045 0.01 -0.025)
(-0.04 0.01 -0.025)
(-0.035 0.01 -0.025)
(-0.03 0.01 -0.025)
(-0.025 0.01 -0.025)
(-0.02 0.01 -0.025)
(-0.015 0.01 -0.025)
(-0.01 0.01 -0.025)
(-0.005 0.01 -0.025)
(0 0.01 -0.025)
(0.005 0.01 -0.025)
(0.01 0.01 -0.025)
(0.015 0.01 -0.025)
(0.02 0.01 -0.025)
(0.025 0.01 -0.025)
(0.03 0.01 -0.025)
(0.035 0.01 -0.025)
(0.04 0.01 -0.025)
(0.045 0.01 -0.025)
(0.05 0.01 -0.025)
(-0.05 0.0125 -0.025)
(-0.045 0.0125 -0.025)
(-0.04 0.0125 -0.025)
(-0.035 0.0125 -0.025)
(-0.03 0.0125 -0.025)
(-0.025 0.0125 -0.025)
(-0.02 0.0125 -0.025)
(-0.015 0.0125 -0.025)
(-0.01 0.0125 -0.025)
(-0.005 0.0125 -0.025)
(0 0.0125 -0.025)
(0.005 0.0125 -0.025)
(0.01 0.0125 -0.025)
(0.015 0.0125 -0.025)
(0.02 0.0125 -0.025)
(0.025 0.0125 -0.025)
(0.03 0.0125 -0.025)
(0.035 0.0125 -0.025)
(0.04 0.0125 -0.025)
(0.045 0.0125 -0.025)
(0.05 0.0125 -0.025)
(-0.05 0.015 -0.025)
(-0.045 0.015 -0.025)
(-0.04 0.015 -0.025)
(-0.035 0.015 -0.025)
(-0.03 0.015 -0.025)
(-0.025 0.015 -0.025)
(-0.02 0.015 -0.025)
(-0.015 0.015 -0.025)
(-0.01 0.015 -0.025)
(-0.005 0.015 -0.025)
(0 0.015 -0.025)
(0.005 0.015 -0.025)
(0.01 0.015 -0.025)
(0.015 0.015 -0.025)
(0.02 0.015 -0.025)
(0.025 0.015 -0.025)
(0.03 0.015 -0.025)
(0.035 0.015 -0.025)
(0.04 0.015 -0.025)
(0.045 0.015 -0.025)
(0.05 0.015 -0.025)
(-0.05 0.0175 -0.025)
(-0.045 0.0175 -0.025)
(-0.04 0.0175 -0.025)
(-0.035 0.0175 -0.025)
(-0.03 0.0175 -0.025)
(-0.025 0.0175 -0.025)
(-0.02 0.0175 -0.025)
(-0.015 0.0175 -0.025)
(-0.01 0.0175 -0.025)
(-0.005 0.0175 -0.025)
(0 0.0175 -0.025)
(0.005 0.0175 -0.025)
(0.01 0.0175 -0.025)
(0.015 0.0175 -0.025)
(0.02 0.0175 -0.025)
(0.025 0.0175 -0.025)
(0.03 0.0175 -0.025)
(0.035 0.0175 -0.025)
(0.04 0.0175 -0.025)
(0.045 0.0175 -0.025)
(0.05 0.0175 -0.025)
(-0.05 0.02 -0.025)
(-0.045 0.02 -0.025)
(-0.04 0.02 -0.025)
(-0.035 0.02 -0.025)
(-0.03 0.02 -0.025)
(-0.025 0.02 -0.025)
(-0.02 0.02 -0.025)
(-0.015 0.02 -0.025)
(-0.01 0.02 -0.025)
(-0.005 0.02 -0.025)
(0 0.02 -0.025)
(0.005 0.02 -0.025)
(0.01 0.02 -0.025)
(0.015 0.02 -0.025)
(0.02 0.02 -0.025)
(0.025 0.02 -0.025)
(0.03 0.02 -0.025)
(0.035 0.02 -0.025)
(0.04 0.02 -0.025)
(0.045 0.02 -0.025)
(0.05 0.02 -0.025)
(-0.05 0.0225 -0.025)
(-0.045 0.0225 -0.025)
(-0.04 0.0225 -0.025)
(-0.035 0.0225 -0.025)
(-0.03 0.0225 -0.025)
(-0.025 0.0225 -0.025)
(-0.02 0.0225 -0.025)
(-0.015 0.0225 -0.025)
(-0.01 0.0225 -0.025)
(-0.005 0.0225 -0.025)
(0 0.0225 -0.025)
(0.005 0.0225 -0.025)
(0.01 0.0225 -0.025)
(0.015 0.0225 -0.025)
(0.02 0.0225 -0.025)
(0.025 0.0225 -0.025)
(0.03 0.0225 -0.025)
(0.035 0.0225 -0.025)
(0.04 0.0225 -0.025)
(0.045 0.0225 -0.025)
(0.05 0.0225 -0.025)
(-0.05 0.025 -0.025)
(-0.045 0.025 -0.025)
(-0.04 0.025 -0.025)
(-0.035 0.025 -0.025)
(-0.03 0.025 -0.025)
(-0.025 0.025 -0.025)
(-0.02 0.025 -0.025)
(-0.015 0.025 -0.025)
(-0.01 0.025 -0.025)
(-0.005 0.025 -0.025)
(0 0.025 -0.025)
(0.005 0.025 -0.025)
(0.01 0.025 -0.025)
(0.015 0.025 -0.025)
(0.02 0.025 -0.025)
(0.025 0.025 -0.025)
(0.03 0.025 -0.025)
(0.035 0.025 -0.025)
(0.04 0.025 -0.025)
(0.045 0.025 -0.025)
(0.05 0.025 -0.025)
(-0.05 0.0275 -0.025)
(-0.045 0.0275 -0.025)
(-0.04 0.0275 -0.025)
(-0.035 0.0275 -0.025)
(-0.03 0.0275 -0.025)
(-0.025 0.0275 -0.025)
(-0.02 0.0275 -0.025)
(-0.015 0.0275 -0.025)
(-0.01 0.0275 -0.025)
(-0.005 0.0275 -0.025)
(0 0.0275 -0.025)
(0.005 0.0275 -0.025)
(0.01 0.0275 -0.025)
(0.015 0.0275 -0.025)
(0.02 0.0275 -0.025)
(0.025 0.0275 -0.025)
(0.03 0.0275 -0.025)
(0.035 0.0275 -0.025)
(0.04 0.0275 -0.025)
(0.045 0.0275 -0.025)
(0.05 0.0275 -0.025)
(-0.05 0.03 -0.025)
(-0.045 0.03 -0.025)
(-0.04 0.03 -0.025)
(-0.035 0.03 -0.025)
(-0.03 0.03 -0.025)
(-0.025 0.03 -0.025)
(-0.02 0.03 -0.025)
(-0.015 0.03 -0.025)
(-0.01 0.03 -0.025)
(-0.005 0.03 -0.025)
(0 0.03 -0.025)
(0.005 0.03 -0.025)
(0.01 0.03 -0.025)
(0.015 0.03 -0.025)
(0.02 0.03 -0.025)
(0.025 0.03 -0.025)
(0.03 0.03 -0.025)
(0.035 0.03 -0.025)
(0.04 0.03 -0.025)
(0.045 0.03 -0.025)
(0.05 0.03 -0.025)
(-0.05 0.0325 -0.025)
(-0.045 0.0325 -0.025)
(-0.04 0.0325 -0.025)
(-0.035 0.0325 -0.025)
(-0.03 0.0325 -0.025)
(-0.025 0.0325 -0.025)
(-0.02 0.0325 -0.025)
(-0.015 0.0325 -0.025)
(-0.01 0.0325 -0.025)
(-0.005 0.0325 -0.025)
(0 0.0325 -0.025)
(0.005 0.0325 -0.025)
(0.01 0.0325 -0.025)
(0.015 0.0325 -0.025)
(0.02 0.0325 -0.025)
(0.025 0.0325 -0.025)
(0.03 0.0325 -0.025)
(0.035 0.0325 -0.025)
(0.04 0.0325 -0.025)
(0.045 0.0325 -0.025)
(0.05 0.0325 -0.025)
(-0.05 0.035 -0.025)
(-0.045 0.035 -0.025)
(-0.04 0.035 -0.025)
(-0.035 0.035 -0.025)
(-0.03 0.035 -0.025)
(-0.025 0.035 -0.025)
(-0.02 0.035 -0.025)
(-0.015 0.035 -0.025)
(-0.01 0.035 -0.025)
(-0.005 0.035 -0.025)
(0 0.035 -0.025)
(0.005 0.035 -0.025)
(0.01 0.035 -0.025)
(0.015 0.035 -0.025)
(0.02 0.035 -0.025)
(0.025 0.035 -0.025)
(0.03 0.035 -0.025)
(0.035 0.035 -0.025)
(0.04 0.035 -0.025)
(0.045 0.035 -0.025)
(0.05 0.035 -0.025)
(-0.05 0.0375 -0.025)
(-0.045 0.0375 -0.025)
(-0.04 0.0375 -0.025)
(-0.035 0.0375 -0.025)
(-0.03 0.0375 -0.025)
(-0.025 0.0375 -0.025)
(-0.02 0.0375 -0.025)
(-0.015 0.0375 -0.025)
(-0.01 0.0375 -0.025)
(-0.005 0.0375 -0.025)
(0 0.0375 -0.025)
(0.005 0.0375 -0.025)
(0.01 0.0375 -0.025)
(0.015 0.0375 -0.025)
(0.02 0.0375 -0.025)
(0.025 0.0375 -0.025)
(0.03 0.0375 -0.025)
(0.035 0.0375 -0.025)
(0.04 0.0375 -0.025)
(0.045 0.0375 -0.025)
(0.05 0.0375 -0.025)
(-0.05 0.04 -0.025)
(-0.045 0.04 -0.025)
(-0.04 0.04 -0.025)
(-0.035 0.04 -0.025)
(-0.03 0.04 -0.025)
(-0.025 0.04 -0.025)
(-0.02 0.04 -0.025)
(-0.015 0.04 -0.025)
(-0.01 0.04 -0.025)
(-0.005 0.04 -0.025)
(0 0.04 -0.025)
(0.005 0.04 -0.025)
(0.01 0.04 -0.025)
(0.015 0.04 -0.025)
(0.02 0.04 -0.025)
(0.025 0.04 -0.025)
(0.03 0.04 -0.025)
(0.035 0.04 -0.025)
(0.04 0.04 -0.025)
(0.045 0.04 -0.025)
(0.05 0.04 -0.025)
(-0.05 0 -0.02)
(-0.045 0 -0.02)
(-0.04 0 -0.02)
(-0.035 0 -0.02)
(-0.03 0 -0.02)
(-0.025 0 -0.02)
(-0.02 0 -0.02)
(-0.015 0 -0.02)
(-0.01 0 -0.02)
(-0.005 0 -0.02)
(0 0 -0.02)
(0.005 0 -0.02)
(0.01 0 -0.02)
(0.015 0 -0.02)
(0.02 0 -0.02)
(0.025 0 -0.02)
(0.03 0 -0.02)
(0.035 0 -0.02)
(0.04 0 -0.02)
(0.045 0 -0.02)
(0.05 0 -0.02)
(-0.05 0.0025 -0.02)
(-0.045 0.0025 -0.02)
(-0.04 0.0025 -0.02)
(-0.035 0.0025 -0.02)
(-0.03 0.0025 -0.02)
(-0.025 0.0025 -0.02)
(-0.02 0.0025 -0.02)
(-0.015 0.0025 -0.02)
(-0.01 0.0025 -0.02)
(-0.005 0.0025 -0.02)
(0 0.0025 -0.02)
(0.005 0.0025 -0.02)
(0.01 0.0025 -0.02)
(0.015 0.0025 -0.02)
(0.02 0.0025 -0.02)
(0.025 0.0025 -0.02)
(0.03 0.0025 -0.02)
(0.035 0.0025 -0.02)
(0.04 0.0025 -0.02)
(0.045 0.0025 -0.02)
(0.05 0.0025 -0.02)
(-0.05 0.005 -0.02)
(-0.045 0.005 -0.02)
(-0.04 0.005 -0.02)
(-0.035 0.005 -0.02)
(-0.03 0.005 -0.02)
(-0.025 0.005 -0.02)
(-0.02 0.005 -0.02)
(-0.015 0.005 -0.02)
(-0.01 0.005 -0.02)
(-0.005 0.005 -0.02)
(0 0.005 -0.02)
(0.005 0.005 -0.02)
(0.01 0.005 -0.02)
(0.015 0.005 -0.02)
(0.02 0.005 -0.02)
(0.025 0.005 -0.02)
(0.03 0.005 -0.02)
(0.035 0.005 -0.02)
(0.04 0.005 -0.02)
(0.045 0.005 -0.02)
(0.05 0.005 -0.02)
(-0.05 0.0075 -0.02)
(-0.045 0.0075 -0.02)
(-0.04 0.0075 -0.02)
(-0.035 0.0075 -0.02)
(-0.03 0.0075 -0.02)
(-0.025 0.0075 -0.02)
(-0.02 0.0075 -0.02)
(-0.015 0.0075 -0.02)
(-0.01 0.0075 -0.02)
(-0.005 0.0075 -0.02)
(0 0.0075 -0.02)
(0.005 0.0075 -0.02)
(0.01 0.0075 -0.02)
(0.015 0.0075 -0.02)
(0.02 0.0075 -0.02)
(0.025 0.0075 -0.02)
(0.03 0.0075 -0.02)
(0.035 0.0075 -0.02)
(0.04 0.0075 -0.02)
(0.045 0.0075 -0.02)
(0.05 0.0075 -0.02)
(-0.05 0.01 -0.02)
(-0.045 0.01 -0.02)
(-0.04 0.01 -0.02)
(-0.035 0.01 -0.02)
(-0.03 0.01 -0.02)
(-0.025 0.01 -0.02)
(-0.02 0.01 -0.02)
(-0.015 0.01 -0.02)
(-0.01 0.01 -0.02)
(-0.005 0.01 -0.02)
(0 0.01 -0.02)
(0.005 0.01 -0.02)
(0.01 0.01 -0.02)
(0.015 0.01 -0.02)
(0.02 0.01 -0.02)
(0.025 0.01 -0.02)
(0.03 0.01 -0.02)
(0.035 0.01 -0.02)
(0.04 0.01 -0.02)
(0.045 0.01 -0.02)
(0.05 0.01 -0.02)
(-0.05 0.0125 -0.02)
(-0.045 0.0125 -0.02)
(-0.04 0.0125 -0.02)
(-0.035 0.0125 -0.02)
(-0.03 0.0125 -0.02)
(-0.025 0.0125 -0.02)
(-0.02 0.0125 -0.02)
(-0.015 0.0125 -0.02)
(-0.01 0.0125 -0.02)
(-0.005 0.0125 -0.02)
(0 0.0125 -0.02)
(0.005 0.0125 -0.02)
(0.01 0.0125 -0.02)
(0.015 0.0125 -0.02)
(0.02 0.0125 -0.02)
(0.025 0.0125 -0.02)
(0.03 0.0125 -0.02)
(0.035 0.0125 -0.02)
(0.04 0.0125 -0.02)
(0.045 0.0125 -0.02)
(0.05 0.0125 -0.02)
(-0.05 0.015 -0.02)
(-0.045 0.015 -0.02)
(-0.04 0.015 -0.02)
(-0.035 0.015 -0.02)
(-0.03 0.015 -0.02)
(-0.025 0.015 -0.02)
(-0.02 0.015 -0.02)
(-0.015 0.015 -0.02)
(-0.01 0.015 -0.02)
(-0.005 0.015 -0.02)
(0 0.015 -0.02)
(0.005 0.015 -0.02)
(0.01 0.015 -0.02)
(0.015 0.015 -0.02)
(0.02 0.015 -0.02)
(0.025 0.015 -0.02)
(0.03 0.015 -0.02)
(0.035 0.015 -0.02)
(0.04 0.015 -0.02)
(0.045 0.015 -0.02)
(0.05 0.015 -0.02)
(-0.05 0.0175 -0.02)
(-0.045 0.0175 -0.02)
(-0.04 0.0175 -0.02)
(-0.035 0.0175 -0.02)
(-0.03 0.0175 -0.02)
(-0.025 0.0175 -0.02)
(-0.02 0.0175 -0.02)
(-0.015 0.0175 -0.02)
(-0.01 0.0175 -0.02)
(-0.005 0.0175 -0.02)
(0 0.0175 -0.02)
(0.005 0.0175 -0.02)
(0.01 0.0175 -0.02)
(0.015 0.0175 -0.02)
(0.02 0.0175 -0.02)
(0.025 0.0175 -0.02)
(0.03 0.0175 -0.02)
(0.035 0.0175 -0.02)
(0.04 0.0175 -0.02)
(0.045 0.0175 -0.02)
(0.05 0.0175 -0.02)
(-0.05 0.02 -0.02)
(-0.045 0.02 -0.02)
(-0.04 0.02 -0.02)
(-0.035 0.02 -0.02)
(-0.03 0.02 -0.02)
(-0.025 0.02 -0.02)
(-0.02 0.02 -0.02)
(-0.015 0.02 -0.02)
(-0.01 0.02 -0.02)
(-0.005 0.02 -0.02)
(0 0.02 -0.02)
(0.005 0.02 -0.02)
(0.01 0.02 -0.02)
(0.015 0.02 -0.02)
(0.02 0.02 -0.02)
(0.025 0.02 -0.02)
(0.03 0.02 -0.02)
(0.035 0.02 -0.02)
(0.04 0.02 -0.02)
(0.045 0.02 -0.02)
(0.05 0.02 -0.02)
(-0.05 0.0225 -0.02)
(-0.045 0.0225 -0.02)
(-0.04 0.0225 -0.02)
(-0.035 0.0225 -0.02)
(-0.03 0.0225 -0.02)
(-0.025 0.0225 -0.02)
(-0.02 0.0225 -0.02)
(-0.015 0.0225 -0.02)
(-0.01 0.0225 -0.02)
(-0.005 0.0225 -0.02)
(0 0.0225 -0.02)
(0.005 0.0225 -0.02)
(0.01 0.0225 -0.02)
(0.015 0.0225 -0.02)
(0.02 0.0225 -0.02)
(0.025 0.0225 -0.02)
(0.03 0.0225 -0.02)
(0.035 0.0225 -0.02)
(0.04 0.0225 -0.02)
(0.045 0.0225 -0.02)
(0.05 0.0225 -0.02)
(-0.05 0.025 -0.02)
(-0.045 0.025 -0.02)
(-0.04 0.025 -0.02)
(-0.035 0.025 -0.02)
(-0.03 0.025 -0.02)
(-0.025 0.025 -0.02)
(-0.02 0.025 -0.02)
(-0.015 0.025 -0.02)
(-0.01 0.025 -0.02)
(-0.005 0.025 -0.02)
(0 0.025 -0.02)
(0.005 0.025 -0.02)
(0.01 0.025 -0.02)
(0.015 0.025 -0.02)
(0.02 0.025 -0.02)
(0.025 0.025 -0.02)
(0.03 0.025 -0.02)
(0.035 0.025 -0.02)
(0.04 0.025 -0.02)
(0.045 0.025 -0.02)
(0.05 0.025 -0.02)
(-0.05 0.0275 -0.02)
(-0.045 0.0275 -0.02)
(-0.04 0.0275 -0.02)
(-0.035 0.0275 -0.02)
(-0.03 0.0275 -0.02)
(-0.025 0.0275 -0.02)
(-0.02 0.0275 -0.02)
(-0.015 0.0275 -0.02)
(-0.01 0.0275 -0.02)
(-0.005 0.0275 -0.02)
(0 0.0275 -0.02)
(0.005 0.0275 -0.02)
(0.01 0.0275 -0.02)
(0.015 0.0275 -0.02)
(0.02 0.0275 -0.02)
(0.025 0.0275 -0.02)
(0.03 0.0275 -0.02)
(0.035 0.0275 -0.02)
(0.04 0.0275 -0.02)
(0.045 0.0275 -0.02)
(0.05 0.0275 -0.02)
(-0.05 0.03 -0.02)
(-0.045 0.03 -0.02)
(-0.04 0.03 -0.02)
(-0.035 0.03 -0.02)
(-0.03 0.03 -0.02)
(-0.025 0.03 -0.02)
(-0.02 0.03 -0.02)
(-0.015 0.03 -0.02)
(-0.01 0.03 -0.02)
(-0.005 0.03 -0.02)
(0 0.03 -0.02)
(0.005 0.03 -0.02)
(0.01 0.03 -0.02)
(0.015 0.03 -0.02)
(0.02 0.03 -0.02)
(0.025 0.03 -0.02)
(0.03 0.03 -0.02)
(0.035 0.03 -0.02)
(0.04 0.03 -0.02)
(0.045 0.03 -0.02)
(0.05 0.03 -0.02)
(-0.05 0.0325 -0.02)
(-0.045 0.0325 -0.02)
(-0.04 0.0325 -0.02)
(-0.035 0.0325 -0.02)
(-0.03 0.0325 -0.02)
(-0.025 0.0325 -0.02)
(-0.02 0.0325 -0.02)
(-0.015 0.0325 -0.02)
(-0.01 0.0325 -0.02)
(-0.005 0.0325 -0.02)
(0 0.0325 -0.02)
(0.005 0.0325 -0.02)
(0.01 0.0325 -0.02)
(0.015 0.0325 -0.02)
(0.02 0.0325 -0.02)
(0.025 0.0325 -0.02)
(0.03 0.0325 -0.02)
(0.035 0.0325 -0.02)
(0.04 0.0325 -0.02)
(0.045 0.0325 -0.02)
(0.05 0.0325 -0.02)
(-0.05 0.035 -0.02)
(-0.045 0.035 -0.02)
(-0.04 0.035 -0.02)
(-0.035 0.035 -0.02)
(-0.03 0.035 -0.02)
(-0.025 0.035 -0.02)
(-0.02 0.035 -0.02)
(-0.015 0.035 -0.02)
(-0.01 0.035 -0.02)
(-0.005 0.035 -0.02)
(0 0.035 -0.02)
(0.005 0.035 -0.02)
(0.01 0.035 -0.02)
(0.015 0.035 -0.02)
(0.02 0.035 -0.02)
(0.025 0.035 -0.02)
(0.03 0.035 -0.02)
(0.035 0.035 -0.02)
(0.04 0.035 -0.02)
(0.045 0.035 -0.02)
(0.05 0.035 -0.02)
(-0.05 0.0375 -0.02)
(-0.045 0.0375 -0.02)
(-0.04 0.0375 -0.02)
(-0.035 0.0375 -0.02)
(-0.03 0.0375 -0.02)
(-0.025 0.0375 -0.02)
(-0.02 0.0375 -0.02)
(-0.015 0.0375 -0.02)
(-0.01 0.0375 -0.02)
(-0.005 0.0375 -0.02)
(0 0.0375 -0.02)
(0.005 0.0375 -0.02)
(0.01 0.0375 -0.02)
(0.015 0.0375 -0.02)
(0.02 0.0375 -0.02)
(0.025 0.0375 -0.02)
(0.03 0.0375 -0.02)
(0.035 0.0375 -0.02)
(0.04 0.0375 -0.02)
(0.045 0.0375 -0.02)
(0.05 0.0375 -0.02)
(-0.05 0.04 -0.02)
(-0.045 0.04 -0.02)
(-0.04 0.04 -0.02)
(-0.035 0.04 -0.02)
(-0.03 0.04 -0.02)
(-0.025 0.04 -0.02)
(-0.02 0.04 -0.02)
(-0.015 0.04 -0.02)
(-0.01 0.04 -0.02)
(-0.005 0.04 -0.02)
(0 0.04 -0.02)
(0.005 0.04 -0.02)
(0.01 0.04 -0.02)
(0.015 0.04 -0.02)
(0.02 0.04 -0.02)
(0.025 0.04 -0.02)
(0.03 0.04 -0.02)
(0.035 0.04 -0.02)
(0.04 0.04 -0.02)
(0.045 0.04 -0.02)
(0.05 0.04 -0.02)
(-0.05 0 -0.015)
(-0.045 0 -0.015)
(-0.04 0 -0.015)
(-0.035 0 -0.015)
(-0.03 0 -0.015)
(-0.025 0 -0.015)
(-0.02 0 -0.015)
(-0.015 0 -0.015)
(-0.01 0 -0.015)
(-0.005 0 -0.015)
(0 0 -0.015)
(0.005 0 -0.015)
(0.01 0 -0.015)
(0.015 0 -0.015)
(0.02 0 -0.015)
(0.025 0 -0.015)
(0.03 0 -0.015)
(0.035 0 -0.015)
(0.04 0 -0.015)
(0.045 0 -0.015)
(0.05 0 -0.015)
(-0.05 0.0025 -0.015)
(-0.045 0.0025 -0.015)
(-0.04 0.0025 -0.015)
(-0.035 0.0025 -0.015)
(-0.03 0.0025 -0.015)
(-0.025 0.0025 -0.015)
(-0.02 0.0025 -0.015)
(-0.015 0.0025 -0.015)
(-0.01 0.0025 -0.015)
(-0.005 0.0025 -0.015)
(0 0.0025 -0.015)
(0.005 0.0025 -0.015)
(0.01 0.0025 -0.015)
(0.015 0.0025 -0.015)
(0.02 0.0025 -0.015)
(0.025 0.0025 -0.015)
(0.03 0.0025 -0.015)
(0.035 0.0025 -0.015)
(0.04 0.0025 -0.015)
(0.045 0.0025 -0.015)
(0.05 0.0025 -0.015)
(-0.05 0.005 -0.015)
(-0.045 0.005 -0.015)
(-0.04 0.005 -0.015)
(-0.035 0.005 -0.015)
(-0.03 0.005 -0.015)
(-0.025 0.005 -0.015)
(-0.02 0.005 -0.015)
(-0.015 0.005 -0.015)
(-0.01 0.005 -0.015)
(-0.005 0.005 -0.015)
(0 0.005 -0.015)
(0.005 0.005 -0.015)
(0.01 0.005 -0.015)
(0.015 0.005 -0.015)
(0.02 0.005 -0.015)
(0.025 0.005 -0.015)
(0.03 0.005 -0.015)
(0.035 0.005 -0.015)
(0.04 0.005 -0.015)
(0.045 0.005 -0.015)
(0.05 0.005 -0.015)
(-0.05 0.0075 -0.015)
(-0.045 0.0075 -0.015)
(-0.04 0.0075 -0.015)
(-0.035 0.0075 -0.015)
(-0.03 0.0075 -0.015)
(-0.025 0.0075 -0.015)
(-0.02 0.0075 -0.015)
(-0.015 0.0075 -0.015)
(-0.01 0.0075 -0.015)
(-0.005 0.0075 -0.015)
(0 0.0075 -0.015)
(0.005 0.0075 -0.015)
(0.01 0.0075 -0.015)
(0.015 0.0075 -0.015)
(0.02 0.0075 -0.015)
(0.025 0.0075 -0.015)
(0.03 0.0075 -0.015)
(0.035 0.0075 -0.015)
(0.04 0.0075 -0.015)
(0.045 0.0075 -0.015)
(0.05 0.0075 -0.015)
(-0.05 0.01 -0.015)
(-0.045 0.01 -0.015)
(-0.04 0.01 -0.015)
(-0.035 0.01 -0.015)
(-0.03 0.01 -0.015)
(-0.025 0.01 -0.015)
(-0.02 0.01 -0.015)
(-0.015 0.01 -0.015)
(-0.01 0.01 -0.015)
(-0.005 0.01 -0.015)
(0 0.01 -0.015)
(0.005 0.01 -0.015)
(0.01 0.01 -0.015)
(0.015 0.01 -0.015)
(0.02 0.01 -0.015)
(0.025 0.01 -0.015)
(0.03 0.01 -0.015)
(0.035 0.01 -0.015)
(0.04 0.01 -0.015)
(0.045 0.01 -0.015)
(0.05 0.01 -0.015)
(-0.05 0.0125 -0.015)
(-0.045 0.0125 -0.015)
(-0.04 0.0125 -0.015)
(-0.035 0.0125 -0.015)
(-0.03 0.0125 -0.015)
(-0.025 0.0125 -0.015)
(-0.02 0.0125 -0.015)
(-0.015 0.0125 -0.015)
(-0.01 0.0125 -0.015)
(-0.005 0.0125 -0.015)
(0 0.0125 -0.015)
(0.005 0.0125 -0.015)
(0.01 0.0125 -0.015)
(0.015 0.0125 -0.015)
(0.02 0.0125 -0.015)
(0.025 0.0125 -0.015)
(0.03 0.0125 -0.015)
(0.035 0.0125 -0.015)
(0.04 0.0125 -0.015)
(0.045 0.0125 -0.015)
(0.05 0.0125 -0.015)
(-0.05 0.015 -0.015)
(-0.045 0.015 -0.015)
(-0.04 0.015 -0.015)
(-0.035 0.015 -0.015)
(-0.03 0.015 -0.015)
(-0.025 0.015 -0.015)
(-0.02 0.015 -0.015)
(-0.015 0.015 -0.015)
(-0.01 0.015 -0.015)
(-0.005 0.015 -0.015)
(0 0.015 -0.015)
(0.005 0.015 -0.015)
(0.01 0.015 -0.015)
(0.015 0.015 -0.015)
(0.02 0.015 -0.015)
(0.025 0.015 -0.015)
(0.03 0.015 -0.015)
(0.035 0.015 -0.015)
(0.04 0.015 -0.015)
(0.045 0.015 -0.015)
(0.05 0.015 -0.015)
(-0.05 0.0175 -0.015)
(-0.045 0.0175 -0.015)
(-0.04 0.0175 -0.015)
(-0.035 0.0175 -0.015)
(-0.03 0.0175 -0.015)
(-0.025 0.0175 -0.015)
(-0.02 0.0175 -0.015)
(-0.015 0.0175 -0.015)
(-0.01 0.0175 -0.015)
(-0.005 0.0175 -0.015)
(0 0.0175 -0.015)
(0.005 0.0175 -0.015)
(0.01 0.0175 -0.015)
(0.015 0.0175 -0.015)
(0.02 0.0175 -0.015)
(0.025 0.0175 -0.015)
(0.03 0.0175 -0.015)
(0.035 0.0175 -0.015)
(0.04 0.0175 -0.015)
(0.045 0.0175 -0.015)
(0.05 0.0175 -0.015)
(-0.05 0.02 -0.015)
(-0.045 0.02 -0.015)
(-0.04 0.02 -0.015)
(-0.035 0.02 -0.015)
(-0.03 0.02 -0.015)
(-0.025 0.02 -0.015)
(-0.02 0.02 -0.015)
(-0.015 0.02 -0.015)
(-0.01 0.02 -0.015)
(-0.005 0.02 -0.015)
(0 0.02 -0.015)
(0.005 0.02 -0.015)
(0.01 0.02 -0.015)
(0.015 0.02 -0.015)
(0.02 0.02 -0.015)
(0.025 0.02 -0.015)
(0.03 0.02 -0.015)
(0.035 0.02 -0.015)
(0.04 0.02 -0.015)
(0.045 0.02 -0.015)
(0.05 0.02 -0.015)
(-0.05 0.0225 -0.015)
(-0.045 0.0225 -0.015)
(-0.04 0.0225 -0.015)
(-0.035 0.0225 -0.015)
(-0.03 0.0225 -0.015)
(-0.025 0.0225 -0.015)
(-0.02 0.0225 -0.015)
(-0.015 0.0225 -0.015)
(-0.01 0.0225 -0.015)
(-0.005 0.0225 -0.015)
(0 0.0225 -0.015)
(0.005 0.0225 -0.015)
(0.01 0.0225 -0.015)
(0.015 0.0225 -0.015)
(0.02 0.0225 -0.015)
(0.025 0.0225 -0.015)
(0.03 0.0225 -0.015)
(0.035 0.0225 -0.015)
(0.04 0.0225 -0.015)
(0.045 0.0225 -0.015)
(0.05 0.0225 -0.015)
(-0.05 0.025 -0.015)
(-0.045 0.025 -0.015)
(-0.04 0.025 -0.015)
(-0.035 0.025 -0.015)
(-0.03 0.025 -0.015)
(-0.025 0.025 -0.015)
(-0.02 0.025 -0.015)
(-0.015 0.025 -0.015)
(-0.01 0.025 -0.015)
(-0.005 0.025 -0.015)
(0 0.025 -0.015)
(0.005 0.025 -0.015)
(0.01 0.025 -0.015)
(0.015 0.025 -0.015)
(0.02 0.025 -0.015)
(0.025 0.025 -0.015)
(0.03 0.025 -0.015)
(0.035 0.025 -0.015)
(0.04 0.025 -0.015)
(0.045 0.025 -0.015)
(0.05 0.025 -0.015)
(-0.05 0.0275 -0.015)
(-0.045 0.0275 -0.015)
(-0.04 0.0275 -0.015)
(-0.035 0.0275 -0.015)
(-0.03 0.0275 -0.015)
(-0.025 0.0275 -0.015)
(-0.02 0.0275 -0.015)
(-0.015 0.0275 -0.015)
(-0.01 0.0275 -0.015)
(-0.005 0.0275 -0.015)
(0 0.0275 -0.015)
(0.005 0.0275 -0.015)
(0.01 0.0275 -0.015)
(0.015 0.0275 -0.015)
(0.02 0.0275 -0.015)
(0.025 0.0275 -0.015)
(0.03 0.0275 -0.015)
(0.035 0.0275 -0.015)
(0.04 0.0275 -0.015)
(0.045 0.0275 -0.015)
(0.05 0.0275 -0.015)
(-0.05 0.03 -0.015)
(-0.045 0.03 -0.015)
(-0.04 0.03 -0.015)
(-0.035 0.03 -0.015)
(-0.03 0.03 -0.015)
(-0.025 0.03 -0.015)
(-0.02 0.03 -0.015)
(-0.015 0.03 -0.015)
(-0.01 0.03 -0.015)
(-0.005 0.03 -0.015)
(0 0.03 -0.015)
(0.005 0.03 -0.015)
(0.01 0.03 -0.015)
(0.015 0.03 -0.015)
(0.02 0.03 -0.015)
(0.025 0.03 -0.015)
(0.03 0.03 -0.015)
(0.035 0.03 -0.015)
(0.04 0.03 -0.015)
(0.045 0.03 -0.015)
(0.05 0.03 -0.015)
(-0.05 0.0325 -0.015)
(-0.045 0.0325 -0.015)
(-0.04 0.0325 -0.015)
(-0.035 0.0325 -0.015)
(-0.03 0.0325 -0.015)
(-0.025 0.0325 -0.015)
(-0.02 0.0325 -0.015)
(-0.015 0.0325 -0.015)
(-0.01 0.0325 -0.015)
(-0.005 0.0325 -0.015)
(0 0.0325 -0.015)
(0.005 0.0325 -0.015)
(0.01 0.0325 -0.015)
(0.015 0.0325 -0.015)
(0.02 0.0325 -0.015)
(0.025 0.0325 -0.015)
(0.03 0.0325 -0.015)
(0.035 0.0325 -0.015)
(0.04 0.0325 -0.015)
(0.045 0.0325 -0.015)
(0.05 0.0325 -0.015)
(-0.05 0.035 -0.015)
(-0.045 0.035 -0.015)
(-0.04 0.035 -0.015)
(-0.035 0.035 -0.015)
(-0.03 0.035 -0.015)
(-0.025 0.035 -0.015)
(-0.02 0.035 -0.015)
(-0.015 0.035 -0.015)
(-0.01 0.035 -0.015)
(-0.005 0.035 -0.015)
(0 0.035 -0.015)
(0.005 0.035 -0.015)
(0.01 0.035 -0.015)
(0.015 0.035 -0.015)
(0.02 0.035 -0.015)
(0.025 0.035 -0.015)
(0.03 0.035 -0.015)
(0.035 0.035 -0.015)
(0.04 0.035 -0.015)
(0.045 0.035 -0.015)
(0.05 0.035 -0.015)
(-0.05 0.0375 -0.015)
(-0.045 0.0375 -0.015)
(-0.04 0.0375 -0.015)
(-0.035 0.0375 -0.015)
(-0.03 0.0375 -0.015)
(-0.025 0.0375 -0.015)
(-0.02 0.0375 -0.015)
(-0.015 0.0375 -0.015)
(-0.01 0.0375 -0.015)
(-0.005 0.0375 -0.015)
(0 0.0375 -0.015)
(0.005 0.0375 -0.015)
(0.01 0.0375 -0.015)
(0.015 0.0375 -0.015)
(0.02 0.0375 -0.015)
(0.025 0.0375 -0.015)
(0.03 0.0375 -0.015)
(0.035 0.0375 -0.015)
(0.04 0.0375 -0.015)
(0.045 0.0375 -0.015)
(0.05 0.0375 -0.015)
(-0.05 0.04 -0.015)
(-0.045 0.04 -0.015)
(-0.04 0.04 -0.015)
(-0.035 0.04 -0.015)
(-0.03 0.04 -0.015)
(-0.025 0.04 -0.015)
(-0.02 0.04 -0.015)
(-0.015 0.04 -0.015)
(-0.01 0.04 -0.015)
(-0.005 0.04 -0.015)
(0 0.04 -0.015)
(0.005 0.04 -0.015)
(0.01 0.04 -0.015)
(0.015 0.04 -0.015)
(0.02 0.04 -0.015)
(0.025 0.04 -0.015)
(0.03 0.04 -0.015)
(0.035 0.04 -0.015)
(0.04 0.04 -0.015)
(0.045 0.04 -0.015)
(0.05 0.04 -0.015)
(-0.05 0 -0.01)
(-0.045 0 -0.01)
(-0.04 0 -0.01)
(-0.035 0 -0.01)
(-0.03 0 -0.01)
(-0.025 0 -0.01)
(-0.02 0 -0.01)
(-0.015 0 -0.01)
(-0.01 0 -0.01)
(-0.005 0 -0.01)
(0 0 -0.01)
(0.005 0 -0.01)
(0.01 0 -0.01)
(0.015 0 -0.01)
(0.02 0 -0.01)
(0.025 0 -0.01)
(0.03 0 -0.01)
(0.035 0 -0.01)
(0.04 0 -0.01)
(0.045 0 -0.01)
(0.05 0 -0.01)
(-0.05 0.0025 -0.01)
(-0.045 0.0025 -0.01)
(-0.04 0.0025 -0.01)
(-0.035 0.0025 -0.01)
(-0.03 0.0025 -0.01)
(-0.025 0.0025 -0.01)
(-0.02 0.0025 -0.01)
(-0.015 0.0025 -0.01)
(-0.01 0.0025 -0.01)
(-0.005 0.0025 -0.01)
(0 0.0025 -0.01)
(0.005 0.0025 -0.01)
(0.01 0.0025 -0.01)
(0.015 0.0025 -0.01)
(0.02 0.0025 -0.01)
(0.025 0.0025 -0.01)
(0.03 0.0025 -0.01)
(0.035 0.0025 -0.01)
(0.04 0.0025 -0.01)
(0.045 0.0025 -0.01)
(0.05 0.0025 -0.01)
(-0.05 0.005 -0.01)
(-0.045 0.005 -0.01)
(-0.04 0.005 -0.01)
(-0.035 0.005 -0.01)
(-0.03 0.005 -0.01)
(-0.025 0.005 -0.01)
(-0.02 0.005 -0.01)
(-0.015 0.005 -0.01)
(-0.01 0.005 -0.01)
(-0.005 0.005 -0.01)
(0 0.005 -0.01)
(0.005 0.005 -0.01)
(0.01 0.005 -0.01)
(0.015 0.005 -0.01)
(0.02 0.005 -0.01)
(0.025 0.005 -0.01)
(0.03 0.005 -0.01)
(0.035 0.005 -0.01)
(0.04 0.005 -0.01)
(0.045 0.005 -0.01)
(0.05 0.005 -0.01)
(-0.05 0.0075 -0.01)
(-0.045 0.0075 -0.01)
(-0.04 0.0075 -0.01)
(-0.035 0.0075 -0.01)
(-0.03 0.0075 -0.01)
(-0.025 0.0075 -0.01)
(-0.02 0.0075 -0.01)
(-0.015 0.0075 -0.01)
(-0.01 0.0075 -0.01)
(-0.005 0.0075 -0.01)
(0 0.0075 -0.01)
(0.005 0.0075 -0.01)
(0.01 0.0075 -0.01)
(0.015 0.0075 -0.01)
(0.02 0.0075 -0.01)
(0.025 0.0075 -0.01)
(0.03 0.0075 -0.01)
(0.035 0.0075 -0.01)
(0.04 0.0075 -0.01)
(0.045 0.0075 -0.01)
(0.05 0.0075 -0.01)
(-0.05 0.01 -0.01)
(-0.045 0.01 -0.01)
(-0.04 0.01 -0.01)
(-0.035 0.01 -0.01)
(-0.03 0.01 -0.01)
(-0.025 0.01 -0.01)
(-0.02 0.01 -0.01)
(-0.015 0.01 -0.01)
(-0.01 0.01 -0.01)
(-0.005 0.01 -0.01)
(0 0.01 -0.01)
(0.005 0.01 -0.01)
(0.01 0.01 -0.01)
(0.015 0.01 -0.01)
(0.02 0.01 -0.01)
(0.025 0.01 -0.01)
(0.03 0.01 -0.01)
(0.035 0.01 -0.01)
(0.04 0.01 -0.01)
(0.045 0.01 -0.01)
(0.05 0.01 -0.01)
(-0.05 0.0125 -0.01)
(-0.045 0.0125 -0.01)
(-0.04 0.0125 -0.01)
(-0.035 0.0125 -0.01)
(-0.03 0.0125 -0.01)
(-0.025 0.0125 -0.01)
(-0.02 0.0125 -0.01)
(-0.015 0.0125 -0.01)
(-0.01 0.0125 -0.01)
(-0.005 0.0125 -0.01)
(0 0.0125 -0.01)
(0.005 0.0125 -0.01)
(0.01 0.0125 -0.01)
(0.015 0.0125 -0.01)
(0.02 0.0125 -0.01)
(0.025 0.0125 -0.01)
(0.03 0.0125 -0.01)
(0.035 0.0125 -0.01)
(0.04 0.0125 -0.01)
(0.045 0.0125 -0.01)
(0.05 0.0125 -0.01)
(-0.05 0.015 -0.01)
(-0.045 0.015 -0.01)
(-0.04 0.015 -0.01)
(-0.035 0.015 -0.01)
(-0.03 0.015 -0.01)
(-0.025 0.015 -0.01)
(-0.02 0.015 -0.01)
(-0.015 0.015 -0.01)
(-0.01 0.015 -0.01)
(-0.005 0.015 -0.01)
(0 0.015 -0.01)
(0.005 0.015 -0.01)
(0.01 0.015 -0.01)
(0.015 0.015 -0.01)
(0.02 0.015 -0.01)
(0.025 0.015 -0.01)
(0.03 0.015 -0.01)
(0.035 0.015 -0.01)
(0.04 0.015 -0.01)
(0.045 0.015 -0.01)
(0.05 0.015 -0.01)
(-0.05 0.0175 -0.01)
(-0.045 0.0175 -0.01)
(-0.04 0.0175 -0.01)
(-0.035 0.0175 -0.01)
(-0.03 0.0175 -0.01)
(-0.025 0.0175 -0.01)
(-0.02 0.0175 -0.01)
(-0.015 0.0175 -0.01)
(-0.01 0.0175 -0.01)
(-0.005 0.0175 -0.01)
(0 0.0175 -0.01)
(0.005 0.0175 -0.01)
(0.01 0.0175 -0.01)
(0.015 0.0175 -0.01)
(0.02 0.0175 -0.01)
(0.025 0.0175 -0.01)
(0.03 0.0175 -0.01)
(0.035 0.0175 -0.01)
(0.04 0.0175 -0.01)
(0.045 0.0175 -0.01)
(0.05 0.0175 -0.01)
(-0.05 0.02 -0.01)
(-0.045 0.02 -0.01)
(-0.04 0.02 -0.01)
(-0.035 0.02 -0.01)
(-0.03 0.02 -0.01)
(-0.025 0.02 -0.01)
(-0.02 0.02 -0.01)
(-0.015 0.02 -0.01)
(-0.01 0.02 -0.01)
(-0.005 0.02 -0.01)
(0 0.02 -0.01)
(0.005 0.02 -0.01)
(0.01 0.02 -0.01)
(0.015 0.02 -0.01)
(0.02 0.02 -0.01)
(0.025 0.02 -0.01)
(0.03 0.02 -0.01)
(0.035 0.02 -0.01)
(0.04 0.02 -0.01)
(0.045 0.02 -0.01)
(0.05 0.02 -0.01)
(-0.05 0.0225 -0.01)
(-0.045 0.0225 -0.01)
(-0.04 0.0225 -0.01)
(-0.035 0.0225 -0.01)
(-0.03 0.0225 -0.01)
(-0.025 0.0225 -0.01)
(-0.02 0.0225 -0.01)
(-0.015 0.0225 -0.01)
(-0.01 0.0225 -0.01)
(-0.005 0.0225 -0.01)
(0 0.0225 -0.01)
(0.005 0.0225 -0.01)
(0.01 0.0225 -0.01)
(0.015 0.0225 -0.01)
(0.02 0.0225 -0.01)
(0.025 0.0225 -0.01)
(0.03 0.0225 -0.01)
(0.035 0.0225 -0.01)
(0.04 0.0225 -0.01)
(0.045 0.0225 -0.01)
(0.05 0.0225 -0.01)
(-0.05 0.025 -0.01)
(-0.045 0.025 -0.01)
(-0.04 0.025 -0.01)
(-0.035 0.025 -0.01)
(-0.03 0.025 -0.01)
(-0.025 0.025 -0.01)
(-0.02 0.025 -0.01)
(-0.015 0.025 -0.01)
(-0.01 0.025 -0.01)
(-0.005 0.025 -0.01)
(0 0.025 -0.01)
(0.005 0.025 -0.01)
(0.01 0.025 -0.01)
(0.015 0.025 -0.01)
(0.02 0.025 -0.01)
(0.025 0.025 -0.01)
(0.03 0.025 -0.01)
(0.035 0.025 -0.01)
(0.04 0.025 -0.01)
(0.045 0.025 -0.01)
(0.05 0.025 -0.01)
(-0.05 0.0275 -0.01)
(-0.045 0.0275 -0.01)
(-0.04 0.0275 -0.01)
(-0.035 0.0275 -0.01)
(-0.03 0.0275 -0.01)
(-0.025 0.0275 -0.01)
(-0.02 0.0275 -0.01)
(-0.015 0.0275 -0.01)
(-0.01 0.0275 -0.01)
(-0.005 0.0275 -0.01)
(0 0.0275 -0.01)
(0.005 0.0275 -0.01)
(0.01 0.0275 -0.01)
(0.015 0.0275 -0.01)
(0.02 0.0275 -0.01)
(0.025 0.0275 -0.01)
(0.03 0.0275 -0.01)
(0.035 0.0275 -0.01)
(0.04 0.0275 -0.01)
(0.045 0.0275 -0.01)
(0.05 0.0275 -0.01)
(-0.05 0.03 -0.01)
(-0.045 0.03 -0.01)
(-0.04 0.03 -0.01)
(-0.035 0.03 -0.01)
(-0.03 0.03 -0.01)
(-0.025 0.03 -0.01)
(-0.02 0.03 -0.01)
(-0.015 0.03 -0.01)
(-0.01 0.03 -0.01)
(-0.005 0.03 -0.01)
(0 0.03 -0.01)
(0.005 0.03 -0.01)
(0.01 0.03 -0.01)
(0.015 0.03 -0.01)
(0.02 0.03 -0.01)
(0.025 0.03 -0.01)
(0.03 0.03 -0.01)
(0.035 0.03 -0.01)
(0.04 0.03 -0.01)
(0.045 0.03 -0.01)
(0.05 0.03 -0.01)
(-0.05 0.0325 -0.01)
(-0.045 0.0325 -0.01)
(-0.04 0.0325 -0.01)
(-0.035 0.0325 -0.01)
(-0.03 0.0325 -0.01)
(-0.025 0.0325 -0.01)
(-0.02 0.0325 -0.01)
(-0.015 0.0325 -0.01)
(-0.01 0.0325 -0.01)
(-0.005 0.0325 -0.01)
(0 0.0325 -0.01)
(0.005 0.0325 -0.01)
(0.01 0.0325 -0.01)
(0.015 0.0325 -0.01)
(0.02 0.0325 -0.01)
(0.025 0.0325 -0.01)
(0.03 0.0325 -0.01)
(0.035 0.0325 -0.01)
(0.04 0.0325 -0.01)
(0.045 0.0325 -0.01)
(0.05 0.0325 -0.01)
(-0.05 0.035 -0.01)
(-0.045 0.035 -0.01)
(-0.04 0.035 -0.01)
(-0.035 0.035 -0.01)
(-0.03 0.035 -0.01)
(-0.025 0.035 -0.01)
(-0.02 0.035 -0.01)
(-0.015 0.035 -0.01)
(-0.01 0.035 -0.01)
(-0.005 0.035 -0.01)
(0 0.035 -0.01)
(0.005 0.035 -0.01)
(0.01 0.035 -0.01)
(0.015 0.035 -0.01)
(0.02 0.035 -0.01)
(0.025 0.035 -0.01)
(0.03 0.035 -0.01)
(0.035 0.035 -0.01)
(0.04 0.035 -0.01)
(0.045 0.035 -0.01)
(0.05 0.035 -0.01)
(-0.05 0.0375 -0.01)
(-0.045 0.0375 -0.01)
(-0.04 0.0375 -0.01)
(-0.035 0.0375 -0.01)
(-0.03 0.0375 -0.01)
(-0.025 0.0375 -0.01)
(-0.02 0.0375 -0.01)
(-0.015 0.0375 -0.01)
(-0.01 0.0375 -0.01)
(-0.005 0.0375 -0.01)
(0 0.0375 -0.01)
(0.005 0.0375 -0.01)
(0.01 0.0375 -0.01)
(0.015 0.0375 -0.01)
(0.02 0.0375 -0.01)
(0.025 0.0375 -0.01)
(0.03 0.0375 -0.01)
(0.035 0.0375 -0.01)
(0.04 0.0375 -0.01)
(0.045 0.0375 -0.01)
(0.05 0.0375 -0.01)
(-0.05 0.04 -0.01)
(-0.045 0.04 -0.01)
(-0.04 0.04 -0.01)
(-0.035 0.04 -0.01)
(-0.03 0.04 -0.01)
(-0.025 0.04 -0.01)
(-0.02 0.04 -0.01)
(-0.015 0.04 -0.01)
(-0.01 0.04 -0.01)
(-0.005 0.04 -0.01)
(0 0.04 -0.01)
(0.005 0.04 -0.01)
(0.01 0.04 -0.01)
(0.015 0.04 -0.01)
(0.02 0.04 -0.01)
(0.025 0.04 -0.01)
(0.03 0.04 -0.01)
(0.035 0.04 -0.01)
(0.04 0.04 -0.01)
(0.045 0.04 -0.01)
(0.05 0.04 -0.01)
(-0.05 0 -0.005)
(-0.045 0 -0.005)
(-0.04 0 -0.005)
(-0.035 0 -0.005)
(-0.03 0 -0.005)
(-0.025 0 -0.005)
(-0.02 0 -0.005)
(-0.015 0 -0.005)
(-0.01 0 -0.005)
(-0.005 0 -0.005)
(0 0 -0.005)
(0.005 0 -0.005)
(0.01 0 -0.005)
(0.015 0 -0.005)
(0.02 0 -0.005)
(0.025 0 -0.005)
(0.03 0 -0.005)
(0.035 0 -0.005)
(0.04 0 -0.005)
(0.045 0 -0.005)
(0.05 0 -0.005)
(-0.05 0.0025 -0.005)
(-0.045 0.0025 -0.005)
(-0.04 0.0025 -0.005)
(-0.035 0.0025 -0.005)
(-0.03 0.0025 -0.005)
(-0.025 0.0025 -0.005)
(-0.02 0.0025 -0.005)
(-0.015 0.0025 -0.005)
(-0.01 0.0025 -0.005)
(-0.005 0.0025 -0.005)
(0 0.0025 -0.005)
(0.005 0.0025 -0.005)
(0.01 0.0025 -0.005)
(0.015 0.0025 -0.005)
(0.02 0.0025 -0.005)
(0.025 0.0025 -0.005)
(0.03 0.0025 -0.005)
(0.035 0.0025 -0.005)
(0.04 0.0025 -0.005)
(0.045 0.0025 -0.005)
(0.05 0.0025 -0.005)
(-0.05 0.005 -0.005)
(-0.045 0.005 -0.005)
(-0.04 0.005 -0.005)
(-0.035 0.005 -0.005)
(-0.03 0.005 -0.005)
(-0.025 0.005 -0.005)
(-0.02 0.005 -0.005)
(-0.015 0.005 -0.005)
(-0.01 0.005 -0.005)
(-0.005 0.005 -0.005)
(0 0.005 -0.005)
(0.005 0.005 -0.005)
(0.01 0.005 -0.005)
(0.015 0.005 -0.005)
(0.02 0.005 -0.005)
(0.025 0.005 -0.005)
(0.03 0.005 -0.005)
(0.035 0.005 -0.005)
(0.04 0.005 -0.005)
(0.045 0.005 -0.005)
(0.05 0.005 -0.005)
(-0.05 0.0075 -0.005)
(-0.045 0.0075 -0.005)
(-0.04 0.0075 -0.005)
(-0.035 0.0075 -0.005)
(-0.03 0.0075 -0.005)
(-0.025 0.0075 -0.005)
(-0.02 0.0075 -0.005)
(-0.015 0.0075 -0.005)
(-0.01 0.0075 -0.005)
(-0.005 0.0075 -0.005)
(0 0.0075 -0.005)
(0.005 0.0075 -0.005)
(0.01 0.0075 -0.005)
(0.015 0.0075 -0.005)
(0.02 0.0075 -0.005)
(0.025 0.0075 -0.005)
(0.03 0.0075 -0.005)
(0.035 0.0075 -0.005)
(0.04 0.0075 -0.005)
(0.045 0.0075 -0.005)
(0.05 0.0075 -0.005)
(-0.05 0.01 -0.005)
(-0.045 0.01 -0.005)
(-0.04 0.01 -0.005)
(-0.035 0.01 -0.005)
(-0.03 0.01 -0.005)
(-0.025 0.01 -0.005)
(-0.02 0.01 -0.005)
(-0.015 0.01 -0.005)
(-0.01 0.01 -0.005)
(-0.005 0.01 -0.005)
(0 0.01 -0.005)
(0.005 0.01 -0.005)
(0.01 0.01 -0.005)
(0.015 0.01 -0.005)
(0.02 0.01 -0.005)
(0.025 0.01 -0.005)
(0.03 0.01 -0.005)
(0.035 0.01 -0.005)
(0.04 0.01 -0.005)
(0.045 0.01 -0.005)
(0.05 0.01 -0.005)
(-0.05 0.0125 -0.005)
(-0.045 0.0125 -0.005)
(-0.04 0.0125 -0.005)
(-0.035 0.0125 -0.005)
(-0.03 0.0125 -0.005)
(-0.025 0.0125 -0.005)
(-0.02 0.0125 -0.005)
(-0.015 0.0125 -0.005)
(-0.01 0.0125 -0.005)
(-0.005 0.0125 -0.005)
(0 0.0125 -0.005)
(0.005 0.0125 -0.005)
(0.01 0.0125 -0.005)
(0.015 0.0125 -0.005)
(0.02 0.0125 -0.005)
(0.025 0.0125 -0.005)
(0.03 0.0125 -0.005)
(0.035 0.0125 -0.005)
(0.04 0.0125 -0.005)
(0.045 0.0125 -0.005)
(0.05 0.0125 -0.005)
(-0.05 0.015 -0.005)
(-0.045 0.015 -0.005)
(-0.04 0.015 -0.005)
(-0.035 0.015 -0.005)
(-0.03 0.015 -0.005)
(-0.025 0.015 -0.005)
(-0.02 0.015 -0.005)
(-0.015 0.015 -0.005)
(-0.01 0.015 -0.005)
(-0.005 0.015 -0.005)
(0 0.015 -0.005)
(0.005 0.015 -0.005)
(0.01 0.015 -0.005)
(0.015 0.015 -0.005)
(0.02 0.015 -0.005)
(0.025 0.015 -0.005)
(0.03 0.015 -0.005)
(0.035 0.015 -0.005)
(0.04 0.015 -0.005)
(0.045 0.015 -0.005)
(0.05 0.015 -0.005)
(-0.05 0.0175 -0.005)
(-0.045 0.0175 -0.005)
(-0.04 0.0175 -0.005)
(-0.035 0.0175 -0.005)
(-0.03 0.0175 -0.005)
(-0.025 0.0175 -0.005)
(-0.02 0.0175 -0.005)
(-0.015 0.0175 -0.005)
(-0.01 0.0175 -0.005)
(-0.005 0.0175 -0.005)
(0 0.0175 -0.005)
(0.005 0.0175 -0.005)
(0.01 0.0175 -0.005)
(0.015 0.0175 -0.005)
(0.02 0.0175 -0.005)
(0.025 0.0175 -0.005)
(0.03 0.0175 -0.005)
(0.035 0.0175 -0.005)
(0.04 0.0175 -0.005)
(0.045 0.0175 -0.005)
(0.05 0.0175 -0.005)
(-0.05 0.02 -0.005)
(-0.045 0.02 -0.005)
(-0.04 0.02 -0.005)
(-0.035 0.02 -0.005)
(-0.03 0.02 -0.005)
(-0.025 0.02 -0.005)
(-0.02 0.02 -0.005)
(-0.015 0.02 -0.005)
(-0.01 0.02 -0.005)
(-0.005 0.02 -0.005)
(0 0.02 -0.005)
(0.005 0.02 -0.005)
(0.01 0.02 -0.005)
(0.015 0.02 -0.005)
(0.02 0.02 -0.005)
(0.025 0.02 -0.005)
(0.03 0.02 -0.005)
(0.035 0.02 -0.005)
(0.04 0.02 -0.005)
(0.045 0.02 -0.005)
(0.05 0.02 -0.005)
(-0.05 0.0225 -0.005)
(-0.045 0.0225 -0.005)
(-0.04 0.0225 -0.005)
(-0.035 0.0225 -0.005)
(-0.03 0.0225 -0.005)
(-0.025 0.0225 -0.005)
(-0.02 0.0225 -0.005)
(-0.015 0.0225 -0.005)
(-0.01 0.0225 -0.005)
(-0.005 0.0225 -0.005)
(0 0.0225 -0.005)
(0.005 0.0225 -0.005)
(0.01 0.0225 -0.005)
(0.015 0.0225 -0.005)
(0.02 0.0225 -0.005)
(0.025 0.0225 -0.005)
(0.03 0.0225 -0.005)
(0.035 0.0225 -0.005)
(0.04 0.0225 -0.005)
(0.045 0.0225 -0.005)
(0.05 0.0225 -0.005)
(-0.05 0.025 -0.005)
(-0.045 0.025 -0.005)
(-0.04 0.025 -0.005)
(-0.035 0.025 -0.005)
(-0.03 0.025 -0.005)
(-0.025 0.025 -0.005)
(-0.02 0.025 -0.005)
(-0.015 0.025 -0.005)
(-0.01 0.025 -0.005)
(-0.005 0.025 -0.005)
(0 0.025 -0.005)
(0.005 0.025 -0.005)
(0.01 0.025 -0.005)
(0.015 0.025 -0.005)
(0.02 0.025 -0.005)
(0.025 0.025 -0.005)
(0.03 0.025 -0.005)
(0.035 0.025 -0.005)
(0.04 0.025 -0.005)
(0.045 0.025 -0.005)
(0.05 0.025 -0.005)
(-0.05 0.0275 -0.005)
(-0.045 0.0275 -0.005)
(-0.04 0.0275 -0.005)
(-0.035 0.0275 -0.005)
(-0.03 0.0275 -0.005)
(-0.025 0.0275 -0.005)
(-0.02 0.0275 -0.005)
(-0.015 0.0275 -0.005)
(-0.01 0.0275 -0.005)
(-0.005 0.0275 -0.005)
(0 0.0275 -0.005)
(0.005 0.0275 -0.005)
(0.01 0.0275 -0.005)
(0.015 0.0275 -0.005)
(0.02 0.0275 -0.005)
(0.025 0.0275 -0.005)
(0.03 0.0275 -0.005)
(0.035 0.0275 -0.005)
(0.04 0.0275 -0.005)
(0.045 0.0275 -0.005)
(0.05 0.0275 -0.005)
(-0.05 0.03 -0.005)
(-0.045 0.03 -0.005)
(-0.04 0.03 -0.005)
(-0.035 0.03 -0.005)
(-0.03 0.03 -0.005)
(-0.025 0.03 -0.005)
(-0.02 0.03 -0.005)
(-0.015 0.03 -0.005)
(-0.01 0.03 -0.005)
(-0.005 0.03 -0.005)
(0 0.03 -0.005)
(0.005 0.03 -0.005)
(0.01 0.03 -0.005)
(0.015 0.03 -0.005)
(0.02 0.03 -0.005)
(0.025 0.03 -0.005)
(0.03 0.03 -0.005)
(0.035 0.03 -0.005)
(0.04 0.03 -0.005)
(0.045 0.03 -0.005)
(0.05 0.03 -0.005)
(-0.05 0.0325 -0.005)
(-0.045 0.0325 -0.005)
(-0.04 0.0325 -0.005)
(-0.035 0.0325 -0.005)
(-0.03 0.0325 -0.005)
(-0.025 0.0325 -0.005)
(-0.02 0.0325 -0.005)
(-0.015 0.0325 -0.005)
(-0.01 0.0325 -0.005)
(-0.005 0.0325 -0.005)
(0 0.0325 -0.005)
(0.005 0.0325 -0.005)
(0.01 0.0325 -0.005)
(0.015 0.0325 -0.005)
(0.02 0.0325 -0.005)
(0.025 0.0325 -0.005)
(0.03 0.0325 -0.005)
(0.035 0.0325 -0.005)
(0.04 0.0325 -0.005)
(0.045 0.0325 -0.005)
(0.05 0.0325 -0.005)
(-0.05 0.035 -0.005)
(-0.045 0.035 -0.005)
(-0.04 0.035 -0.005)
(-0.035 0.035 -0.005)
(-0.03 0.035 -0.005)
(-0.025 0.035 -0.005)
(-0.02 0.035 -0.005)
(-0.015 0.035 -0.005)
(-0.01 0.035 -0.005)
(-0.005 0.035 -0.005)
(0 0.035 -0.005)
(0.005 0.035 -0.005)
(0.01 0.035 -0.005)
(0.015 0.035 -0.005)
(0.02 0.035 -0.005)
(0.025 0.035 -0.005)
(0.03 0.035 -0.005)
(0.035 0.035 -0.005)
(0.04 0.035 -0.005)
(0.045 0.035 -0.005)
(0.05 0.035 -0.005)
(-0.05 0.0375 -0.005)
(-0.045 0.0375 -0.005)
(-0.04 0.0375 -0.005)
(-0.035 0.0375 -0.005)
(-0.03 0.0375 -0.005)
(-0.025 0.0375 -0.005)
(-0.02 0.0375 -0.005)
(-0.015 0.0375 -0.005)
(-0.01 0.0375 -0.005)
(-0.005 0.0375 -0.005)
(0 0.0375 -0.005)
(0.005 0.0375 -0.005)
(0.01 0.0375 -0.005)
(0.015 0.0375 -0.005)
(0.02 0.0375 -0.005)
(0.025 0.0375 -0.005)
(0.03 0.0375 -0.005)
(0.035 0.0375 -0.005)
(0.04 0.0375 -0.005)
(0.045 0.0375 -0.005)
(0.05 0.0375 -0.005)
(-0.05 0.04 -0.005)
(-0.045 0.04 -0.005)
(-0.04 0.04 -0.005)
(-0.035 0.04 -0.005)
(-0.03 0.04 -0.005)
(-0.025 0.04 -0.005)
(-0.02 0.04 -0.005)
(-0.015 0.04 -0.005)
(-0.01 0.04 -0.005)
(-0.005 0.04 -0.005)
(0 0.04 -0.005)
(0.005 0.04 -0.005)
(0.01 0.04 -0.005)
(0.015 0.04 -0.005)
(0.02 0.04 -0.005)
(0.025 0.04 -0.005)
(0.03 0.04 -0.005)
(0.035 0.04 -0.005)
(0.04 0.04 -0.005)
(0.045 0.04 -0.005)
(0.05 0.04 -0.005)
(-0.05 0 0)
(-0.045 0 0)
(-0.04 0 0)
(-0.035 0 0)
(-0.03 0 0)
(-0.025 0 0)
(-0.02 0 0)
(-0.015 0 0)
(-0.01 0 0)
(-0.005 0 5.921189465e-19)
(0 0 0)
(0.005 0 0)
(0.01 0 0)
(0.015 0 0)
(0.02 0 2.960594732e-19)
(0.025 0 0)
(0.03 0 -2.960594732e-19)
(0.035 0 1.480297366e-19)
(0.04 0 -1.480297366e-19)
(0.045 0 3.700743415e-19)
(0.05 0 0)
(-0.05 0.0025 0)
(-0.045 0.0025 0)
(-0.04 0.0025 0)
(-0.035 0.0025 0)
(-0.03 0.0025 0)
(-0.025 0.0025 0)
(-0.02 0.0025 0)
(-0.015 0.0025 0)
(-0.01 0.0025 0)
(-0.005 0.0025 5.921189465e-19)
(0 0.0025 0)
(0.005 0.0025 0)
(0.01 0.0025 0)
(0.015 0.0025 0)
(0.02 0.0025 2.960594732e-19)
(0.025 0.0025 0)
(0.03 0.0025 -2.960594732e-19)
(0.035 0.0025 1.480297366e-19)
(0.04 0.0025 -1.480297366e-19)
(0.045 0.0025 3.700743415e-19)
(0.05 0.0025 0)
(-0.05 0.005 0)
(-0.045 0.005 0)
(-0.04 0.005 0)
(-0.035 0.005 0)
(-0.03 0.005 0)
(-0.025 0.005 0)
(-0.02 0.005 0)
(-0.015 0.005 0)
(-0.01 0.005 0)
(-0.005 0.005 5.921189465e-19)
(0 0.005 0)
(0.005 0.005 0)
(0.01 0.005 0)
(0.015 0.005 0)
(0.02 0.005 2.960594732e-19)
(0.025 0.005 0)
(0.03 0.005 -2.960594732e-19)
(0.035 0.005 1.480297366e-19)
(0.04 0.005 -1.480297366e-19)
(0.045 0.005 3.700743415e-19)
(0.05 0.005 0)
(-0.05 0.0075 0)
(-0.045 0.0075 0)
(-0.04 0.0075 0)
(-0.035 0.0075 0)
(-0.03 0.0075 0)
(-0.025 0.0075 0)
(-0.02 0.0075 0)
(-0.015 0.0075 0)
(-0.01 0.0075 0)
(-0.005 0.0075 0)
(0 0.0075 0)
(0.005 0.0075 0)
(0.01 0.0075 0)
(0.015 0.0075 0)
(0.02 0.0075 2.960594732e-19)
(0.025 0.0075 0)
(0.03 0.0075 -2.960594732e-19)
(0.035 0.0075 4.440892099e-19)
(0.04 0.0075 -1.480297366e-19)
(0.045 0.0075 3.700743415e-19)
(0.05 0.0075 0)
(-0.05 0.01 0)
(-0.045 0.01 0)
(-0.04 0.01 0)
(-0.035 0.01 0)
(-0.03 0.01 0)
(-0.025 0.01 0)
(-0.02 0.01 0)
(-0.015 0.01 0)
(-0.01 0.01 0)
(-0.005 0.01 5.921189465e-19)
(0 0.01 0)
(0.005 0.01 0)
(0.01 0.01 0)
(0.015 0.01 0)
(0.02 0.01 2.960594732e-19)
(0.025 0.01 0)
(0.03 0.01 -2.960594732e-19)
(0.035 0.01 1.480297366e-19)
(0.04 0.01 -1.480297366e-19)
(0.045 0.01 3.700743415e-19)
(0.05 0.01 0)
(-0.05 0.0125 0)
(-0.045 0.0125 0)
(-0.04 0.0125 0)
(-0.035 0.0125 0)
(-0.03 0.0125 0)
(-0.025 0.0125 0)
(-0.02 0.0125 0)
(-0.015 0.0125 0)
(-0.01 0.0125 0)
(-0.005 0.0125 5.921189465e-19)
(0 0.0125 0)
(0.005 0.0125 0)
(0.01 0.0125 0)
(0.015 0.0125 0)
(0.02 0.0125 2.960594732e-19)
(0.025 0.0125 0)
(0.03 0.0125 -2.960594732e-19)
(0.035 0.0125 1.480297366e-19)
(0.04 0.0125 -1.480297366e-19)
(0.045 0.0125 3.700743415e-19)
(0.05 0.0125 0)
(-0.05 0.015 0)
(-0.045 0.015 0)
(-0.04 0.015 0)
(-0.035 0.015 0)
(-0.03 0.015 0)
(-0.025 0.015 0)
(-0.02 0.015 0)
(-0.015 0.015 0)
(-0.01 0.015 0)
(-0.005 0.015 5.921189465e-19)
(0 0.015 0)
(0.005 0.015 0)
(0.01 0.015 0)
(0.015 0.015 0)
(0.02 0.015 2.960594732e-19)
(0.025 0.015 0)
(0.03 0.015 -2.960594732e-19)
(0.035 0.015 1.480297366e-19)
(0.04 0.015 -1.480297366e-19)
(0.045 0.015 3.700743415e-19)
(0.05 0.015 0)
(-0.05 0.0175 0)
(-0.045 0.0175 0)
(-0.04 0.0175 0)
(-0.035 0.0175 0)
(-0.03 0.0175 0)
(-0.025 0.0175 0)
(-0.02 0.0175 0)
(-0.015 0.0175 0)
(-0.01 0.0175 0)
(-0.005 0.0175 0)
(0 0.0175 0)
(0.005 0.0175 0)
(0.01 0.0175 0)
(0.015 0.0175 0)
(0.02 0.0175 2.960594732e-19)
(0.025 0.0175 0)
(0.03 0.0175 -2.960594732e-19)
(0.035 0.0175 1.480297366e-19)
(0.04 0.0175 -1.480297366e-19)
(0.045 0.0175 3.700743415e-19)
(0.05 0.0175 0)
(-0.05 0.02 0)
(-0.045 0.02 0)
(-0.04 0.02 0)
(-0.035 0.02 0)
(-0.03 0.02 0)
(-0.025 0.02 0)
(-0.02 0.02 0)
(-0.015 0.02 0)
(-0.01 0.02 0)
(-0.005 0.02 5.921189465e-19)
(0 0.02 0)
(0.005 0.02 0)
(0.01 0.02 0)
(0.015 0.02 0)
(0.02 0.02 2.960594732e-19)
(0.025 0.02 0)
(0.03 0.02 -2.960594732e-19)
(0.035 0.02 1.480297366e-19)
(0.04 0.02 -1.480297366e-19)
(0.045 0.02 3.700743415e-19)
(0.05 0.02 0)
(-0.05 0.0225 0)
(-0.045 0.0225 0)
(-0.04 0.0225 0)
(-0.035 0.0225 0)
(-0.03 0.0225 0)
(-0.025 0.0225 0)
(-0.02 0.0225 0)
(-0.015 0.0225 0)
(-0.01 0.0225 0)
(-0.005 0.0225 0)
(0 0.0225 0)
(0.005 0.0225 0)
(0.01 0.0225 0)
(0.015 0.0225 0)
(0.02 0.0225 2.960594732e-19)
(0.025 0.0225 0)
(0.03 0.0225 -2.960594732e-19)
(0.035 0.0225 1.480297366e-19)
(0.04 0.0225 -1.480297366e-19)
(0.045 0.0225 3.700743415e-19)
(0.05 0.0225 0)
(-0.05 0.025 0)
(-0.045 0.025 0)
(-0.04 0.025 0)
(-0.035 0.025 0)
(-0.03 0.025 0)
(-0.025 0.025 0)
(-0.02 0.025 0)
(-0.015 0.025 0)
(-0.01 0.025 0)
(-0.005 0.025 5.921189465e-19)
(0 0.025 0)
(0.005 0.025 0)
(0.01 0.025 0)
(0.015 0.025 0)
(0.02 0.025 2.960594732e-19)
(0.025 0.025 0)
(0.03 0.025 -2.960594732e-19)
(0.035 0.025 1.480297366e-19)
(0.04 0.025 -1.480297366e-19)
(0.045 0.025 3.700743415e-19)
(0.05 0.025 0)
(-0.05 0.0275 0)
(-0.045 0.0275 0)
(-0.04 0.0275 0)
(-0.035 0.0275 0)
(-0.03 0.0275 0)
(-0.025 0.0275 0)
(-0.02 0.0275 0)
(-0.015 0.0275 0)
(-0.01 0.0275 0)
(-0.005 0.0275 5.921189465e-19)
(0 0.0275 0)
(0.005 0.0275 0)
(0.01 0.0275 0)
(0.015 0.0275 0)
(0.02 0.0275 2.960594732e-19)
(0.025 0.0275 0)
(0.03 0.0275 -2.960594732e-19)
(0.035 0.0275 1.480297366e-19)
(0.04 0.0275 -1.480297366e-19)
(0.045 0.0275 3.700743415e-19)
(0.05 0.0275 0)
(-0.05 0.03 0)
(-0.045 0.03 0)
(-0.04 0.03 0)
(-0.035 0.03 0)
(-0.03 0.03 0)
(-0.025 0.03 0)
(-0.02 0.03 0)
(-0.015 0.03 0)
(-0.01 0.03 0)
(-0.005 0.03 5.921189465e-19)
(0 0.03 0)
(0.005 0.03 0)
(0.01 0.03 0)
(0.015 0.03 0)
(0.02 0.03 2.960594732e-19)
(0.025 0.03 0)
(0.03 0.03 -2.960594732e-19)
(0.035 0.03 1.480297366e-19)
(0.04 0.03 -1.480297366e-19)
(0.045 0.03 3.700743415e-19)
(0.05 0.03 0)
(-0.05 0.0325 0)
(-0.045 0.0325 0)
(-0.04 0.0325 0)
(-0.035 0.0325 0)
(-0.03 0.0325 0)
(-0.025 0.0325 0)
(-0.02 0.0325 0)
(-0.015 0.0325 0)
(-0.01 0.0325 0)
(-0.005 0.0325 0)
(0 0.0325 0)
(0.005 0.0325 0)
(0.01 0.0325 0)
(0.015 0.0325 0)
(0.02 0.0325 2.960594732e-19)
(0.025 0.0325 0)
(0.03 0.0325 -2.960594732e-19)
(0.035 0.0325 4.440892099e-19)
(0.04 0.0325 -1.480297366e-19)
(0.045 0.0325 3.700743415e-19)
(0.05 0.0325 0)
(-0.05 0.035 0)
(-0.045 0.035 0)
(-0.04 0.035 0)
(-0.035 0.035 0)
(-0.03 0.035 0)
(-0.025 0.035 0)
(-0.02 0.035 0)
(-0.015 0.035 0)
(-0.01 0.035 0)
(-0.005 0.035 5.921189465e-19)
(0 0.035 0)
(0.005 0.035 0)
(0.01 0.035 0)
(0.015 0.035 0)
(0.02 0.035 2.960594732e-19)
(0.025 0.035 0)
(0.03 0.035 -2.960594732e-19)
(0.035 0.035 1.480297366e-19)
(0.04 0.035 -1.480297366e-19)
(0.045 0.035 3.700743415e-19)
(0.05 0.035 0)
(-0.05 0.0375 0)
(-0.045 0.0375 0)
(-0.04 0.0375 0)
(-0.035 0.0375 0)
(-0.03 0.0375 0)
(-0.025 0.0375 0)
(-0.02 0.0375 0)
(-0.015 0.0375 0)
(-0.01 0.0375 0)
(-0.005 0.0375 5.921189465e-19)
(0 0.0375 0)
(0.005 0.0375 0)
(0.01 0.0375 0)
(0.015 0.0375 0)
(0.02 0.0375 2.960594732e-19)
(0.025 0.0375 0)
(0.03 0.0375 -2.960594732e-19)
(0.035 0.0375 1.480297366e-19)
(0.04 0.0375 -1.480297366e-19)
(0.045 0.0375 3.700743415e-19)
(0.05 0.0375 0)
(-0.05 0.04 0)
(-0.045 0.04 0)
(-0.04 0.04 0)
(-0.035 0.04 0)
(-0.03 0.04 0)
(-0.025 0.04 0)
(-0.02 0.04 0)
(-0.015 0.04 0)
(-0.01 0.04 0)
(-0.005 0.04 5.921189465e-19)
(0 0.04 0)
(0.005 0.04 0)
(0.01 0.04 0)
(0.015 0.04 0)
(0.02 0.04 2.960594732e-19)
(0.025 0.04 0)
(0.03 0.04 -2.960594732e-19)
(0.035 0.04 1.480297366e-19)
(0.04 0.04 -1.480297366e-19)
(0.045 0.04 3.700743415e-19)
(0.05 0.04 0)
(-0.05 0 0.005)
(-0.045 0 0.005)
(-0.04 0 0.005)
(-0.035 0 0.005)
(-0.03 0 0.005)
(-0.025 0 0.005)
(-0.02 0 0.005)
(-0.015 0 0.005)
(-0.01 0 0.005)
(-0.005 0 0.005)
(0 0 0.005)
(0.005 0 0.005)
(0.01 0 0.005)
(0.015 0 0.005)
(0.02 0 0.005)
(0.025 0 0.005)
(0.03 0 0.005)
(0.035 0 0.005)
(0.04 0 0.005)
(0.045 0 0.005)
(0.05 0 0.005)
(-0.05 0.0025 0.005)
(-0.045 0.0025 0.005)
(-0.04 0.0025 0.005)
(-0.035 0.0025 0.005)
(-0.03 0.0025 0.005)
(-0.025 0.0025 0.005)
(-0.02 0.0025 0.005)
(-0.015 0.0025 0.005)
(-0.01 0.0025 0.005)
(-0.005 0.0025 0.005)
(0 0.0025 0.005)
(0.005 0.0025 0.005)
(0.01 0.0025 0.005)
(0.015 0.0025 0.005)
(0.02 0.0025 0.005)
(0.025 0.0025 0.005)
(0.03 0.0025 0.005)
(0.035 0.0025 0.005)
(0.04 0.0025 0.005)
(0.045 0.0025 0.005)
(0.05 0.0025 0.005)
(-0.05 0.005 0.005)
(-0.045 0.005 0.005)
(-0.04 0.005 0.005)
(-0.035 0.005 0.005)
(-0.03 0.005 0.005)
(-0.025 0.005 0.005)
(-0.02 0.005 0.005)
(-0.015 0.005 0.005)
(-0.01 0.005 0.005)
(-0.005 0.005 0.005)
(0 0.005 0.005)
(0.005 0.005 0.005)
(0.01 0.005 0.005)
(0.015 0.005 0.005)
(0.02 0.005 0.005)
(0.025 0.005 0.005)
(0.03 0.005 0.005)
(0.035 0.005 0.005)
(0.04 0.005 0.005)
(0.045 0.005 0.005)
(0.05 0.005 0.005)
(-0.05 0.0075 0.005)
(-0.045 0.0075 0.005)
(-0.04 0.0075 0.005)
(-0.035 0.0075 0.005)
(-0.03 0.0075 0.005)
(-0.025 0.0075 0.005)
(-0.02 0.0075 0.005)
(-0.015 0.0075 0.005)
(-0.01 0.0075 0.005)
(-0.005 0.0075 0.005)
(0 0.0075 0.005)
(0.005 0.0075 0.005)
(0.01 0.0075 0.005)
(0.015 0.0075 0.005)
(0.02 0.0075 0.005)
(0.025 0.0075 0.005)
(0.03 0.0075 0.005)
(0.035 0.0075 0.005)
(0.04 0.0075 0.005)
(0.045 0.0075 0.005)
(0.05 0.0075 0.005)
(-0.05 0.01 0.005)
(-0.045 0.01 0.005)
(-0.04 0.01 0.005)
(-0.035 0.01 0.005)
(-0.03 0.01 0.005)
(-0.025 0.01 0.005)
(-0.02 0.01 0.005)
(-0.015 0.01 0.005)
(-0.01 0.01 0.005)
(-0.005 0.01 0.005)
(0 0.01 0.005)
(0.005 0.01 0.005)
(0.01 0.01 0.005)
(0.015 0.01 0.005)
(0.02 0.01 0.005)
(0.025 0.01 0.005)
(0.03 0.01 0.005)
(0.035 0.01 0.005)
(0.04 0.01 0.005)
(0.045 0.01 0.005)
(0.05 0.01 0.005)
(-0.05 0.0125 0.005)
(-0.045 0.0125 0.005)
(-0.04 0.0125 0.005)
(-0.035 0.0125 0.005)
(-0.03 0.0125 0.005)
(-0.025 0.0125 0.005)
(-0.02 0.0125 0.005)
(-0.015 0.0125 0.005)
(-0.01 0.0125 0.005)
(-0.005 0.0125 0.005)
(0 0.0125 0.005)
(0.005 0.0125 0.005)
(0.01 0.0125 0.005)
(0.015 0.0125 0.005)
(0.02 0.0125 0.005)
(0.025 0.0125 0.005)
(0.03 0.0125 0.005)
(0.035 0.0125 0.005)
(0.04 0.0125 0.005)
(0.045 0.0125 0.005)
(0.05 0.0125 0.005)
(-0.05 0.015 0.005)
(-0.045 0.015 0.005)
(-0.04 0.015 0.005)
(-0.035 0.015 0.005)
(-0.03 0.015 0.005)
(-0.025 0.015 0.005)
(-0.02 0.015 0.005)
(-0.015 0.015 0.005)
(-0.01 0.015 0.005)
(-0.005 0.015 0.005)
(0 0.015 0.005)
(0.005 0.015 0.005)
(0.01 0.015 0.005)
(0.015 0.015 0.005)
(0.02 0.015 0.005)
(0.025 0.015 0.005)
(0.03 0.015 0.005)
(0.035 0.015 0.005)
(0.04 0.015 0.005)
(0.045 0.015 0.005)
(0.05 0.015 0.005)
(-0.05 0.0175 0.005)
(-0.045 0.0175 0.005)
(-0.04 0.0175 0.005)
(-0.035 0.0175 0.005)
(-0.03 0.0175 0.005)
(-0.025 0.0175 0.005)
(-0.02 0.0175 0.005)
(-0.015 0.0175 0.005)
(-0.01 0.0175 0.005)
(-0.005 0.0175 0.005)
(0 0.0175 0.005)
(0.005 0.0175 0.005)
(0.01 0.0175 0.005)
(0.015 0.0175 0.005)
(0.02 0.0175 0.005)
(0.025 0.0175 0.005)
(0.03 0.0175 0.005)
(0.035 0.0175 0.005)
(0.04 0.0175 0.005)
(0.045 0.0175 0.005)
(0.05 0.0175 0.005)
(-0.05 0.02 0.005)
(-0.045 0.02 0.005)
(-0.04 0.02 0.005)
(-0.035 0.02 0.005)
(-0.03 0.02 0.005)
(-0.025 0.02 0.005)
(-0.02 0.02 0.005)
(-0.015 0.02 0.005)
(-0.01 0.02 0.005)
(-0.005 0.02 0.005)
(0 0.02 0.005)
(0.005 0.02 0.005)
(0.01 0.02 0.005)
(0.015 0.02 0.005)
(0.02 0.02 0.005)
(0.025 0.02 0.005)
(0.03 0.02 0.005)
(0.035 0.02 0.005)
(0.04 0.02 0.005)
(0.045 0.02 0.005)
(0.05 0.02 0.005)
(-0.05 0.0225 0.005)
(-0.045 0.0225 0.005)
(-0.04 0.0225 0.005)
(-0.035 0.0225 0.005)
(-0.03 0.0225 0.005)
(-0.025 0.0225 0.005)
(-0.02 0.0225 0.005)
(-0.015 0.0225 0.005)
(-0.01 0.0225 0.005)
(-0.005 0.0225 0.005)
(0 0.0225 0.005)
(0.005 0.0225 0.005)
(0.01 0.0225 0.005)
(0.015 0.0225 0.005)
(0.02 0.0225 0.005)
(0.025 0.0225 0.005)
(0.03 0.0225 0.005)
(0.035 0.0225 0.005)
(0.04 0.0225 0.005)
(0.045 0.0225 0.005)
(0.05 0.0225 0.005)
(-0.05 0.025 0.005)
(-0.045 0.025 0.005)
(-0.04 0.025 0.005)
(-0.035 0.025 0.005)
(-0.03 0.025 0.005)
(-0.025 0.025 0.005)
(-0.02 0.025 0.005)
(-0.015 0.025 0.005)
(-0.01 0.025 0.005)
(-0.005 0.025 0.005)
(0 0.025 0.005)
(0.005 0.025 0.005)
(0.01 0.025 0.005)
(0.015 0.025 0.005)
(0.02 0.025 0.005)
(0.025 0.025 0.005)
(0.03 0.025 0.005)
(0.035 0.025 0.005)
(0.04 0.025 0.005)
(0.045 0.025 0.005)
(0.05 0.025 0.005)
(-0.05 0.0275 0.005)
(-0.045 0.0275 0.005)
(-0.04 0.0275 0.005)
(-0.035 0.0275 0.005)
(-0.03 0.0275 0.005)
(-0.025 0.0275 0.005)
(-0.02 0.0275 0.005)
(-0.015 0.0275 0.005)
(-0.01 0.0275 0.005)
(-0.005 0.0275 0.005)
(0 0.0275 0.005)
(0.005 0.0275 0.005)
(0.01 0.0275 0.005)
(0.015 0.0275 0.005)
(0.02 0.0275 0.005)
(0.025 0.0275 0.005)
(0.03 0.0275 0.005)
(0.035 0.0275 0.005)
(0.04 0.0275 0.005)
(0.045 0.0275 0.005)
(0.05 0.0275 0.005)
(-0.05 0.03 0.005)
(-0.045 0.03 0.005)
(-0.04 0.03 0.005)
(-0.035 0.03 0.005)
(-0.03 0.03 0.005)
(-0.025 0.03 0.005)
(-0.02 0.03 0.005)
(-0.015 0.03 0.005)
(-0.01 0.03 0.005)
(-0.005 0.03 0.005)
(0 0.03 0.005)
(0.005 0.03 0.005)
(0.01 0.03 0.005)
(0.015 0.03 0.005)
(0.02 0.03 0.005)
(0.025 0.03 0.005)
(0.03 0.03 0.005)
(0.035 0.03 0.005)
(0.04 0.03 0.005)
(0.045 0.03 0.005)
(0.05 0.03 0.005)
(-0.05 0.0325 0.005)
(-0.045 0.0325 0.005)
(-0.04 0.0325 0.005)
(-0.035 0.0325 0.005)
(-0.03 0.0325 0.005)
(-0.025 0.0325 0.005)
(-0.02 0.0325 0.005)
(-0.015 0.0325 0.005)
(-0.01 0.0325 0.005)
(-0.005 0.0325 0.005)
(0 0.0325 0.005)
(0.005 0.0325 0.005)
(0.01 0.0325 0.005)
(0.015 0.0325 0.005)
(0.02 0.0325 0.005)
(0.025 0.0325 0.005)
(0.03 0.0325 0.005)
(0.035 0.0325 0.005)
(0.04 0.0325 0.005)
(0.045 0.0325 0.005)
(0.05 0.0325 0.005)
(-0.05 0.035 0.005)
(-0.045 0.035 0.005)
(-0.04 0.035 0.005)
(-0.035 0.035 0.005)
(-0.03 0.035 0.005)
(-0.025 0.035 0.005)
(-0.02 0.035 0.005)
(-0.015 0.035 0.005)
(-0.01 0.035 0.005)
(-0.005 0.035 0.005)
(0 0.035 0.005)
(0.005 0.035 0.005)
(0.01 0.035 0.005)
(0.015 0.035 0.005)
(0.02 0.035 0.005)
(0.025 0.035 0.005)
(0.03 0.035 0.005)
(0.035 0.035 0.005)
(0.04 0.035 0.005)
(0.045 0.035 0.005)
(0.05 0.035 0.005)
(-0.05 0.0375 0.005)
(-0.045 0.0375 0.005)
(-0.04 0.0375 0.005)
(-0.035 0.0375 0.005)
(-0.03 0.0375 0.005)
(-0.025 0.0375 0.005)
(-0.02 0.0375 0.005)
(-0.015 0.0375 0.005)
(-0.01 0.0375 0.005)
(-0.005 0.0375 0.005)
(0 0.0375 0.005)
(0.005 0.0375 0.005)
(0.01 0.0375 0.005)
(0.015 0.0375 0.005)
(0.02 0.0375 0.005)
(0.025 0.0375 0.005)
(0.03 0.0375 0.005)
(0.035 0.0375 0.005)
(0.04 0.0375 0.005)
(0.045 0.0375 0.005)
(0.05 0.0375 0.005)
(-0.05 0.04 0.005)
(-0.045 0.04 0.005)
(-0.04 0.04 0.005)
(-0.035 0.04 0.005)
(-0.03 0.04 0.005)
(-0.025 0.04 0.005)
(-0.02 0.04 0.005)
(-0.015 0.04 0.005)
(-0.01 0.04 0.005)
(-0.005 0.04 0.005)
(0 0.04 0.005)
(0.005 0.04 0.005)
(0.01 0.04 0.005)
(0.015 0.04 0.005)
(0.02 0.04 0.005)
(0.025 0.04 0.005)
(0.03 0.04 0.005)
(0.035 0.04 0.005)
(0.04 0.04 0.005)
(0.045 0.04 0.005)
(0.05 0.04 0.005)
(-0.05 0 0.01)
(-0.045 0 0.01)
(-0.04 0 0.01)
(-0.035 0 0.01)
(-0.03 0 0.01)
(-0.025 0 0.01)
(-0.02 0 0.01)
(-0.015 0 0.01)
(-0.01 0 0.01)
(-0.005 0 0.01)
(0 0 0.01)
(0.005 0 0.01)
(0.01 0 0.01)
(0.015 0 0.01)
(0.02 0 0.01)
(0.025 0 0.01)
(0.03 0 0.01)
(0.035 0 0.01)
(0.04 0 0.01)
(0.045 0 0.01)
(0.05 0 0.01)
(-0.05 0.0025 0.01)
(-0.045 0.0025 0.01)
(-0.04 0.0025 0.01)
(-0.035 0.0025 0.01)
(-0.03 0.0025 0.01)
(-0.025 0.0025 0.01)
(-0.02 0.0025 0.01)
(-0.015 0.0025 0.01)
(-0.01 0.0025 0.01)
(-0.005 0.0025 0.01)
(0 0.0025 0.01)
(0.005 0.0025 0.01)
(0.01 0.0025 0.01)
(0.015 0.0025 0.01)
(0.02 0.0025 0.01)
(0.025 0.0025 0.01)
(0.03 0.0025 0.01)
(0.035 0.0025 0.01)
(0.04 0.0025 0.01)
(0.045 0.0025 0.01)
(0.05 0.0025 0.01)
(-0.05 0.005 0.01)
(-0.045 0.005 0.01)
(-0.04 0.005 0.01)
(-0.035 0.005 0.01)
(-0.03 0.005 0.01)
(-0.025 0.005 0.01)
(-0.02 0.005 0.01)
(-0.015 0.005 0.01)
(-0.01 0.005 0.01)
(-0.005 0.005 0.01)
(0 0.005 0.01)
(0.005 0.005 0.01)
(0.01 0.005 0.01)
(0.015 0.005 0.01)
(0.02 0.005 0.01)
(0.025 0.005 0.01)
(0.03 0.005 0.01)
(0.035 0.005 0.01)
(0.04 0.005 0.01)
(0.045 0.005 0.01)
(0.05 0.005 0.01)
(-0.05 0.0075 0.01)
(-0.045 0.0075 0.01)
(-0.04 0.0075 0.01)
(-0.035 0.0075 0.01)
(-0.03 0.0075 0.01)
(-0.025 0.0075 0.01)
(-0.02 0.0075 0.01)
(-0.015 0.0075 0.01)
(-0.01 0.0075 0.01)
(-0.005 0.0075 0.01)
(0 0.0075 0.01)
(0.005 0.0075 0.01)
(0.01 0.0075 0.01)
(0.015 0.0075 0.01)
(0.02 0.0075 0.01)
(0.025 0.0075 0.01)
(0.03 0.0075 0.01)
(0.035 0.0075 0.01)
(0.04 0.0075 0.01)
(0.045 0.0075 0.01)
(0.05 0.0075 0.01)
(-0.05 0.01 0.01)
(-0.045 0.01 0.01)
(-0.04 0.01 0.01)
(-0.035 0.01 0.01)
(-0.03 0.01 0.01)
(-0.025 0.01 0.01)
(-0.02 0.01 0.01)
(-0.015 0.01 0.01)
(-0.01 0.01 0.01)
(-0.005 0.01 0.01)
(0 0.01 0.01)
(0.005 0.01 0.01)
(0.01 0.01 0.01)
(0.015 0.01 0.01)
(0.02 0.01 0.01)
(0.025 0.01 0.01)
(0.03 0.01 0.01)
(0.035 0.01 0.01)
(0.04 0.01 0.01)
(0.045 0.01 0.01)
(0.05 0.01 0.01)
(-0.05 0.0125 0.01)
(-0.045 0.0125 0.01)
(-0.04 0.0125 0.01)
(-0.035 0.0125 0.01)
(-0.03 0.0125 0.01)
(-0.025 0.0125 0.01)
(-0.02 0.0125 0.01)
(-0.015 0.0125 0.01)
(-0.01 0.0125 0.01)
(-0.005 0.0125 0.01)
(0 0.0125 0.01)
(0.005 0.0125 0.01)
(0.01 0.0125 0.01)
(0.015 0.0125 0.01)
(0.02 0.0125 0.01)
(0.025 0.0125 0.01)
(0.03 0.0125 0.01)
(0.035 0.0125 0.01)
(0.04 0.0125 0.01)
(0.045 0.0125 0.01)
(0.05 0.0125 0.01)
(-0.05 0.015 0.01)
(-0.045 0.015 0.01)
(-0.04 0.015 0.01)
(-0.035 0.015 0.01)
(-0.03 0.015 0.01)
(-0.025 0.015 0.01)
(-0.02 0.015 0.01)
(-0.015 0.015 0.01)
(-0.01 0.015 0.01)
(-0.005 0.015 0.01)
(0 0.015 0.01)
(0.005 0.015 0.01)
(0.01 0.015 0.01)
(0.015 0.015 0.01)
(0.02 0.015 0.01)
(0.025 0.015 0.01)
(0.03 0.015 0.01)
(0.035 0.015 0.01)
(0.04 0.015 0.01)
(0.045 0.015 0.01)
(0.05 0.015 0.01)
(-0.05 0.0175 0.01)
(-0.045 0.0175 0.01)
(-0.04 0.0175 0.01)
(-0.035 0.0175 0.01)
(-0.03 0.0175 0.01)
(-0.025 0.0175 0.01)
(-0.02 0.0175 0.01)
(-0.015 0.0175 0.01)
(-0.01 0.0175 0.01)
(-0.005 0.0175 0.01)
(0 0.0175 0.01)
(0.005 0.0175 0.01)
(0.01 0.0175 0.01)
(0.015 0.0175 0.01)
(0.02 0.0175 0.01)
(0.025 0.0175 0.01)
(0.03 0.0175 0.01)
(0.035 0.0175 0.01)
(0.04 0.0175 0.01)
(0.045 0.0175 0.01)
(0.05 0.0175 0.01)
(-0.05 0.02 0.01)
(-0.045 0.02 0.01)
(-0.04 0.02 0.01)
(-0.035 0.02 0.01)
(-0.03 0.02 0.01)
(-0.025 0.02 0.01)
(-0.02 0.02 0.01)
(-0.015 0.02 0.01)
(-0.01 0.02 0.01)
(-0.005 0.02 0.01)
(0 0.02 0.01)
(0.005 0.02 0.01)
(0.01 0.02 0.01)
(0.015 0.02 0.01)
(0.02 0.02 0.01)
(0.025 0.02 0.01)
(0.03 0.02 0.01)
(0.035 0.02 0.01)
(0.04 0.02 0.01)
(0.045 0.02 0.01)
(0.05 0.02 0.01)
(-0.05 0.0225 0.01)
(-0.045 0.0225 0.01)
(-0.04 0.0225 0.01)
(-0.035 0.0225 0.01)
(-0.03 0.0225 0.01)
(-0.025 0.0225 0.01)
(-0.02 0.0225 0.01)
(-0.015 0.0225 0.01)
(-0.01 0.0225 0.01)
(-0.005 0.0225 0.01)
(0 0.0225 0.01)
(0.005 0.0225 0.01)
(0.01 0.0225 0.01)
(0.015 0.0225 0.01)
(0.02 0.0225 0.01)
(0.025 0.0225 0.01)
(0.03 0.0225 0.01)
(0.035 0.0225 0.01)
(0.04 0.0225 0.01)
(0.045 0.0225 0.01)
(0.05 0.0225 0.01)
(-0.05 0.025 0.01)
(-0.045 0.025 0.01)
(-0.04 0.025 0.01)
(-0.035 0.025 0.01)
(-0.03 0.025 0.01)
(-0.025 0.025 0.01)
(-0.02 0.025 0.01)
(-0.015 0.025 0.01)
(-0.01 0.025 0.01)
(-0.005 0.025 0.01)
(0 0.025 0.01)
(0.005 0.025 0.01)
(0.01 0.025 0.01)
(0.015 0.025 0.01)
(0.02 0.025 0.01)
(0.025 0.025 0.01)
(0.03 0.025 0.01)
(0.035 0.025 0.01)
(0.04 0.025 0.01)
(0.045 0.025 0.01)
(0.05 0.025 0.01)
(-0.05 0.0275 0.01)
(-0.045 0.0275 0.01)
(-0.04 0.0275 0.01)
(-0.035 0.0275 0.01)
(-0.03 0.0275 0.01)
(-0.025 0.0275 0.01)
(-0.02 0.0275 0.01)
(-0.015 0.0275 0.01)
(-0.01 0.0275 0.01)
(-0.005 0.0275 0.01)
(0 0.0275 0.01)
(0.005 0.0275 0.01)
(0.01 0.0275 0.01)
(0.015 0.0275 0.01)
(0.02 0.0275 0.01)
(0.025 0.0275 0.01)
(0.03 0.0275 0.01)
(0.035 0.0275 0.01)
(0.04 0.0275 0.01)
(0.045 0.0275 0.01)
(0.05 0.0275 0.01)
(-0.05 0.03 0.01)
(-0.045 0.03 0.01)
(-0.04 0.03 0.01)
(-0.035 0.03 0.01)
(-0.03 0.03 0.01)
(-0.025 0.03 0.01)
(-0.02 0.03 0.01)
(-0.015 0.03 0.01)
(-0.01 0.03 0.01)
(-0.005 0.03 0.01)
(0 0.03 0.01)
(0.005 0.03 0.01)
(0.01 0.03 0.01)
(0.015 0.03 0.01)
(0.02 0.03 0.01)
(0.025 0.03 0.01)
(0.03 0.03 0.01)
(0.035 0.03 0.01)
(0.04 0.03 0.01)
(0.045 0.03 0.01)
(0.05 0.03 0.01)
(-0.05 0.0325 0.01)
(-0.045 0.0325 0.01)
(-0.04 0.0325 0.01)
(-0.035 0.0325 0.01)
(-0.03 0.0325 0.01)
(-0.025 0.0325 0.01)
(-0.02 0.0325 0.01)
(-0.015 0.0325 0.01)
(-0.01 0.0325 0.01)
(-0.005 0.0325 0.01)
(0 0.0325 0.01)
(0.005 0.0325 0.01)
(0.01 0.0325 0.01)
(0.015 0.0325 0.01)
(0.02 0.0325 0.01)
(0.025 0.0325 0.01)
(0.03 0.0325 0.01)
(0.035 0.0325 0.01)
(0.04 0.0325 0.01)
(0.045 0.0325 0.01)
(0.05 0.0325 0.01)
(-0.05 0.035 0.01)
(-0.045 0.035 0.01)
(-0.04 0.035 0.01)
(-0.035 0.035 0.01)
(-0.03 0.035 0.01)
(-0.025 0.035 0.01)
(-0.02 0.035 0.01)
(-0.015 0.035 0.01)
(-0.01 0.035 0.01)
(-0.005 0.035 0.01)
(0 0.035 0.01)
(0.005 0.035 0.01)
(0.01 0.035 0.01)
(0.015 0.035 0.01)
(0.02 0.035 0.01)
(0.025 0.035 0.01)
(0.03 0.035 0.01)
(0.035 0.035 0.01)
(0.04 0.035 0.01)
(0.045 0.035 0.01)
(0.05 0.035 0.01)
(-0.05 0.0375 0.01)
(-0.045 0.0375 0.01)
(-0.04 0.0375 0.01)
(-0.035 0.0375 0.01)
(-0.03 0.0375 0.01)
(-0.025 0.0375 0.01)
(-0.02 0.0375 0.01)
(-0.015 0.0375 0.01)
(-0.01 0.0375 0.01)
(-0.005 0.0375 0.01)
(0 0.0375 0.01)
(0.005 0.0375 0.01)
(0.01 0.0375 0.01)
(0.015 0.0375 0.01)
(0.02 0.0375 0.01)
(0.025 0.0375 0.01)
(0.03 0.0375 0.01)
(0.035 0.0375 0.01)
(0.04 0.0375 0.01)
(0.045 0.0375 0.01)
(0.05 0.0375 0.01)
(-0.05 0.04 0.01)
(-0.045 0.04 0.01)
(-0.04 0.04 0.01)
(-0.035 0.04 0.01)
(-0.03 0.04 0.01)
(-0.025 0.04 0.01)
(-0.02 0.04 0.01)
(-0.015 0.04 0.01)
(-0.01 0.04 0.01)
(-0.005 0.04 0.01)
(0 0.04 0.01)
(0.005 0.04 0.01)
(0.01 0.04 0.01)
(0.015 0.04 0.01)
(0.02 0.04 0.01)
(0.025 0.04 0.01)
(0.03 0.04 0.01)
(0.035 0.04 0.01)
(0.04 0.04 0.01)
(0.045 0.04 0.01)
(0.05 0.04 0.01)
(-0.05 0 0.015)
(-0.045 0 0.015)
(-0.04 0 0.015)
(-0.035 0 0.015)
(-0.03 0 0.015)
(-0.025 0 0.015)
(-0.02 0 0.015)
(-0.015 0 0.015)
(-0.01 0 0.015)
(-0.005 0 0.015)
(0 0 0.015)
(0.005 0 0.015)
(0.01 0 0.015)
(0.015 0 0.015)
(0.02 0 0.015)
(0.025 0 0.015)
(0.03 0 0.015)
(0.035 0 0.015)
(0.04 0 0.015)
(0.045 0 0.015)
(0.05 0 0.015)
(-0.05 0.0025 0.015)
(-0.045 0.0025 0.015)
(-0.04 0.0025 0.015)
(-0.035 0.0025 0.015)
(-0.03 0.0025 0.015)
(-0.025 0.0025 0.015)
(-0.02 0.0025 0.015)
(-0.015 0.0025 0.015)
(-0.01 0.0025 0.015)
(-0.005 0.0025 0.015)
(0 0.0025 0.015)
(0.005 0.0025 0.015)
(0.01 0.0025 0.015)
(0.015 0.0025 0.015)
(0.02 0.0025 0.015)
(0.025 0.0025 0.015)
(0.03 0.0025 0.015)
(0.035 0.0025 0.015)
(0.04 0.0025 0.015)
(0.045 0.0025 0.015)
(0.05 0.0025 0.015)
(-0.05 0.005 0.015)
(-0.045 0.005 0.015)
(-0.04 0.005 0.015)
(-0.035 0.005 0.015)
(-0.03 0.005 0.015)
(-0.025 0.005 0.015)
(-0.02 0.005 0.015)
(-0.015 0.005 0.015)
(-0.01 0.005 0.015)
(-0.005 0.005 0.015)
(0 0.005 0.015)
(0.005 0.005 0.015)
(0.01 0.005 0.015)
(0.015 0.005 0.015)
(0.02 0.005 0.015)
(0.025 0.005 0.015)
(0.03 0.005 0.015)
(0.035 0.005 0.015)
(0.04 0.005 0.015)
(0.045 0.005 0.015)
(0.05 0.005 0.015)
(-0.05 0.0075 0.015)
(-0.045 0.0075 0.015)
(-0.04 0.0075 0.015)
(-0.035 0.0075 0.015)
(-0.03 0.0075 0.015)
(-0.025 0.0075 0.015)
(-0.02 0.0075 0.015)
(-0.015 0.0075 0.015)
(-0.01 0.0075 0.015)
(-0.005 0.0075 0.015)
(0 0.0075 0.015)
(0.005 0.0075 0.015)
(0.01 0.0075 0.015)
(0.015 0.0075 0.015)
(0.02 0.0075 0.015)
(0.025 0.0075 0.015)
(0.03 0.0075 0.015)
(0.035 0.0075 0.015)
(0.04 0.0075 0.015)
(0.045 0.0075 0.015)
(0.05 0.0075 0.015)
(-0.05 0.01 0.015)
(-0.045 0.01 0.015)
(-0.04 0.01 0.015)
(-0.035 0.01 0.015)
(-0.03 0.01 0.015)
(-0.025 0.01 0.015)
(-0.02 0.01 0.015)
(-0.015 0.01 0.015)
(-0.01 0.01 0.015)
(-0.005 0.01 0.015)
(0 0.01 0.015)
(0.005 0.01 0.015)
(0.01 0.01 0.015)
(0.015 0.01 0.015)
(0.02 0.01 0.015)
(0.025 0.01 0.015)
(0.03 0.01 0.015)
(0.035 0.01 0.015)
(0.04 0.01 0.015)
(0.045 0.01 0.015)
(0.05 0.01 0.015)
(-0.05 0.0125 0.015)
(-0.045 0.0125 0.015)
(-0.04 0.0125 0.015)
(-0.035 0.0125 0.015)
(-0.03 0.0125 0.015)
(-0.025 0.0125 0.015)
(-0.02 0.0125 0.015)
(-0.015 0.0125 0.015)
(-0.01 0.0125 0.015)
(-0.005 0.0125 0.015)
(0 0.0125 0.015)
(0.005 0.0125 0.015)
(0.01 0.0125 0.015)
(0.015 0.0125 0.015)
(0.02 0.0125 0.015)
(0.025 0.0125 0.015)
(0.03 0.0125 0.015)
(0.035 0.0125 0.015)
(0.04 0.0125 0.015)
(0.045 0.0125 0.015)
(0.05 0.0125 0.015)
(-0.05 0.015 0.015)
(-0.045 0.015 0.015)
(-0.04 0.015 0.015)
(-0.035 0.015 0.015)
(-0.03 0.015 0.015)
(-0.025 0.015 0.015)
(-0.02 0.015 0.015)
(-0.015 0.015 0.015)
(-0.01 0.015 0.015)
(-0.005 0.015 0.015)
(0 0.015 0.015)
(0.005 0.015 0.015)
(0.01 0.015 0.015)
(0.015 0.015 0.015)
(0.02 0.015 0.015)
(0.025 0.015 0.015)
(0.03 0.015 0.015)
(0.035 0.015 0.015)
(0.04 0.015 0.015)
(0.045 0.015 0.015)
(0.05 0.015 0.015)
(-0.05 0.0175 0.015)
(-0.045 0.0175 0.015)
(-0.04 0.0175 0.015)
(-0.035 0.0175 0.015)
(-0.03 0.0175 0.015)
(-0.025 0.0175 0.015)
(-0.02 0.0175 0.015)
(-0.015 0.0175 0.015)
(-0.01 0.0175 0.015)
(-0.005 0.0175 0.015)
(0 0.0175 0.015)
(0.005 0.0175 0.015)
(0.01 0.0175 0.015)
(0.015 0.0175 0.015)
(0.02 0.0175 0.015)
(0.025 0.0175 0.015)
(0.03 0.0175 0.015)
(0.035 0.0175 0.015)
(0.04 0.0175 0.015)
(0.045 0.0175 0.015)
(0.05 0.0175 0.015)
(-0.05 0.02 0.015)
(-0.045 0.02 0.015)
(-0.04 0.02 0.015)
(-0.035 0.02 0.015)
(-0.03 0.02 0.015)
(-0.025 0.02 0.015)
(-0.02 0.02 0.015)
(-0.015 0.02 0.015)
(-0.01 0.02 0.015)
(-0.005 0.02 0.015)
(0 0.02 0.015)
(0.005 0.02 0.015)
(0.01 0.02 0.015)
(0.015 0.02 0.015)
(0.02 0.02 0.015)
(0.025 0.02 0.015)
(0.03 0.02 0.015)
(0.035 0.02 0.015)
(0.04 0.02 0.015)
(0.045 0.02 0.015)
(0.05 0.02 0.015)
(-0.05 0.0225 0.015)
(-0.045 0.0225 0.015)
(-0.04 0.0225 0.015)
(-0.035 0.0225 0.015)
(-0.03 0.0225 0.015)
(-0.025 0.0225 0.015)
(-0.02 0.0225 0.015)
(-0.015 0.0225 0.015)
(-0.01 0.0225 0.015)
(-0.005 0.0225 0.015)
(0 0.0225 0.015)
(0.005 0.0225 0.015)
(0.01 0.0225 0.015)
(0.015 0.0225 0.015)
(0.02 0.0225 0.015)
(0.025 0.0225 0.015)
(0.03 0.0225 0.015)
(0.035 0.0225 0.015)
(0.04 0.0225 0.015)
(0.045 0.0225 0.015)
(0.05 0.0225 0.015)
(-0.05 0.025 0.015)
(-0.045 0.025 0.015)
(-0.04 0.025 0.015)
(-0.035 0.025 0.015)
(-0.03 0.025 0.015)
(-0.025 0.025 0.015)
(-0.02 0.025 0.015)
(-0.015 0.025 0.015)
(-0.01 0.025 0.015)
(-0.005 0.025 0.015)
(0 0.025 0.015)
(0.005 0.025 0.015)
(0.01 0.025 0.015)
(0.015 0.025 0.015)
(0.02 0.025 0.015)
(0.025 0.025 0.015)
(0.03 0.025 0.015)
(0.035 0.025 0.015)
(0.04 0.025 0.015)
(0.045 0.025 0.015)
(0.05 0.025 0.015)
(-0.05 0.0275 0.015)
(-0.045 0.0275 0.015)
(-0.04 0.0275 0.015)
(-0.035 0.0275 0.015)
(-0.03 0.0275 0.015)
(-0.025 0.0275 0.015)
(-0.02 0.0275 0.015)
(-0.015 0.0275 0.015)
(-0.01 0.0275 0.015)
(-0.005 0.0275 0.015)
(0 0.0275 0.015)
(0.005 0.0275 0.015)
(0.01 0.0275 0.015)
(0.015 0.0275 0.015)
(0.02 0.0275 0.015)
(0.025 0.0275 0.015)
(0.03 0.0275 0.015)
(0.035 0.0275 0.015)
(0.04 0.0275 0.015)
(0.045 0.0275 0.015)
(0.05 0.0275 0.015)
(-0.05 0.03 0.015)
(-0.045 0.03 0.015)
(-0.04 0.03 0.015)
(-0.035 0.03 0.015)
(-0.03 0.03 0.015)
(-0.025 0.03 0.015)
(-0.02 0.03 0.015)
(-0.015 0.03 0.015)
(-0.01 0.03 0.015)
(-0.005 0.03 0.015)
(0 0.03 0.015)
(0.005 0.03 0.015)
(0.01 0.03 0.015)
(0.015 0.03 0.015)
(0.02 0.03 0.015)
(0.025 0.03 0.015)
(0.03 0.03 0.015)
(0.035 0.03 0.015)
(0.04 0.03 0.015)
(0.045 0.03 0.015)
(0.05 0.03 0.015)
(-0.05 0.0325 0.015)
(-0.045 0.0325 0.015)
(-0.04 0.0325 0.015)
(-0.035 0.0325 0.015)
(-0.03 0.0325 0.015)
(-0.025 0.0325 0.015)
(-0.02 0.0325 0.015)
(-0.015 0.0325 0.015)
(-0.01 0.0325 0.015)
(-0.005 0.0325 0.015)
(0 0.0325 0.015)
(0.005 0.0325 0.015)
(0.01 0.0325 0.015)
(0.015 0.0325 0.015)
(0.02 0.0325 0.015)
(0.025 0.0325 0.015)
(0.03 0.0325 0.015)
(0.035 0.0325 0.015)
(0.04 0.0325 0.015)
(0.045 0.0325 0.015)
(0.05 0.0325 0.015)
(-0.05 0.035 0.015)
(-0.045 0.035 0.015)
(-0.04 0.035 0.015)
(-0.035 0.035 0.015)
(-0.03 0.035 0.015)
(-0.025 0.035 0.015)
(-0.02 0.035 0.015)
(-0.015 0.035 0.015)
(-0.01 0.035 0.015)
(-0.005 0.035 0.015)
(0 0.035 0.015)
(0.005 0.035 0.015)
(0.01 0.035 0.015)
(0.015 0.035 0.015)
(0.02 0.035 0.015)
(0.025 0.035 0.015)
(0.03 0.035 0.015)
(0.035 0.035 0.015)
(0.04 0.035 0.015)
(0.045 0.035 0.015)
(0.05 0.035 0.015)
(-0.05 0.0375 0.015)
(-0.045 0.0375 0.015)
(-0.04 0.0375 0.015)
(-0.035 0.0375 0.015)
(-0.03 0.0375 0.015)
(-0.025 0.0375 0.015)
(-0.02 0.0375 0.015)
(-0.015 0.0375 0.015)
(-0.01 0.0375 0.015)
(-0.005 0.0375 0.015)
(0 0.0375 0.015)
(0.005 0.0375 0.015)
(0.01 0.0375 0.015)
(0.015 0.0375 0.015)
(0.02 0.0375 0.015)
(0.025 0.0375 0.015)
(0.03 0.0375 0.015)
(0.035 0.0375 0.015)
(0.04 0.0375 0.015)
(0.045 0.0375 0.015)
(0.05 0.0375 0.015)
(-0.05 0.04 0.015)
(-0.045 0.04 0.015)
(-0.04 0.04 0.015)
(-0.035 0.04 0.015)
(-0.03 0.04 0.015)
(-0.025 0.04 0.015)
(-0.02 0.04 0.015)
(-0.015 0.04 0.015)
(-0.01 0.04 0.015)
(-0.005 0.04 0.015)
(0 0.04 0.015)
(0.005 0.04 0.015)
(0.01 0.04 0.015)
(0.015 0.04 0.015)
(0.02 0.04 0.015)
(0.025 0.04 0.015)
(0.03 0.04 0.015)
(0.035 0.04 0.015)
(0.04 0.04 0.015)
(0.045 0.04 0.015)
(0.05 0.04 0.015)
(-0.05 0 0.02)
(-0.045 0 0.02)
(-0.04 0 0.02)
(-0.035 0 0.02)
(-0.03 0 0.02)
(-0.025 0 0.02)
(-0.02 0 0.02)
(-0.015 0 0.02)
(-0.01 0 0.02)
(-0.005 0 0.02)
(0 0 0.02)
(0.005 0 0.02)
(0.01 0 0.02)
(0.015 0 0.02)
(0.02 0 0.02)
(0.025 0 0.02)
(0.03 0 0.02)
(0.035 0 0.02)
(0.04 0 0.02)
(0.045 0 0.02)
(0.05 0 0.02)
(-0.05 0.0025 0.02)
(-0.045 0.0025 0.02)
(-0.04 0.0025 0.02)
(-0.035 0.0025 0.02)
(-0.03 0.0025 0.02)
(-0.025 0.0025 0.02)
(-0.02 0.0025 0.02)
(-0.015 0.0025 0.02)
(-0.01 0.0025 0.02)
(-0.005 0.0025 0.02)
(0 0.0025 0.02)
(0.005 0.0025 0.02)
(0.01 0.0025 0.02)
(0.015 0.0025 0.02)
(0.02 0.0025 0.02)
(0.025 0.0025 0.02)
(0.03 0.0025 0.02)
(0.035 0.0025 0.02)
(0.04 0.0025 0.02)
(0.045 0.0025 0.02)
(0.05 0.0025 0.02)
(-0.05 0.005 0.02)
(-0.045 0.005 0.02)
(-0.04 0.005 0.02)
(-0.035 0.005 0.02)
(-0.03 0.005 0.02)
(-0.025 0.005 0.02)
(-0.02 0.005 0.02)
(-0.015 0.005 0.02)
(-0.01 0.005 0.02)
(-0.005 0.005 0.02)
(0 0.005 0.02)
(0.005 0.005 0.02)
(0.01 0.005 0.02)
(0.015 0.005 0.02)
(0.02 0.005 0.02)
(0.025 0.005 0.02)
(0.03 0.005 0.02)
(0.035 0.005 0.02)
(0.04 0.005 0.02)
(0.045 0.005 0.02)
(0.05 0.005 0.02)
(-0.05 0.0075 0.02)
(-0.045 0.0075 0.02)
(-0.04 0.0075 0.02)
(-0.035 0.0075 0.02)
(-0.03 0.0075 0.02)
(-0.025 0.0075 0.02)
(-0.02 0.0075 0.02)
(-0.015 0.0075 0.02)
(-0.01 0.0075 0.02)
(-0.005 0.0075 0.02)
(0 0.0075 0.02)
(0.005 0.0075 0.02)
(0.01 0.0075 0.02)
(0.015 0.0075 0.02)
(0.02 0.0075 0.02)
(0.025 0.0075 0.02)
(0.03 0.0075 0.02)
(0.035 0.0075 0.02)
(0.04 0.0075 0.02)
(0.045 0.0075 0.02)
(0.05 0.0075 0.02)
(-0.05 0.01 0.02)
(-0.045 0.01 0.02)
(-0.04 0.01 0.02)
(-0.035 0.01 0.02)
(-0.03 0.01 0.02)
(-0.025 0.01 0.02)
(-0.02 0.01 0.02)
(-0.015 0.01 0.02)
(-0.01 0.01 0.02)
(-0.005 0.01 0.02)
(0 0.01 0.02)
(0.005 0.01 0.02)
(0.01 0.01 0.02)
(0.015 0.01 0.02)
(0.02 0.01 0.02)
(0.025 0.01 0.02)
(0.03 0.01 0.02)
(0.035 0.01 0.02)
(0.04 0.01 0.02)
(0.045 0.01 0.02)
(0.05 0.01 0.02)
(-0.05 0.0125 0.02)
(-0.045 0.0125 0.02)
(-0.04 0.0125 0.02)
(-0.035 0.0125 0.02)
(-0.03 0.0125 0.02)
(-0.025 0.0125 0.02)
(-0.02 0.0125 0.02)
(-0.015 0.0125 0.02)
(-0.01 0.0125 0.02)
(-0.005 0.0125 0.02)
(0 0.0125 0.02)
(0.005 0.0125 0.02)
(0.01 0.0125 0.02)
(0.015 0.0125 0.02)
(0.02 0.0125 0.02)
(0.025 0.0125 0.02)
(0.03 0.0125 0.02)
(0.035 0.0125 0.02)
(0.04 0.0125 0.02)
(0.045 0.0125 0.02)
(0.05 0.0125 0.02)
(-0.05 0.015 0.02)
(-0.045 0.015 0.02)
(-0.04 0.015 0.02)
(-0.035 0.015 0.02)
(-0.03 0.015 0.02)
(-0.025 0.015 0.02)
(-0.02 0.015 0.02)
(-0.015 0.015 0.02)
(-0.01 0.015 0.02)
(-0.005 0.015 0.02)
(0 0.015 0.02)
(0.005 0.015 0.02)
(0.01 0.015 0.02)
(0.015 0.015 0.02)
(0.02 0.015 0.02)
(0.025 0.015 0.02)
(0.03 0.015 0.02)
(0.035 0.015 0.02)
(0.04 0.015 0.02)
(0.045 0.015 0.02)
(0.05 0.015 0.02)
(-0.05 0.0175 0.02)
(-0.045 0.0175 0.02)
(-0.04 0.0175 0.02)
(-0.035 0.0175 0.02)
(-0.03 0.0175 0.02)
(-0.025 0.0175 0.02)
(-0.02 0.0175 0.02)
(-0.015 0.0175 0.02)
(-0.01 0.0175 0.02)
(-0.005 0.0175 0.02)
(0 0.0175 0.02)
(0.005 0.0175 0.02)
(0.01 0.0175 0.02)
(0.015 0.0175 0.02)
(0.02 0.0175 0.02)
(0.025 0.0175 0.02)
(0.03 0.0175 0.02)
(0.035 0.0175 0.02)
(0.04 0.0175 0.02)
(0.045 0.0175 0.02)
(0.05 0.0175 0.02)
(-0.05 0.02 0.02)
(-0.045 0.02 0.02)
(-0.04 0.02 0.02)
(-0.035 0.02 0.02)
(-0.03 0.02 0.02)
(-0.025 0.02 0.02)
(-0.02 0.02 0.02)
(-0.015 0.02 0.02)
(-0.01 0.02 0.02)
(-0.005 0.02 0.02)
(0 0.02 0.02)
(0.005 0.02 0.02)
(0.01 0.02 0.02)
(0.015 0.02 0.02)
(0.02 0.02 0.02)
(0.025 0.02 0.02)
(0.03 0.02 0.02)
(0.035 0.02 0.02)
(0.04 0.02 0.02)
(0.045 0.02 0.02)
(0.05 0.02 0.02)
(-0.05 0.0225 0.02)
(-0.045 0.0225 0.02)
(-0.04 0.0225 0.02)
(-0.035 0.0225 0.02)
(-0.03 0.0225 0.02)
(-0.025 0.0225 0.02)
(-0.02 0.0225 0.02)
(-0.015 0.0225 0.02)
(-0.01 0.0225 0.02)
(-0.005 0.0225 0.02)
(0 0.0225 0.02)
(0.005 0.0225 0.02)
(0.01 0.0225 0.02)
(0.015 0.0225 0.02)
(0.02 0.0225 0.02)
(0.025 0.0225 0.02)
(0.03 0.0225 0.02)
(0.035 0.0225 0.02)
(0.04 0.0225 0.02)
(0.045 0.0225 0.02)
(0.05 0.0225 0.02)
(-0.05 0.025 0.02)
(-0.045 0.025 0.02)
(-0.04 0.025 0.02)
(-0.035 0.025 0.02)
(-0.03 0.025 0.02)
(-0.025 0.025 0.02)
(-0.02 0.025 0.02)
(-0.015 0.025 0.02)
(-0.01 0.025 0.02)
(-0.005 0.025 0.02)
(0 0.025 0.02)
(0.005 0.025 0.02)
(0.01 0.025 0.02)
(0.015 0.025 0.02)
(0.02 0.025 0.02)
(0.025 0.025 0.02)
(0.03 0.025 0.02)
(0.035 0.025 0.02)
(0.04 0.025 0.02)
(0.045 0.025 0.02)
(0.05 0.025 0.02)
(-0.05 0.0275 0.02)
(-0.045 0.0275 0.02)
(-0.04 0.0275 0.02)
(-0.035 0.0275 0.02)
(-0.03 0.0275 0.02)
(-0.025 0.0275 0.02)
(-0.02 0.0275 0.02)
(-0.015 0.0275 0.02)
(-0.01 0.0275 0.02)
(-0.005 0.0275 0.02)
(0 0.0275 0.02)
(0.005 0.0275 0.02)
(0.01 0.0275 0.02)
(0.015 0.0275 0.02)
(0.02 0.0275 0.02)
(0.025 0.0275 0.02)
(0.03 0.0275 0.02)
(0.035 0.0275 0.02)
(0.04 0.0275 0.02)
(0.045 0.0275 0.02)
(0.05 0.0275 0.02)
(-0.05 0.03 0.02)
(-0.045 0.03 0.02)
(-0.04 0.03 0.02)
(-0.035 0.03 0.02)
(-0.03 0.03 0.02)
(-0.025 0.03 0.02)
(-0.02 0.03 0.02)
(-0.015 0.03 0.02)
(-0.01 0.03 0.02)
(-0.005 0.03 0.02)
(0 0.03 0.02)
(0.005 0.03 0.02)
(0.01 0.03 0.02)
(0.015 0.03 0.02)
(0.02 0.03 0.02)
(0.025 0.03 0.02)
(0.03 0.03 0.02)
(0.035 0.03 0.02)
(0.04 0.03 0.02)
(0.045 0.03 0.02)
(0.05 0.03 0.02)
(-0.05 0.0325 0.02)
(-0.045 0.0325 0.02)
(-0.04 0.0325 0.02)
(-0.035 0.0325 0.02)
(-0.03 0.0325 0.02)
(-0.025 0.0325 0.02)
(-0.02 0.0325 0.02)
(-0.015 0.0325 0.02)
(-0.01 0.0325 0.02)
(-0.005 0.0325 0.02)
(0 0.0325 0.02)
(0.005 0.0325 0.02)
(0.01 0.0325 0.02)
(0.015 0.0325 0.02)
(0.02 0.0325 0.02)
(0.025 0.0325 0.02)
(0.03 0.0325 0.02)
(0.035 0.0325 0.02)
(0.04 0.0325 0.02)
(0.045 0.0325 0.02)
(0.05 0.0325 0.02)
(-0.05 0.035 0.02)
(-0.045 0.035 0.02)
(-0.04 0.035 0.02)
(-0.035 0.035 0.02)
(-0.03 0.035 0.02)
(-0.025 0.035 0.02)
(-0.02 0.035 0.02)
(-0.015 0.035 0.02)
(-0.01 0.035 0.02)
(-0.005 0.035 0.02)
(0 0.035 0.02)
(0.005 0.035 0.02)
(0.01 0.035 0.02)
(0.015 0.035 0.02)
(0.02 0.035 0.02)
(0.025 0.035 0.02)
(0.03 0.035 0.02)
(0.035 0.035 0.02)
(0.04 0.035 0.02)
(0.045 0.035 0.02)
(0.05 0.035 0.02)
(-0.05 0.0375 0.02)
(-0.045 0.0375 0.02)
(-0.04 0.0375 0.02)
(-0.035 0.0375 0.02)
(-0.03 0.0375 0.02)
(-0.025 0.0375 0.02)
(-0.02 0.0375 0.02)
(-0.015 0.0375 0.02)
(-0.01 0.0375 0.02)
(-0.005 0.0375 0.02)
(0 0.0375 0.02)
(0.005 0.0375 0.02)
(0.01 0.0375 0.02)
(0.015 0.0375 0.02)
(0.02 0.0375 0.02)
(0.025 0.0375 0.02)
(0.03 0.0375 0.02)
(0.035 0.0375 0.02)
(0.04 0.0375 0.02)
(0.045 0.0375 0.02)
(0.05 0.0375 0.02)
(-0.05 0.04 0.02)
(-0.045 0.04 0.02)
(-0.04 0.04 0.02)
(-0.035 0.04 0.02)
(-0.03 0.04 0.02)
(-0.025 0.04 0.02)
(-0.02 0.04 0.02)
(-0.015 0.04 0.02)
(-0.01 0.04 0.02)
(-0.005 0.04 0.02)
(0 0.04 0.02)
(0.005 0.04 0.02)
(0.01 0.04 0.02)
(0.015 0.04 0.02)
(0.02 0.04 0.02)
(0.025 0.04 0.02)
(0.03 0.04 0.02)
(0.035 0.04 0.02)
(0.04 0.04 0.02)
(0.045 0.04 0.02)
(0.05 0.04 0.02)
(-0.05 0 0.025)
(-0.045 0 0.025)
(-0.04 0 0.025)
(-0.035 0 0.025)
(-0.03 0 0.025)
(-0.025 0 0.025)
(-0.02 0 0.025)
(-0.015 0 0.025)
(-0.01 0 0.025)
(-0.005 0 0.025)
(0 0 0.025)
(0.005 0 0.025)
(0.01 0 0.025)
(0.015 0 0.025)
(0.02 0 0.025)
(0.025 0 0.025)
(0.03 0 0.025)
(0.035 0 0.025)
(0.04 0 0.025)
(0.045 0 0.025)
(0.05 0 0.025)
(-0.05 0.0025 0.025)
(-0.045 0.0025 0.025)
(-0.04 0.0025 0.025)
(-0.035 0.0025 0.025)
(-0.03 0.0025 0.025)
(-0.025 0.0025 0.025)
(-0.02 0.0025 0.025)
(-0.015 0.0025 0.025)
(-0.01 0.0025 0.025)
(-0.005 0.0025 0.025)
(0 0.0025 0.025)
(0.005 0.0025 0.025)
(0.01 0.0025 0.025)
(0.015 0.0025 0.025)
(0.02 0.0025 0.025)
(0.025 0.0025 0.025)
(0.03 0.0025 0.025)
(0.035 0.0025 0.025)
(0.04 0.0025 0.025)
(0.045 0.0025 0.025)
(0.05 0.0025 0.025)
(-0.05 0.005 0.025)
(-0.045 0.005 0.025)
(-0.04 0.005 0.025)
(-0.035 0.005 0.025)
(-0.03 0.005 0.025)
(-0.025 0.005 0.025)
(-0.02 0.005 0.025)
(-0.015 0.005 0.025)
(-0.01 0.005 0.025)
(-0.005 0.005 0.025)
(0 0.005 0.025)
(0.005 0.005 0.025)
(0.01 0.005 0.025)
(0.015 0.005 0.025)
(0.02 0.005 0.025)
(0.025 0.005 0.025)
(0.03 0.005 0.025)
(0.035 0.005 0.025)
(0.04 0.005 0.025)
(0.045 0.005 0.025)
(0.05 0.005 0.025)
(-0.05 0.0075 0.025)
(-0.045 0.0075 0.025)
(-0.04 0.0075 0.025)
(-0.035 0.0075 0.025)
(-0.03 0.0075 0.025)
(-0.025 0.0075 0.025)
(-0.02 0.0075 0.025)
(-0.015 0.0075 0.025)
(-0.01 0.0075 0.025)
(-0.005 0.0075 0.025)
(0 0.0075 0.025)
(0.005 0.0075 0.025)
(0.01 0.0075 0.025)
(0.015 0.0075 0.025)
(0.02 0.0075 0.025)
(0.025 0.0075 0.025)
(0.03 0.0075 0.025)
(0.035 0.0075 0.025)
(0.04 0.0075 0.025)
(0.045 0.0075 0.025)
(0.05 0.0075 0.025)
(-0.05 0.01 0.025)
(-0.045 0.01 0.025)
(-0.04 0.01 0.025)
(-0.035 0.01 0.025)
(-0.03 0.01 0.025)
(-0.025 0.01 0.025)
(-0.02 0.01 0.025)
(-0.015 0.01 0.025)
(-0.01 0.01 0.025)
(-0.005 0.01 0.025)
(0 0.01 0.025)
(0.005 0.01 0.025)
(0.01 0.01 0.025)
(0.015 0.01 0.025)
(0.02 0.01 0.025)
(0.025 0.01 0.025)
(0.03 0.01 0.025)
(0.035 0.01 0.025)
(0.04 0.01 0.025)
(0.045 0.01 0.025)
(0.05 0.01 0.025)
(-0.05 0.0125 0.025)
(-0.045 0.0125 0.025)
(-0.04 0.0125 0.025)
(-0.035 0.0125 0.025)
(-0.03 0.0125 0.025)
(-0.025 0.0125 0.025)
(-0.02 0.0125 0.025)
(-0.015 0.0125 0.025)
(-0.01 0.0125 0.025)
(-0.005 0.0125 0.025)
(0 0.0125 0.025)
(0.005 0.0125 0.025)
(0.01 0.0125 0.025)
(0.015 0.0125 0.025)
(0.02 0.0125 0.025)
(0.025 0.0125 0.025)
(0.03 0.0125 0.025)
(0.035 0.0125 0.025)
(0.04 0.0125 0.025)
(0.045 0.0125 0.025)
(0.05 0.0125 0.025)
(-0.05 0.015 0.025)
(-0.045 0.015 0.025)
(-0.04 0.015 0.025)
(-0.035 0.015 0.025)
(-0.03 0.015 0.025)
(-0.025 0.015 0.025)
(-0.02 0.015 0.025)
(-0.015 0.015 0.025)
(-0.01 0.015 0.025)
(-0.005 0.015 0.025)
(0 0.015 0.025)
(0.005 0.015 0.025)
(0.01 0.015 0.025)
(0.015 0.015 0.025)
(0.02 0.015 0.025)
(0.025 0.015 0.025)
(0.03 0.015 0.025)
(0.035 0.015 0.025)
(0.04 0.015 0.025)
(0.045 0.015 0.025)
(0.05 0.015 0.025)
(-0.05 0.0175 0.025)
(-0.045 0.0175 0.025)
(-0.04 0.0175 0.025)
(-0.035 0.0175 0.025)
(-0.03 0.0175 0.025)
(-0.025 0.0175 0.025)
(-0.02 0.0175 0.025)
(-0.015 0.0175 0.025)
(-0.01 0.0175 0.025)
(-0.005 0.0175 0.025)
(0 0.0175 0.025)
(0.005 0.0175 0.025)
(0.01 0.0175 0.025)
(0.015 0.0175 0.025)
(0.02 0.0175 0.025)
(0.025 0.0175 0.025)
(0.03 0.0175 0.025)
(0.035 0.0175 0.025)
(0.04 0.0175 0.025)
(0.045 0.0175 0.025)
(0.05 0.0175 0.025)
(-0.05 0.02 0.025)
(-0.045 0.02 0.025)
(-0.04 0.02 0.025)
(-0.035 0.02 0.025)
(-0.03 0.02 0.025)
(-0.025 0.02 0.025)
(-0.02 0.02 0.025)
(-0.015 0.02 0.025)
(-0.01 0.02 0.025)
(-0.005 0.02 0.025)
(0 0.02 0.025)
(0.005 0.02 0.025)
(0.01 0.02 0.025)
(0.015 0.02 0.025)
(0.02 0.02 0.025)
(0.025 0.02 0.025)
(0.03 0.02 0.025)
(0.035 0.02 0.025)
(0.04 0.02 0.025)
(0.045 0.02 0.025)
(0.05 0.02 0.025)
(-0.05 0.0225 0.025)
(-0.045 0.0225 0.025)
(-0.04 0.0225 0.025)
(-0.035 0.0225 0.025)
(-0.03 0.0225 0.025)
(-0.025 0.0225 0.025)
(-0.02 0.0225 0.025)
(-0.015 0.0225 0.025)
(-0.01 0.0225 0.025)
(-0.005 0.0225 0.025)
(0 0.0225 0.025)
(0.005 0.0225 0.025)
(0.01 0.0225 0.025)
(0.015 0.0225 0.025)
(0.02 0.0225 0.025)
(0.025 0.0225 0.025)
(0.03 0.0225 0.025)
(0.035 0.0225 0.025)
(0.04 0.0225 0.025)
(0.045 0.0225 0.025)
(0.05 0.0225 0.025)
(-0.05 0.025 0.025)
(-0.045 0.025 0.025)
(-0.04 0.025 0.025)
(-0.035 0.025 0.025)
(-0.03 0.025 0.025)
(-0.025 0.025 0.025)
(-0.02 0.025 0.025)
(-0.015 0.025 0.025)
(-0.01 0.025 0.025)
(-0.005 0.025 0.025)
(0 0.025 0.025)
(0.005 0.025 0.025)
(0.01 0.025 0.025)
(0.015 0.025 0.025)
(0.02 0.025 0.025)
(0.025 0.025 0.025)
(0.03 0.025 0.025)
(0.035 0.025 0.025)
(0.04 0.025 0.025)
(0.045 0.025 0.025)
(0.05 0.025 0.025)
(-0.05 0.0275 0.025)
(-0.045 0.0275 0.025)
(-0.04 0.0275 0.025)
(-0.035 0.0275 0.025)
(-0.03 0.0275 0.025)
(-0.025 0.0275 0.025)
(-0.02 0.0275 0.025)
(-0.015 0.0275 0.025)
(-0.01 0.0275 0.025)
(-0.005 0.0275 0.025)
(0 0.0275 0.025)
(0.005 0.0275 0.025)
(0.01 0.0275 0.025)
(0.015 0.0275 0.025)
(0.02 0.0275 0.025)
(0.025 0.0275 0.025)
(0.03 0.0275 0.025)
(0.035 0.0275 0.025)
(0.04 0.0275 0.025)
(0.045 0.0275 0.025)
(0.05 0.0275 0.025)
(-0.05 0.03 0.025)
(-0.045 0.03 0.025)
(-0.04 0.03 0.025)
(-0.035 0.03 0.025)
(-0.03 0.03 0.025)
(-0.025 0.03 0.025)
(-0.02 0.03 0.025)
(-0.015 0.03 0.025)
(-0.01 0.03 0.025)
(-0.005 0.03 0.025)
(0 0.03 0.025)
(0.005 0.03 0.025)
(0.01 0.03 0.025)
(0.015 0.03 0.025)
(0.02 0.03 0.025)
(0.025 0.03 0.025)
(0.03 0.03 0.025)
(0.035 0.03 0.025)
(0.04 0.03 0.025)
(0.045 0.03 0.025)
(0.05 0.03 0.025)
(-0.05 0.0325 0.025)
(-0.045 0.0325 0.025)
(-0.04 0.0325 0.025)
(-0.035 0.0325 0.025)
(-0.03 0.0325 0.025)
(-0.025 0.0325 0.025)
(-0.02 0.0325 0.025)
(-0.015 0.0325 0.025)
(-0.01 0.0325 0.025)
(-0.005 0.0325 0.025)
(0 0.0325 0.025)
(0.005 0.0325 0.025)
(0.01 0.0325 0.025)
(0.015 0.0325 0.025)
(0.02 0.0325 0.025)
(0.025 0.0325 0.025)
(0.03 0.0325 0.025)
(0.035 0.0325 0.025)
(0.04 0.0325 0.025)
(0.045 0.0325 0.025)
(0.05 0.0325 0.025)
(-0.05 0.035 0.025)
(-0.045 0.035 0.025)
(-0.04 0.035 0.025)
(-0.035 0.035 0.025)
(-0.03 0.035 0.025)
(-0.025 0.035 0.025)
(-0.02 0.035 0.025)
(-0.015 0.035 0.025)
(-0.01 0.035 0.025)
(-0.005 0.035 0.025)
(0 0.035 0.025)
(0.005 0.035 0.025)
(0.01 0.035 0.025)
(0.015 0.035 0.025)
(0.02 0.035 0.025)
(0.025 0.035 0.025)
(0.03 0.035 0.025)
(0.035 0.035 0.025)
(0.04 0.035 0.025)
(0.045 0.035 0.025)
(0.05 0.035 0.025)
(-0.05 0.0375 0.025)
(-0.045 0.0375 0.025)
(-0.04 0.0375 0.025)
(-0.035 0.0375 0.025)
(-0.03 0.0375 0.025)
(-0.025 0.0375 0.025)
(-0.02 0.0375 0.025)
(-0.015 0.0375 0.025)
(-0.01 0.0375 0.025)
(-0.005 0.0375 0.025)
(0 0.0375 0.025)
(0.005 0.0375 0.025)
(0.01 0.0375 0.025)
(0.015 0.0375 0.025)
(0.02 0.0375 0.025)
(0.025 0.0375 0.025)
(0.03 0.0375 0.025)
(0.035 0.0375 0.025)
(0.04 0.0375 0.025)
(0.045 0.0375 0.025)
(0.05 0.0375 0.025)
(-0.05 0.04 0.025)
(-0.045 0.04 0.025)
(-0.04 0.04 0.025)
(-0.035 0.04 0.025)
(-0.03 0.04 0.025)
(-0.025 0.04 0.025)
(-0.02 0.04 0.025)
(-0.015 0.04 0.025)
(-0.01 0.04 0.025)
(-0.005 0.04 0.025)
(0 0.04 0.025)
(0.005 0.04 0.025)
(0.01 0.04 0.025)
(0.015 0.04 0.025)
(0.02 0.04 0.025)
(0.025 0.04 0.025)
(0.03 0.04 0.025)
(0.035 0.04 0.025)
(0.04 0.04 0.025)
(0.045 0.04 0.025)
(0.05 0.04 0.025)
(-0.05 0 0.03)
(-0.045 0 0.03)
(-0.04 0 0.03)
(-0.035 0 0.03)
(-0.03 0 0.03)
(-0.025 0 0.03)
(-0.02 0 0.03)
(-0.015 0 0.03)
(-0.01 0 0.03)
(-0.005 0 0.03)
(0 0 0.03)
(0.005 0 0.03)
(0.01 0 0.03)
(0.015 0 0.03)
(0.02 0 0.03)
(0.025 0 0.03)
(0.03 0 0.03)
(0.035 0 0.03)
(0.04 0 0.03)
(0.045 0 0.03)
(0.05 0 0.03)
(-0.05 0.0025 0.03)
(-0.045 0.0025 0.03)
(-0.04 0.0025 0.03)
(-0.035 0.0025 0.03)
(-0.03 0.0025 0.03)
(-0.025 0.0025 0.03)
(-0.02 0.0025 0.03)
(-0.015 0.0025 0.03)
(-0.01 0.0025 0.03)
(-0.005 0.0025 0.03)
(0 0.0025 0.03)
(0.005 0.0025 0.03)
(0.01 0.0025 0.03)
(0.015 0.0025 0.03)
(0.02 0.0025 0.03)
(0.025 0.0025 0.03)
(0.03 0.0025 0.03)
(0.035 0.0025 0.03)
(0.04 0.0025 0.03)
(0.045 0.0025 0.03)
(0.05 0.0025 0.03)
(-0.05 0.005 0.03)
(-0.045 0.005 0.03)
(-0.04 0.005 0.03)
(-0.035 0.005 0.03)
(-0.03 0.005 0.03)
(-0.025 0.005 0.03)
(-0.02 0.005 0.03)
(-0.015 0.005 0.03)
(-0.01 0.005 0.03)
(-0.005 0.005 0.03)
(0 0.005 0.03)
(0.005 0.005 0.03)
(0.01 0.005 0.03)
(0.015 0.005 0.03)
(0.02 0.005 0.03)
(0.025 0.005 0.03)
(0.03 0.005 0.03)
(0.035 0.005 0.03)
(0.04 0.005 0.03)
(0.045 0.005 0.03)
(0.05 0.005 0.03)
(-0.05 0.0075 0.03)
(-0.045 0.0075 0.03)
(-0.04 0.0075 0.03)
(-0.035 0.0075 0.03)
(-0.03 0.0075 0.03)
(-0.025 0.0075 0.03)
(-0.02 0.0075 0.03)
(-0.015 0.0075 0.03)
(-0.01 0.0075 0.03)
(-0.005 0.0075 0.03)
(0 0.0075 0.03)
(0.005 0.0075 0.03)
(0.01 0.0075 0.03)
(0.015 0.0075 0.03)
(0.02 0.0075 0.03)
(0.025 0.0075 0.03)
(0.03 0.0075 0.03)
(0.035 0.0075 0.03)
(0.04 0.0075 0.03)
(0.045 0.0075 0.03)
(0.05 0.0075 0.03)
(-0.05 0.01 0.03)
(-0.045 0.01 0.03)
(-0.04 0.01 0.03)
(-0.035 0.01 0.03)
(-0.03 0.01 0.03)
(-0.025 0.01 0.03)
(-0.02 0.01 0.03)
(-0.015 0.01 0.03)
(-0.01 0.01 0.03)
(-0.005 0.01 0.03)
(0 0.01 0.03)
(0.005 0.01 0.03)
(0.01 0.01 0.03)
(0.015 0.01 0.03)
(0.02 0.01 0.03)
(0.025 0.01 0.03)
(0.03 0.01 0.03)
(0.035 0.01 0.03)
(0.04 0.01 0.03)
(0.045 0.01 0.03)
(0.05 0.01 0.03)
(-0.05 0.0125 0.03)
(-0.045 0.0125 0.03)
(-0.04 0.0125 0.03)
(-0.035 0.0125 0.03)
(-0.03 0.0125 0.03)
(-0.025 0.0125 0.03)
(-0.02 0.0125 0.03)
(-0.015 0.0125 0.03)
(-0.01 0.0125 0.03)
(-0.005 0.0125 0.03)
(0 0.0125 0.03)
(0.005 0.0125 0.03)
(0.01 0.0125 0.03)
(0.015 0.0125 0.03)
(0.02 0.0125 0.03)
(0.025 0.0125 0.03)
(0.03 0.0125 0.03)
(0.035 0.0125 0.03)
(0.04 0.0125 0.03)
(0.045 0.0125 0.03)
(0.05 0.0125 0.03)
(-0.05 0.015 0.03)
(-0.045 0.015 0.03)
(-0.04 0.015 0.03)
(-0.035 0.015 0.03)
(-0.03 0.015 0.03)
(-0.025 0.015 0.03)
(-0.02 0.015 0.03)
(-0.015 0.015 0.03)
(-0.01 0.015 0.03)
(-0.005 0.015 0.03)
(0 0.015 0.03)
(0.005 0.015 0.03)
(0.01 0.015 0.03)
(0.015 0.015 0.03)
(0.02 0.015 0.03)
(0.025 0.015 0.03)
(0.03 0.015 0.03)
(0.035 0.015 0.03)
(0.04 0.015 0.03)
(0.045 0.015 0.03)
(0.05 0.015 0.03)
(-0.05 0.0175 0.03)
(-0.045 0.0175 0.03)
(-0.04 0.0175 0.03)
(-0.035 0.0175 0.03)
(-0.03 0.0175 0.03)
(-0.025 0.0175 0.03)
(-0.02 0.0175 0.03)
(-0.015 0.0175 0.03)
(-0.01 0.0175 0.03)
(-0.005 0.0175 0.03)
(0 0.0175 0.03)
(0.005 0.0175 0.03)
(0.01 0.0175 0.03)
(0.015 0.0175 0.03)
(0.02 0.0175 0.03)
(0.025 0.0175 0.03)
(0.03 0.0175 0.03)
(0.035 0.0175 0.03)
(0.04 0.0175 0.03)
(0.045 0.0175 0.03)
(0.05 0.0175 0.03)
(-0.05 0.02 0.03)
(-0.045 0.02 0.03)
(-0.04 0.02 0.03)
(-0.035 0.02 0.03)
(-0.03 0.02 0.03)
(-0.025 0.02 0.03)
(-0.02 0.02 0.03)
(-0.015 0.02 0.03)
(-0.01 0.02 0.03)
(-0.005 0.02 0.03)
(0 0.02 0.03)
(0.005 0.02 0.03)
(0.01 0.02 0.03)
(0.015 0.02 0.03)
(0.02 0.02 0.03)
(0.025 0.02 0.03)
(0.03 0.02 0.03)
(0.035 0.02 0.03)
(0.04 0.02 0.03)
(0.045 0.02 0.03)
(0.05 0.02 0.03)
(-0.05 0.0225 0.03)
(-0.045 0.0225 0.03)
(-0.04 0.0225 0.03)
(-0.035 0.0225 0.03)
(-0.03 0.0225 0.03)
(-0.025 0.0225 0.03)
(-0.02 0.0225 0.03)
(-0.015 0.0225 0.03)
(-0.01 0.0225 0.03)
(-0.005 0.0225 0.03)
(0 0.0225 0.03)
(0.005 0.0225 0.03)
(0.01 0.0225 0.03)
(0.015 0.0225 0.03)
(0.02 0.0225 0.03)
(0.025 0.0225 0.03)
(0.03 0.0225 0.03)
(0.035 0.0225 0.03)
(0.04 0.0225 0.03)
(0.045 0.0225 0.03)
(0.05 0.0225 0.03)
(-0.05 0.025 0.03)
(-0.045 0.025 0.03)
(-0.04 0.025 0.03)
(-0.035 0.025 0.03)
(-0.03 0.025 0.03)
(-0.025 0.025 0.03)
(-0.02 0.025 0.03)
(-0.015 0.025 0.03)
(-0.01 0.025 0.03)
(-0.005 0.025 0.03)
(0 0.025 0.03)
(0.005 0.025 0.03)
(0.01 0.025 0.03)
(0.015 0.025 0.03)
(0.02 0.025 0.03)
(0.025 0.025 0.03)
(0.03 0.025 0.03)
(0.035 0.025 0.03)
(0.04 0.025 0.03)
(0.045 0.025 0.03)
(0.05 0.025 0.03)
(-0.05 0.0275 0.03)
(-0.045 0.0275 0.03)
(-0.04 0.0275 0.03)
(-0.035 0.0275 0.03)
(-0.03 0.0275 0.03)
(-0.025 0.0275 0.03)
(-0.02 0.0275 0.03)
(-0.015 0.0275 0.03)
(-0.01 0.0275 0.03)
(-0.005 0.0275 0.03)
(0 0.0275 0.03)
(0.005 0.0275 0.03)
(0.01 0.0275 0.03)
(0.015 0.0275 0.03)
(0.02 0.0275 0.03)
(0.025 0.0275 0.03)
(0.03 0.0275 0.03)
(0.035 0.0275 0.03)
(0.04 0.0275 0.03)
(0.045 0.0275 0.03)
(0.05 0.0275 0.03)
(-0.05 0.03 0.03)
(-0.045 0.03 0.03)
(-0.04 0.03 0.03)
(-0.035 0.03 0.03)
(-0.03 0.03 0.03)
(-0.025 0.03 0.03)
(-0.02 0.03 0.03)
(-0.015 0.03 0.03)
(-0.01 0.03 0.03)
(-0.005 0.03 0.03)
(0 0.03 0.03)
(0.005 0.03 0.03)
(0.01 0.03 0.03)
(0.015 0.03 0.03)
(0.02 0.03 0.03)
(0.025 0.03 0.03)
(0.03 0.03 0.03)
(0.035 0.03 0.03)
(0.04 0.03 0.03)
(0.045 0.03 0.03)
(0.05 0.03 0.03)
(-0.05 0.0325 0.03)
(-0.045 0.0325 0.03)
(-0.04 0.0325 0.03)
(-0.035 0.0325 0.03)
(-0.03 0.0325 0.03)
(-0.025 0.0325 0.03)
(-0.02 0.0325 0.03)
(-0.015 0.0325 0.03)
(-0.01 0.0325 0.03)
(-0.005 0.0325 0.03)
(0 0.0325 0.03)
(0.005 0.0325 0.03)
(0.01 0.0325 0.03)
(0.015 0.0325 0.03)
(0.02 0.0325 0.03)
(0.025 0.0325 0.03)
(0.03 0.0325 0.03)
(0.035 0.0325 0.03)
(0.04 0.0325 0.03)
(0.045 0.0325 0.03)
(0.05 0.0325 0.03)
(-0.05 0.035 0.03)
(-0.045 0.035 0.03)
(-0.04 0.035 0.03)
(-0.035 0.035 0.03)
(-0.03 0.035 0.03)
(-0.025 0.035 0.03)
(-0.02 0.035 0.03)
(-0.015 0.035 0.03)
(-0.01 0.035 0.03)
(-0.005 0.035 0.03)
(0 0.035 0.03)
(0.005 0.035 0.03)
(0.01 0.035 0.03)
(0.015 0.035 0.03)
(0.02 0.035 0.03)
(0.025 0.035 0.03)
(0.03 0.035 0.03)
(0.035 0.035 0.03)
(0.04 0.035 0.03)
(0.045 0.035 0.03)
(0.05 0.035 0.03)
(-0.05 0.0375 0.03)
(-0.045 0.0375 0.03)
(-0.04 0.0375 0.03)
(-0.035 0.0375 0.03)
(-0.03 0.0375 0.03)
(-0.025 0.0375 0.03)
(-0.02 0.0375 0.03)
(-0.015 0.0375 0.03)
(-0.01 0.0375 0.03)
(-0.005 0.0375 0.03)
(0 0.0375 0.03)
(0.005 0.0375 0.03)
(0.01 0.0375 0.03)
(0.015 0.0375 0.03)
(0.02 0.0375 0.03)
(0.025 0.0375 0.03)
(0.03 0.0375 0.03)
(0.035 0.0375 0.03)
(0.04 0.0375 0.03)
(0.045 0.0375 0.03)
(0.05 0.0375 0.03)
(-0.05 0.04 0.03)
(-0.045 0.04 0.03)
(-0.04 0.04 0.03)
(-0.035 0.04 0.03)
(-0.03 0.04 0.03)
(-0.025 0.04 0.03)
(-0.02 0.04 0.03)
(-0.015 0.04 0.03)
(-0.01 0.04 0.03)
(-0.005 0.04 0.03)
(0 0.04 0.03)
(0.005 0.04 0.03)
(0.01 0.04 0.03)
(0.015 0.04 0.03)
(0.02 0.04 0.03)
(0.025 0.04 0.03)
(0.03 0.04 0.03)
(0.035 0.04 0.03)
(0.04 0.04 0.03)
(0.045 0.04 0.03)
(0.05 0.04 0.03)
(-0.05 0 0.035)
(-0.045 0 0.035)
(-0.04 0 0.035)
(-0.035 0 0.035)
(-0.03 0 0.035)
(-0.025 0 0.035)
(-0.02 0 0.035)
(-0.015 0 0.035)
(-0.01 0 0.035)
(-0.005 0 0.035)
(0 0 0.035)
(0.005 0 0.035)
(0.01 0 0.035)
(0.015 0 0.035)
(0.02 0 0.035)
(0.025 0 0.035)
(0.03 0 0.035)
(0.035 0 0.035)
(0.04 0 0.035)
(0.045 0 0.035)
(0.05 0 0.035)
(-0.05 0.0025 0.035)
(-0.045 0.0025 0.035)
(-0.04 0.0025 0.035)
(-0.035 0.0025 0.035)
(-0.03 0.0025 0.035)
(-0.025 0.0025 0.035)
(-0.02 0.0025 0.035)
(-0.015 0.0025 0.035)
(-0.01 0.0025 0.035)
(-0.005 0.0025 0.035)
(0 0.0025 0.035)
(0.005 0.0025 0.035)
(0.01 0.0025 0.035)
(0.015 0.0025 0.035)
(0.02 0.0025 0.035)
(0.025 0.0025 0.035)
(0.03 0.0025 0.035)
(0.035 0.0025 0.035)
(0.04 0.0025 0.035)
(0.045 0.0025 0.035)
(0.05 0.0025 0.035)
(-0.05 0.005 0.035)
(-0.045 0.005 0.035)
(-0.04 0.005 0.035)
(-0.035 0.005 0.035)
(-0.03 0.005 0.035)
(-0.025 0.005 0.035)
(-0.02 0.005 0.035)
(-0.015 0.005 0.035)
(-0.01 0.005 0.035)
(-0.005 0.005 0.035)
(0 0.005 0.035)
(0.005 0.005 0.035)
(0.01 0.005 0.035)
(0.015 0.005 0.035)
(0.02 0.005 0.035)
(0.025 0.005 0.035)
(0.03 0.005 0.035)
(0.035 0.005 0.035)
(0.04 0.005 0.035)
(0.045 0.005 0.035)
(0.05 0.005 0.035)
(-0.05 0.0075 0.035)
(-0.045 0.0075 0.035)
(-0.04 0.0075 0.035)
(-0.035 0.0075 0.035)
(-0.03 0.0075 0.035)
(-0.025 0.0075 0.035)
(-0.02 0.0075 0.035)
(-0.015 0.0075 0.035)
(-0.01 0.0075 0.035)
(-0.005 0.0075 0.035)
(0 0.0075 0.035)
(0.005 0.0075 0.035)
(0.01 0.0075 0.035)
(0.015 0.0075 0.035)
(0.02 0.0075 0.035)
(0.025 0.0075 0.035)
(0.03 0.0075 0.035)
(0.035 0.0075 0.035)
(0.04 0.0075 0.035)
(0.045 0.0075 0.035)
(0.05 0.0075 0.035)
(-0.05 0.01 0.035)
(-0.045 0.01 0.035)
(-0.04 0.01 0.035)
(-0.035 0.01 0.035)
(-0.03 0.01 0.035)
(-0.025 0.01 0.035)
(-0.02 0.01 0.035)
(-0.015 0.01 0.035)
(-0.01 0.01 0.035)
(-0.005 0.01 0.035)
(0 0.01 0.035)
(0.005 0.01 0.035)
(0.01 0.01 0.035)
(0.015 0.01 0.035)
(0.02 0.01 0.035)
(0.025 0.01 0.035)
(0.03 0.01 0.035)
(0.035 0.01 0.035)
(0.04 0.01 0.035)
(0.045 0.01 0.035)
(0.05 0.01 0.035)
(-0.05 0.0125 0.035)
(-0.045 0.0125 0.035)
(-0.04 0.0125 0.035)
(-0.035 0.0125 0.035)
(-0.03 0.0125 0.035)
(-0.025 0.0125 0.035)
(-0.02 0.0125 0.035)
(-0.015 0.0125 0.035)
(-0.01 0.0125 0.035)
(-0.005 0.0125 0.035)
(0 0.0125 0.035)
(0.005 0.0125 0.035)
(0.01 0.0125 0.035)
(0.015 0.0125 0.035)
(0.02 0.0125 0.035)
(0.025 0.0125 0.035)
(0.03 0.0125 0.035)
(0.035 0.0125 0.035)
(0.04 0.0125 0.035)
(0.045 0.0125 0.035)
(0.05 0.0125 0.035)
(-0.05 0.015 0.035)
(-0.045 0.015 0.035)
(-0.04 0.015 0.035)
(-0.035 0.015 0.035)
(-0.03 0.015 0.035)
(-0.025 0.015 0.035)
(-0.02 0.015 0.035)
(-0.015 0.015 0.035)
(-0.01 0.015 0.035)
(-0.005 0.015 0.035)
(0 0.015 0.035)
(0.005 0.015 0.035)
(0.01 0.015 0.035)
(0.015 0.015 0.035)
(0.02 0.015 0.035)
(0.025 0.015 0.035)
(0.03 0.015 0.035)
(0.035 0.015 0.035)
(0.04 0.015 0.035)
(0.045 0.015 0.035)
(0.05 0.015 0.035)
(-0.05 0.0175 0.035)
(-0.045 0.0175 0.035)
(-0.04 0.0175 0.035)
(-0.035 0.0175 0.035)
(-0.03 0.0175 0.035)
(-0.025 0.0175 0.035)
(-0.02 0.0175 0.035)
(-0.015 0.0175 0.035)
(-0.01 0.0175 0.035)
(-0.005 0.0175 0.035)
(0 0.0175 0.035)
(0.005 0.0175 0.035)
(0.01 0.0175 0.035)
(0.015 0.0175 0.035)
(0.02 0.0175 0.035)
(0.025 0.0175 0.035)
(0.03 0.0175 0.035)
(0.035 0.0175 0.035)
(0.04 0.0175 0.035)
(0.045 0.0175 0.035)
(0.05 0.0175 0.035)
(-0.05 0.02 0.035)
(-0.045 0.02 0.035)
(-0.04 0.02 0.035)
(-0.035 0.02 0.035)
(-0.03 0.02 0.035)
(-0.025 0.02 0.035)
(-0.02 0.02 0.035)
(-0.015 0.02 0.035)
(-0.01 0.02 0.035)
(-0.005 0.02 0.035)
(0 0.02 0.035)
(0.005 0.02 0.035)
(0.01 0.02 0.035)
(0.015 0.02 0.035)
(0.02 0.02 0.035)
(0.025 0.02 0.035)
(0.03 0.02 0.035)
(0.035 0.02 0.035)
(0.04 0.02 0.035)
(0.045 0.02 0.035)
(0.05 0.02 0.035)
(-0.05 0.0225 0.035)
(-0.045 0.0225 0.035)
(-0.04 0.0225 0.035)
(-0.035 0.0225 0.035)
(-0.03 0.0225 0.035)
(-0.025 0.0225 0.035)
(-0.02 0.0225 0.035)
(-0.015 0.0225 0.035)
(-0.01 0.0225 0.035)
(-0.005 0.0225 0.035)
(0 0.0225 0.035)
(0.005 0.0225 0.035)
(0.01 0.0225 0.035)
(0.015 0.0225 0.035)
(0.02 0.0225 0.035)
(0.025 0.0225 0.035)
(0.03 0.0225 0.035)
(0.035 0.0225 0.035)
(0.04 0.0225 0.035)
(0.045 0.0225 0.035)
(0.05 0.0225 0.035)
(-0.05 0.025 0.035)
(-0.045 0.025 0.035)
(-0.04 0.025 0.035)
(-0.035 0.025 0.035)
(-0.03 0.025 0.035)
(-0.025 0.025 0.035)
(-0.02 0.025 0.035)
(-0.015 0.025 0.035)
(-0.01 0.025 0.035)
(-0.005 0.025 0.035)
(0 0.025 0.035)
(0.005 0.025 0.035)
(0.01 0.025 0.035)
(0.015 0.025 0.035)
(0.02 0.025 0.035)
(0.025 0.025 0.035)
(0.03 0.025 0.035)
(0.035 0.025 0.035)
(0.04 0.025 0.035)
(0.045 0.025 0.035)
(0.05 0.025 0.035)
(-0.05 0.0275 0.035)
(-0.045 0.0275 0.035)
(-0.04 0.0275 0.035)
(-0.035 0.0275 0.035)
(-0.03 0.0275 0.035)
(-0.025 0.0275 0.035)
(-0.02 0.0275 0.035)
(-0.015 0.0275 0.035)
(-0.01 0.0275 0.035)
(-0.005 0.0275 0.035)
(0 0.0275 0.035)
(0.005 0.0275 0.035)
(0.01 0.0275 0.035)
(0.015 0.0275 0.035)
(0.02 0.0275 0.035)
(0.025 0.0275 0.035)
(0.03 0.0275 0.035)
(0.035 0.0275 0.035)
(0.04 0.0275 0.035)
(0.045 0.0275 0.035)
(0.05 0.0275 0.035)
(-0.05 0.03 0.035)
(-0.045 0.03 0.035)
(-0.04 0.03 0.035)
(-0.035 0.03 0.035)
(-0.03 0.03 0.035)
(-0.025 0.03 0.035)
(-0.02 0.03 0.035)
(-0.015 0.03 0.035)
(-0.01 0.03 0.035)
(-0.005 0.03 0.035)
(0 0.03 0.035)
(0.005 0.03 0.035)
(0.01 0.03 0.035)
(0.015 0.03 0.035)
(0.02 0.03 0.035)
(0.025 0.03 0.035)
(0.03 0.03 0.035)
(0.035 0.03 0.035)
(0.04 0.03 0.035)
(0.045 0.03 0.035)
(0.05 0.03 0.035)
(-0.05 0.0325 0.035)
(-0.045 0.0325 0.035)
(-0.04 0.0325 0.035)
(-0.035 0.0325 0.035)
(-0.03 0.0325 0.035)
(-0.025 0.0325 0.035)
(-0.02 0.0325 0.035)
(-0.015 0.0325 0.035)
(-0.01 0.0325 0.035)
(-0.005 0.0325 0.035)
(0 0.0325 0.035)
(0.005 0.0325 0.035)
(0.01 0.0325 0.035)
(0.015 0.0325 0.035)
(0.02 0.0325 0.035)
(0.025 0.0325 0.035)
(0.03 0.0325 0.035)
(0.035 0.0325 0.035)
(0.04 0.0325 0.035)
(0.045 0.0325 0.035)
(0.05 0.0325 0.035)
(-0.05 0.035 0.035)
(-0.045 0.035 0.035)
(-0.04 0.035 0.035)
(-0.035 0.035 0.035)
(-0.03 0.035 0.035)
(-0.025 0.035 0.035)
(-0.02 0.035 0.035)
(-0.015 0.035 0.035)
(-0.01 0.035 0.035)
(-0.005 0.035 0.035)
(0 0.035 0.035)
(0.005 0.035 0.035)
(0.01 0.035 0.035)
(0.015 0.035 0.035)
(0.02 0.035 0.035)
(0.025 0.035 0.035)
(0.03 0.035 0.035)
(0.035 0.035 0.035)
(0.04 0.035 0.035)
(0.045 0.035 0.035)
(0.05 0.035 0.035)
(-0.05 0.0375 0.035)
(-0.045 0.0375 0.035)
(-0.04 0.0375 0.035)
(-0.035 0.0375 0.035)
(-0.03 0.0375 0.035)
(-0.025 0.0375 0.035)
(-0.02 0.0375 0.035)
(-0.015 0.0375 0.035)
(-0.01 0.0375 0.035)
(-0.005 0.0375 0.035)
(0 0.0375 0.035)
(0.005 0.0375 0.035)
(0.01 0.0375 0.035)
(0.015 0.0375 0.035)
(0.02 0.0375 0.035)
(0.025 0.0375 0.035)
(0.03 0.0375 0.035)
(0.035 0.0375 0.035)
(0.04 0.0375 0.035)
(0.045 0.0375 0.035)
(0.05 0.0375 0.035)
(-0.05 0.04 0.035)
(-0.045 0.04 0.035)
(-0.04 0.04 0.035)
(-0.035 0.04 0.035)
(-0.03 0.04 0.035)
(-0.025 0.04 0.035)
(-0.02 0.04 0.035)
(-0.015 0.04 0.035)
(-0.01 0.04 0.035)
(-0.005 0.04 0.035)
(0 0.04 0.035)
(0.005 0.04 0.035)
(0.01 0.04 0.035)
(0.015 0.04 0.035)
(0.02 0.04 0.035)
(0.025 0.04 0.035)
(0.03 0.04 0.035)
(0.035 0.04 0.035)
(0.04 0.04 0.035)
(0.045 0.04 0.035)
(0.05 0.04 0.035)
(-0.05 0 0.04)
(-0.045 0 0.04)
(-0.04 0 0.04)
(-0.035 0 0.04)
(-0.03 0 0.04)
(-0.025 0 0.04)
(-0.02 0 0.04)
(-0.015 0 0.04)
(-0.01 0 0.04)
(-0.005 0 0.04)
(0 0 0.04)
(0.005 0 0.04)
(0.01 0 0.04)
(0.015 0 0.04)
(0.02 0 0.04)
(0.025 0 0.04)
(0.03 0 0.04)
(0.035 0 0.04)
(0.04 0 0.04)
(0.045 0 0.04)
(0.05 0 0.04)
(-0.05 0.0025 0.04)
(-0.045 0.0025 0.04)
(-0.04 0.0025 0.04)
(-0.035 0.0025 0.04)
(-0.03 0.0025 0.04)
(-0.025 0.0025 0.04)
(-0.02 0.0025 0.04)
(-0.015 0.0025 0.04)
(-0.01 0.0025 0.04)
(-0.005 0.0025 0.04)
(0 0.0025 0.04)
(0.005 0.0025 0.04)
(0.01 0.0025 0.04)
(0.015 0.0025 0.04)
(0.02 0.0025 0.04)
(0.025 0.0025 0.04)
(0.03 0.0025 0.04)
(0.035 0.0025 0.04)
(0.04 0.0025 0.04)
(0.045 0.0025 0.04)
(0.05 0.0025 0.04)
(-0.05 0.005 0.04)
(-0.045 0.005 0.04)
(-0.04 0.005 0.04)
(-0.035 0.005 0.04)
(-0.03 0.005 0.04)
(-0.025 0.005 0.04)
(-0.02 0.005 0.04)
(-0.015 0.005 0.04)
(-0.01 0.005 0.04)
(-0.005 0.005 0.04)
(0 0.005 0.04)
(0.005 0.005 0.04)
(0.01 0.005 0.04)
(0.015 0.005 0.04)
(0.02 0.005 0.04)
(0.025 0.005 0.04)
(0.03 0.005 0.04)
(0.035 0.005 0.04)
(0.04 0.005 0.04)
(0.045 0.005 0.04)
(0.05 0.005 0.04)
(-0.05 0.0075 0.04)
(-0.045 0.0075 0.04)
(-0.04 0.0075 0.04)
(-0.035 0.0075 0.04)
(-0.03 0.0075 0.04)
(-0.025 0.0075 0.04)
(-0.02 0.0075 0.04)
(-0.015 0.0075 0.04)
(-0.01 0.0075 0.04)
(-0.005 0.0075 0.04)
(0 0.0075 0.04)
(0.005 0.0075 0.04)
(0.01 0.0075 0.04)
(0.015 0.0075 0.04)
(0.02 0.0075 0.04)
(0.025 0.0075 0.04)
(0.03 0.0075 0.04)
(0.035 0.0075 0.04)
(0.04 0.0075 0.04)
(0.045 0.0075 0.04)
(0.05 0.0075 0.04)
(-0.05 0.01 0.04)
(-0.045 0.01 0.04)
(-0.04 0.01 0.04)
(-0.035 0.01 0.04)
(-0.03 0.01 0.04)
(-0.025 0.01 0.04)
(-0.02 0.01 0.04)
(-0.015 0.01 0.04)
(-0.01 0.01 0.04)
(-0.005 0.01 0.04)
(0 0.01 0.04)
(0.005 0.01 0.04)
(0.01 0.01 0.04)
(0.015 0.01 0.04)
(0.02 0.01 0.04)
(0.025 0.01 0.04)
(0.03 0.01 0.04)
(0.035 0.01 0.04)
(0.04 0.01 0.04)
(0.045 0.01 0.04)
(0.05 0.01 0.04)
(-0.05 0.0125 0.04)
(-0.045 0.0125 0.04)
(-0.04 0.0125 0.04)
(-0.035 0.0125 0.04)
(-0.03 0.0125 0.04)
(-0.025 0.0125 0.04)
(-0.02 0.0125 0.04)
(-0.015 0.0125 0.04)
(-0.01 0.0125 0.04)
(-0.005 0.0125 0.04)
(0 0.0125 0.04)
(0.005 0.0125 0.04)
(0.01 0.0125 0.04)
(0.015 0.0125 0.04)
(0.02 0.0125 0.04)
(0.025 0.0125 0.04)
(0.03 0.0125 0.04)
(0.035 0.0125 0.04)
(0.04 0.0125 0.04)
(0.045 0.0125 0.04)
(0.05 0.0125 0.04)
(-0.05 0.015 0.04)
(-0.045 0.015 0.04)
(-0.04 0.015 0.04)
(-0.035 0.015 0.04)
(-0.03 0.015 0.04)
(-0.025 0.015 0.04)
(-0.02 0.015 0.04)
(-0.015 0.015 0.04)
(-0.01 0.015 0.04)
(-0.005 0.015 0.04)
(0 0.015 0.04)
(0.005 0.015 0.04)
(0.01 0.015 0.04)
(0.015 0.015 0.04)
(0.02 0.015 0.04)
(0.025 0.015 0.04)
(0.03 0.015 0.04)
(0.035 0.015 0.04)
(0.04 0.015 0.04)
(0.045 0.015 0.04)
(0.05 0.015 0.04)
(-0.05 0.0175 0.04)
(-0.045 0.0175 0.04)
(-0.04 0.0175 0.04)
(-0.035 0.0175 0.04)
(-0.03 0.0175 0.04)
(-0.025 0.0175 0.04)
(-0.02 0.0175 0.04)
(-0.015 0.0175 0.04)
(-0.01 0.0175 0.04)
(-0.005 0.0175 0.04)
(0 0.0175 0.04)
(0.005 0.0175 0.04)
(0.01 0.0175 0.04)
(0.015 0.0175 0.04)
(0.02 0.0175 0.04)
(0.025 0.0175 0.04)
(0.03 0.0175 0.04)
(0.035 0.0175 0.04)
(0.04 0.0175 0.04)
(0.045 0.0175 0.04)
(0.05 0.0175 0.04)
(-0.05 0.02 0.04)
(-0.045 0.02 0.04)
(-0.04 0.02 0.04)
(-0.035 0.02 0.04)
(-0.03 0.02 0.04)
(-0.025 0.02 0.04)
(-0.02 0.02 0.04)
(-0.015 0.02 0.04)
(-0.01 0.02 0.04)
(-0.005 0.02 0.04)
(0 0.02 0.04)
(0.005 0.02 0.04)
(0.01 0.02 0.04)
(0.015 0.02 0.04)
(0.02 0.02 0.04)
(0.025 0.02 0.04)
(0.03 0.02 0.04)
(0.035 0.02 0.04)
(0.04 0.02 0.04)
(0.045 0.02 0.04)
(0.05 0.02 0.04)
(-0.05 0.0225 0.04)
(-0.045 0.0225 0.04)
(-0.04 0.0225 0.04)
(-0.035 0.0225 0.04)
(-0.03 0.0225 0.04)
(-0.025 0.0225 0.04)
(-0.02 0.0225 0.04)
(-0.015 0.0225 0.04)
(-0.01 0.0225 0.04)
(-0.005 0.0225 0.04)
(0 0.0225 0.04)
(0.005 0.0225 0.04)
(0.01 0.0225 0.04)
(0.015 0.0225 0.04)
(0.02 0.0225 0.04)
(0.025 0.0225 0.04)
(0.03 0.0225 0.04)
(0.035 0.0225 0.04)
(0.04 0.0225 0.04)
(0.045 0.0225 0.04)
(0.05 0.0225 0.04)
(-0.05 0.025 0.04)
(-0.045 0.025 0.04)
(-0.04 0.025 0.04)
(-0.035 0.025 0.04)
(-0.03 0.025 0.04)
(-0.025 0.025 0.04)
(-0.02 0.025 0.04)
(-0.015 0.025 0.04)
(-0.01 0.025 0.04)
(-0.005 0.025 0.04)
(0 0.025 0.04)
(0.005 0.025 0.04)
(0.01 0.025 0.04)
(0.015 0.025 0.04)
(0.02 0.025 0.04)
(0.025 0.025 0.04)
(0.03 0.025 0.04)
(0.035 0.025 0.04)
(0.04 0.025 0.04)
(0.045 0.025 0.04)
(0.05 0.025 0.04)
(-0.05 0.0275 0.04)
(-0.045 0.0275 0.04)
(-0.04 0.0275 0.04)
(-0.035 0.0275 0.04)
(-0.03 0.0275 0.04)
(-0.025 0.0275 0.04)
(-0.02 0.0275 0.04)
(-0.015 0.0275 0.04)
(-0.01 0.0275 0.04)
(-0.005 0.0275 0.04)
(0 0.0275 0.04)
(0.005 0.0275 0.04)
(0.01 0.0275 0.04)
(0.015 0.0275 0.04)
(0.02 0.0275 0.04)
(0.025 0.0275 0.04)
(0.03 0.0275 0.04)
(0.035 0.0275 0.04)
(0.04 0.0275 0.04)
(0.045 0.0275 0.04)
(0.05 0.0275 0.04)
(-0.05 0.03 0.04)
(-0.045 0.03 0.04)
(-0.04 0.03 0.04)
(-0.035 0.03 0.04)
(-0.03 0.03 0.04)
(-0.025 0.03 0.04)
(-0.02 0.03 0.04)
(-0.015 0.03 0.04)
(-0.01 0.03 0.04)
(-0.005 0.03 0.04)
(0 0.03 0.04)
(0.005 0.03 0.04)
(0.01 0.03 0.04)
(0.015 0.03 0.04)
(0.02 0.03 0.04)
(0.025 0.03 0.04)
(0.03 0.03 0.04)
(0.035 0.03 0.04)
(0.04 0.03 0.04)
(0.045 0.03 0.04)
(0.05 0.03 0.04)
(-0.05 0.0325 0.04)
(-0.045 0.0325 0.04)
(-0.04 0.0325 0.04)
(-0.035 0.0325 0.04)
(-0.03 0.0325 0.04)
(-0.025 0.0325 0.04)
(-0.02 0.0325 0.04)
(-0.015 0.0325 0.04)
(-0.01 0.0325 0.04)
(-0.005 0.0325 0.04)
(0 0.0325 0.04)
(0.005 0.0325 0.04)
(0.01 0.0325 0.04)
(0.015 0.0325 0.04)
(0.02 0.0325 0.04)
(0.025 0.0325 0.04)
(0.03 0.0325 0.04)
(0.035 0.0325 0.04)
(0.04 0.0325 0.04)
(0.045 0.0325 0.04)
(0.05 0.0325 0.04)
(-0.05 0.035 0.04)
(-0.045 0.035 0.04)
(-0.04 0.035 0.04)
(-0.035 0.035 0.04)
(-0.03 0.035 0.04)
(-0.025 0.035 0.04)
(-0.02 0.035 0.04)
(-0.015 0.035 0.04)
(-0.01 0.035 0.04)
(-0.005 0.035 0.04)
(0 0.035 0.04)
(0.005 0.035 0.04)
(0.01 0.035 0.04)
(0.015 0.035 0.04)
(0.02 0.035 0.04)
(0.025 0.035 0.04)
(0.03 0.035 0.04)
(0.035 0.035 0.04)
(0.04 0.035 0.04)
(0.045 0.035 0.04)
(0.05 0.035 0.04)
(-0.05 0.0375 0.04)
(-0.045 0.0375 0.04)
(-0.04 0.0375 0.04)
(-0.035 0.0375 0.04)
(-0.03 0.0375 0.04)
(-0.025 0.0375 0.04)
(-0.02 0.0375 0.04)
(-0.015 0.0375 0.04)
(-0.01 0.0375 0.04)
(-0.005 0.0375 0.04)
(0 0.0375 0.04)
(0.005 0.0375 0.04)
(0.01 0.0375 0.04)
(0.015 0.0375 0.04)
(0.02 0.0375 0.04)
(0.025 0.0375 0.04)
(0.03 0.0375 0.04)
(0.035 0.0375 0.04)
(0.04 0.0375 0.04)
(0.045 0.0375 0.04)
(0.05 0.0375 0.04)
(-0.05 0.04 0.04)
(-0.045 0.04 0.04)
(-0.04 0.04 0.04)
(-0.035 0.04 0.04)
(-0.03 0.04 0.04)
(-0.025 0.04 0.04)
(-0.02 0.04 0.04)
(-0.015 0.04 0.04)
(-0.01 0.04 0.04)
(-0.005 0.04 0.04)
(0 0.04 0.04)
(0.005 0.04 0.04)
(0.01 0.04 0.04)
(0.015 0.04 0.04)
(0.02 0.04 0.04)
(0.025 0.04 0.04)
(0.03 0.04 0.04)
(0.035 0.04 0.04)
(0.04 0.04 0.04)
(0.045 0.04 0.04)
(0.05 0.04 0.04)
(-0.05 0 0.045)
(-0.045 0 0.045)
(-0.04 0 0.045)
(-0.035 0 0.045)
(-0.03 0 0.045)
(-0.025 0 0.045)
(-0.02 0 0.045)
(-0.015 0 0.045)
(-0.01 0 0.045)
(-0.005 0 0.045)
(0 0 0.045)
(0.005 0 0.045)
(0.01 0 0.045)
(0.015 0 0.045)
(0.02 0 0.045)
(0.025 0 0.045)
(0.03 0 0.045)
(0.035 0 0.045)
(0.04 0 0.045)
(0.045 0 0.045)
(0.05 0 0.045)
(-0.05 0.0025 0.045)
(-0.045 0.0025 0.045)
(-0.04 0.0025 0.045)
(-0.035 0.0025 0.045)
(-0.03 0.0025 0.045)
(-0.025 0.0025 0.045)
(-0.02 0.0025 0.045)
(-0.015 0.0025 0.045)
(-0.01 0.0025 0.045)
(-0.005 0.0025 0.045)
(0 0.0025 0.045)
(0.005 0.0025 0.045)
(0.01 0.0025 0.045)
(0.015 0.0025 0.045)
(0.02 0.0025 0.045)
(0.025 0.0025 0.045)
(0.03 0.0025 0.045)
(0.035 0.0025 0.045)
(0.04 0.0025 0.045)
(0.045 0.0025 0.045)
(0.05 0.0025 0.045)
(-0.05 0.005 0.045)
(-0.045 0.005 0.045)
(-0.04 0.005 0.045)
(-0.035 0.005 0.045)
(-0.03 0.005 0.045)
(-0.025 0.005 0.045)
(-0.02 0.005 0.045)
(-0.015 0.005 0.045)
(-0.01 0.005 0.045)
(-0.005 0.005 0.045)
(0 0.005 0.045)
(0.005 0.005 0.045)
(0.01 0.005 0.045)
(0.015 0.005 0.045)
(0.02 0.005 0.045)
(0.025 0.005 0.045)
(0.03 0.005 0.045)
(0.035 0.005 0.045)
(0.04 0.005 0.045)
(0.045 0.005 0.045)
(0.05 0.005 0.045)
(-0.05 0.0075 0.045)
(-0.045 0.0075 0.045)
(-0.04 0.0075 0.045)
(-0.035 0.0075 0.045)
(-0.03 0.0075 0.045)
(-0.025 0.0075 0.045)
(-0.02 0.0075 0.045)
(-0.015 0.0075 0.045)
(-0.01 0.0075 0.045)
(-0.005 0.0075 0.045)
(0 0.0075 0.045)
(0.005 0.0075 0.045)
(0.01 0.0075 0.045)
(0.015 0.0075 0.045)
(0.02 0.0075 0.045)
(0.025 0.0075 0.045)
(0.03 0.0075 0.045)
(0.035 0.0075 0.045)
(0.04 0.0075 0.045)
(0.045 0.0075 0.045)
(0.05 0.0075 0.045)
(-0.05 0.01 0.045)
(-0.045 0.01 0.045)
(-0.04 0.01 0.045)
(-0.035 0.01 0.045)
(-0.03 0.01 0.045)
(-0.025 0.01 0.045)
(-0.02 0.01 0.045)
(-0.015 0.01 0.045)
(-0.01 0.01 0.045)
(-0.005 0.01 0.045)
(0 0.01 0.045)
(0.005 0.01 0.045)
(0.01 0.01 0.045)
(0.015 0.01 0.045)
(0.02 0.01 0.045)
(0.025 0.01 0.045)
(0.03 0.01 0.045)
(0.035 0.01 0.045)
(0.04 0.01 0.045)
(0.045 0.01 0.045)
(0.05 0.01 0.045)
(-0.05 0.0125 0.045)
(-0.045 0.0125 0.045)
(-0.04 0.0125 0.045)
(-0.035 0.0125 0.045)
(-0.03 0.0125 0.045)
(-0.025 0.0125 0.045)
(-0.02 0.0125 0.045)
(-0.015 0.0125 0.045)
(-0.01 0.0125 0.045)
(-0.005 0.0125 0.045)
(0 0.0125 0.045)
(0.005 0.0125 0.045)
(0.01 0.0125 0.045)
(0.015 0.0125 0.045)
(0.02 0.0125 0.045)
(0.025 0.0125 0.045)
(0.03 0.0125 0.045)
(0.035 0.0125 0.045)
(0.04 0.0125 0.045)
(0.045 0.0125 0.045)
(0.05 0.0125 0.045)
(-0.05 0.015 0.045)
(-0.045 0.015 0.045)
(-0.04 0.015 0.045)
(-0.035 0.015 0.045)
(-0.03 0.015 0.045)
(-0.025 0.015 0.045)
(-0.02 0.015 0.045)
(-0.015 0.015 0.045)
(-0.01 0.015 0.045)
(-0.005 0.015 0.045)
(0 0.015 0.045)
(0.005 0.015 0.045)
(0.01 0.015 0.045)
(0.015 0.015 0.045)
(0.02 0.015 0.045)
(0.025 0.015 0.045)
(0.03 0.015 0.045)
(0.035 0.015 0.045)
(0.04 0.015 0.045)
(0.045 0.015 0.045)
(0.05 0.015 0.045)
(-0.05 0.0175 0.045)
(-0.045 0.0175 0.045)
(-0.04 0.0175 0.045)
(-0.035 0.0175 0.045)
(-0.03 0.0175 0.045)
(-0.025 0.0175 0.045)
(-0.02 0.0175 0.045)
(-0.015 0.0175 0.045)
(-0.01 0.0175 0.045)
(-0.005 0.0175 0.045)
(0 0.0175 0.045)
(0.005 0.0175 0.045)
(0.01 0.0175 0.045)
(0.015 0.0175 0.045)
(0.02 0.0175 0.045)
(0.025 0.0175 0.045)
(0.03 0.0175 0.045)
(0.035 0.0175 0.045)
(0.04 0.0175 0.045)
(0.045 0.0175 0.045)
(0.05 0.0175 0.045)
(-0.05 0.02 0.045)
(-0.045 0.02 0.045)
(-0.04 0.02 0.045)
(-0.035 0.02 0.045)
(-0.03 0.02 0.045)
(-0.025 0.02 0.045)
(-0.02 0.02 0.045)
(-0.015 0.02 0.045)
(-0.01 0.02 0.045)
(-0.005 0.02 0.045)
(0 0.02 0.045)
(0.005 0.02 0.045)
(0.01 0.02 0.045)
(0.015 0.02 0.045)
(0.02 0.02 0.045)
(0.025 0.02 0.045)
(0.03 0.02 0.045)
(0.035 0.02 0.045)
(0.04 0.02 0.045)
(0.045 0.02 0.045)
(0.05 0.02 0.045)
(-0.05 0.0225 0.045)
(-0.045 0.0225 0.045)
(-0.04 0.0225 0.045)
(-0.035 0.0225 0.045)
(-0.03 0.0225 0.045)
(-0.025 0.0225 0.045)
(-0.02 0.0225 0.045)
(-0.015 0.0225 0.045)
(-0.01 0.0225 0.045)
(-0.005 0.0225 0.045)
(0 0.0225 0.045)
(0.005 0.0225 0.045)
(0.01 0.0225 0.045)
(0.015 0.0225 0.045)
(0.02 0.0225 0.045)
(0.025 0.0225 0.045)
(0.03 0.0225 0.045)
(0.035 0.0225 0.045)
(0.04 0.0225 0.045)
(0.045 0.0225 0.045)
(0.05 0.0225 0.045)
(-0.05 0.025 0.045)
(-0.045 0.025 0.045)
(-0.04 0.025 0.045)
(-0.035 0.025 0.045)
(-0.03 0.025 0.045)
(-0.025 0.025 0.045)
(-0.02 0.025 0.045)
(-0.015 0.025 0.045)
(-0.01 0.025 0.045)
(-0.005 0.025 0.045)
(0 0.025 0.045)
(0.005 0.025 0.045)
(0.01 0.025 0.045)
(0.015 0.025 0.045)
(0.02 0.025 0.045)
(0.025 0.025 0.045)
(0.03 0.025 0.045)
(0.035 0.025 0.045)
(0.04 0.025 0.045)
(0.045 0.025 0.045)
(0.05 0.025 0.045)
(-0.05 0.0275 0.045)
(-0.045 0.0275 0.045)
(-0.04 0.0275 0.045)
(-0.035 0.0275 0.045)
(-0.03 0.0275 0.045)
(-0.025 0.0275 0.045)
(-0.02 0.0275 0.045)
(-0.015 0.0275 0.045)
(-0.01 0.0275 0.045)
(-0.005 0.0275 0.045)
(0 0.0275 0.045)
(0.005 0.0275 0.045)
(0.01 0.0275 0.045)
(0.015 0.0275 0.045)
(0.02 0.0275 0.045)
(0.025 0.0275 0.045)
(0.03 0.0275 0.045)
(0.035 0.0275 0.045)
(0.04 0.0275 0.045)
(0.045 0.0275 0.045)
(0.05 0.0275 0.045)
(-0.05 0.03 0.045)
(-0.045 0.03 0.045)
(-0.04 0.03 0.045)
(-0.035 0.03 0.045)
(-0.03 0.03 0.045)
(-0.025 0.03 0.045)
(-0.02 0.03 0.045)
(-0.015 0.03 0.045)
(-0.01 0.03 0.045)
(-0.005 0.03 0.045)
(0 0.03 0.045)
(0.005 0.03 0.045)
(0.01 0.03 0.045)
(0.015 0.03 0.045)
(0.02 0.03 0.045)
(0.025 0.03 0.045)
(0.03 0.03 0.045)
(0.035 0.03 0.045)
(0.04 0.03 0.045)
(0.045 0.03 0.045)
(0.05 0.03 0.045)
(-0.05 0.0325 0.045)
(-0.045 0.0325 0.045)
(-0.04 0.0325 0.045)
(-0.035 0.0325 0.045)
(-0.03 0.0325 0.045)
(-0.025 0.0325 0.045)
(-0.02 0.0325 0.045)
(-0.015 0.0325 0.045)
(-0.01 0.0325 0.045)
(-0.005 0.0325 0.045)
(0 0.0325 0.045)
(0.005 0.0325 0.045)
(0.01 0.0325 0.045)
(0.015 0.0325 0.045)
(0.02 0.0325 0.045)
(0.025 0.0325 0.045)
(0.03 0.0325 0.045)
(0.035 0.0325 0.045)
(0.04 0.0325 0.045)
(0.045 0.0325 0.045)
(0.05 0.0325 0.045)
(-0.05 0.035 0.045)
(-0.045 0.035 0.045)
(-0.04 0.035 0.045)
(-0.035 0.035 0.045)
(-0.03 0.035 0.045)
(-0.025 0.035 0.045)
(-0.02 0.035 0.045)
(-0.015 0.035 0.045)
(-0.01 0.035 0.045)
(-0.005 0.035 0.045)
(0 0.035 0.045)
(0.005 0.035 0.045)
(0.01 0.035 0.045)
(0.015 0.035 0.045)
(0.02 0.035 0.045)
(0.025 0.035 0.045)
(0.03 0.035 0.045)
(0.035 0.035 0.045)
(0.04 0.035 0.045)
(0.045 0.035 0.045)
(0.05 0.035 0.045)
(-0.05 0.0375 0.045)
(-0.045 0.0375 0.045)
(-0.04 0.0375 0.045)
(-0.035 0.0375 0.045)
(-0.03 0.0375 0.045)
(-0.025 0.0375 0.045)
(-0.02 0.0375 0.045)
(-0.015 0.0375 0.045)
(-0.01 0.0375 0.045)
(-0.005 0.0375 0.045)
(0 0.0375 0.045)
(0.005 0.0375 0.045)
(0.01 0.0375 0.045)
(0.015 0.0375 0.045)
(0.02 0.0375 0.045)
(0.025 0.0375 0.045)
(0.03 0.0375 0.045)
(0.035 0.0375 0.045)
(0.04 0.0375 0.045)
(0.045 0.0375 0.045)
(0.05 0.0375 0.045)
(-0.05 0.04 0.045)
(-0.045 0.04 0.045)
(-0.04 0.04 0.045)
(-0.035 0.04 0.045)
(-0.03 0.04 0.045)
(-0.025 0.04 0.045)
(-0.02 0.04 0.045)
(-0.015 0.04 0.045)
(-0.01 0.04 0.045)
(-0.005 0.04 0.045)
(0 0.04 0.045)
(0.005 0.04 0.045)
(0.01 0.04 0.045)
(0.015 0.04 0.045)
(0.02 0.04 0.045)
(0.025 0.04 0.045)
(0.03 0.04 0.045)
(0.035 0.04 0.045)
(0.04 0.04 0.045)
(0.045 0.04 0.045)
(0.05 0.04 0.045)
(-0.05 0 0.05)
(-0.045 0 0.05)
(-0.04 0 0.05)
(-0.035 0 0.05)
(-0.03 0 0.05)
(-0.025 0 0.05)
(-0.02 0 0.05)
(-0.015 0 0.05)
(-0.01 0 0.05)
(-0.005 0 0.05)
(0 0 0.05)
(0.005 0 0.05)
(0.01 0 0.05)
(0.015 0 0.05)
(0.02 0 0.05)
(0.025 0 0.05)
(0.03 0 0.05)
(0.035 0 0.05)
(0.04 0 0.05)
(0.045 0 0.05)
(0.05 0 0.05)
(-0.05 0.0025 0.05)
(-0.045 0.0025 0.05)
(-0.04 0.0025 0.05)
(-0.035 0.0025 0.05)
(-0.03 0.0025 0.05)
(-0.025 0.0025 0.05)
(-0.02 0.0025 0.05)
(-0.015 0.0025 0.05)
(-0.01 0.0025 0.05)
(-0.005 0.0025 0.05)
(0 0.0025 0.05)
(0.005 0.0025 0.05)
(0.01 0.0025 0.05)
(0.015 0.0025 0.05)
(0.02 0.0025 0.05)
(0.025 0.0025 0.05)
(0.03 0.0025 0.05)
(0.035 0.0025 0.05)
(0.04 0.0025 0.05)
(0.045 0.0025 0.05)
(0.05 0.0025 0.05)
(-0.05 0.005 0.05)
(-0.045 0.005 0.05)
(-0.04 0.005 0.05)
(-0.035 0.005 0.05)
(-0.03 0.005 0.05)
(-0.025 0.005 0.05)
(-0.02 0.005 0.05)
(-0.015 0.005 0.05)
(-0.01 0.005 0.05)
(-0.005 0.005 0.05)
(0 0.005 0.05)
(0.005 0.005 0.05)
(0.01 0.005 0.05)
(0.015 0.005 0.05)
(0.02 0.005 0.05)
(0.025 0.005 0.05)
(0.03 0.005 0.05)
(0.035 0.005 0.05)
(0.04 0.005 0.05)
(0.045 0.005 0.05)
(0.05 0.005 0.05)
(-0.05 0.0075 0.05)
(-0.045 0.0075 0.05)
(-0.04 0.0075 0.05)
(-0.035 0.0075 0.05)
(-0.03 0.0075 0.05)
(-0.025 0.0075 0.05)
(-0.02 0.0075 0.05)
(-0.015 0.0075 0.05)
(-0.01 0.0075 0.05)
(-0.005 0.0075 0.05)
(0 0.0075 0.05)
(0.005 0.0075 0.05)
(0.01 0.0075 0.05)
(0.015 0.0075 0.05)
(0.02 0.0075 0.05)
(0.025 0.0075 0.05)
(0.03 0.0075 0.05)
(0.035 0.0075 0.05)
(0.04 0.0075 0.05)
(0.045 0.0075 0.05)
(0.05 0.0075 0.05)
(-0.05 0.01 0.05)
(-0.045 0.01 0.05)
(-0.04 0.01 0.05)
(-0.035 0.01 0.05)
(-0.03 0.01 0.05)
(-0.025 0.01 0.05)
(-0.02 0.01 0.05)
(-0.015 0.01 0.05)
(-0.01 0.01 0.05)
(-0.005 0.01 0.05)
(0 0.01 0.05)
(0.005 0.01 0.05)
(0.01 0.01 0.05)
(0.015 0.01 0.05)
(0.02 0.01 0.05)
(0.025 0.01 0.05)
(0.03 0.01 0.05)
(0.035 0.01 0.05)
(0.04 0.01 0.05)
(0.045 0.01 0.05)
(0.05 0.01 0.05)
(-0.05 0.0125 0.05)
(-0.045 0.0125 0.05)
(-0.04 0.0125 0.05)
(-0.035 0.0125 0.05)
(-0.03 0.0125 0.05)
(-0.025 0.0125 0.05)
(-0.02 0.0125 0.05)
(-0.015 0.0125 0.05)
(-0.01 0.0125 0.05)
(-0.005 0.0125 0.05)
(0 0.0125 0.05)
(0.005 0.0125 0.05)
(0.01 0.0125 0.05)
(0.015 0.0125 0.05)
(0.02 0.0125 0.05)
(0.025 0.0125 0.05)
(0.03 0.0125 0.05)
(0.035 0.0125 0.05)
(0.04 0.0125 0.05)
(0.045 0.0125 0.05)
(0.05 0.0125 0.05)
(-0.05 0.015 0.05)
(-0.045 0.015 0.05)
(-0.04 0.015 0.05)
(-0.035 0.015 0.05)
(-0.03 0.015 0.05)
(-0.025 0.015 0.05)
(-0.02 0.015 0.05)
(-0.015 0.015 0.05)
(-0.01 0.015 0.05)
(-0.005 0.015 0.05)
(0 0.015 0.05)
(0.005 0.015 0.05)
(0.01 0.015 0.05)
(0.015 0.015 0.05)
(0.02 0.015 0.05)
(0.025 0.015 0.05)
(0.03 0.015 0.05)
(0.035 0.015 0.05)
(0.04 0.015 0.05)
(0.045 0.015 0.05)
(0.05 0.015 0.05)
(-0.05 0.0175 0.05)
(-0.045 0.0175 0.05)
(-0.04 0.0175 0.05)
(-0.035 0.0175 0.05)
(-0.03 0.0175 0.05)
(-0.025 0.0175 0.05)
(-0.02 0.0175 0.05)
(-0.015 0.0175 0.05)
(-0.01 0.0175 0.05)
(-0.005 0.0175 0.05)
(0 0.0175 0.05)
(0.005 0.0175 0.05)
(0.01 0.0175 0.05)
(0.015 0.0175 0.05)
(0.02 0.0175 0.05)
(0.025 0.0175 0.05)
(0.03 0.0175 0.05)
(0.035 0.0175 0.05)
(0.04 0.0175 0.05)
(0.045 0.0175 0.05)
(0.05 0.0175 0.05)
(-0.05 0.02 0.05)
(-0.045 0.02 0.05)
(-0.04 0.02 0.05)
(-0.035 0.02 0.05)
(-0.03 0.02 0.05)
(-0.025 0.02 0.05)
(-0.02 0.02 0.05)
(-0.015 0.02 0.05)
(-0.01 0.02 0.05)
(-0.005 0.02 0.05)
(0 0.02 0.05)
(0.005 0.02 0.05)
(0.01 0.02 0.05)
(0.015 0.02 0.05)
(0.02 0.02 0.05)
(0.025 0.02 0.05)
(0.03 0.02 0.05)
(0.035 0.02 0.05)
(0.04 0.02 0.05)
(0.045 0.02 0.05)
(0.05 0.02 0.05)
(-0.05 0.0225 0.05)
(-0.045 0.0225 0.05)
(-0.04 0.0225 0.05)
(-0.035 0.0225 0.05)
(-0.03 0.0225 0.05)
(-0.025 0.0225 0.05)
(-0.02 0.0225 0.05)
(-0.015 0.0225 0.05)
(-0.01 0.0225 0.05)
(-0.005 0.0225 0.05)
(0 0.0225 0.05)
(0.005 0.0225 0.05)
(0.01 0.0225 0.05)
(0.015 0.0225 0.05)
(0.02 0.0225 0.05)
(0.025 0.0225 0.05)
(0.03 0.0225 0.05)
(0.035 0.0225 0.05)
(0.04 0.0225 0.05)
(0.045 0.0225 0.05)
(0.05 0.0225 0.05)
(-0.05 0.025 0.05)
(-0.045 0.025 0.05)
(-0.04 0.025 0.05)
(-0.035 0.025 0.05)
(-0.03 0.025 0.05)
(-0.025 0.025 0.05)
(-0.02 0.025 0.05)
(-0.015 0.025 0.05)
(-0.01 0.025 0.05)
(-0.005 0.025 0.05)
(0 0.025 0.05)
(0.005 0.025 0.05)
(0.01 0.025 0.05)
(0.015 0.025 0.05)
(0.02 0.025 0.05)
(0.025 0.025 0.05)
(0.03 0.025 0.05)
(0.035 0.025 0.05)
(0.04 0.025 0.05)
(0.045 0.025 0.05)
(0.05 0.025 0.05)
(-0.05 0.0275 0.05)
(-0.045 0.0275 0.05)
(-0.04 0.0275 0.05)
(-0.035 0.0275 0.05)
(-0.03 0.0275 0.05)
(-0.025 0.0275 0.05)
(-0.02 0.0275 0.05)
(-0.015 0.0275 0.05)
(-0.01 0.0275 0.05)
(-0.005 0.0275 0.05)
(0 0.0275 0.05)
(0.005 0.0275 0.05)
(0.01 0.0275 0.05)
(0.015 0.0275 0.05)
(0.02 0.0275 0.05)
(0.025 0.0275 0.05)
(0.03 0.0275 0.05)
(0.035 0.0275 0.05)
(0.04 0.0275 0.05)
(0.045 0.0275 0.05)
(0.05 0.0275 0.05)
(-0.05 0.03 0.05)
(-0.045 0.03 0.05)
(-0.04 0.03 0.05)
(-0.035 0.03 0.05)
(-0.03 0.03 0.05)
(-0.025 0.03 0.05)
(-0.02 0.03 0.05)
(-0.015 0.03 0.05)
(-0.01 0.03 0.05)
(-0.005 0.03 0.05)
(0 0.03 0.05)
(0.005 0.03 0.05)
(0.01 0.03 0.05)
(0.015 0.03 0.05)
(0.02 0.03 0.05)
(0.025 0.03 0.05)
(0.03 0.03 0.05)
(0.035 0.03 0.05)
(0.04 0.03 0.05)
(0.045 0.03 0.05)
(0.05 0.03 0.05)
(-0.05 0.0325 0.05)
(-0.045 0.0325 0.05)
(-0.04 0.0325 0.05)
(-0.035 0.0325 0.05)
(-0.03 0.0325 0.05)
(-0.025 0.0325 0.05)
(-0.02 0.0325 0.05)
(-0.015 0.0325 0.05)
(-0.01 0.0325 0.05)
(-0.005 0.0325 0.05)
(0 0.0325 0.05)
(0.005 0.0325 0.05)
(0.01 0.0325 0.05)
(0.015 0.0325 0.05)
(0.02 0.0325 0.05)
(0.025 0.0325 0.05)
(0.03 0.0325 0.05)
(0.035 0.0325 0.05)
(0.04 0.0325 0.05)
(0.045 0.0325 0.05)
(0.05 0.0325 0.05)
(-0.05 0.035 0.05)
(-0.045 0.035 0.05)
(-0.04 0.035 0.05)
(-0.035 0.035 0.05)
(-0.03 0.035 0.05)
(-0.025 0.035 0.05)
(-0.02 0.035 0.05)
(-0.015 0.035 0.05)
(-0.01 0.035 0.05)
(-0.005 0.035 0.05)
(0 0.035 0.05)
(0.005 0.035 0.05)
(0.01 0.035 0.05)
(0.015 0.035 0.05)
(0.02 0.035 0.05)
(0.025 0.035 0.05)
(0.03 0.035 0.05)
(0.035 0.035 0.05)
(0.04 0.035 0.05)
(0.045 0.035 0.05)
(0.05 0.035 0.05)
(-0.05 0.0375 0.05)
(-0.045 0.0375 0.05)
(-0.04 0.0375 0.05)
(-0.035 0.0375 0.05)
(-0.03 0.0375 0.05)
(-0.025 0.0375 0.05)
(-0.02 0.0375 0.05)
(-0.015 0.0375 0.05)
(-0.01 0.0375 0.05)
(-0.005 0.0375 0.05)
(0 0.0375 0.05)
(0.005 0.0375 0.05)
(0.01 0.0375 0.05)
(0.015 0.0375 0.05)
(0.02 0.0375 0.05)
(0.025 0.0375 0.05)
(0.03 0.0375 0.05)
(0.035 0.0375 0.05)
(0.04 0.0375 0.05)
(0.045 0.0375 0.05)
(0.05 0.0375 0.05)
(-0.05 0.04 0.05)
(-0.045 0.04 0.05)
(-0.04 0.04 0.05)
(-0.035 0.04 0.05)
(-0.03 0.04 0.05)
(-0.025 0.04 0.05)
(-0.02 0.04 0.05)
(-0.015 0.04 0.05)
(-0.01 0.04 0.05)
(-0.005 0.04 0.05)
(0 0.04 0.05)
(0.005 0.04 0.05)
(0.01 0.04 0.05)
(0.015 0.04 0.05)
(0.02 0.04 0.05)
(0.025 0.04 0.05)
(0.03 0.04 0.05)
(0.035 0.04 0.05)
(0.04 0.04 0.05)
(0.045 0.04 0.05)
(0.05 0.04 0.05)
)


// ************************************************************************* //
