/*--------------------------------*- C++ -*----------------------------------*\
| =========                 |                                                 |
| \\      /  F ield         | OpenFOAM: The Open Source CFD Toolbox           |
|  \\    /   O peration     | Version:  2412                                  |
|   \\  /    A nd           | Website:  www.openfoam.com                      |
|    \\/     M anipulation  |                                                 |
\*---------------------------------------------------------------------------*/
FoamFile
{
    version     2.0;
    format      ascii;
    arch        "LSB;label=32;scalar=64";
    class       faceList;
    location    "constant/polyMesh";
    object      faces;
}
// * * * * * * * * * * * * * * * * * * * * * * * * * * * * * * * * * * * * * //


30200
(
4(2 104 105 3)
4(102 103 105 104)
4(4 106 107 5)
4(104 105 107 106)
4(6 108 109 7)
4(106 107 109 108)
4(8 110 111 9)
4(108 109 111 110)
4(10 112 113 11)
4(110 111 113 112)
4(12 114 115 13)
4(112 113 115 114)
4(14 116 117 15)
4(114 115 117 116)
4(16 118 119 17)
4(116 117 119 118)
4(18 120 121 19)
4(118 119 121 120)
4(20 122 123 21)
4(120 121 123 122)
4(22 124 125 23)
4(122 123 125 124)
4(24 126 127 25)
4(124 125 127 126)
4(26 128 129 27)
4(126 127 129 128)
4(28 130 131 29)
4(128 129 131 130)
4(30 132 133 31)
4(130 131 133 132)
4(32 134 135 33)
4(132 133 135 134)
4(34 136 137 35)
4(134 135 137 136)
4(36 138 139 37)
4(136 137 139 138)
4(38 140 141 39)
4(138 139 141 140)
4(40 142 143 41)
4(140 141 143 142)
4(42 144 145 43)
4(142 143 145 144)
4(44 146 147 45)
4(144 145 147 146)
4(46 148 149 47)
4(146 147 149 148)
4(48 150 151 49)
4(148 149 151 150)
4(50 152 153 51)
4(150 151 153 152)
4(52 154 155 53)
4(152 153 155 154)
4(54 156 157 55)
4(154 155 157 156)
4(56 158 159 57)
4(156 157 159 158)
4(58 160 161 59)
4(158 159 161 160)
4(60 162 163 61)
4(160 161 163 162)
4(62 164 165 63)
4(162 163 165 164)
4(64 166 167 65)
4(164 165 167 166)
4(66 168 169 67)
4(166 167 169 168)
4(68 170 171 69)
4(168 169 171 170)
4(70 172 173 71)
4(170 171 173 172)
4(72 174 175 73)
4(172 173 175 174)
4(74 176 177 75)
4(174 175 177 176)
4(76 178 179 77)
4(176 177 179 178)
4(78 180 181 79)
4(178 179 181 180)
4(80 182 183 81)
4(180 181 183 182)
4(82 184 185 83)
4(182 183 185 184)
4(84 186 187 85)
4(184 185 187 186)
4(86 188 189 87)
4(186 187 189 188)
4(88 190 191 89)
4(188 189 191 190)
4(90 192 193 91)
4(190 191 193 192)
4(92 194 195 93)
4(192 193 195 194)
4(94 196 197 95)
4(194 195 197 196)
4(96 198 199 97)
4(196 197 199 198)
4(98 200 201 99)
4(198 199 201 200)
4(200 201 203 202)
4(104 206 207 105)
4(204 205 207 206)
4(106 208 209 107)
4(206 207 209 208)
4(108 210 211 109)
4(208 209 211 210)
4(110 212 213 111)
4(210 211 213 212)
4(112 214 215 113)
4(212 213 215 214)
4(114 216 217 115)
4(214 215 217 216)
4(116 218 219 117)
4(216 217 219 218)
4(118 220 221 119)
4(218 219 221 220)
4(120 222 223 121)
4(220 221 223 222)
4(122 224 225 123)
4(222 223 225 224)
4(124 226 227 125)
4(224 225 227 226)
4(126 228 229 127)
4(226 227 229 228)
4(128 230 231 129)
4(228 229 231 230)
4(130 232 233 131)
4(230 231 233 232)
4(132 234 235 133)
4(232 233 235 234)
4(134 236 237 135)
4(234 235 237 236)
4(136 238 239 137)
4(236 237 239 238)
4(138 240 241 139)
4(238 239 241 240)
4(140 242 243 141)
4(240 241 243 242)
4(142 244 245 143)
4(242 243 245 244)
4(144 246 247 145)
4(244 245 247 246)
4(146 248 249 147)
4(246 247 249 248)
4(148 250 251 149)
4(248 249 251 250)
4(150 252 253 151)
4(250 251 253 252)
4(152 254 255 153)
4(252 253 255 254)
4(154 256 257 155)
4(254 255 257 256)
4(156 258 259 157)
4(256 257 259 258)
4(158 260 261 159)
4(258 259 261 260)
4(160 262 263 161)
4(260 261 263 262)
4(162 264 265 163)
4(262 263 265 264)
4(164 266 267 165)
4(264 265 267 266)
4(166 268 269 167)
4(266 267 269 268)
4(168 270 271 169)
4(268 269 271 270)
4(170 272 273 171)
4(270 271 273 272)
4(172 274 275 173)
4(272 273 275 274)
4(174 276 277 175)
4(274 275 277 276)
4(176 278 279 177)
4(276 277 279 278)
4(178 280 281 179)
4(278 279 281 280)
4(180 282 283 181)
4(280 281 283 282)
4(182 284 285 183)
4(282 283 285 284)
4(184 286 287 185)
4(284 285 287 286)
4(186 288 289 187)
4(286 287 289 288)
4(188 290 291 189)
4(288 289 291 290)
4(190 292 293 191)
4(290 291 293 292)
4(192 294 295 193)
4(292 293 295 294)
4(194 296 297 195)
4(294 295 297 296)
4(196 298 299 197)
4(296 297 299 298)
4(198 300 301 199)
4(298 299 301 300)
4(200 302 303 201)
4(300 301 303 302)
4(302 303 305 304)
4(206 308 309 207)
4(306 307 309 308)
4(208 310 311 209)
4(308 309 311 310)
4(210 312 313 211)
4(310 311 313 312)
4(212 314 315 213)
4(312 313 315 314)
4(214 316 317 215)
4(314 315 317 316)
4(216 318 319 217)
4(316 317 319 318)
4(218 320 321 219)
4(318 319 321 320)
4(220 322 323 221)
4(320 321 323 322)
4(222 324 325 223)
4(322 323 325 324)
4(224 326 327 225)
4(324 325 327 326)
4(226 328 329 227)
4(326 327 329 328)
4(228 330 331 229)
4(328 329 331 330)
4(230 332 333 231)
4(330 331 333 332)
4(232 334 335 233)
4(332 333 335 334)
4(234 336 337 235)
4(334 335 337 336)
4(236 338 339 237)
4(336 337 339 338)
4(238 340 341 239)
4(338 339 341 340)
4(240 342 343 241)
4(340 341 343 342)
4(242 344 345 243)
4(342 343 345 344)
4(244 346 347 245)
4(344 345 347 346)
4(246 348 349 247)
4(346 347 349 348)
4(248 350 351 249)
4(348 349 351 350)
4(250 352 353 251)
4(350 351 353 352)
4(252 354 355 253)
4(352 353 355 354)
4(254 356 357 255)
4(354 355 357 356)
4(256 358 359 257)
4(356 357 359 358)
4(258 360 361 259)
4(358 359 361 360)
4(260 362 363 261)
4(360 361 363 362)
4(262 364 365 263)
4(362 363 365 364)
4(264 366 367 265)
4(364 365 367 366)
4(266 368 369 267)
4(366 367 369 368)
4(268 370 371 269)
4(368 369 371 370)
4(270 372 373 271)
4(370 371 373 372)
4(272 374 375 273)
4(372 373 375 374)
4(274 376 377 275)
4(374 375 377 376)
4(276 378 379 277)
4(376 377 379 378)
4(278 380 381 279)
4(378 379 381 380)
4(280 382 383 281)
4(380 381 383 382)
4(282 384 385 283)
4(382 383 385 384)
4(284 386 387 285)
4(384 385 387 386)
4(286 388 389 287)
4(386 387 389 388)
4(288 390 391 289)
4(388 389 391 390)
4(290 392 393 291)
4(390 391 393 392)
4(292 394 395 293)
4(392 393 395 394)
4(294 396 397 295)
4(394 395 397 396)
4(296 398 399 297)
4(396 397 399 398)
4(298 400 401 299)
4(398 399 401 400)
4(300 402 403 301)
4(400 401 403 402)
4(302 404 405 303)
4(402 403 405 404)
4(404 405 407 406)
4(308 410 411 309)
4(408 409 411 410)
4(310 412 413 311)
4(410 411 413 412)
4(312 414 415 313)
4(412 413 415 414)
4(314 416 417 315)
4(414 415 417 416)
4(316 418 419 317)
4(416 417 419 418)
4(318 420 421 319)
4(418 419 421 420)
4(320 422 423 321)
4(420 421 423 422)
4(322 424 425 323)
4(422 423 425 424)
4(324 426 427 325)
4(424 425 427 426)
4(326 428 429 327)
4(426 427 429 428)
4(328 430 431 329)
4(428 429 431 430)
4(330 432 433 331)
4(430 431 433 432)
4(332 434 435 333)
4(432 433 435 434)
4(334 436 437 335)
4(434 435 437 436)
4(336 438 439 337)
4(436 437 439 438)
4(338 440 441 339)
4(438 439 441 440)
4(340 442 443 341)
4(440 441 443 442)
4(342 444 445 343)
4(442 443 445 444)
4(344 446 447 345)
4(444 445 447 446)
4(346 448 449 347)
4(446 447 449 448)
4(348 450 451 349)
4(448 449 451 450)
4(350 452 453 351)
4(450 451 453 452)
4(352 454 455 353)
4(452 453 455 454)
4(354 456 457 355)
4(454 455 457 456)
4(356 458 459 357)
4(456 457 459 458)
4(358 460 461 359)
4(458 459 461 460)
4(360 462 463 361)
4(460 461 463 462)
4(362 464 465 363)
4(462 463 465 464)
4(364 466 467 365)
4(464 465 467 466)
4(366 468 469 367)
4(466 467 469 468)
4(368 470 471 369)
4(468 469 471 470)
4(370 472 473 371)
4(470 471 473 472)
4(372 474 475 373)
4(472 473 475 474)
4(374 476 477 375)
4(474 475 477 476)
4(376 478 479 377)
4(476 477 479 478)
4(378 480 481 379)
4(478 479 481 480)
4(380 482 483 381)
4(480 481 483 482)
4(382 484 485 383)
4(482 483 485 484)
4(384 486 487 385)
4(484 485 487 486)
4(386 488 489 387)
4(486 487 489 488)
4(388 490 491 389)
4(488 489 491 490)
4(390 492 493 391)
4(490 491 493 492)
4(392 494 495 393)
4(492 493 495 494)
4(394 496 497 395)
4(494 495 497 496)
4(396 498 499 397)
4(496 497 499 498)
4(398 500 501 399)
4(498 499 501 500)
4(400 502 503 401)
4(500 501 503 502)
4(402 504 505 403)
4(502 503 505 504)
4(404 506 507 405)
4(504 505 507 506)
4(506 507 509 508)
4(410 512 513 411)
4(510 511 513 512)
4(412 514 515 413)
4(512 513 515 514)
4(414 516 517 415)
4(514 515 517 516)
4(416 518 519 417)
4(516 517 519 518)
4(418 520 521 419)
4(518 519 521 520)
4(420 522 523 421)
4(520 521 523 522)
4(422 524 525 423)
4(522 523 525 524)
4(424 526 527 425)
4(524 525 527 526)
4(426 528 529 427)
4(526 527 529 528)
4(428 530 531 429)
4(528 529 531 530)
4(430 532 533 431)
4(530 531 533 532)
4(432 534 535 433)
4(532 533 535 534)
4(434 536 537 435)
4(534 535 537 536)
4(436 538 539 437)
4(536 537 539 538)
4(438 540 541 439)
4(538 539 541 540)
4(440 542 543 441)
4(540 541 543 542)
4(442 544 545 443)
4(542 543 545 544)
4(444 546 547 445)
4(544 545 547 546)
4(446 548 549 447)
4(546 547 549 548)
4(448 550 551 449)
4(548 549 551 550)
4(450 552 553 451)
4(550 551 553 552)
4(452 554 555 453)
4(552 553 555 554)
4(454 556 557 455)
4(554 555 557 556)
4(456 558 559 457)
4(556 557 559 558)
4(458 560 561 459)
4(558 559 561 560)
4(460 562 563 461)
4(560 561 563 562)
4(462 564 565 463)
4(562 563 565 564)
4(464 566 567 465)
4(564 565 567 566)
4(466 568 569 467)
4(566 567 569 568)
4(468 570 571 469)
4(568 569 571 570)
4(470 572 573 471)
4(570 571 573 572)
4(472 574 575 473)
4(572 573 575 574)
4(474 576 577 475)
4(574 575 577 576)
4(476 578 579 477)
4(576 577 579 578)
4(478 580 581 479)
4(578 579 581 580)
4(480 582 583 481)
4(580 581 583 582)
4(482 584 585 483)
4(582 583 585 584)
4(484 586 587 485)
4(584 585 587 586)
4(486 588 589 487)
4(586 587 589 588)
4(488 590 591 489)
4(588 589 591 590)
4(490 592 593 491)
4(590 591 593 592)
4(492 594 595 493)
4(592 593 595 594)
4(494 596 597 495)
4(594 595 597 596)
4(496 598 599 497)
4(596 597 599 598)
4(498 600 601 499)
4(598 599 601 600)
4(500 602 603 501)
4(600 601 603 602)
4(502 604 605 503)
4(602 603 605 604)
4(504 606 607 505)
4(604 605 607 606)
4(506 608 609 507)
4(606 607 609 608)
4(608 609 611 610)
4(512 614 615 513)
4(612 613 615 614)
4(514 616 617 515)
4(614 615 617 616)
4(516 618 619 517)
4(616 617 619 618)
4(518 620 621 519)
4(618 619 621 620)
4(520 622 623 521)
4(620 621 623 622)
4(522 624 625 523)
4(622 623 625 624)
4(524 626 627 525)
4(624 625 627 626)
4(526 628 629 527)
4(626 627 629 628)
4(528 630 631 529)
4(628 629 631 630)
4(530 632 633 531)
4(630 631 633 632)
4(532 634 635 533)
4(632 633 635 634)
4(534 636 637 535)
4(634 635 637 636)
4(536 638 639 537)
4(636 637 639 638)
4(538 640 641 539)
4(638 639 641 640)
4(540 642 643 541)
4(640 641 643 642)
4(542 644 645 543)
4(642 643 645 644)
4(544 646 647 545)
4(644 645 647 646)
4(546 648 649 547)
4(646 647 649 648)
4(548 650 651 549)
4(648 649 651 650)
4(550 652 653 551)
4(650 651 653 652)
4(552 654 655 553)
4(652 653 655 654)
4(554 656 657 555)
4(654 655 657 656)
4(556 658 659 557)
4(656 657 659 658)
4(558 660 661 559)
4(658 659 661 660)
4(560 662 663 561)
4(660 661 663 662)
4(562 664 665 563)
4(662 663 665 664)
4(564 666 667 565)
4(664 665 667 666)
4(566 668 669 567)
4(666 667 669 668)
4(568 670 671 569)
4(668 669 671 670)
4(570 672 673 571)
4(670 671 673 672)
4(572 674 675 573)
4(672 673 675 674)
4(574 676 677 575)
4(674 675 677 676)
4(576 678 679 577)
4(676 677 679 678)
4(578 680 681 579)
4(678 679 681 680)
4(580 682 683 581)
4(680 681 683 682)
4(582 684 685 583)
4(682 683 685 684)
4(584 686 687 585)
4(684 685 687 686)
4(586 688 689 587)
4(686 687 689 688)
4(588 690 691 589)
4(688 689 691 690)
4(590 692 693 591)
4(690 691 693 692)
4(592 694 695 593)
4(692 693 695 694)
4(594 696 697 595)
4(694 695 697 696)
4(596 698 699 597)
4(696 697 699 698)
4(598 700 701 599)
4(698 699 701 700)
4(600 702 703 601)
4(700 701 703 702)
4(602 704 705 603)
4(702 703 705 704)
4(604 706 707 605)
4(704 705 707 706)
4(606 708 709 607)
4(706 707 709 708)
4(608 710 711 609)
4(708 709 711 710)
4(710 711 713 712)
4(614 716 717 615)
4(714 715 717 716)
4(616 718 719 617)
4(716 717 719 718)
4(618 720 721 619)
4(718 719 721 720)
4(620 722 723 621)
4(720 721 723 722)
4(622 724 725 623)
4(722 723 725 724)
4(624 726 727 625)
4(724 725 727 726)
4(626 728 729 627)
4(726 727 729 728)
4(628 730 731 629)
4(728 729 731 730)
4(630 732 733 631)
4(730 731 733 732)
4(632 734 735 633)
4(732 733 735 734)
4(634 736 737 635)
4(734 735 737 736)
4(636 738 739 637)
4(736 737 739 738)
4(638 740 741 639)
4(738 739 741 740)
4(640 742 743 641)
4(740 741 743 742)
4(642 744 745 643)
4(742 743 745 744)
4(644 746 747 645)
4(744 745 747 746)
4(646 748 749 647)
4(746 747 749 748)
4(648 750 751 649)
4(748 749 751 750)
4(650 752 753 651)
4(750 751 753 752)
4(652 754 755 653)
4(752 753 755 754)
4(654 756 757 655)
4(754 755 757 756)
4(656 758 759 657)
4(756 757 759 758)
4(658 760 761 659)
4(758 759 761 760)
4(660 762 763 661)
4(760 761 763 762)
4(662 764 765 663)
4(762 763 765 764)
4(664 766 767 665)
4(764 765 767 766)
4(666 768 769 667)
4(766 767 769 768)
4(668 770 771 669)
4(768 769 771 770)
4(670 772 773 671)
4(770 771 773 772)
4(672 774 775 673)
4(772 773 775 774)
4(674 776 777 675)
4(774 775 777 776)
4(676 778 779 677)
4(776 777 779 778)
4(678 780 781 679)
4(778 779 781 780)
4(680 782 783 681)
4(780 781 783 782)
4(682 784 785 683)
4(782 783 785 784)
4(684 786 787 685)
4(784 785 787 786)
4(686 788 789 687)
4(786 787 789 788)
4(688 790 791 689)
4(788 789 791 790)
4(690 792 793 691)
4(790 791 793 792)
4(692 794 795 693)
4(792 793 795 794)
4(694 796 797 695)
4(794 795 797 796)
4(696 798 799 697)
4(796 797 799 798)
4(698 800 801 699)
4(798 799 801 800)
4(700 802 803 701)
4(800 801 803 802)
4(702 804 805 703)
4(802 803 805 804)
4(704 806 807 705)
4(804 805 807 806)
4(706 808 809 707)
4(806 807 809 808)
4(708 810 811 709)
4(808 809 811 810)
4(710 812 813 711)
4(810 811 813 812)
4(812 813 815 814)
4(716 818 819 717)
4(816 817 819 818)
4(718 820 821 719)
4(818 819 821 820)
4(720 822 823 721)
4(820 821 823 822)
4(722 824 825 723)
4(822 823 825 824)
4(724 826 827 725)
4(824 825 827 826)
4(726 828 829 727)
4(826 827 829 828)
4(728 830 831 729)
4(828 829 831 830)
4(730 832 833 731)
4(830 831 833 832)
4(732 834 835 733)
4(832 833 835 834)
4(734 836 837 735)
4(834 835 837 836)
4(736 838 839 737)
4(836 837 839 838)
4(738 840 841 739)
4(838 839 841 840)
4(740 842 843 741)
4(840 841 843 842)
4(742 844 845 743)
4(842 843 845 844)
4(744 846 847 745)
4(844 845 847 846)
4(746 848 849 747)
4(846 847 849 848)
4(748 850 851 749)
4(848 849 851 850)
4(750 852 853 751)
4(850 851 853 852)
4(752 854 855 753)
4(852 853 855 854)
4(754 856 857 755)
4(854 855 857 856)
4(756 858 859 757)
4(856 857 859 858)
4(758 860 861 759)
4(858 859 861 860)
4(760 862 863 761)
4(860 861 863 862)
4(762 864 865 763)
4(862 863 865 864)
4(764 866 867 765)
4(864 865 867 866)
4(766 868 869 767)
4(866 867 869 868)
4(768 870 871 769)
4(868 869 871 870)
4(770 872 873 771)
4(870 871 873 872)
4(772 874 875 773)
4(872 873 875 874)
4(774 876 877 775)
4(874 875 877 876)
4(776 878 879 777)
4(876 877 879 878)
4(778 880 881 779)
4(878 879 881 880)
4(780 882 883 781)
4(880 881 883 882)
4(782 884 885 783)
4(882 883 885 884)
4(784 886 887 785)
4(884 885 887 886)
4(786 888 889 787)
4(886 887 889 888)
4(788 890 891 789)
4(888 889 891 890)
4(790 892 893 791)
4(890 891 893 892)
4(792 894 895 793)
4(892 893 895 894)
4(794 896 897 795)
4(894 895 897 896)
4(796 898 899 797)
4(896 897 899 898)
4(798 900 901 799)
4(898 899 901 900)
4(800 902 903 801)
4(900 901 903 902)
4(802 904 905 803)
4(902 903 905 904)
4(804 906 907 805)
4(904 905 907 906)
4(806 908 909 807)
4(906 907 909 908)
4(808 910 911 809)
4(908 909 911 910)
4(810 912 913 811)
4(910 911 913 912)
4(812 914 915 813)
4(912 913 915 914)
4(914 915 917 916)
4(818 920 921 819)
4(918 919 921 920)
4(820 922 923 821)
4(920 921 923 922)
4(822 924 925 823)
4(922 923 925 924)
4(824 926 927 825)
4(924 925 927 926)
4(826 928 929 827)
4(926 927 929 928)
4(828 930 931 829)
4(928 929 931 930)
4(830 932 933 831)
4(930 931 933 932)
4(832 934 935 833)
4(932 933 935 934)
4(834 936 937 835)
4(934 935 937 936)
4(836 938 939 837)
4(936 937 939 938)
4(838 940 941 839)
4(938 939 941 940)
4(840 942 943 841)
4(940 941 943 942)
4(842 944 945 843)
4(942 943 945 944)
4(844 946 947 845)
4(944 945 947 946)
4(846 948 949 847)
4(946 947 949 948)
4(848 950 951 849)
4(948 949 951 950)
4(850 952 953 851)
4(950 951 953 952)
4(852 954 955 853)
4(952 953 955 954)
4(854 956 957 855)
4(954 955 957 956)
4(856 958 959 857)
4(956 957 959 958)
4(858 960 961 859)
4(958 959 961 960)
4(860 962 963 861)
4(960 961 963 962)
4(862 964 965 863)
4(962 963 965 964)
4(864 966 967 865)
4(964 965 967 966)
4(866 968 969 867)
4(966 967 969 968)
4(868 970 971 869)
4(968 969 971 970)
4(870 972 973 871)
4(970 971 973 972)
4(872 974 975 873)
4(972 973 975 974)
4(874 976 977 875)
4(974 975 977 976)
4(876 978 979 877)
4(976 977 979 978)
4(878 980 981 879)
4(978 979 981 980)
4(880 982 983 881)
4(980 981 983 982)
4(882 984 985 883)
4(982 983 985 984)
4(884 986 987 885)
4(984 985 987 986)
4(886 988 989 887)
4(986 987 989 988)
4(888 990 991 889)
4(988 989 991 990)
4(890 992 993 891)
4(990 991 993 992)
4(892 994 995 893)
4(992 993 995 994)
4(894 996 997 895)
4(994 995 997 996)
4(896 998 999 897)
4(996 997 999 998)
4(898 1000 1001 899)
4(998 999 1001 1000)
4(900 1002 1003 901)
4(1000 1001 1003 1002)
4(902 1004 1005 903)
4(1002 1003 1005 1004)
4(904 1006 1007 905)
4(1004 1005 1007 1006)
4(906 1008 1009 907)
4(1006 1007 1009 1008)
4(908 1010 1011 909)
4(1008 1009 1011 1010)
4(910 1012 1013 911)
4(1010 1011 1013 1012)
4(912 1014 1015 913)
4(1012 1013 1015 1014)
4(914 1016 1017 915)
4(1014 1015 1017 1016)
4(1016 1017 1019 1018)
4(920 1022 1023 921)
4(1020 1021 1023 1022)
4(922 1024 1025 923)
4(1022 1023 1025 1024)
4(924 1026 1027 925)
4(1024 1025 1027 1026)
4(926 1028 1029 927)
4(1026 1027 1029 1028)
4(928 1030 1031 929)
4(1028 1029 1031 1030)
4(930 1032 1033 931)
4(1030 1031 1033 1032)
4(932 1034 1035 933)
4(1032 1033 1035 1034)
4(934 1036 1037 935)
4(1034 1035 1037 1036)
4(936 1038 1039 937)
4(1036 1037 1039 1038)
4(938 1040 1041 939)
4(1038 1039 1041 1040)
4(940 1042 1043 941)
4(1040 1041 1043 1042)
4(942 1044 1045 943)
4(1042 1043 1045 1044)
4(944 1046 1047 945)
4(1044 1045 1047 1046)
4(946 1048 1049 947)
4(1046 1047 1049 1048)
4(948 1050 1051 949)
4(1048 1049 1051 1050)
4(950 1052 1053 951)
4(1050 1051 1053 1052)
4(952 1054 1055 953)
4(1052 1053 1055 1054)
4(954 1056 1057 955)
4(1054 1055 1057 1056)
4(956 1058 1059 957)
4(1056 1057 1059 1058)
4(958 1060 1061 959)
4(1058 1059 1061 1060)
4(960 1062 1063 961)
4(1060 1061 1063 1062)
4(962 1064 1065 963)
4(1062 1063 1065 1064)
4(964 1066 1067 965)
4(1064 1065 1067 1066)
4(966 1068 1069 967)
4(1066 1067 1069 1068)
4(968 1070 1071 969)
4(1068 1069 1071 1070)
4(970 1072 1073 971)
4(1070 1071 1073 1072)
4(972 1074 1075 973)
4(1072 1073 1075 1074)
4(974 1076 1077 975)
4(1074 1075 1077 1076)
4(976 1078 1079 977)
4(1076 1077 1079 1078)
4(978 1080 1081 979)
4(1078 1079 1081 1080)
4(980 1082 1083 981)
4(1080 1081 1083 1082)
4(982 1084 1085 983)
4(1082 1083 1085 1084)
4(984 1086 1087 985)
4(1084 1085 1087 1086)
4(986 1088 1089 987)
4(1086 1087 1089 1088)
4(988 1090 1091 989)
4(1088 1089 1091 1090)
4(990 1092 1093 991)
4(1090 1091 1093 1092)
4(992 1094 1095 993)
4(1092 1093 1095 1094)
4(994 1096 1097 995)
4(1094 1095 1097 1096)
4(996 1098 1099 997)
4(1096 1097 1099 1098)
4(998 1100 1101 999)
4(1098 1099 1101 1100)
4(1000 1102 1103 1001)
4(1100 1101 1103 1102)
4(1002 1104 1105 1003)
4(1102 1103 1105 1104)
4(1004 1106 1107 1005)
4(1104 1105 1107 1106)
4(1006 1108 1109 1007)
4(1106 1107 1109 1108)
4(1008 1110 1111 1009)
4(1108 1109 1111 1110)
4(1010 1112 1113 1011)
4(1110 1111 1113 1112)
4(1012 1114 1115 1013)
4(1112 1113 1115 1114)
4(1014 1116 1117 1015)
4(1114 1115 1117 1116)
4(1016 1118 1119 1017)
4(1116 1117 1119 1118)
4(1118 1119 1121 1120)
4(1022 1124 1125 1023)
4(1122 1123 1125 1124)
4(1024 1126 1127 1025)
4(1124 1125 1127 1126)
4(1026 1128 1129 1027)
4(1126 1127 1129 1128)
4(1028 1130 1131 1029)
4(1128 1129 1131 1130)
4(1030 1132 1133 1031)
4(1130 1131 1133 1132)
4(1032 1134 1135 1033)
4(1132 1133 1135 1134)
4(1034 1136 1137 1035)
4(1134 1135 1137 1136)
4(1036 1138 1139 1037)
4(1136 1137 1139 1138)
4(1038 1140 1141 1039)
4(1138 1139 1141 1140)
4(1040 1142 1143 1041)
4(1140 1141 1143 1142)
4(1042 1144 1145 1043)
4(1142 1143 1145 1144)
4(1044 1146 1147 1045)
4(1144 1145 1147 1146)
4(1046 1148 1149 1047)
4(1146 1147 1149 1148)
4(1048 1150 1151 1049)
4(1148 1149 1151 1150)
4(1050 1152 1153 1051)
4(1150 1151 1153 1152)
4(1052 1154 1155 1053)
4(1152 1153 1155 1154)
4(1054 1156 1157 1055)
4(1154 1155 1157 1156)
4(1056 1158 1159 1057)
4(1156 1157 1159 1158)
4(1058 1160 1161 1059)
4(1158 1159 1161 1160)
4(1060 1162 1163 1061)
4(1160 1161 1163 1162)
4(1062 1164 1165 1063)
4(1162 1163 1165 1164)
4(1064 1166 1167 1065)
4(1164 1165 1167 1166)
4(1066 1168 1169 1067)
4(1166 1167 1169 1168)
4(1068 1170 1171 1069)
4(1168 1169 1171 1170)
4(1070 1172 1173 1071)
4(1170 1171 1173 1172)
4(1072 1174 1175 1073)
4(1172 1173 1175 1174)
4(1074 1176 1177 1075)
4(1174 1175 1177 1176)
4(1076 1178 1179 1077)
4(1176 1177 1179 1178)
4(1078 1180 1181 1079)
4(1178 1179 1181 1180)
4(1080 1182 1183 1081)
4(1180 1181 1183 1182)
4(1082 1184 1185 1083)
4(1182 1183 1185 1184)
4(1084 1186 1187 1085)
4(1184 1185 1187 1186)
4(1086 1188 1189 1087)
4(1186 1187 1189 1188)
4(1088 1190 1191 1089)
4(1188 1189 1191 1190)
4(1090 1192 1193 1091)
4(1190 1191 1193 1192)
4(1092 1194 1195 1093)
4(1192 1193 1195 1194)
4(1094 1196 1197 1095)
4(1194 1195 1197 1196)
4(1096 1198 1199 1097)
4(1196 1197 1199 1198)
4(1098 1200 1201 1099)
4(1198 1199 1201 1200)
4(1100 1202 1203 1101)
4(1200 1201 1203 1202)
4(1102 1204 1205 1103)
4(1202 1203 1205 1204)
4(1104 1206 1207 1105)
4(1204 1205 1207 1206)
4(1106 1208 1209 1107)
4(1206 1207 1209 1208)
4(1108 1210 1211 1109)
4(1208 1209 1211 1210)
4(1110 1212 1213 1111)
4(1210 1211 1213 1212)
4(1112 1214 1215 1113)
4(1212 1213 1215 1214)
4(1114 1216 1217 1115)
4(1214 1215 1217 1216)
4(1116 1218 1219 1117)
4(1216 1217 1219 1218)
4(1118 1220 1221 1119)
4(1218 1219 1221 1220)
4(1220 1221 1223 1222)
4(1124 1226 1227 1125)
4(1224 1225 1227 1226)
4(1126 1228 1229 1127)
4(1226 1227 1229 1228)
4(1128 1230 1231 1129)
4(1228 1229 1231 1230)
4(1130 1232 1233 1131)
4(1230 1231 1233 1232)
4(1132 1234 1235 1133)
4(1232 1233 1235 1234)
4(1134 1236 1237 1135)
4(1234 1235 1237 1236)
4(1136 1238 1239 1137)
4(1236 1237 1239 1238)
4(1138 1240 1241 1139)
4(1238 1239 1241 1240)
4(1140 1242 1243 1141)
4(1240 1241 1243 1242)
4(1142 1244 1245 1143)
4(1242 1243 1245 1244)
4(1144 1246 1247 1145)
4(1244 1245 1247 1246)
4(1146 1248 1249 1147)
4(1246 1247 1249 1248)
4(1148 1250 1251 1149)
4(1248 1249 1251 1250)
4(1150 1252 1253 1151)
4(1250 1251 1253 1252)
4(1152 1254 1255 1153)
4(1252 1253 1255 1254)
4(1154 1256 1257 1155)
4(1254 1255 1257 1256)
4(1156 1258 1259 1157)
4(1256 1257 1259 1258)
4(1158 1260 1261 1159)
4(1258 1259 1261 1260)
4(1160 1262 1263 1161)
4(1260 1261 1263 1262)
4(1162 1264 1265 1163)
4(1262 1263 1265 1264)
4(1164 1266 1267 1165)
4(1264 1265 1267 1266)
4(1166 1268 1269 1167)
4(1266 1267 1269 1268)
4(1168 1270 1271 1169)
4(1268 1269 1271 1270)
4(1170 1272 1273 1171)
4(1270 1271 1273 1272)
4(1172 1274 1275 1173)
4(1272 1273 1275 1274)
4(1174 1276 1277 1175)
4(1274 1275 1277 1276)
4(1176 1278 1279 1177)
4(1276 1277 1279 1278)
4(1178 1280 1281 1179)
4(1278 1279 1281 1280)
4(1180 1282 1283 1181)
4(1280 1281 1283 1282)
4(1182 1284 1285 1183)
4(1282 1283 1285 1284)
4(1184 1286 1287 1185)
4(1284 1285 1287 1286)
4(1186 1288 1289 1187)
4(1286 1287 1289 1288)
4(1188 1290 1291 1189)
4(1288 1289 1291 1290)
4(1190 1292 1293 1191)
4(1290 1291 1293 1292)
4(1192 1294 1295 1193)
4(1292 1293 1295 1294)
4(1194 1296 1297 1195)
4(1294 1295 1297 1296)
4(1196 1298 1299 1197)
4(1296 1297 1299 1298)
4(1198 1300 1301 1199)
4(1298 1299 1301 1300)
4(1200 1302 1303 1201)
4(1300 1301 1303 1302)
4(1202 1304 1305 1203)
4(1302 1303 1305 1304)
4(1204 1306 1307 1205)
4(1304 1305 1307 1306)
4(1206 1308 1309 1207)
4(1306 1307 1309 1308)
4(1208 1310 1311 1209)
4(1308 1309 1311 1310)
4(1210 1312 1313 1211)
4(1310 1311 1313 1312)
4(1212 1314 1315 1213)
4(1312 1313 1315 1314)
4(1214 1316 1317 1215)
4(1314 1315 1317 1316)
4(1216 1318 1319 1217)
4(1316 1317 1319 1318)
4(1218 1320 1321 1219)
4(1318 1319 1321 1320)
4(1220 1322 1323 1221)
4(1320 1321 1323 1322)
4(1322 1323 1325 1324)
4(1226 1328 1329 1227)
4(1326 1327 1329 1328)
4(1228 1330 1331 1229)
4(1328 1329 1331 1330)
4(1230 1332 1333 1231)
4(1330 1331 1333 1332)
4(1232 1334 1335 1233)
4(1332 1333 1335 1334)
4(1234 1336 1337 1235)
4(1334 1335 1337 1336)
4(1236 1338 1339 1237)
4(1336 1337 1339 1338)
4(1238 1340 1341 1239)
4(1338 1339 1341 1340)
4(1240 1342 1343 1241)
4(1340 1341 1343 1342)
4(1242 1344 1345 1243)
4(1342 1343 1345 1344)
4(1244 1346 1347 1245)
4(1344 1345 1347 1346)
4(1246 1348 1349 1247)
4(1346 1347 1349 1348)
4(1248 1350 1351 1249)
4(1348 1349 1351 1350)
4(1250 1352 1353 1251)
4(1350 1351 1353 1352)
4(1252 1354 1355 1253)
4(1352 1353 1355 1354)
4(1254 1356 1357 1255)
4(1354 1355 1357 1356)
4(1256 1358 1359 1257)
4(1356 1357 1359 1358)
4(1258 1360 1361 1259)
4(1358 1359 1361 1360)
4(1260 1362 1363 1261)
4(1360 1361 1363 1362)
4(1262 1364 1365 1263)
4(1362 1363 1365 1364)
4(1264 1366 1367 1265)
4(1364 1365 1367 1366)
4(1266 1368 1369 1267)
4(1366 1367 1369 1368)
4(1268 1370 1371 1269)
4(1368 1369 1371 1370)
4(1270 1372 1373 1271)
4(1370 1371 1373 1372)
4(1272 1374 1375 1273)
4(1372 1373 1375 1374)
4(1274 1376 1377 1275)
4(1374 1375 1377 1376)
4(1276 1378 1379 1277)
4(1376 1377 1379 1378)
4(1278 1380 1381 1279)
4(1378 1379 1381 1380)
4(1280 1382 1383 1281)
4(1380 1381 1383 1382)
4(1282 1384 1385 1283)
4(1382 1383 1385 1384)
4(1284 1386 1387 1285)
4(1384 1385 1387 1386)
4(1286 1388 1389 1287)
4(1386 1387 1389 1388)
4(1288 1390 1391 1289)
4(1388 1389 1391 1390)
4(1290 1392 1393 1291)
4(1390 1391 1393 1392)
4(1292 1394 1395 1293)
4(1392 1393 1395 1394)
4(1294 1396 1397 1295)
4(1394 1395 1397 1396)
4(1296 1398 1399 1297)
4(1396 1397 1399 1398)
4(1298 1400 1401 1299)
4(1398 1399 1401 1400)
4(1300 1402 1403 1301)
4(1400 1401 1403 1402)
4(1302 1404 1405 1303)
4(1402 1403 1405 1404)
4(1304 1406 1407 1305)
4(1404 1405 1407 1406)
4(1306 1408 1409 1307)
4(1406 1407 1409 1408)
4(1308 1410 1411 1309)
4(1408 1409 1411 1410)
4(1310 1412 1413 1311)
4(1410 1411 1413 1412)
4(1312 1414 1415 1313)
4(1412 1413 1415 1414)
4(1314 1416 1417 1315)
4(1414 1415 1417 1416)
4(1316 1418 1419 1317)
4(1416 1417 1419 1418)
4(1318 1420 1421 1319)
4(1418 1419 1421 1420)
4(1320 1422 1423 1321)
4(1420 1421 1423 1422)
4(1322 1424 1425 1323)
4(1422 1423 1425 1424)
4(1424 1425 1427 1426)
4(1328 1430 1431 1329)
4(1428 1429 1431 1430)
4(1330 1432 1433 1331)
4(1430 1431 1433 1432)
4(1332 1434 1435 1333)
4(1432 1433 1435 1434)
4(1334 1436 1437 1335)
4(1434 1435 1437 1436)
4(1336 1438 1439 1337)
4(1436 1437 1439 1438)
4(1338 1440 1441 1339)
4(1438 1439 1441 1440)
4(1340 1442 1443 1341)
4(1440 1441 1443 1442)
4(1342 1444 1445 1343)
4(1442 1443 1445 1444)
4(1344 1446 1447 1345)
4(1444 1445 1447 1446)
4(1346 1448 1449 1347)
4(1446 1447 1449 1448)
4(1348 1450 1451 1349)
4(1448 1449 1451 1450)
4(1350 1452 1453 1351)
4(1450 1451 1453 1452)
4(1352 1454 1455 1353)
4(1452 1453 1455 1454)
4(1354 1456 1457 1355)
4(1454 1455 1457 1456)
4(1356 1458 1459 1357)
4(1456 1457 1459 1458)
4(1358 1460 1461 1359)
4(1458 1459 1461 1460)
4(1360 1462 1463 1361)
4(1460 1461 1463 1462)
4(1362 1464 1465 1363)
4(1462 1463 1465 1464)
4(1364 1466 1467 1365)
4(1464 1465 1467 1466)
4(1366 1468 1469 1367)
4(1466 1467 1469 1468)
4(1368 1470 1471 1369)
4(1468 1469 1471 1470)
4(1370 1472 1473 1371)
4(1470 1471 1473 1472)
4(1372 1474 1475 1373)
4(1472 1473 1475 1474)
4(1374 1476 1477 1375)
4(1474 1475 1477 1476)
4(1376 1478 1479 1377)
4(1476 1477 1479 1478)
4(1378 1480 1481 1379)
4(1478 1479 1481 1480)
4(1380 1482 1483 1381)
4(1480 1481 1483 1482)
4(1382 1484 1485 1383)
4(1482 1483 1485 1484)
4(1384 1486 1487 1385)
4(1484 1485 1487 1486)
4(1386 1488 1489 1387)
4(1486 1487 1489 1488)
4(1388 1490 1491 1389)
4(1488 1489 1491 1490)
4(1390 1492 1493 1391)
4(1490 1491 1493 1492)
4(1392 1494 1495 1393)
4(1492 1493 1495 1494)
4(1394 1496 1497 1395)
4(1494 1495 1497 1496)
4(1396 1498 1499 1397)
4(1496 1497 1499 1498)
4(1398 1500 1501 1399)
4(1498 1499 1501 1500)
4(1400 1502 1503 1401)
4(1500 1501 1503 1502)
4(1402 1504 1505 1403)
4(1502 1503 1505 1504)
4(1404 1506 1507 1405)
4(1504 1505 1507 1506)
4(1406 1508 1509 1407)
4(1506 1507 1509 1508)
4(1408 1510 1511 1409)
4(1508 1509 1511 1510)
4(1410 1512 1513 1411)
4(1510 1511 1513 1512)
4(1412 1514 1515 1413)
4(1512 1513 1515 1514)
4(1414 1516 1517 1415)
4(1514 1515 1517 1516)
4(1416 1518 1519 1417)
4(1516 1517 1519 1518)
4(1418 1520 1521 1419)
4(1518 1519 1521 1520)
4(1420 1522 1523 1421)
4(1520 1521 1523 1522)
4(1422 1524 1525 1423)
4(1522 1523 1525 1524)
4(1424 1526 1527 1425)
4(1524 1525 1527 1526)
4(1526 1527 1529 1528)
4(1430 1532 1533 1431)
4(1530 1531 1533 1532)
4(1432 1534 1535 1433)
4(1532 1533 1535 1534)
4(1434 1536 1537 1435)
4(1534 1535 1537 1536)
4(1436 1538 1539 1437)
4(1536 1537 1539 1538)
4(1438 1540 1541 1439)
4(1538 1539 1541 1540)
4(1440 1542 1543 1441)
4(1540 1541 1543 1542)
4(1442 1544 1545 1443)
4(1542 1543 1545 1544)
4(1444 1546 1547 1445)
4(1544 1545 1547 1546)
4(1446 1548 1549 1447)
4(1546 1547 1549 1548)
4(1448 1550 1551 1449)
4(1548 1549 1551 1550)
4(1450 1552 1553 1451)
4(1550 1551 1553 1552)
4(1452 1554 1555 1453)
4(1552 1553 1555 1554)
4(1454 1556 1557 1455)
4(1554 1555 1557 1556)
4(1456 1558 1559 1457)
4(1556 1557 1559 1558)
4(1458 1560 1561 1459)
4(1558 1559 1561 1560)
4(1460 1562 1563 1461)
4(1560 1561 1563 1562)
4(1462 1564 1565 1463)
4(1562 1563 1565 1564)
4(1464 1566 1567 1465)
4(1564 1565 1567 1566)
4(1466 1568 1569 1467)
4(1566 1567 1569 1568)
4(1468 1570 1571 1469)
4(1568 1569 1571 1570)
4(1470 1572 1573 1471)
4(1570 1571 1573 1572)
4(1472 1574 1575 1473)
4(1572 1573 1575 1574)
4(1474 1576 1577 1475)
4(1574 1575 1577 1576)
4(1476 1578 1579 1477)
4(1576 1577 1579 1578)
4(1478 1580 1581 1479)
4(1578 1579 1581 1580)
4(1480 1582 1583 1481)
4(1580 1581 1583 1582)
4(1482 1584 1585 1483)
4(1582 1583 1585 1584)
4(1484 1586 1587 1485)
4(1584 1585 1587 1586)
4(1486 1588 1589 1487)
4(1586 1587 1589 1588)
4(1488 1590 1591 1489)
4(1588 1589 1591 1590)
4(1490 1592 1593 1491)
4(1590 1591 1593 1592)
4(1492 1594 1595 1493)
4(1592 1593 1595 1594)
4(1494 1596 1597 1495)
4(1594 1595 1597 1596)
4(1496 1598 1599 1497)
4(1596 1597 1599 1598)
4(1498 1600 1601 1499)
4(1598 1599 1601 1600)
4(1500 1602 1603 1501)
4(1600 1601 1603 1602)
4(1502 1604 1605 1503)
4(1602 1603 1605 1604)
4(1504 1606 1607 1505)
4(1604 1605 1607 1606)
4(1506 1608 1609 1507)
4(1606 1607 1609 1608)
4(1508 1610 1611 1509)
4(1608 1609 1611 1610)
4(1510 1612 1613 1511)
4(1610 1611 1613 1612)
4(1512 1614 1615 1513)
4(1612 1613 1615 1614)
4(1514 1616 1617 1515)
4(1614 1615 1617 1616)
4(1516 1618 1619 1517)
4(1616 1617 1619 1618)
4(1518 1620 1621 1519)
4(1618 1619 1621 1620)
4(1520 1622 1623 1521)
4(1620 1621 1623 1622)
4(1522 1624 1625 1523)
4(1622 1623 1625 1624)
4(1524 1626 1627 1525)
4(1624 1625 1627 1626)
4(1526 1628 1629 1527)
4(1626 1627 1629 1628)
4(1628 1629 1631 1630)
4(1532 1634 1635 1533)
4(1632 1633 1635 1634)
4(1534 1636 1637 1535)
4(1634 1635 1637 1636)
4(1536 1638 1639 1537)
4(1636 1637 1639 1638)
4(1538 1640 1641 1539)
4(1638 1639 1641 1640)
4(1540 1642 1643 1541)
4(1640 1641 1643 1642)
4(1542 1644 1645 1543)
4(1642 1643 1645 1644)
4(1544 1646 1647 1545)
4(1644 1645 1647 1646)
4(1546 1648 1649 1547)
4(1646 1647 1649 1648)
4(1548 1650 1651 1549)
4(1648 1649 1651 1650)
4(1550 1652 1653 1551)
4(1650 1651 1653 1652)
4(1552 1654 1655 1553)
4(1652 1653 1655 1654)
4(1554 1656 1657 1555)
4(1654 1655 1657 1656)
4(1556 1658 1659 1557)
4(1656 1657 1659 1658)
4(1558 1660 1661 1559)
4(1658 1659 1661 1660)
4(1560 1662 1663 1561)
4(1660 1661 1663 1662)
4(1562 1664 1665 1563)
4(1662 1663 1665 1664)
4(1564 1666 1667 1565)
4(1664 1665 1667 1666)
4(1566 1668 1669 1567)
4(1666 1667 1669 1668)
4(1568 1670 1671 1569)
4(1668 1669 1671 1670)
4(1570 1672 1673 1571)
4(1670 1671 1673 1672)
4(1572 1674 1675 1573)
4(1672 1673 1675 1674)
4(1574 1676 1677 1575)
4(1674 1675 1677 1676)
4(1576 1678 1679 1577)
4(1676 1677 1679 1678)
4(1578 1680 1681 1579)
4(1678 1679 1681 1680)
4(1580 1682 1683 1581)
4(1680 1681 1683 1682)
4(1582 1684 1685 1583)
4(1682 1683 1685 1684)
4(1584 1686 1687 1585)
4(1684 1685 1687 1686)
4(1586 1688 1689 1587)
4(1686 1687 1689 1688)
4(1588 1690 1691 1589)
4(1688 1689 1691 1690)
4(1590 1692 1693 1591)
4(1690 1691 1693 1692)
4(1592 1694 1695 1593)
4(1692 1693 1695 1694)
4(1594 1696 1697 1595)
4(1694 1695 1697 1696)
4(1596 1698 1699 1597)
4(1696 1697 1699 1698)
4(1598 1700 1701 1599)
4(1698 1699 1701 1700)
4(1600 1702 1703 1601)
4(1700 1701 1703 1702)
4(1602 1704 1705 1603)
4(1702 1703 1705 1704)
4(1604 1706 1707 1605)
4(1704 1705 1707 1706)
4(1606 1708 1709 1607)
4(1706 1707 1709 1708)
4(1608 1710 1711 1609)
4(1708 1709 1711 1710)
4(1610 1712 1713 1611)
4(1710 1711 1713 1712)
4(1612 1714 1715 1613)
4(1712 1713 1715 1714)
4(1614 1716 1717 1615)
4(1714 1715 1717 1716)
4(1616 1718 1719 1617)
4(1716 1717 1719 1718)
4(1618 1720 1721 1619)
4(1718 1719 1721 1720)
4(1620 1722 1723 1621)
4(1720 1721 1723 1722)
4(1622 1724 1725 1623)
4(1722 1723 1725 1724)
4(1624 1726 1727 1625)
4(1724 1725 1727 1726)
4(1626 1728 1729 1627)
4(1726 1727 1729 1728)
4(1628 1730 1731 1629)
4(1728 1729 1731 1730)
4(1730 1731 1733 1732)
4(1634 1736 1737 1635)
4(1734 1735 1737 1736)
4(1636 1738 1739 1637)
4(1736 1737 1739 1738)
4(1638 1740 1741 1639)
4(1738 1739 1741 1740)
4(1640 1742 1743 1641)
4(1740 1741 1743 1742)
4(1642 1744 1745 1643)
4(1742 1743 1745 1744)
4(1644 1746 1747 1645)
4(1744 1745 1747 1746)
4(1646 1748 1749 1647)
4(1746 1747 1749 1748)
4(1648 1750 1751 1649)
4(1748 1749 1751 1750)
4(1650 1752 1753 1651)
4(1750 1751 1753 1752)
4(1652 1754 1755 1653)
4(1752 1753 1755 1754)
4(1654 1756 1757 1655)
4(1754 1755 1757 1756)
4(1656 1758 1759 1657)
4(1756 1757 1759 1758)
4(1658 1760 1761 1659)
4(1758 1759 1761 1760)
4(1660 1762 1763 1661)
4(1760 1761 1763 1762)
4(1662 1764 1765 1663)
4(1762 1763 1765 1764)
4(1664 1766 1767 1665)
4(1764 1765 1767 1766)
4(1666 1768 1769 1667)
4(1766 1767 1769 1768)
4(1668 1770 1771 1669)
4(1768 1769 1771 1770)
4(1670 1772 1773 1671)
4(1770 1771 1773 1772)
4(1672 1774 1775 1673)
4(1772 1773 1775 1774)
4(1674 1776 1777 1675)
4(1774 1775 1777 1776)
4(1676 1778 1779 1677)
4(1776 1777 1779 1778)
4(1678 1780 1781 1679)
4(1778 1779 1781 1780)
4(1680 1782 1783 1681)
4(1780 1781 1783 1782)
4(1682 1784 1785 1683)
4(1782 1783 1785 1784)
4(1684 1786 1787 1685)
4(1784 1785 1787 1786)
4(1686 1788 1789 1687)
4(1786 1787 1789 1788)
4(1688 1790 1791 1689)
4(1788 1789 1791 1790)
4(1690 1792 1793 1691)
4(1790 1791 1793 1792)
4(1692 1794 1795 1693)
4(1792 1793 1795 1794)
4(1694 1796 1797 1695)
4(1794 1795 1797 1796)
4(1696 1798 1799 1697)
4(1796 1797 1799 1798)
4(1698 1800 1801 1699)
4(1798 1799 1801 1800)
4(1700 1802 1803 1701)
4(1800 1801 1803 1802)
4(1702 1804 1805 1703)
4(1802 1803 1805 1804)
4(1704 1806 1807 1705)
4(1804 1805 1807 1806)
4(1706 1808 1809 1707)
4(1806 1807 1809 1808)
4(1708 1810 1811 1709)
4(1808 1809 1811 1810)
4(1710 1812 1813 1711)
4(1810 1811 1813 1812)
4(1712 1814 1815 1713)
4(1812 1813 1815 1814)
4(1714 1816 1817 1715)
4(1814 1815 1817 1816)
4(1716 1818 1819 1717)
4(1816 1817 1819 1818)
4(1718 1820 1821 1719)
4(1818 1819 1821 1820)
4(1720 1822 1823 1721)
4(1820 1821 1823 1822)
4(1722 1824 1825 1723)
4(1822 1823 1825 1824)
4(1724 1826 1827 1725)
4(1824 1825 1827 1826)
4(1726 1828 1829 1727)
4(1826 1827 1829 1828)
4(1728 1830 1831 1729)
4(1828 1829 1831 1830)
4(1730 1832 1833 1731)
4(1830 1831 1833 1832)
4(1832 1833 1835 1834)
4(1736 1838 1839 1737)
4(1836 1837 1839 1838)
4(1738 1840 1841 1739)
4(1838 1839 1841 1840)
4(1740 1842 1843 1741)
4(1840 1841 1843 1842)
4(1742 1844 1845 1743)
4(1842 1843 1845 1844)
4(1744 1846 1847 1745)
4(1844 1845 1847 1846)
4(1746 1848 1849 1747)
4(1846 1847 1849 1848)
4(1748 1850 1851 1749)
4(1848 1849 1851 1850)
4(1750 1852 1853 1751)
4(1850 1851 1853 1852)
4(1752 1854 1855 1753)
4(1852 1853 1855 1854)
4(1754 1856 1857 1755)
4(1854 1855 1857 1856)
4(1756 1858 1859 1757)
4(1856 1857 1859 1858)
4(1758 1860 1861 1759)
4(1858 1859 1861 1860)
4(1760 1862 1863 1761)
4(1860 1861 1863 1862)
4(1762 1864 1865 1763)
4(1862 1863 1865 1864)
4(1764 1866 1867 1765)
4(1864 1865 1867 1866)
4(1766 1868 1869 1767)
4(1866 1867 1869 1868)
4(1768 1870 1871 1769)
4(1868 1869 1871 1870)
4(1770 1872 1873 1771)
4(1870 1871 1873 1872)
4(1772 1874 1875 1773)
4(1872 1873 1875 1874)
4(1774 1876 1877 1775)
4(1874 1875 1877 1876)
4(1776 1878 1879 1777)
4(1876 1877 1879 1878)
4(1778 1880 1881 1779)
4(1878 1879 1881 1880)
4(1780 1882 1883 1781)
4(1880 1881 1883 1882)
4(1782 1884 1885 1783)
4(1882 1883 1885 1884)
4(1784 1886 1887 1785)
4(1884 1885 1887 1886)
4(1786 1888 1889 1787)
4(1886 1887 1889 1888)
4(1788 1890 1891 1789)
4(1888 1889 1891 1890)
4(1790 1892 1893 1791)
4(1890 1891 1893 1892)
4(1792 1894 1895 1793)
4(1892 1893 1895 1894)
4(1794 1896 1897 1795)
4(1894 1895 1897 1896)
4(1796 1898 1899 1797)
4(1896 1897 1899 1898)
4(1798 1900 1901 1799)
4(1898 1899 1901 1900)
4(1800 1902 1903 1801)
4(1900 1901 1903 1902)
4(1802 1904 1905 1803)
4(1902 1903 1905 1904)
4(1804 1906 1907 1805)
4(1904 1905 1907 1906)
4(1806 1908 1909 1807)
4(1906 1907 1909 1908)
4(1808 1910 1911 1809)
4(1908 1909 1911 1910)
4(1810 1912 1913 1811)
4(1910 1911 1913 1912)
4(1812 1914 1915 1813)
4(1912 1913 1915 1914)
4(1814 1916 1917 1815)
4(1914 1915 1917 1916)
4(1816 1918 1919 1817)
4(1916 1917 1919 1918)
4(1818 1920 1921 1819)
4(1918 1919 1921 1920)
4(1820 1922 1923 1821)
4(1920 1921 1923 1922)
4(1822 1924 1925 1823)
4(1922 1923 1925 1924)
4(1824 1926 1927 1825)
4(1924 1925 1927 1926)
4(1826 1928 1929 1827)
4(1926 1927 1929 1928)
4(1828 1930 1931 1829)
4(1928 1929 1931 1930)
4(1830 1932 1933 1831)
4(1930 1931 1933 1932)
4(1832 1934 1935 1833)
4(1932 1933 1935 1934)
4(1934 1935 1937 1936)
4(1838 1940 1941 1839)
4(1938 1939 1941 1940)
4(1840 1942 1943 1841)
4(1940 1941 1943 1942)
4(1842 1944 1945 1843)
4(1942 1943 1945 1944)
4(1844 1946 1947 1845)
4(1944 1945 1947 1946)
4(1846 1948 1949 1847)
4(1946 1947 1949 1948)
4(1848 1950 1951 1849)
4(1948 1949 1951 1950)
4(1850 1952 1953 1851)
4(1950 1951 1953 1952)
4(1852 1954 1955 1853)
4(1952 1953 1955 1954)
4(1854 1956 1957 1855)
4(1954 1955 1957 1956)
4(1856 1958 1959 1857)
4(1956 1957 1959 1958)
4(1858 1960 1961 1859)
4(1958 1959 1961 1960)
4(1860 1962 1963 1861)
4(1960 1961 1963 1962)
4(1862 1964 1965 1863)
4(1962 1963 1965 1964)
4(1864 1966 1967 1865)
4(1964 1965 1967 1966)
4(1866 1968 1969 1867)
4(1966 1967 1969 1968)
4(1868 1970 1971 1869)
4(1968 1969 1971 1970)
4(1870 1972 1973 1871)
4(1970 1971 1973 1972)
4(1872 1974 1975 1873)
4(1972 1973 1975 1974)
4(1874 1976 1977 1875)
4(1974 1975 1977 1976)
4(1876 1978 1979 1877)
4(1976 1977 1979 1978)
4(1878 1980 1981 1879)
4(1978 1979 1981 1980)
4(1880 1982 1983 1881)
4(1980 1981 1983 1982)
4(1882 1984 1985 1883)
4(1982 1983 1985 1984)
4(1884 1986 1987 1885)
4(1984 1985 1987 1986)
4(1886 1988 1989 1887)
4(1986 1987 1989 1988)
4(1888 1990 1991 1889)
4(1988 1989 1991 1990)
4(1890 1992 1993 1891)
4(1990 1991 1993 1992)
4(1892 1994 1995 1893)
4(1992 1993 1995 1994)
4(1894 1996 1997 1895)
4(1994 1995 1997 1996)
4(1896 1998 1999 1897)
4(1996 1997 1999 1998)
4(1898 2000 2001 1899)
4(1998 1999 2001 2000)
4(1900 2002 2003 1901)
4(2000 2001 2003 2002)
4(1902 2004 2005 1903)
4(2002 2003 2005 2004)
4(1904 2006 2007 1905)
4(2004 2005 2007 2006)
4(1906 2008 2009 1907)
4(2006 2007 2009 2008)
4(1908 2010 2011 1909)
4(2008 2009 2011 2010)
4(1910 2012 2013 1911)
4(2010 2011 2013 2012)
4(1912 2014 2015 1913)
4(2012 2013 2015 2014)
4(1914 2016 2017 1915)
4(2014 2015 2017 2016)
4(1916 2018 2019 1917)
4(2016 2017 2019 2018)
4(1918 2020 2021 1919)
4(2018 2019 2021 2020)
4(1920 2022 2023 1921)
4(2020 2021 2023 2022)
4(1922 2024 2025 1923)
4(2022 2023 2025 2024)
4(1924 2026 2027 1925)
4(2024 2025 2027 2026)
4(1926 2028 2029 1927)
4(2026 2027 2029 2028)
4(1928 2030 2031 1929)
4(2028 2029 2031 2030)
4(1930 2032 2033 1931)
4(2030 2031 2033 2032)
4(1932 2034 2035 1933)
4(2032 2033 2035 2034)
4(1934 2036 2037 1935)
4(2034 2035 2037 2036)
4(2036 2037 2039 2038)
4(1940 2042 2043 1941)
4(2040 2041 2043 2042)
4(1942 2044 2045 1943)
4(2042 2043 2045 2044)
4(1944 2046 2047 1945)
4(2044 2045 2047 2046)
4(1946 2048 2049 1947)
4(2046 2047 2049 2048)
4(1948 2050 2051 1949)
4(2048 2049 2051 2050)
4(1950 2052 2053 1951)
4(2050 2051 2053 2052)
4(1952 2054 2055 1953)
4(2052 2053 2055 2054)
4(1954 2056 2057 1955)
4(2054 2055 2057 2056)
4(1956 2058 2059 1957)
4(2056 2057 2059 2058)
4(1958 2060 2061 1959)
4(2058 2059 2061 2060)
4(1960 2062 2063 1961)
4(2060 2061 2063 2062)
4(1962 2064 2065 1963)
4(2062 2063 2065 2064)
4(1964 2066 2067 1965)
4(2064 2065 2067 2066)
4(1966 2068 2069 1967)
4(2066 2067 2069 2068)
4(1968 2070 2071 1969)
4(2068 2069 2071 2070)
4(1970 2072 2073 1971)
4(2070 2071 2073 2072)
4(1972 2074 2075 1973)
4(2072 2073 2075 2074)
4(1974 2076 2077 1975)
4(2074 2075 2077 2076)
4(1976 2078 2079 1977)
4(2076 2077 2079 2078)
4(1978 2080 2081 1979)
4(2078 2079 2081 2080)
4(1980 2082 2083 1981)
4(2080 2081 2083 2082)
4(1982 2084 2085 1983)
4(2082 2083 2085 2084)
4(1984 2086 2087 1985)
4(2084 2085 2087 2086)
4(1986 2088 2089 1987)
4(2086 2087 2089 2088)
4(1988 2090 2091 1989)
4(2088 2089 2091 2090)
4(1990 2092 2093 1991)
4(2090 2091 2093 2092)
4(1992 2094 2095 1993)
4(2092 2093 2095 2094)
4(1994 2096 2097 1995)
4(2094 2095 2097 2096)
4(1996 2098 2099 1997)
4(2096 2097 2099 2098)
4(1998 2100 2101 1999)
4(2098 2099 2101 2100)
4(2000 2102 2103 2001)
4(2100 2101 2103 2102)
4(2002 2104 2105 2003)
4(2102 2103 2105 2104)
4(2004 2106 2107 2005)
4(2104 2105 2107 2106)
4(2006 2108 2109 2007)
4(2106 2107 2109 2108)
4(2008 2110 2111 2009)
4(2108 2109 2111 2110)
4(2010 2112 2113 2011)
4(2110 2111 2113 2112)
4(2012 2114 2115 2013)
4(2112 2113 2115 2114)
4(2014 2116 2117 2015)
4(2114 2115 2117 2116)
4(2016 2118 2119 2017)
4(2116 2117 2119 2118)
4(2018 2120 2121 2019)
4(2118 2119 2121 2120)
4(2020 2122 2123 2021)
4(2120 2121 2123 2122)
4(2022 2124 2125 2023)
4(2122 2123 2125 2124)
4(2024 2126 2127 2025)
4(2124 2125 2127 2126)
4(2026 2128 2129 2027)
4(2126 2127 2129 2128)
4(2028 2130 2131 2029)
4(2128 2129 2131 2130)
4(2030 2132 2133 2031)
4(2130 2131 2133 2132)
4(2032 2134 2135 2033)
4(2132 2133 2135 2134)
4(2034 2136 2137 2035)
4(2134 2135 2137 2136)
4(2036 2138 2139 2037)
4(2136 2137 2139 2138)
4(2138 2139 2141 2140)
4(2042 2144 2145 2043)
4(2142 2143 2145 2144)
4(2044 2146 2147 2045)
4(2144 2145 2147 2146)
4(2046 2148 2149 2047)
4(2146 2147 2149 2148)
4(2048 2150 2151 2049)
4(2148 2149 2151 2150)
4(2050 2152 2153 2051)
4(2150 2151 2153 2152)
4(2052 2154 2155 2053)
4(2152 2153 2155 2154)
4(2054 2156 2157 2055)
4(2154 2155 2157 2156)
4(2056 2158 2159 2057)
4(2156 2157 2159 2158)
4(2058 2160 2161 2059)
4(2158 2159 2161 2160)
4(2060 2162 2163 2061)
4(2160 2161 2163 2162)
4(2062 2164 2165 2063)
4(2162 2163 2165 2164)
4(2064 2166 2167 2065)
4(2164 2165 2167 2166)
4(2066 2168 2169 2067)
4(2166 2167 2169 2168)
4(2068 2170 2171 2069)
4(2168 2169 2171 2170)
4(2070 2172 2173 2071)
4(2170 2171 2173 2172)
4(2072 2174 2175 2073)
4(2172 2173 2175 2174)
4(2074 2176 2177 2075)
4(2174 2175 2177 2176)
4(2076 2178 2179 2077)
4(2176 2177 2179 2178)
4(2078 2180 2181 2079)
4(2178 2179 2181 2180)
4(2080 2182 2183 2081)
4(2180 2181 2183 2182)
4(2082 2184 2185 2083)
4(2182 2183 2185 2184)
4(2084 2186 2187 2085)
4(2184 2185 2187 2186)
4(2086 2188 2189 2087)
4(2186 2187 2189 2188)
4(2088 2190 2191 2089)
4(2188 2189 2191 2190)
4(2090 2192 2193 2091)
4(2190 2191 2193 2192)
4(2092 2194 2195 2093)
4(2192 2193 2195 2194)
4(2094 2196 2197 2095)
4(2194 2195 2197 2196)
4(2096 2198 2199 2097)
4(2196 2197 2199 2198)
4(2098 2200 2201 2099)
4(2198 2199 2201 2200)
4(2100 2202 2203 2101)
4(2200 2201 2203 2202)
4(2102 2204 2205 2103)
4(2202 2203 2205 2204)
4(2104 2206 2207 2105)
4(2204 2205 2207 2206)
4(2106 2208 2209 2107)
4(2206 2207 2209 2208)
4(2108 2210 2211 2109)
4(2208 2209 2211 2210)
4(2110 2212 2213 2111)
4(2210 2211 2213 2212)
4(2112 2214 2215 2113)
4(2212 2213 2215 2214)
4(2114 2216 2217 2115)
4(2214 2215 2217 2216)
4(2116 2218 2219 2117)
4(2216 2217 2219 2218)
4(2118 2220 2221 2119)
4(2218 2219 2221 2220)
4(2120 2222 2223 2121)
4(2220 2221 2223 2222)
4(2122 2224 2225 2123)
4(2222 2223 2225 2224)
4(2124 2226 2227 2125)
4(2224 2225 2227 2226)
4(2126 2228 2229 2127)
4(2226 2227 2229 2228)
4(2128 2230 2231 2129)
4(2228 2229 2231 2230)
4(2130 2232 2233 2131)
4(2230 2231 2233 2232)
4(2132 2234 2235 2133)
4(2232 2233 2235 2234)
4(2134 2236 2237 2135)
4(2234 2235 2237 2236)
4(2136 2238 2239 2137)
4(2236 2237 2239 2238)
4(2138 2240 2241 2139)
4(2238 2239 2241 2240)
4(2240 2241 2243 2242)
4(2144 2246 2247 2145)
4(2244 2245 2247 2246)
4(2146 2248 2249 2147)
4(2246 2247 2249 2248)
4(2148 2250 2251 2149)
4(2248 2249 2251 2250)
4(2150 2252 2253 2151)
4(2250 2251 2253 2252)
4(2152 2254 2255 2153)
4(2252 2253 2255 2254)
4(2154 2256 2257 2155)
4(2254 2255 2257 2256)
4(2156 2258 2259 2157)
4(2256 2257 2259 2258)
4(2158 2260 2261 2159)
4(2258 2259 2261 2260)
4(2160 2262 2263 2161)
4(2260 2261 2263 2262)
4(2162 2264 2265 2163)
4(2262 2263 2265 2264)
4(2164 2266 2267 2165)
4(2264 2265 2267 2266)
4(2166 2268 2269 2167)
4(2266 2267 2269 2268)
4(2168 2270 2271 2169)
4(2268 2269 2271 2270)
4(2170 2272 2273 2171)
4(2270 2271 2273 2272)
4(2172 2274 2275 2173)
4(2272 2273 2275 2274)
4(2174 2276 2277 2175)
4(2274 2275 2277 2276)
4(2176 2278 2279 2177)
4(2276 2277 2279 2278)
4(2178 2280 2281 2179)
4(2278 2279 2281 2280)
4(2180 2282 2283 2181)
4(2280 2281 2283 2282)
4(2182 2284 2285 2183)
4(2282 2283 2285 2284)
4(2184 2286 2287 2185)
4(2284 2285 2287 2286)
4(2186 2288 2289 2187)
4(2286 2287 2289 2288)
4(2188 2290 2291 2189)
4(2288 2289 2291 2290)
4(2190 2292 2293 2191)
4(2290 2291 2293 2292)
4(2192 2294 2295 2193)
4(2292 2293 2295 2294)
4(2194 2296 2297 2195)
4(2294 2295 2297 2296)
4(2196 2298 2299 2197)
4(2296 2297 2299 2298)
4(2198 2300 2301 2199)
4(2298 2299 2301 2300)
4(2200 2302 2303 2201)
4(2300 2301 2303 2302)
4(2202 2304 2305 2203)
4(2302 2303 2305 2304)
4(2204 2306 2307 2205)
4(2304 2305 2307 2306)
4(2206 2308 2309 2207)
4(2306 2307 2309 2308)
4(2208 2310 2311 2209)
4(2308 2309 2311 2310)
4(2210 2312 2313 2211)
4(2310 2311 2313 2312)
4(2212 2314 2315 2213)
4(2312 2313 2315 2314)
4(2214 2316 2317 2215)
4(2314 2315 2317 2316)
4(2216 2318 2319 2217)
4(2316 2317 2319 2318)
4(2218 2320 2321 2219)
4(2318 2319 2321 2320)
4(2220 2322 2323 2221)
4(2320 2321 2323 2322)
4(2222 2324 2325 2223)
4(2322 2323 2325 2324)
4(2224 2326 2327 2225)
4(2324 2325 2327 2326)
4(2226 2328 2329 2227)
4(2326 2327 2329 2328)
4(2228 2330 2331 2229)
4(2328 2329 2331 2330)
4(2230 2332 2333 2231)
4(2330 2331 2333 2332)
4(2232 2334 2335 2233)
4(2332 2333 2335 2334)
4(2234 2336 2337 2235)
4(2334 2335 2337 2336)
4(2236 2338 2339 2237)
4(2336 2337 2339 2338)
4(2238 2340 2341 2239)
4(2338 2339 2341 2340)
4(2240 2342 2343 2241)
4(2340 2341 2343 2342)
4(2342 2343 2345 2344)
4(2246 2348 2349 2247)
4(2346 2347 2349 2348)
4(2248 2350 2351 2249)
4(2348 2349 2351 2350)
4(2250 2352 2353 2251)
4(2350 2351 2353 2352)
4(2252 2354 2355 2253)
4(2352 2353 2355 2354)
4(2254 2356 2357 2255)
4(2354 2355 2357 2356)
4(2256 2358 2359 2257)
4(2356 2357 2359 2358)
4(2258 2360 2361 2259)
4(2358 2359 2361 2360)
4(2260 2362 2363 2261)
4(2360 2361 2363 2362)
4(2262 2364 2365 2263)
4(2362 2363 2365 2364)
4(2264 2366 2367 2265)
4(2364 2365 2367 2366)
4(2266 2368 2369 2267)
4(2366 2367 2369 2368)
4(2268 2370 2371 2269)
4(2368 2369 2371 2370)
4(2270 2372 2373 2271)
4(2370 2371 2373 2372)
4(2272 2374 2375 2273)
4(2372 2373 2375 2374)
4(2274 2376 2377 2275)
4(2374 2375 2377 2376)
4(2276 2378 2379 2277)
4(2376 2377 2379 2378)
4(2278 2380 2381 2279)
4(2378 2379 2381 2380)
4(2280 2382 2383 2281)
4(2380 2381 2383 2382)
4(2282 2384 2385 2283)
4(2382 2383 2385 2384)
4(2284 2386 2387 2285)
4(2384 2385 2387 2386)
4(2286 2388 2389 2287)
4(2386 2387 2389 2388)
4(2288 2390 2391 2289)
4(2388 2389 2391 2390)
4(2290 2392 2393 2291)
4(2390 2391 2393 2392)
4(2292 2394 2395 2293)
4(2392 2393 2395 2394)
4(2294 2396 2397 2295)
4(2394 2395 2397 2396)
4(2296 2398 2399 2297)
4(2396 2397 2399 2398)
4(2298 2400 2401 2299)
4(2398 2399 2401 2400)
4(2300 2402 2403 2301)
4(2400 2401 2403 2402)
4(2302 2404 2405 2303)
4(2402 2403 2405 2404)
4(2304 2406 2407 2305)
4(2404 2405 2407 2406)
4(2306 2408 2409 2307)
4(2406 2407 2409 2408)
4(2308 2410 2411 2309)
4(2408 2409 2411 2410)
4(2310 2412 2413 2311)
4(2410 2411 2413 2412)
4(2312 2414 2415 2313)
4(2412 2413 2415 2414)
4(2314 2416 2417 2315)
4(2414 2415 2417 2416)
4(2316 2418 2419 2317)
4(2416 2417 2419 2418)
4(2318 2420 2421 2319)
4(2418 2419 2421 2420)
4(2320 2422 2423 2321)
4(2420 2421 2423 2422)
4(2322 2424 2425 2323)
4(2422 2423 2425 2424)
4(2324 2426 2427 2325)
4(2424 2425 2427 2426)
4(2326 2428 2429 2327)
4(2426 2427 2429 2428)
4(2328 2430 2431 2329)
4(2428 2429 2431 2430)
4(2330 2432 2433 2331)
4(2430 2431 2433 2432)
4(2332 2434 2435 2333)
4(2432 2433 2435 2434)
4(2334 2436 2437 2335)
4(2434 2435 2437 2436)
4(2336 2438 2439 2337)
4(2436 2437 2439 2438)
4(2338 2440 2441 2339)
4(2438 2439 2441 2440)
4(2340 2442 2443 2341)
4(2440 2441 2443 2442)
4(2342 2444 2445 2343)
4(2442 2443 2445 2444)
4(2444 2445 2447 2446)
4(2348 2450 2451 2349)
4(2448 2449 2451 2450)
4(2350 2452 2453 2351)
4(2450 2451 2453 2452)
4(2352 2454 2455 2353)
4(2452 2453 2455 2454)
4(2354 2456 2457 2355)
4(2454 2455 2457 2456)
4(2356 2458 2459 2357)
4(2456 2457 2459 2458)
4(2358 2460 2461 2359)
4(2458 2459 2461 2460)
4(2360 2462 2463 2361)
4(2460 2461 2463 2462)
4(2362 2464 2465 2363)
4(2462 2463 2465 2464)
4(2364 2466 2467 2365)
4(2464 2465 2467 2466)
4(2366 2468 2469 2367)
4(2466 2467 2469 2468)
4(2368 2470 2471 2369)
4(2468 2469 2471 2470)
4(2370 2472 2473 2371)
4(2470 2471 2473 2472)
4(2372 2474 2475 2373)
4(2472 2473 2475 2474)
4(2374 2476 2477 2375)
4(2474 2475 2477 2476)
4(2376 2478 2479 2377)
4(2476 2477 2479 2478)
4(2378 2480 2481 2379)
4(2478 2479 2481 2480)
4(2380 2482 2483 2381)
4(2480 2481 2483 2482)
4(2382 2484 2485 2383)
4(2482 2483 2485 2484)
4(2384 2486 2487 2385)
4(2484 2485 2487 2486)
4(2386 2488 2489 2387)
4(2486 2487 2489 2488)
4(2388 2490 2491 2389)
4(2488 2489 2491 2490)
4(2390 2492 2493 2391)
4(2490 2491 2493 2492)
4(2392 2494 2495 2393)
4(2492 2493 2495 2494)
4(2394 2496 2497 2395)
4(2494 2495 2497 2496)
4(2396 2498 2499 2397)
4(2496 2497 2499 2498)
4(2398 2500 2501 2399)
4(2498 2499 2501 2500)
4(2400 2502 2503 2401)
4(2500 2501 2503 2502)
4(2402 2504 2505 2403)
4(2502 2503 2505 2504)
4(2404 2506 2507 2405)
4(2504 2505 2507 2506)
4(2406 2508 2509 2407)
4(2506 2507 2509 2508)
4(2408 2510 2511 2409)
4(2508 2509 2511 2510)
4(2410 2512 2513 2411)
4(2510 2511 2513 2512)
4(2412 2514 2515 2413)
4(2512 2513 2515 2514)
4(2414 2516 2517 2415)
4(2514 2515 2517 2516)
4(2416 2518 2519 2417)
4(2516 2517 2519 2518)
4(2418 2520 2521 2419)
4(2518 2519 2521 2520)
4(2420 2522 2523 2421)
4(2520 2521 2523 2522)
4(2422 2524 2525 2423)
4(2522 2523 2525 2524)
4(2424 2526 2527 2425)
4(2524 2525 2527 2526)
4(2426 2528 2529 2427)
4(2526 2527 2529 2528)
4(2428 2530 2531 2429)
4(2528 2529 2531 2530)
4(2430 2532 2533 2431)
4(2530 2531 2533 2532)
4(2432 2534 2535 2433)
4(2532 2533 2535 2534)
4(2434 2536 2537 2435)
4(2534 2535 2537 2536)
4(2436 2538 2539 2437)
4(2536 2537 2539 2538)
4(2438 2540 2541 2439)
4(2538 2539 2541 2540)
4(2440 2542 2543 2441)
4(2540 2541 2543 2542)
4(2442 2544 2545 2443)
4(2542 2543 2545 2544)
4(2444 2546 2547 2445)
4(2544 2545 2547 2546)
4(2546 2547 2549 2548)
4(2450 2552 2553 2451)
4(2550 2551 2553 2552)
4(2452 2554 2555 2453)
4(2552 2553 2555 2554)
4(2454 2556 2557 2455)
4(2554 2555 2557 2556)
4(2456 2558 2559 2457)
4(2556 2557 2559 2558)
4(2458 2560 2561 2459)
4(2558 2559 2561 2560)
4(2460 2562 2563 2461)
4(2560 2561 2563 2562)
4(2462 2564 2565 2463)
4(2562 2563 2565 2564)
4(2464 2566 2567 2465)
4(2564 2565 2567 2566)
4(2466 2568 2569 2467)
4(2566 2567 2569 2568)
4(2468 2570 2571 2469)
4(2568 2569 2571 2570)
4(2470 2572 2573 2471)
4(2570 2571 2573 2572)
4(2472 2574 2575 2473)
4(2572 2573 2575 2574)
4(2474 2576 2577 2475)
4(2574 2575 2577 2576)
4(2476 2578 2579 2477)
4(2576 2577 2579 2578)
4(2478 2580 2581 2479)
4(2578 2579 2581 2580)
4(2480 2582 2583 2481)
4(2580 2581 2583 2582)
4(2482 2584 2585 2483)
4(2582 2583 2585 2584)
4(2484 2586 2587 2485)
4(2584 2585 2587 2586)
4(2486 2588 2589 2487)
4(2586 2587 2589 2588)
4(2488 2590 2591 2489)
4(2588 2589 2591 2590)
4(2490 2592 2593 2491)
4(2590 2591 2593 2592)
4(2492 2594 2595 2493)
4(2592 2593 2595 2594)
4(2494 2596 2597 2495)
4(2594 2595 2597 2596)
4(2496 2598 2599 2497)
4(2596 2597 2599 2598)
4(2498 2600 2601 2499)
4(2598 2599 2601 2600)
4(2500 2602 2603 2501)
4(2600 2601 2603 2602)
4(2502 2604 2605 2503)
4(2602 2603 2605 2604)
4(2504 2606 2607 2505)
4(2604 2605 2607 2606)
4(2506 2608 2609 2507)
4(2606 2607 2609 2608)
4(2508 2610 2611 2509)
4(2608 2609 2611 2610)
4(2510 2612 2613 2511)
4(2610 2611 2613 2612)
4(2512 2614 2615 2513)
4(2612 2613 2615 2614)
4(2514 2616 2617 2515)
4(2614 2615 2617 2616)
4(2516 2618 2619 2517)
4(2616 2617 2619 2618)
4(2518 2620 2621 2519)
4(2618 2619 2621 2620)
4(2520 2622 2623 2521)
4(2620 2621 2623 2622)
4(2522 2624 2625 2523)
4(2622 2623 2625 2624)
4(2524 2626 2627 2525)
4(2624 2625 2627 2626)
4(2526 2628 2629 2527)
4(2626 2627 2629 2628)
4(2528 2630 2631 2529)
4(2628 2629 2631 2630)
4(2530 2632 2633 2531)
4(2630 2631 2633 2632)
4(2532 2634 2635 2533)
4(2632 2633 2635 2634)
4(2534 2636 2637 2535)
4(2634 2635 2637 2636)
4(2536 2638 2639 2537)
4(2636 2637 2639 2638)
4(2538 2640 2641 2539)
4(2638 2639 2641 2640)
4(2540 2642 2643 2541)
4(2640 2641 2643 2642)
4(2542 2644 2645 2543)
4(2642 2643 2645 2644)
4(2544 2646 2647 2545)
4(2644 2645 2647 2646)
4(2546 2648 2649 2547)
4(2646 2647 2649 2648)
4(2648 2649 2651 2650)
4(2552 2654 2655 2553)
4(2652 2653 2655 2654)
4(2554 2656 2657 2555)
4(2654 2655 2657 2656)
4(2556 2658 2659 2557)
4(2656 2657 2659 2658)
4(2558 2660 2661 2559)
4(2658 2659 2661 2660)
4(2560 2662 2663 2561)
4(2660 2661 2663 2662)
4(2562 2664 2665 2563)
4(2662 2663 2665 2664)
4(2564 2666 2667 2565)
4(2664 2665 2667 2666)
4(2566 2668 2669 2567)
4(2666 2667 2669 2668)
4(2568 2670 2671 2569)
4(2668 2669 2671 2670)
4(2570 2672 2673 2571)
4(2670 2671 2673 2672)
4(2572 2674 2675 2573)
4(2672 2673 2675 2674)
4(2574 2676 2677 2575)
4(2674 2675 2677 2676)
4(2576 2678 2679 2577)
4(2676 2677 2679 2678)
4(2578 2680 2681 2579)
4(2678 2679 2681 2680)
4(2580 2682 2683 2581)
4(2680 2681 2683 2682)
4(2582 2684 2685 2583)
4(2682 2683 2685 2684)
4(2584 2686 2687 2585)
4(2684 2685 2687 2686)
4(2586 2688 2689 2587)
4(2686 2687 2689 2688)
4(2588 2690 2691 2589)
4(2688 2689 2691 2690)
4(2590 2692 2693 2591)
4(2690 2691 2693 2692)
4(2592 2694 2695 2593)
4(2692 2693 2695 2694)
4(2594 2696 2697 2595)
4(2694 2695 2697 2696)
4(2596 2698 2699 2597)
4(2696 2697 2699 2698)
4(2598 2700 2701 2599)
4(2698 2699 2701 2700)
4(2600 2702 2703 2601)
4(2700 2701 2703 2702)
4(2602 2704 2705 2603)
4(2702 2703 2705 2704)
4(2604 2706 2707 2605)
4(2704 2705 2707 2706)
4(2606 2708 2709 2607)
4(2706 2707 2709 2708)
4(2608 2710 2711 2609)
4(2708 2709 2711 2710)
4(2610 2712 2713 2611)
4(2710 2711 2713 2712)
4(2612 2714 2715 2613)
4(2712 2713 2715 2714)
4(2614 2716 2717 2615)
4(2714 2715 2717 2716)
4(2616 2718 2719 2617)
4(2716 2717 2719 2718)
4(2618 2720 2721 2619)
4(2718 2719 2721 2720)
4(2620 2722 2723 2621)
4(2720 2721 2723 2722)
4(2622 2724 2725 2623)
4(2722 2723 2725 2724)
4(2624 2726 2727 2625)
4(2724 2725 2727 2726)
4(2626 2728 2729 2627)
4(2726 2727 2729 2728)
4(2628 2730 2731 2629)
4(2728 2729 2731 2730)
4(2630 2732 2733 2631)
4(2730 2731 2733 2732)
4(2632 2734 2735 2633)
4(2732 2733 2735 2734)
4(2634 2736 2737 2635)
4(2734 2735 2737 2736)
4(2636 2738 2739 2637)
4(2736 2737 2739 2738)
4(2638 2740 2741 2639)
4(2738 2739 2741 2740)
4(2640 2742 2743 2641)
4(2740 2741 2743 2742)
4(2642 2744 2745 2643)
4(2742 2743 2745 2744)
4(2644 2746 2747 2645)
4(2744 2745 2747 2746)
4(2646 2748 2749 2647)
4(2746 2747 2749 2748)
4(2648 2750 2751 2649)
4(2748 2749 2751 2750)
4(2750 2751 2753 2752)
4(2654 2756 2757 2655)
4(2754 2755 2757 2756)
4(2656 2758 2759 2657)
4(2756 2757 2759 2758)
4(2658 2760 2761 2659)
4(2758 2759 2761 2760)
4(2660 2762 2763 2661)
4(2760 2761 2763 2762)
4(2662 2764 2765 2663)
4(2762 2763 2765 2764)
4(2664 2766 2767 2665)
4(2764 2765 2767 2766)
4(2666 2768 2769 2667)
4(2766 2767 2769 2768)
4(2668 2770 2771 2669)
4(2768 2769 2771 2770)
4(2670 2772 2773 2671)
4(2770 2771 2773 2772)
4(2672 2774 2775 2673)
4(2772 2773 2775 2774)
4(2674 2776 2777 2675)
4(2774 2775 2777 2776)
4(2676 2778 2779 2677)
4(2776 2777 2779 2778)
4(2678 2780 2781 2679)
4(2778 2779 2781 2780)
4(2680 2782 2783 2681)
4(2780 2781 2783 2782)
4(2682 2784 2785 2683)
4(2782 2783 2785 2784)
4(2684 2786 2787 2685)
4(2784 2785 2787 2786)
4(2686 2788 2789 2687)
4(2786 2787 2789 2788)
4(2688 2790 2791 2689)
4(2788 2789 2791 2790)
4(2690 2792 2793 2691)
4(2790 2791 2793 2792)
4(2692 2794 2795 2693)
4(2792 2793 2795 2794)
4(2694 2796 2797 2695)
4(2794 2795 2797 2796)
4(2696 2798 2799 2697)
4(2796 2797 2799 2798)
4(2698 2800 2801 2699)
4(2798 2799 2801 2800)
4(2700 2802 2803 2701)
4(2800 2801 2803 2802)
4(2702 2804 2805 2703)
4(2802 2803 2805 2804)
4(2704 2806 2807 2705)
4(2804 2805 2807 2806)
4(2706 2808 2809 2707)
4(2806 2807 2809 2808)
4(2708 2810 2811 2709)
4(2808 2809 2811 2810)
4(2710 2812 2813 2711)
4(2810 2811 2813 2812)
4(2712 2814 2815 2713)
4(2812 2813 2815 2814)
4(2714 2816 2817 2715)
4(2814 2815 2817 2816)
4(2716 2818 2819 2717)
4(2816 2817 2819 2818)
4(2718 2820 2821 2719)
4(2818 2819 2821 2820)
4(2720 2822 2823 2721)
4(2820 2821 2823 2822)
4(2722 2824 2825 2723)
4(2822 2823 2825 2824)
4(2724 2826 2827 2725)
4(2824 2825 2827 2826)
4(2726 2828 2829 2727)
4(2826 2827 2829 2828)
4(2728 2830 2831 2729)
4(2828 2829 2831 2830)
4(2730 2832 2833 2731)
4(2830 2831 2833 2832)
4(2732 2834 2835 2733)
4(2832 2833 2835 2834)
4(2734 2836 2837 2735)
4(2834 2835 2837 2836)
4(2736 2838 2839 2737)
4(2836 2837 2839 2838)
4(2738 2840 2841 2739)
4(2838 2839 2841 2840)
4(2740 2842 2843 2741)
4(2840 2841 2843 2842)
4(2742 2844 2845 2743)
4(2842 2843 2845 2844)
4(2744 2846 2847 2745)
4(2844 2845 2847 2846)
4(2746 2848 2849 2747)
4(2846 2847 2849 2848)
4(2748 2850 2851 2749)
4(2848 2849 2851 2850)
4(2750 2852 2853 2751)
4(2850 2851 2853 2852)
4(2852 2853 2855 2854)
4(2756 2858 2859 2757)
4(2856 2857 2859 2858)
4(2758 2860 2861 2759)
4(2858 2859 2861 2860)
4(2760 2862 2863 2761)
4(2860 2861 2863 2862)
4(2762 2864 2865 2763)
4(2862 2863 2865 2864)
4(2764 2866 2867 2765)
4(2864 2865 2867 2866)
4(2766 2868 2869 2767)
4(2866 2867 2869 2868)
4(2768 2870 2871 2769)
4(2868 2869 2871 2870)
4(2770 2872 2873 2771)
4(2870 2871 2873 2872)
4(2772 2874 2875 2773)
4(2872 2873 2875 2874)
4(2774 2876 2877 2775)
4(2874 2875 2877 2876)
4(2776 2878 2879 2777)
4(2876 2877 2879 2878)
4(2778 2880 2881 2779)
4(2878 2879 2881 2880)
4(2780 2882 2883 2781)
4(2880 2881 2883 2882)
4(2782 2884 2885 2783)
4(2882 2883 2885 2884)
4(2784 2886 2887 2785)
4(2884 2885 2887 2886)
4(2786 2888 2889 2787)
4(2886 2887 2889 2888)
4(2788 2890 2891 2789)
4(2888 2889 2891 2890)
4(2790 2892 2893 2791)
4(2890 2891 2893 2892)
4(2792 2894 2895 2793)
4(2892 2893 2895 2894)
4(2794 2896 2897 2795)
4(2894 2895 2897 2896)
4(2796 2898 2899 2797)
4(2896 2897 2899 2898)
4(2798 2900 2901 2799)
4(2898 2899 2901 2900)
4(2800 2902 2903 2801)
4(2900 2901 2903 2902)
4(2802 2904 2905 2803)
4(2902 2903 2905 2904)
4(2804 2906 2907 2805)
4(2904 2905 2907 2906)
4(2806 2908 2909 2807)
4(2906 2907 2909 2908)
4(2808 2910 2911 2809)
4(2908 2909 2911 2910)
4(2810 2912 2913 2811)
4(2910 2911 2913 2912)
4(2812 2914 2915 2813)
4(2912 2913 2915 2914)
4(2814 2916 2917 2815)
4(2914 2915 2917 2916)
4(2816 2918 2919 2817)
4(2916 2917 2919 2918)
4(2818 2920 2921 2819)
4(2918 2919 2921 2920)
4(2820 2922 2923 2821)
4(2920 2921 2923 2922)
4(2822 2924 2925 2823)
4(2922 2923 2925 2924)
4(2824 2926 2927 2825)
4(2924 2925 2927 2926)
4(2826 2928 2929 2827)
4(2926 2927 2929 2928)
4(2828 2930 2931 2829)
4(2928 2929 2931 2930)
4(2830 2932 2933 2831)
4(2930 2931 2933 2932)
4(2832 2934 2935 2833)
4(2932 2933 2935 2934)
4(2834 2936 2937 2835)
4(2934 2935 2937 2936)
4(2836 2938 2939 2837)
4(2936 2937 2939 2938)
4(2838 2940 2941 2839)
4(2938 2939 2941 2940)
4(2840 2942 2943 2841)
4(2940 2941 2943 2942)
4(2842 2944 2945 2843)
4(2942 2943 2945 2944)
4(2844 2946 2947 2845)
4(2944 2945 2947 2946)
4(2846 2948 2949 2847)
4(2946 2947 2949 2948)
4(2848 2950 2951 2849)
4(2948 2949 2951 2950)
4(2850 2952 2953 2851)
4(2950 2951 2953 2952)
4(2852 2954 2955 2853)
4(2952 2953 2955 2954)
4(2954 2955 2957 2956)
4(2858 2960 2961 2859)
4(2958 2959 2961 2960)
4(2860 2962 2963 2861)
4(2960 2961 2963 2962)
4(2862 2964 2965 2863)
4(2962 2963 2965 2964)
4(2864 2966 2967 2865)
4(2964 2965 2967 2966)
4(2866 2968 2969 2867)
4(2966 2967 2969 2968)
4(2868 2970 2971 2869)
4(2968 2969 2971 2970)
4(2870 2972 2973 2871)
4(2970 2971 2973 2972)
4(2872 2974 2975 2873)
4(2972 2973 2975 2974)
4(2874 2976 2977 2875)
4(2974 2975 2977 2976)
4(2876 2978 2979 2877)
4(2976 2977 2979 2978)
4(2878 2980 2981 2879)
4(2978 2979 2981 2980)
4(2880 2982 2983 2881)
4(2980 2981 2983 2982)
4(2882 2984 2985 2883)
4(2982 2983 2985 2984)
4(2884 2986 2987 2885)
4(2984 2985 2987 2986)
4(2886 2988 2989 2887)
4(2986 2987 2989 2988)
4(2888 2990 2991 2889)
4(2988 2989 2991 2990)
4(2890 2992 2993 2891)
4(2990 2991 2993 2992)
4(2892 2994 2995 2893)
4(2992 2993 2995 2994)
4(2894 2996 2997 2895)
4(2994 2995 2997 2996)
4(2896 2998 2999 2897)
4(2996 2997 2999 2998)
4(2898 3000 3001 2899)
4(2998 2999 3001 3000)
4(2900 3002 3003 2901)
4(3000 3001 3003 3002)
4(2902 3004 3005 2903)
4(3002 3003 3005 3004)
4(2904 3006 3007 2905)
4(3004 3005 3007 3006)
4(2906 3008 3009 2907)
4(3006 3007 3009 3008)
4(2908 3010 3011 2909)
4(3008 3009 3011 3010)
4(2910 3012 3013 2911)
4(3010 3011 3013 3012)
4(2912 3014 3015 2913)
4(3012 3013 3015 3014)
4(2914 3016 3017 2915)
4(3014 3015 3017 3016)
4(2916 3018 3019 2917)
4(3016 3017 3019 3018)
4(2918 3020 3021 2919)
4(3018 3019 3021 3020)
4(2920 3022 3023 2921)
4(3020 3021 3023 3022)
4(2922 3024 3025 2923)
4(3022 3023 3025 3024)
4(2924 3026 3027 2925)
4(3024 3025 3027 3026)
4(2926 3028 3029 2927)
4(3026 3027 3029 3028)
4(2928 3030 3031 2929)
4(3028 3029 3031 3030)
4(2930 3032 3033 2931)
4(3030 3031 3033 3032)
4(2932 3034 3035 2933)
4(3032 3033 3035 3034)
4(2934 3036 3037 2935)
4(3034 3035 3037 3036)
4(2936 3038 3039 2937)
4(3036 3037 3039 3038)
4(2938 3040 3041 2939)
4(3038 3039 3041 3040)
4(2940 3042 3043 2941)
4(3040 3041 3043 3042)
4(2942 3044 3045 2943)
4(3042 3043 3045 3044)
4(2944 3046 3047 2945)
4(3044 3045 3047 3046)
4(2946 3048 3049 2947)
4(3046 3047 3049 3048)
4(2948 3050 3051 2949)
4(3048 3049 3051 3050)
4(2950 3052 3053 2951)
4(3050 3051 3053 3052)
4(2952 3054 3055 2953)
4(3052 3053 3055 3054)
4(2954 3056 3057 2955)
4(3054 3055 3057 3056)
4(3056 3057 3059 3058)
4(2960 3062 3063 2961)
4(3060 3061 3063 3062)
4(2962 3064 3065 2963)
4(3062 3063 3065 3064)
4(2964 3066 3067 2965)
4(3064 3065 3067 3066)
4(2966 3068 3069 2967)
4(3066 3067 3069 3068)
4(2968 3070 3071 2969)
4(3068 3069 3071 3070)
4(2970 3072 3073 2971)
4(3070 3071 3073 3072)
4(2972 3074 3075 2973)
4(3072 3073 3075 3074)
4(2974 3076 3077 2975)
4(3074 3075 3077 3076)
4(2976 3078 3079 2977)
4(3076 3077 3079 3078)
4(2978 3080 3081 2979)
4(3078 3079 3081 3080)
4(2980 3082 3083 2981)
4(3080 3081 3083 3082)
4(2982 3084 3085 2983)
4(3082 3083 3085 3084)
4(2984 3086 3087 2985)
4(3084 3085 3087 3086)
4(2986 3088 3089 2987)
4(3086 3087 3089 3088)
4(2988 3090 3091 2989)
4(3088 3089 3091 3090)
4(2990 3092 3093 2991)
4(3090 3091 3093 3092)
4(2992 3094 3095 2993)
4(3092 3093 3095 3094)
4(2994 3096 3097 2995)
4(3094 3095 3097 3096)
4(2996 3098 3099 2997)
4(3096 3097 3099 3098)
4(2998 3100 3101 2999)
4(3098 3099 3101 3100)
4(3000 3102 3103 3001)
4(3100 3101 3103 3102)
4(3002 3104 3105 3003)
4(3102 3103 3105 3104)
4(3004 3106 3107 3005)
4(3104 3105 3107 3106)
4(3006 3108 3109 3007)
4(3106 3107 3109 3108)
4(3008 3110 3111 3009)
4(3108 3109 3111 3110)
4(3010 3112 3113 3011)
4(3110 3111 3113 3112)
4(3012 3114 3115 3013)
4(3112 3113 3115 3114)
4(3014 3116 3117 3015)
4(3114 3115 3117 3116)
4(3016 3118 3119 3017)
4(3116 3117 3119 3118)
4(3018 3120 3121 3019)
4(3118 3119 3121 3120)
4(3020 3122 3123 3021)
4(3120 3121 3123 3122)
4(3022 3124 3125 3023)
4(3122 3123 3125 3124)
4(3024 3126 3127 3025)
4(3124 3125 3127 3126)
4(3026 3128 3129 3027)
4(3126 3127 3129 3128)
4(3028 3130 3131 3029)
4(3128 3129 3131 3130)
4(3030 3132 3133 3031)
4(3130 3131 3133 3132)
4(3032 3134 3135 3033)
4(3132 3133 3135 3134)
4(3034 3136 3137 3035)
4(3134 3135 3137 3136)
4(3036 3138 3139 3037)
4(3136 3137 3139 3138)
4(3038 3140 3141 3039)
4(3138 3139 3141 3140)
4(3040 3142 3143 3041)
4(3140 3141 3143 3142)
4(3042 3144 3145 3043)
4(3142 3143 3145 3144)
4(3044 3146 3147 3045)
4(3144 3145 3147 3146)
4(3046 3148 3149 3047)
4(3146 3147 3149 3148)
4(3048 3150 3151 3049)
4(3148 3149 3151 3150)
4(3050 3152 3153 3051)
4(3150 3151 3153 3152)
4(3052 3154 3155 3053)
4(3152 3153 3155 3154)
4(3054 3156 3157 3055)
4(3154 3155 3157 3156)
4(3056 3158 3159 3057)
4(3156 3157 3159 3158)
4(3158 3159 3161 3160)
4(3062 3164 3165 3063)
4(3162 3163 3165 3164)
4(3064 3166 3167 3065)
4(3164 3165 3167 3166)
4(3066 3168 3169 3067)
4(3166 3167 3169 3168)
4(3068 3170 3171 3069)
4(3168 3169 3171 3170)
4(3070 3172 3173 3071)
4(3170 3171 3173 3172)
4(3072 3174 3175 3073)
4(3172 3173 3175 3174)
4(3074 3176 3177 3075)
4(3174 3175 3177 3176)
4(3076 3178 3179 3077)
4(3176 3177 3179 3178)
4(3078 3180 3181 3079)
4(3178 3179 3181 3180)
4(3080 3182 3183 3081)
4(3180 3181 3183 3182)
4(3082 3184 3185 3083)
4(3182 3183 3185 3184)
4(3084 3186 3187 3085)
4(3184 3185 3187 3186)
4(3086 3188 3189 3087)
4(3186 3187 3189 3188)
4(3088 3190 3191 3089)
4(3188 3189 3191 3190)
4(3090 3192 3193 3091)
4(3190 3191 3193 3192)
4(3092 3194 3195 3093)
4(3192 3193 3195 3194)
4(3094 3196 3197 3095)
4(3194 3195 3197 3196)
4(3096 3198 3199 3097)
4(3196 3197 3199 3198)
4(3098 3200 3201 3099)
4(3198 3199 3201 3200)
4(3100 3202 3203 3101)
4(3200 3201 3203 3202)
4(3102 3204 3205 3103)
4(3202 3203 3205 3204)
4(3104 3206 3207 3105)
4(3204 3205 3207 3206)
4(3106 3208 3209 3107)
4(3206 3207 3209 3208)
4(3108 3210 3211 3109)
4(3208 3209 3211 3210)
4(3110 3212 3213 3111)
4(3210 3211 3213 3212)
4(3112 3214 3215 3113)
4(3212 3213 3215 3214)
4(3114 3216 3217 3115)
4(3214 3215 3217 3216)
4(3116 3218 3219 3117)
4(3216 3217 3219 3218)
4(3118 3220 3221 3119)
4(3218 3219 3221 3220)
4(3120 3222 3223 3121)
4(3220 3221 3223 3222)
4(3122 3224 3225 3123)
4(3222 3223 3225 3224)
4(3124 3226 3227 3125)
4(3224 3225 3227 3226)
4(3126 3228 3229 3127)
4(3226 3227 3229 3228)
4(3128 3230 3231 3129)
4(3228 3229 3231 3230)
4(3130 3232 3233 3131)
4(3230 3231 3233 3232)
4(3132 3234 3235 3133)
4(3232 3233 3235 3234)
4(3134 3236 3237 3135)
4(3234 3235 3237 3236)
4(3136 3238 3239 3137)
4(3236 3237 3239 3238)
4(3138 3240 3241 3139)
4(3238 3239 3241 3240)
4(3140 3242 3243 3141)
4(3240 3241 3243 3242)
4(3142 3244 3245 3143)
4(3242 3243 3245 3244)
4(3144 3246 3247 3145)
4(3244 3245 3247 3246)
4(3146 3248 3249 3147)
4(3246 3247 3249 3248)
4(3148 3250 3251 3149)
4(3248 3249 3251 3250)
4(3150 3252 3253 3151)
4(3250 3251 3253 3252)
4(3152 3254 3255 3153)
4(3252 3253 3255 3254)
4(3154 3256 3257 3155)
4(3254 3255 3257 3256)
4(3156 3258 3259 3157)
4(3256 3257 3259 3258)
4(3158 3260 3261 3159)
4(3258 3259 3261 3260)
4(3260 3261 3263 3262)
4(3164 3266 3267 3165)
4(3264 3265 3267 3266)
4(3166 3268 3269 3167)
4(3266 3267 3269 3268)
4(3168 3270 3271 3169)
4(3268 3269 3271 3270)
4(3170 3272 3273 3171)
4(3270 3271 3273 3272)
4(3172 3274 3275 3173)
4(3272 3273 3275 3274)
4(3174 3276 3277 3175)
4(3274 3275 3277 3276)
4(3176 3278 3279 3177)
4(3276 3277 3279 3278)
4(3178 3280 3281 3179)
4(3278 3279 3281 3280)
4(3180 3282 3283 3181)
4(3280 3281 3283 3282)
4(3182 3284 3285 3183)
4(3282 3283 3285 3284)
4(3184 3286 3287 3185)
4(3284 3285 3287 3286)
4(3186 3288 3289 3187)
4(3286 3287 3289 3288)
4(3188 3290 3291 3189)
4(3288 3289 3291 3290)
4(3190 3292 3293 3191)
4(3290 3291 3293 3292)
4(3192 3294 3295 3193)
4(3292 3293 3295 3294)
4(3194 3296 3297 3195)
4(3294 3295 3297 3296)
4(3196 3298 3299 3197)
4(3296 3297 3299 3298)
4(3198 3300 3301 3199)
4(3298 3299 3301 3300)
4(3200 3302 3303 3201)
4(3300 3301 3303 3302)
4(3202 3304 3305 3203)
4(3302 3303 3305 3304)
4(3204 3306 3307 3205)
4(3304 3305 3307 3306)
4(3206 3308 3309 3207)
4(3306 3307 3309 3308)
4(3208 3310 3311 3209)
4(3308 3309 3311 3310)
4(3210 3312 3313 3211)
4(3310 3311 3313 3312)
4(3212 3314 3315 3213)
4(3312 3313 3315 3314)
4(3214 3316 3317 3215)
4(3314 3315 3317 3316)
4(3216 3318 3319 3217)
4(3316 3317 3319 3318)
4(3218 3320 3321 3219)
4(3318 3319 3321 3320)
4(3220 3322 3323 3221)
4(3320 3321 3323 3322)
4(3222 3324 3325 3223)
4(3322 3323 3325 3324)
4(3224 3326 3327 3225)
4(3324 3325 3327 3326)
4(3226 3328 3329 3227)
4(3326 3327 3329 3328)
4(3228 3330 3331 3229)
4(3328 3329 3331 3330)
4(3230 3332 3333 3231)
4(3330 3331 3333 3332)
4(3232 3334 3335 3233)
4(3332 3333 3335 3334)
4(3234 3336 3337 3235)
4(3334 3335 3337 3336)
4(3236 3338 3339 3237)
4(3336 3337 3339 3338)
4(3238 3340 3341 3239)
4(3338 3339 3341 3340)
4(3240 3342 3343 3241)
4(3340 3341 3343 3342)
4(3242 3344 3345 3243)
4(3342 3343 3345 3344)
4(3244 3346 3347 3245)
4(3344 3345 3347 3346)
4(3246 3348 3349 3247)
4(3346 3347 3349 3348)
4(3248 3350 3351 3249)
4(3348 3349 3351 3350)
4(3250 3352 3353 3251)
4(3350 3351 3353 3352)
4(3252 3354 3355 3253)
4(3352 3353 3355 3354)
4(3254 3356 3357 3255)
4(3354 3355 3357 3356)
4(3256 3358 3359 3257)
4(3356 3357 3359 3358)
4(3258 3360 3361 3259)
4(3358 3359 3361 3360)
4(3260 3362 3363 3261)
4(3360 3361 3363 3362)
4(3362 3363 3365 3364)
4(3266 3368 3369 3267)
4(3366 3367 3369 3368)
4(3268 3370 3371 3269)
4(3368 3369 3371 3370)
4(3270 3372 3373 3271)
4(3370 3371 3373 3372)
4(3272 3374 3375 3273)
4(3372 3373 3375 3374)
4(3274 3376 3377 3275)
4(3374 3375 3377 3376)
4(3276 3378 3379 3277)
4(3376 3377 3379 3378)
4(3278 3380 3381 3279)
4(3378 3379 3381 3380)
4(3280 3382 3383 3281)
4(3380 3381 3383 3382)
4(3282 3384 3385 3283)
4(3382 3383 3385 3384)
4(3284 3386 3387 3285)
4(3384 3385 3387 3386)
4(3286 3388 3389 3287)
4(3386 3387 3389 3388)
4(3288 3390 3391 3289)
4(3388 3389 3391 3390)
4(3290 3392 3393 3291)
4(3390 3391 3393 3392)
4(3292 3394 3395 3293)
4(3392 3393 3395 3394)
4(3294 3396 3397 3295)
4(3394 3395 3397 3396)
4(3296 3398 3399 3297)
4(3396 3397 3399 3398)
4(3298 3400 3401 3299)
4(3398 3399 3401 3400)
4(3300 3402 3403 3301)
4(3400 3401 3403 3402)
4(3302 3404 3405 3303)
4(3402 3403 3405 3404)
4(3304 3406 3407 3305)
4(3404 3405 3407 3406)
4(3306 3408 3409 3307)
4(3406 3407 3409 3408)
4(3308 3410 3411 3309)
4(3408 3409 3411 3410)
4(3310 3412 3413 3311)
4(3410 3411 3413 3412)
4(3312 3414 3415 3313)
4(3412 3413 3415 3414)
4(3314 3416 3417 3315)
4(3414 3415 3417 3416)
4(3316 3418 3419 3317)
4(3416 3417 3419 3418)
4(3318 3420 3421 3319)
4(3418 3419 3421 3420)
4(3320 3422 3423 3321)
4(3420 3421 3423 3422)
4(3322 3424 3425 3323)
4(3422 3423 3425 3424)
4(3324 3426 3427 3325)
4(3424 3425 3427 3426)
4(3326 3428 3429 3327)
4(3426 3427 3429 3428)
4(3328 3430 3431 3329)
4(3428 3429 3431 3430)
4(3330 3432 3433 3331)
4(3430 3431 3433 3432)
4(3332 3434 3435 3333)
4(3432 3433 3435 3434)
4(3334 3436 3437 3335)
4(3434 3435 3437 3436)
4(3336 3438 3439 3337)
4(3436 3437 3439 3438)
4(3338 3440 3441 3339)
4(3438 3439 3441 3440)
4(3340 3442 3443 3341)
4(3440 3441 3443 3442)
4(3342 3444 3445 3343)
4(3442 3443 3445 3444)
4(3344 3446 3447 3345)
4(3444 3445 3447 3446)
4(3346 3448 3449 3347)
4(3446 3447 3449 3448)
4(3348 3450 3451 3349)
4(3448 3449 3451 3450)
4(3350 3452 3453 3351)
4(3450 3451 3453 3452)
4(3352 3454 3455 3353)
4(3452 3453 3455 3454)
4(3354 3456 3457 3355)
4(3454 3455 3457 3456)
4(3356 3458 3459 3357)
4(3456 3457 3459 3458)
4(3358 3460 3461 3359)
4(3458 3459 3461 3460)
4(3360 3462 3463 3361)
4(3460 3461 3463 3462)
4(3362 3464 3465 3363)
4(3462 3463 3465 3464)
4(3464 3465 3467 3466)
4(3368 3470 3471 3369)
4(3468 3469 3471 3470)
4(3370 3472 3473 3371)
4(3470 3471 3473 3472)
4(3372 3474 3475 3373)
4(3472 3473 3475 3474)
4(3374 3476 3477 3375)
4(3474 3475 3477 3476)
4(3376 3478 3479 3377)
4(3476 3477 3479 3478)
4(3378 3480 3481 3379)
4(3478 3479 3481 3480)
4(3380 3482 3483 3381)
4(3480 3481 3483 3482)
4(3382 3484 3485 3383)
4(3482 3483 3485 3484)
4(3384 3486 3487 3385)
4(3484 3485 3487 3486)
4(3386 3488 3489 3387)
4(3486 3487 3489 3488)
4(3388 3490 3491 3389)
4(3488 3489 3491 3490)
4(3390 3492 3493 3391)
4(3490 3491 3493 3492)
4(3392 3494 3495 3393)
4(3492 3493 3495 3494)
4(3394 3496 3497 3395)
4(3494 3495 3497 3496)
4(3396 3498 3499 3397)
4(3496 3497 3499 3498)
4(3398 3500 3501 3399)
4(3498 3499 3501 3500)
4(3400 3502 3503 3401)
4(3500 3501 3503 3502)
4(3402 3504 3505 3403)
4(3502 3503 3505 3504)
4(3404 3506 3507 3405)
4(3504 3505 3507 3506)
4(3406 3508 3509 3407)
4(3506 3507 3509 3508)
4(3408 3510 3511 3409)
4(3508 3509 3511 3510)
4(3410 3512 3513 3411)
4(3510 3511 3513 3512)
4(3412 3514 3515 3413)
4(3512 3513 3515 3514)
4(3414 3516 3517 3415)
4(3514 3515 3517 3516)
4(3416 3518 3519 3417)
4(3516 3517 3519 3518)
4(3418 3520 3521 3419)
4(3518 3519 3521 3520)
4(3420 3522 3523 3421)
4(3520 3521 3523 3522)
4(3422 3524 3525 3423)
4(3522 3523 3525 3524)
4(3424 3526 3527 3425)
4(3524 3525 3527 3526)
4(3426 3528 3529 3427)
4(3526 3527 3529 3528)
4(3428 3530 3531 3429)
4(3528 3529 3531 3530)
4(3430 3532 3533 3431)
4(3530 3531 3533 3532)
4(3432 3534 3535 3433)
4(3532 3533 3535 3534)
4(3434 3536 3537 3435)
4(3534 3535 3537 3536)
4(3436 3538 3539 3437)
4(3536 3537 3539 3538)
4(3438 3540 3541 3439)
4(3538 3539 3541 3540)
4(3440 3542 3543 3441)
4(3540 3541 3543 3542)
4(3442 3544 3545 3443)
4(3542 3543 3545 3544)
4(3444 3546 3547 3445)
4(3544 3545 3547 3546)
4(3446 3548 3549 3447)
4(3546 3547 3549 3548)
4(3448 3550 3551 3449)
4(3548 3549 3551 3550)
4(3450 3552 3553 3451)
4(3550 3551 3553 3552)
4(3452 3554 3555 3453)
4(3552 3553 3555 3554)
4(3454 3556 3557 3455)
4(3554 3555 3557 3556)
4(3456 3558 3559 3457)
4(3556 3557 3559 3558)
4(3458 3560 3561 3459)
4(3558 3559 3561 3560)
4(3460 3562 3563 3461)
4(3560 3561 3563 3562)
4(3462 3564 3565 3463)
4(3562 3563 3565 3564)
4(3464 3566 3567 3465)
4(3564 3565 3567 3566)
4(3566 3567 3569 3568)
4(3470 3572 3573 3471)
4(3570 3571 3573 3572)
4(3472 3574 3575 3473)
4(3572 3573 3575 3574)
4(3474 3576 3577 3475)
4(3574 3575 3577 3576)
4(3476 3578 3579 3477)
4(3576 3577 3579 3578)
4(3478 3580 3581 3479)
4(3578 3579 3581 3580)
4(3480 3582 3583 3481)
4(3580 3581 3583 3582)
4(3482 3584 3585 3483)
4(3582 3583 3585 3584)
4(3484 3586 3587 3485)
4(3584 3585 3587 3586)
4(3486 3588 3589 3487)
4(3586 3587 3589 3588)
4(3488 3590 3591 3489)
4(3588 3589 3591 3590)
4(3490 3592 3593 3491)
4(3590 3591 3593 3592)
4(3492 3594 3595 3493)
4(3592 3593 3595 3594)
4(3494 3596 3597 3495)
4(3594 3595 3597 3596)
4(3496 3598 3599 3497)
4(3596 3597 3599 3598)
4(3498 3600 3601 3499)
4(3598 3599 3601 3600)
4(3500 3602 3603 3501)
4(3600 3601 3603 3602)
4(3502 3604 3605 3503)
4(3602 3603 3605 3604)
4(3504 3606 3607 3505)
4(3604 3605 3607 3606)
4(3506 3608 3609 3507)
4(3606 3607 3609 3608)
4(3508 3610 3611 3509)
4(3608 3609 3611 3610)
4(3510 3612 3613 3511)
4(3610 3611 3613 3612)
4(3512 3614 3615 3513)
4(3612 3613 3615 3614)
4(3514 3616 3617 3515)
4(3614 3615 3617 3616)
4(3516 3618 3619 3517)
4(3616 3617 3619 3618)
4(3518 3620 3621 3519)
4(3618 3619 3621 3620)
4(3520 3622 3623 3521)
4(3620 3621 3623 3622)
4(3522 3624 3625 3523)
4(3622 3623 3625 3624)
4(3524 3626 3627 3525)
4(3624 3625 3627 3626)
4(3526 3628 3629 3527)
4(3626 3627 3629 3628)
4(3528 3630 3631 3529)
4(3628 3629 3631 3630)
4(3530 3632 3633 3531)
4(3630 3631 3633 3632)
4(3532 3634 3635 3533)
4(3632 3633 3635 3634)
4(3534 3636 3637 3535)
4(3634 3635 3637 3636)
4(3536 3638 3639 3537)
4(3636 3637 3639 3638)
4(3538 3640 3641 3539)
4(3638 3639 3641 3640)
4(3540 3642 3643 3541)
4(3640 3641 3643 3642)
4(3542 3644 3645 3543)
4(3642 3643 3645 3644)
4(3544 3646 3647 3545)
4(3644 3645 3647 3646)
4(3546 3648 3649 3547)
4(3646 3647 3649 3648)
4(3548 3650 3651 3549)
4(3648 3649 3651 3650)
4(3550 3652 3653 3551)
4(3650 3651 3653 3652)
4(3552 3654 3655 3553)
4(3652 3653 3655 3654)
4(3554 3656 3657 3555)
4(3654 3655 3657 3656)
4(3556 3658 3659 3557)
4(3656 3657 3659 3658)
4(3558 3660 3661 3559)
4(3658 3659 3661 3660)
4(3560 3662 3663 3561)
4(3660 3661 3663 3662)
4(3562 3664 3665 3563)
4(3662 3663 3665 3664)
4(3564 3666 3667 3565)
4(3664 3665 3667 3666)
4(3566 3668 3669 3567)
4(3666 3667 3669 3668)
4(3668 3669 3671 3670)
4(3572 3674 3675 3573)
4(3672 3673 3675 3674)
4(3574 3676 3677 3575)
4(3674 3675 3677 3676)
4(3576 3678 3679 3577)
4(3676 3677 3679 3678)
4(3578 3680 3681 3579)
4(3678 3679 3681 3680)
4(3580 3682 3683 3581)
4(3680 3681 3683 3682)
4(3582 3684 3685 3583)
4(3682 3683 3685 3684)
4(3584 3686 3687 3585)
4(3684 3685 3687 3686)
4(3586 3688 3689 3587)
4(3686 3687 3689 3688)
4(3588 3690 3691 3589)
4(3688 3689 3691 3690)
4(3590 3692 3693 3591)
4(3690 3691 3693 3692)
4(3592 3694 3695 3593)
4(3692 3693 3695 3694)
4(3594 3696 3697 3595)
4(3694 3695 3697 3696)
4(3596 3698 3699 3597)
4(3696 3697 3699 3698)
4(3598 3700 3701 3599)
4(3698 3699 3701 3700)
4(3600 3702 3703 3601)
4(3700 3701 3703 3702)
4(3602 3704 3705 3603)
4(3702 3703 3705 3704)
4(3604 3706 3707 3605)
4(3704 3705 3707 3706)
4(3606 3708 3709 3607)
4(3706 3707 3709 3708)
4(3608 3710 3711 3609)
4(3708 3709 3711 3710)
4(3610 3712 3713 3611)
4(3710 3711 3713 3712)
4(3612 3714 3715 3613)
4(3712 3713 3715 3714)
4(3614 3716 3717 3615)
4(3714 3715 3717 3716)
4(3616 3718 3719 3617)
4(3716 3717 3719 3718)
4(3618 3720 3721 3619)
4(3718 3719 3721 3720)
4(3620 3722 3723 3621)
4(3720 3721 3723 3722)
4(3622 3724 3725 3623)
4(3722 3723 3725 3724)
4(3624 3726 3727 3625)
4(3724 3725 3727 3726)
4(3626 3728 3729 3627)
4(3726 3727 3729 3728)
4(3628 3730 3731 3629)
4(3728 3729 3731 3730)
4(3630 3732 3733 3631)
4(3730 3731 3733 3732)
4(3632 3734 3735 3633)
4(3732 3733 3735 3734)
4(3634 3736 3737 3635)
4(3734 3735 3737 3736)
4(3636 3738 3739 3637)
4(3736 3737 3739 3738)
4(3638 3740 3741 3639)
4(3738 3739 3741 3740)
4(3640 3742 3743 3641)
4(3740 3741 3743 3742)
4(3642 3744 3745 3643)
4(3742 3743 3745 3744)
4(3644 3746 3747 3645)
4(3744 3745 3747 3746)
4(3646 3748 3749 3647)
4(3746 3747 3749 3748)
4(3648 3750 3751 3649)
4(3748 3749 3751 3750)
4(3650 3752 3753 3651)
4(3750 3751 3753 3752)
4(3652 3754 3755 3653)
4(3752 3753 3755 3754)
4(3654 3756 3757 3655)
4(3754 3755 3757 3756)
4(3656 3758 3759 3657)
4(3756 3757 3759 3758)
4(3658 3760 3761 3659)
4(3758 3759 3761 3760)
4(3660 3762 3763 3661)
4(3760 3761 3763 3762)
4(3662 3764 3765 3663)
4(3762 3763 3765 3764)
4(3664 3766 3767 3665)
4(3764 3765 3767 3766)
4(3666 3768 3769 3667)
4(3766 3767 3769 3768)
4(3668 3770 3771 3669)
4(3768 3769 3771 3770)
4(3770 3771 3773 3772)
4(3674 3776 3777 3675)
4(3774 3775 3777 3776)
4(3676 3778 3779 3677)
4(3776 3777 3779 3778)
4(3678 3780 3781 3679)
4(3778 3779 3781 3780)
4(3680 3782 3783 3681)
4(3780 3781 3783 3782)
4(3682 3784 3785 3683)
4(3782 3783 3785 3784)
4(3684 3786 3787 3685)
4(3784 3785 3787 3786)
4(3686 3788 3789 3687)
4(3786 3787 3789 3788)
4(3688 3790 3791 3689)
4(3788 3789 3791 3790)
4(3690 3792 3793 3691)
4(3790 3791 3793 3792)
4(3692 3794 3795 3693)
4(3792 3793 3795 3794)
4(3694 3796 3797 3695)
4(3794 3795 3797 3796)
4(3696 3798 3799 3697)
4(3796 3797 3799 3798)
4(3698 3800 3801 3699)
4(3798 3799 3801 3800)
4(3700 3802 3803 3701)
4(3800 3801 3803 3802)
4(3702 3804 3805 3703)
4(3802 3803 3805 3804)
4(3704 3806 3807 3705)
4(3804 3805 3807 3806)
4(3706 3808 3809 3707)
4(3806 3807 3809 3808)
4(3708 3810 3811 3709)
4(3808 3809 3811 3810)
4(3710 3812 3813 3711)
4(3810 3811 3813 3812)
4(3712 3814 3815 3713)
4(3812 3813 3815 3814)
4(3714 3816 3817 3715)
4(3814 3815 3817 3816)
4(3716 3818 3819 3717)
4(3816 3817 3819 3818)
4(3718 3820 3821 3719)
4(3818 3819 3821 3820)
4(3720 3822 3823 3721)
4(3820 3821 3823 3822)
4(3722 3824 3825 3723)
4(3822 3823 3825 3824)
4(3724 3826 3827 3725)
4(3824 3825 3827 3826)
4(3726 3828 3829 3727)
4(3826 3827 3829 3828)
4(3728 3830 3831 3729)
4(3828 3829 3831 3830)
4(3730 3832 3833 3731)
4(3830 3831 3833 3832)
4(3732 3834 3835 3733)
4(3832 3833 3835 3834)
4(3734 3836 3837 3735)
4(3834 3835 3837 3836)
4(3736 3838 3839 3737)
4(3836 3837 3839 3838)
4(3738 3840 3841 3739)
4(3838 3839 3841 3840)
4(3740 3842 3843 3741)
4(3840 3841 3843 3842)
4(3742 3844 3845 3743)
4(3842 3843 3845 3844)
4(3744 3846 3847 3745)
4(3844 3845 3847 3846)
4(3746 3848 3849 3747)
4(3846 3847 3849 3848)
4(3748 3850 3851 3749)
4(3848 3849 3851 3850)
4(3750 3852 3853 3751)
4(3850 3851 3853 3852)
4(3752 3854 3855 3753)
4(3852 3853 3855 3854)
4(3754 3856 3857 3755)
4(3854 3855 3857 3856)
4(3756 3858 3859 3757)
4(3856 3857 3859 3858)
4(3758 3860 3861 3759)
4(3858 3859 3861 3860)
4(3760 3862 3863 3761)
4(3860 3861 3863 3862)
4(3762 3864 3865 3763)
4(3862 3863 3865 3864)
4(3764 3866 3867 3765)
4(3864 3865 3867 3866)
4(3766 3868 3869 3767)
4(3866 3867 3869 3868)
4(3768 3870 3871 3769)
4(3868 3869 3871 3870)
4(3770 3872 3873 3771)
4(3870 3871 3873 3872)
4(3872 3873 3875 3874)
4(3776 3878 3879 3777)
4(3876 3877 3879 3878)
4(3778 3880 3881 3779)
4(3878 3879 3881 3880)
4(3780 3882 3883 3781)
4(3880 3881 3883 3882)
4(3782 3884 3885 3783)
4(3882 3883 3885 3884)
4(3784 3886 3887 3785)
4(3884 3885 3887 3886)
4(3786 3888 3889 3787)
4(3886 3887 3889 3888)
4(3788 3890 3891 3789)
4(3888 3889 3891 3890)
4(3790 3892 3893 3791)
4(3890 3891 3893 3892)
4(3792 3894 3895 3793)
4(3892 3893 3895 3894)
4(3794 3896 3897 3795)
4(3894 3895 3897 3896)
4(3796 3898 3899 3797)
4(3896 3897 3899 3898)
4(3798 3900 3901 3799)
4(3898 3899 3901 3900)
4(3800 3902 3903 3801)
4(3900 3901 3903 3902)
4(3802 3904 3905 3803)
4(3902 3903 3905 3904)
4(3804 3906 3907 3805)
4(3904 3905 3907 3906)
4(3806 3908 3909 3807)
4(3906 3907 3909 3908)
4(3808 3910 3911 3809)
4(3908 3909 3911 3910)
4(3810 3912 3913 3811)
4(3910 3911 3913 3912)
4(3812 3914 3915 3813)
4(3912 3913 3915 3914)
4(3814 3916 3917 3815)
4(3914 3915 3917 3916)
4(3816 3918 3919 3817)
4(3916 3917 3919 3918)
4(3818 3920 3921 3819)
4(3918 3919 3921 3920)
4(3820 3922 3923 3821)
4(3920 3921 3923 3922)
4(3822 3924 3925 3823)
4(3922 3923 3925 3924)
4(3824 3926 3927 3825)
4(3924 3925 3927 3926)
4(3826 3928 3929 3827)
4(3926 3927 3929 3928)
4(3828 3930 3931 3829)
4(3928 3929 3931 3930)
4(3830 3932 3933 3831)
4(3930 3931 3933 3932)
4(3832 3934 3935 3833)
4(3932 3933 3935 3934)
4(3834 3936 3937 3835)
4(3934 3935 3937 3936)
4(3836 3938 3939 3837)
4(3936 3937 3939 3938)
4(3838 3940 3941 3839)
4(3938 3939 3941 3940)
4(3840 3942 3943 3841)
4(3940 3941 3943 3942)
4(3842 3944 3945 3843)
4(3942 3943 3945 3944)
4(3844 3946 3947 3845)
4(3944 3945 3947 3946)
4(3846 3948 3949 3847)
4(3946 3947 3949 3948)
4(3848 3950 3951 3849)
4(3948 3949 3951 3950)
4(3850 3952 3953 3851)
4(3950 3951 3953 3952)
4(3852 3954 3955 3853)
4(3952 3953 3955 3954)
4(3854 3956 3957 3855)
4(3954 3955 3957 3956)
4(3856 3958 3959 3857)
4(3956 3957 3959 3958)
4(3858 3960 3961 3859)
4(3958 3959 3961 3960)
4(3860 3962 3963 3861)
4(3960 3961 3963 3962)
4(3862 3964 3965 3863)
4(3962 3963 3965 3964)
4(3864 3966 3967 3865)
4(3964 3965 3967 3966)
4(3866 3968 3969 3867)
4(3966 3967 3969 3968)
4(3868 3970 3971 3869)
4(3968 3969 3971 3970)
4(3870 3972 3973 3871)
4(3970 3971 3973 3972)
4(3872 3974 3975 3873)
4(3972 3973 3975 3974)
4(3974 3975 3977 3976)
4(3878 3980 3981 3879)
4(3978 3979 3981 3980)
4(3880 3982 3983 3881)
4(3980 3981 3983 3982)
4(3882 3984 3985 3883)
4(3982 3983 3985 3984)
4(3884 3986 3987 3885)
4(3984 3985 3987 3986)
4(3886 3988 3989 3887)
4(3986 3987 3989 3988)
4(3888 3990 3991 3889)
4(3988 3989 3991 3990)
4(3890 3992 3993 3891)
4(3990 3991 3993 3992)
4(3892 3994 3995 3893)
4(3992 3993 3995 3994)
4(3894 3996 3997 3895)
4(3994 3995 3997 3996)
4(3896 3998 3999 3897)
4(3996 3997 3999 3998)
4(3898 4000 4001 3899)
4(3998 3999 4001 4000)
4(3900 4002 4003 3901)
4(4000 4001 4003 4002)
4(3902 4004 4005 3903)
4(4002 4003 4005 4004)
4(3904 4006 4007 3905)
4(4004 4005 4007 4006)
4(3906 4008 4009 3907)
4(4006 4007 4009 4008)
4(3908 4010 4011 3909)
4(4008 4009 4011 4010)
4(3910 4012 4013 3911)
4(4010 4011 4013 4012)
4(3912 4014 4015 3913)
4(4012 4013 4015 4014)
4(3914 4016 4017 3915)
4(4014 4015 4017 4016)
4(3916 4018 4019 3917)
4(4016 4017 4019 4018)
4(3918 4020 4021 3919)
4(4018 4019 4021 4020)
4(3920 4022 4023 3921)
4(4020 4021 4023 4022)
4(3922 4024 4025 3923)
4(4022 4023 4025 4024)
4(3924 4026 4027 3925)
4(4024 4025 4027 4026)
4(3926 4028 4029 3927)
4(4026 4027 4029 4028)
4(3928 4030 4031 3929)
4(4028 4029 4031 4030)
4(3930 4032 4033 3931)
4(4030 4031 4033 4032)
4(3932 4034 4035 3933)
4(4032 4033 4035 4034)
4(3934 4036 4037 3935)
4(4034 4035 4037 4036)
4(3936 4038 4039 3937)
4(4036 4037 4039 4038)
4(3938 4040 4041 3939)
4(4038 4039 4041 4040)
4(3940 4042 4043 3941)
4(4040 4041 4043 4042)
4(3942 4044 4045 3943)
4(4042 4043 4045 4044)
4(3944 4046 4047 3945)
4(4044 4045 4047 4046)
4(3946 4048 4049 3947)
4(4046 4047 4049 4048)
4(3948 4050 4051 3949)
4(4048 4049 4051 4050)
4(3950 4052 4053 3951)
4(4050 4051 4053 4052)
4(3952 4054 4055 3953)
4(4052 4053 4055 4054)
4(3954 4056 4057 3955)
4(4054 4055 4057 4056)
4(3956 4058 4059 3957)
4(4056 4057 4059 4058)
4(3958 4060 4061 3959)
4(4058 4059 4061 4060)
4(3960 4062 4063 3961)
4(4060 4061 4063 4062)
4(3962 4064 4065 3963)
4(4062 4063 4065 4064)
4(3964 4066 4067 3965)
4(4064 4065 4067 4066)
4(3966 4068 4069 3967)
4(4066 4067 4069 4068)
4(3968 4070 4071 3969)
4(4068 4069 4071 4070)
4(3970 4072 4073 3971)
4(4070 4071 4073 4072)
4(3972 4074 4075 3973)
4(4072 4073 4075 4074)
4(3974 4076 4077 3975)
4(4074 4075 4077 4076)
4(4076 4077 4079 4078)
4(3980 4082 4083 3981)
4(4080 4081 4083 4082)
4(3982 4084 4085 3983)
4(4082 4083 4085 4084)
4(3984 4086 4087 3985)
4(4084 4085 4087 4086)
4(3986 4088 4089 3987)
4(4086 4087 4089 4088)
4(3988 4090 4091 3989)
4(4088 4089 4091 4090)
4(3990 4092 4093 3991)
4(4090 4091 4093 4092)
4(3992 4094 4095 3993)
4(4092 4093 4095 4094)
4(3994 4096 4097 3995)
4(4094 4095 4097 4096)
4(3996 4098 4099 3997)
4(4096 4097 4099 4098)
4(3998 4100 4101 3999)
4(4098 4099 4101 4100)
4(4000 4102 4103 4001)
4(4100 4101 4103 4102)
4(4002 4104 4105 4003)
4(4102 4103 4105 4104)
4(4004 4106 4107 4005)
4(4104 4105 4107 4106)
4(4006 4108 4109 4007)
4(4106 4107 4109 4108)
4(4008 4110 4111 4009)
4(4108 4109 4111 4110)
4(4010 4112 4113 4011)
4(4110 4111 4113 4112)
4(4012 4114 4115 4013)
4(4112 4113 4115 4114)
4(4014 4116 4117 4015)
4(4114 4115 4117 4116)
4(4016 4118 4119 4017)
4(4116 4117 4119 4118)
4(4018 4120 4121 4019)
4(4118 4119 4121 4120)
4(4020 4122 4123 4021)
4(4120 4121 4123 4122)
4(4022 4124 4125 4023)
4(4122 4123 4125 4124)
4(4024 4126 4127 4025)
4(4124 4125 4127 4126)
4(4026 4128 4129 4027)
4(4126 4127 4129 4128)
4(4028 4130 4131 4029)
4(4128 4129 4131 4130)
4(4030 4132 4133 4031)
4(4130 4131 4133 4132)
4(4032 4134 4135 4033)
4(4132 4133 4135 4134)
4(4034 4136 4137 4035)
4(4134 4135 4137 4136)
4(4036 4138 4139 4037)
4(4136 4137 4139 4138)
4(4038 4140 4141 4039)
4(4138 4139 4141 4140)
4(4040 4142 4143 4041)
4(4140 4141 4143 4142)
4(4042 4144 4145 4043)
4(4142 4143 4145 4144)
4(4044 4146 4147 4045)
4(4144 4145 4147 4146)
4(4046 4148 4149 4047)
4(4146 4147 4149 4148)
4(4048 4150 4151 4049)
4(4148 4149 4151 4150)
4(4050 4152 4153 4051)
4(4150 4151 4153 4152)
4(4052 4154 4155 4053)
4(4152 4153 4155 4154)
4(4054 4156 4157 4055)
4(4154 4155 4157 4156)
4(4056 4158 4159 4057)
4(4156 4157 4159 4158)
4(4058 4160 4161 4059)
4(4158 4159 4161 4160)
4(4060 4162 4163 4061)
4(4160 4161 4163 4162)
4(4062 4164 4165 4063)
4(4162 4163 4165 4164)
4(4064 4166 4167 4065)
4(4164 4165 4167 4166)
4(4066 4168 4169 4067)
4(4166 4167 4169 4168)
4(4068 4170 4171 4069)
4(4168 4169 4171 4170)
4(4070 4172 4173 4071)
4(4170 4171 4173 4172)
4(4072 4174 4175 4073)
4(4172 4173 4175 4174)
4(4074 4176 4177 4075)
4(4174 4175 4177 4176)
4(4076 4178 4179 4077)
4(4176 4177 4179 4178)
4(4178 4179 4181 4180)
4(4082 4184 4185 4083)
4(4182 4183 4185 4184)
4(4084 4186 4187 4085)
4(4184 4185 4187 4186)
4(4086 4188 4189 4087)
4(4186 4187 4189 4188)
4(4088 4190 4191 4089)
4(4188 4189 4191 4190)
4(4090 4192 4193 4091)
4(4190 4191 4193 4192)
4(4092 4194 4195 4093)
4(4192 4193 4195 4194)
4(4094 4196 4197 4095)
4(4194 4195 4197 4196)
4(4096 4198 4199 4097)
4(4196 4197 4199 4198)
4(4098 4200 4201 4099)
4(4198 4199 4201 4200)
4(4100 4202 4203 4101)
4(4200 4201 4203 4202)
4(4102 4204 4205 4103)
4(4202 4203 4205 4204)
4(4104 4206 4207 4105)
4(4204 4205 4207 4206)
4(4106 4208 4209 4107)
4(4206 4207 4209 4208)
4(4108 4210 4211 4109)
4(4208 4209 4211 4210)
4(4110 4212 4213 4111)
4(4210 4211 4213 4212)
4(4112 4214 4215 4113)
4(4212 4213 4215 4214)
4(4114 4216 4217 4115)
4(4214 4215 4217 4216)
4(4116 4218 4219 4117)
4(4216 4217 4219 4218)
4(4118 4220 4221 4119)
4(4218 4219 4221 4220)
4(4120 4222 4223 4121)
4(4220 4221 4223 4222)
4(4122 4224 4225 4123)
4(4222 4223 4225 4224)
4(4124 4226 4227 4125)
4(4224 4225 4227 4226)
4(4126 4228 4229 4127)
4(4226 4227 4229 4228)
4(4128 4230 4231 4129)
4(4228 4229 4231 4230)
4(4130 4232 4233 4131)
4(4230 4231 4233 4232)
4(4132 4234 4235 4133)
4(4232 4233 4235 4234)
4(4134 4236 4237 4135)
4(4234 4235 4237 4236)
4(4136 4238 4239 4137)
4(4236 4237 4239 4238)
4(4138 4240 4241 4139)
4(4238 4239 4241 4240)
4(4140 4242 4243 4141)
4(4240 4241 4243 4242)
4(4142 4244 4245 4143)
4(4242 4243 4245 4244)
4(4144 4246 4247 4145)
4(4244 4245 4247 4246)
4(4146 4248 4249 4147)
4(4246 4247 4249 4248)
4(4148 4250 4251 4149)
4(4248 4249 4251 4250)
4(4150 4252 4253 4151)
4(4250 4251 4253 4252)
4(4152 4254 4255 4153)
4(4252 4253 4255 4254)
4(4154 4256 4257 4155)
4(4254 4255 4257 4256)
4(4156 4258 4259 4157)
4(4256 4257 4259 4258)
4(4158 4260 4261 4159)
4(4258 4259 4261 4260)
4(4160 4262 4263 4161)
4(4260 4261 4263 4262)
4(4162 4264 4265 4163)
4(4262 4263 4265 4264)
4(4164 4266 4267 4165)
4(4264 4265 4267 4266)
4(4166 4268 4269 4167)
4(4266 4267 4269 4268)
4(4168 4270 4271 4169)
4(4268 4269 4271 4270)
4(4170 4272 4273 4171)
4(4270 4271 4273 4272)
4(4172 4274 4275 4173)
4(4272 4273 4275 4274)
4(4174 4276 4277 4175)
4(4274 4275 4277 4276)
4(4176 4278 4279 4177)
4(4276 4277 4279 4278)
4(4178 4280 4281 4179)
4(4278 4279 4281 4280)
4(4280 4281 4283 4282)
4(4184 4286 4287 4185)
4(4284 4285 4287 4286)
4(4186 4288 4289 4187)
4(4286 4287 4289 4288)
4(4188 4290 4291 4189)
4(4288 4289 4291 4290)
4(4190 4292 4293 4191)
4(4290 4291 4293 4292)
4(4192 4294 4295 4193)
4(4292 4293 4295 4294)
4(4194 4296 4297 4195)
4(4294 4295 4297 4296)
4(4196 4298 4299 4197)
4(4296 4297 4299 4298)
4(4198 4300 4301 4199)
4(4298 4299 4301 4300)
4(4200 4302 4303 4201)
4(4300 4301 4303 4302)
4(4202 4304 4305 4203)
4(4302 4303 4305 4304)
4(4204 4306 4307 4205)
4(4304 4305 4307 4306)
4(4206 4308 4309 4207)
4(4306 4307 4309 4308)
4(4208 4310 4311 4209)
4(4308 4309 4311 4310)
4(4210 4312 4313 4211)
4(4310 4311 4313 4312)
4(4212 4314 4315 4213)
4(4312 4313 4315 4314)
4(4214 4316 4317 4215)
4(4314 4315 4317 4316)
4(4216 4318 4319 4217)
4(4316 4317 4319 4318)
4(4218 4320 4321 4219)
4(4318 4319 4321 4320)
4(4220 4322 4323 4221)
4(4320 4321 4323 4322)
4(4222 4324 4325 4223)
4(4322 4323 4325 4324)
4(4224 4326 4327 4225)
4(4324 4325 4327 4326)
4(4226 4328 4329 4227)
4(4326 4327 4329 4328)
4(4228 4330 4331 4229)
4(4328 4329 4331 4330)
4(4230 4332 4333 4231)
4(4330 4331 4333 4332)
4(4232 4334 4335 4233)
4(4332 4333 4335 4334)
4(4234 4336 4337 4235)
4(4334 4335 4337 4336)
4(4236 4338 4339 4237)
4(4336 4337 4339 4338)
4(4238 4340 4341 4239)
4(4338 4339 4341 4340)
4(4240 4342 4343 4241)
4(4340 4341 4343 4342)
4(4242 4344 4345 4243)
4(4342 4343 4345 4344)
4(4244 4346 4347 4245)
4(4344 4345 4347 4346)
4(4246 4348 4349 4247)
4(4346 4347 4349 4348)
4(4248 4350 4351 4249)
4(4348 4349 4351 4350)
4(4250 4352 4353 4251)
4(4350 4351 4353 4352)
4(4252 4354 4355 4253)
4(4352 4353 4355 4354)
4(4254 4356 4357 4255)
4(4354 4355 4357 4356)
4(4256 4358 4359 4257)
4(4356 4357 4359 4358)
4(4258 4360 4361 4259)
4(4358 4359 4361 4360)
4(4260 4362 4363 4261)
4(4360 4361 4363 4362)
4(4262 4364 4365 4263)
4(4362 4363 4365 4364)
4(4264 4366 4367 4265)
4(4364 4365 4367 4366)
4(4266 4368 4369 4267)
4(4366 4367 4369 4368)
4(4268 4370 4371 4269)
4(4368 4369 4371 4370)
4(4270 4372 4373 4271)
4(4370 4371 4373 4372)
4(4272 4374 4375 4273)
4(4372 4373 4375 4374)
4(4274 4376 4377 4275)
4(4374 4375 4377 4376)
4(4276 4378 4379 4277)
4(4376 4377 4379 4378)
4(4278 4380 4381 4279)
4(4378 4379 4381 4380)
4(4280 4382 4383 4281)
4(4380 4381 4383 4382)
4(4382 4383 4385 4384)
4(4286 4388 4389 4287)
4(4386 4387 4389 4388)
4(4288 4390 4391 4289)
4(4388 4389 4391 4390)
4(4290 4392 4393 4291)
4(4390 4391 4393 4392)
4(4292 4394 4395 4293)
4(4392 4393 4395 4394)
4(4294 4396 4397 4295)
4(4394 4395 4397 4396)
4(4296 4398 4399 4297)
4(4396 4397 4399 4398)
4(4298 4400 4401 4299)
4(4398 4399 4401 4400)
4(4300 4402 4403 4301)
4(4400 4401 4403 4402)
4(4302 4404 4405 4303)
4(4402 4403 4405 4404)
4(4304 4406 4407 4305)
4(4404 4405 4407 4406)
4(4306 4408 4409 4307)
4(4406 4407 4409 4408)
4(4308 4410 4411 4309)
4(4408 4409 4411 4410)
4(4310 4412 4413 4311)
4(4410 4411 4413 4412)
4(4312 4414 4415 4313)
4(4412 4413 4415 4414)
4(4314 4416 4417 4315)
4(4414 4415 4417 4416)
4(4316 4418 4419 4317)
4(4416 4417 4419 4418)
4(4318 4420 4421 4319)
4(4418 4419 4421 4420)
4(4320 4422 4423 4321)
4(4420 4421 4423 4422)
4(4322 4424 4425 4323)
4(4422 4423 4425 4424)
4(4324 4426 4427 4325)
4(4424 4425 4427 4426)
4(4326 4428 4429 4327)
4(4426 4427 4429 4428)
4(4328 4430 4431 4329)
4(4428 4429 4431 4430)
4(4330 4432 4433 4331)
4(4430 4431 4433 4432)
4(4332 4434 4435 4333)
4(4432 4433 4435 4434)
4(4334 4436 4437 4335)
4(4434 4435 4437 4436)
4(4336 4438 4439 4337)
4(4436 4437 4439 4438)
4(4338 4440 4441 4339)
4(4438 4439 4441 4440)
4(4340 4442 4443 4341)
4(4440 4441 4443 4442)
4(4342 4444 4445 4343)
4(4442 4443 4445 4444)
4(4344 4446 4447 4345)
4(4444 4445 4447 4446)
4(4346 4448 4449 4347)
4(4446 4447 4449 4448)
4(4348 4450 4451 4349)
4(4448 4449 4451 4450)
4(4350 4452 4453 4351)
4(4450 4451 4453 4452)
4(4352 4454 4455 4353)
4(4452 4453 4455 4454)
4(4354 4456 4457 4355)
4(4454 4455 4457 4456)
4(4356 4458 4459 4357)
4(4456 4457 4459 4458)
4(4358 4460 4461 4359)
4(4458 4459 4461 4460)
4(4360 4462 4463 4361)
4(4460 4461 4463 4462)
4(4362 4464 4465 4363)
4(4462 4463 4465 4464)
4(4364 4466 4467 4365)
4(4464 4465 4467 4466)
4(4366 4468 4469 4367)
4(4466 4467 4469 4468)
4(4368 4470 4471 4369)
4(4468 4469 4471 4470)
4(4370 4472 4473 4371)
4(4470 4471 4473 4472)
4(4372 4474 4475 4373)
4(4472 4473 4475 4474)
4(4374 4476 4477 4375)
4(4474 4475 4477 4476)
4(4376 4478 4479 4377)
4(4476 4477 4479 4478)
4(4378 4480 4481 4379)
4(4478 4479 4481 4480)
4(4380 4482 4483 4381)
4(4480 4481 4483 4482)
4(4382 4484 4485 4383)
4(4482 4483 4485 4484)
4(4484 4485 4487 4486)
4(4388 4490 4491 4389)
4(4488 4489 4491 4490)
4(4390 4492 4493 4391)
4(4490 4491 4493 4492)
4(4392 4494 4495 4393)
4(4492 4493 4495 4494)
4(4394 4496 4497 4395)
4(4494 4495 4497 4496)
4(4396 4498 4499 4397)
4(4496 4497 4499 4498)
4(4398 4500 4501 4399)
4(4498 4499 4501 4500)
4(4400 4502 4503 4401)
4(4500 4501 4503 4502)
4(4402 4504 4505 4403)
4(4502 4503 4505 4504)
4(4404 4506 4507 4405)
4(4504 4505 4507 4506)
4(4406 4508 4509 4407)
4(4506 4507 4509 4508)
4(4408 4510 4511 4409)
4(4508 4509 4511 4510)
4(4410 4512 4513 4411)
4(4510 4511 4513 4512)
4(4412 4514 4515 4413)
4(4512 4513 4515 4514)
4(4414 4516 4517 4415)
4(4514 4515 4517 4516)
4(4416 4518 4519 4417)
4(4516 4517 4519 4518)
4(4418 4520 4521 4419)
4(4518 4519 4521 4520)
4(4420 4522 4523 4421)
4(4520 4521 4523 4522)
4(4422 4524 4525 4423)
4(4522 4523 4525 4524)
4(4424 4526 4527 4425)
4(4524 4525 4527 4526)
4(4426 4528 4529 4427)
4(4526 4527 4529 4528)
4(4428 4530 4531 4429)
4(4528 4529 4531 4530)
4(4430 4532 4533 4431)
4(4530 4531 4533 4532)
4(4432 4534 4535 4433)
4(4532 4533 4535 4534)
4(4434 4536 4537 4435)
4(4534 4535 4537 4536)
4(4436 4538 4539 4437)
4(4536 4537 4539 4538)
4(4438 4540 4541 4439)
4(4538 4539 4541 4540)
4(4440 4542 4543 4441)
4(4540 4541 4543 4542)
4(4442 4544 4545 4443)
4(4542 4543 4545 4544)
4(4444 4546 4547 4445)
4(4544 4545 4547 4546)
4(4446 4548 4549 4447)
4(4546 4547 4549 4548)
4(4448 4550 4551 4449)
4(4548 4549 4551 4550)
4(4450 4552 4553 4451)
4(4550 4551 4553 4552)
4(4452 4554 4555 4453)
4(4552 4553 4555 4554)
4(4454 4556 4557 4455)
4(4554 4555 4557 4556)
4(4456 4558 4559 4457)
4(4556 4557 4559 4558)
4(4458 4560 4561 4459)
4(4558 4559 4561 4560)
4(4460 4562 4563 4461)
4(4560 4561 4563 4562)
4(4462 4564 4565 4463)
4(4562 4563 4565 4564)
4(4464 4566 4567 4465)
4(4564 4565 4567 4566)
4(4466 4568 4569 4467)
4(4566 4567 4569 4568)
4(4468 4570 4571 4469)
4(4568 4569 4571 4570)
4(4470 4572 4573 4471)
4(4570 4571 4573 4572)
4(4472 4574 4575 4473)
4(4572 4573 4575 4574)
4(4474 4576 4577 4475)
4(4574 4575 4577 4576)
4(4476 4578 4579 4477)
4(4576 4577 4579 4578)
4(4478 4580 4581 4479)
4(4578 4579 4581 4580)
4(4480 4582 4583 4481)
4(4580 4581 4583 4582)
4(4482 4584 4585 4483)
4(4582 4583 4585 4584)
4(4484 4586 4587 4485)
4(4584 4585 4587 4586)
4(4586 4587 4589 4588)
4(4490 4592 4593 4491)
4(4590 4591 4593 4592)
4(4492 4594 4595 4493)
4(4592 4593 4595 4594)
4(4494 4596 4597 4495)
4(4594 4595 4597 4596)
4(4496 4598 4599 4497)
4(4596 4597 4599 4598)
4(4498 4600 4601 4499)
4(4598 4599 4601 4600)
4(4500 4602 4603 4501)
4(4600 4601 4603 4602)
4(4502 4604 4605 4503)
4(4602 4603 4605 4604)
4(4504 4606 4607 4505)
4(4604 4605 4607 4606)
4(4506 4608 4609 4507)
4(4606 4607 4609 4608)
4(4508 4610 4611 4509)
4(4608 4609 4611 4610)
4(4510 4612 4613 4511)
4(4610 4611 4613 4612)
4(4512 4614 4615 4513)
4(4612 4613 4615 4614)
4(4514 4616 4617 4515)
4(4614 4615 4617 4616)
4(4516 4618 4619 4517)
4(4616 4617 4619 4618)
4(4518 4620 4621 4519)
4(4618 4619 4621 4620)
4(4520 4622 4623 4521)
4(4620 4621 4623 4622)
4(4522 4624 4625 4523)
4(4622 4623 4625 4624)
4(4524 4626 4627 4525)
4(4624 4625 4627 4626)
4(4526 4628 4629 4527)
4(4626 4627 4629 4628)
4(4528 4630 4631 4529)
4(4628 4629 4631 4630)
4(4530 4632 4633 4531)
4(4630 4631 4633 4632)
4(4532 4634 4635 4533)
4(4632 4633 4635 4634)
4(4534 4636 4637 4535)
4(4634 4635 4637 4636)
4(4536 4638 4639 4537)
4(4636 4637 4639 4638)
4(4538 4640 4641 4539)
4(4638 4639 4641 4640)
4(4540 4642 4643 4541)
4(4640 4641 4643 4642)
4(4542 4644 4645 4543)
4(4642 4643 4645 4644)
4(4544 4646 4647 4545)
4(4644 4645 4647 4646)
4(4546 4648 4649 4547)
4(4646 4647 4649 4648)
4(4548 4650 4651 4549)
4(4648 4649 4651 4650)
4(4550 4652 4653 4551)
4(4650 4651 4653 4652)
4(4552 4654 4655 4553)
4(4652 4653 4655 4654)
4(4554 4656 4657 4555)
4(4654 4655 4657 4656)
4(4556 4658 4659 4557)
4(4656 4657 4659 4658)
4(4558 4660 4661 4559)
4(4658 4659 4661 4660)
4(4560 4662 4663 4561)
4(4660 4661 4663 4662)
4(4562 4664 4665 4563)
4(4662 4663 4665 4664)
4(4564 4666 4667 4565)
4(4664 4665 4667 4666)
4(4566 4668 4669 4567)
4(4666 4667 4669 4668)
4(4568 4670 4671 4569)
4(4668 4669 4671 4670)
4(4570 4672 4673 4571)
4(4670 4671 4673 4672)
4(4572 4674 4675 4573)
4(4672 4673 4675 4674)
4(4574 4676 4677 4575)
4(4674 4675 4677 4676)
4(4576 4678 4679 4577)
4(4676 4677 4679 4678)
4(4578 4680 4681 4579)
4(4678 4679 4681 4680)
4(4580 4682 4683 4581)
4(4680 4681 4683 4682)
4(4582 4684 4685 4583)
4(4682 4683 4685 4684)
4(4584 4686 4687 4585)
4(4684 4685 4687 4686)
4(4586 4688 4689 4587)
4(4686 4687 4689 4688)
4(4688 4689 4691 4690)
4(4592 4694 4695 4593)
4(4692 4693 4695 4694)
4(4594 4696 4697 4595)
4(4694 4695 4697 4696)
4(4596 4698 4699 4597)
4(4696 4697 4699 4698)
4(4598 4700 4701 4599)
4(4698 4699 4701 4700)
4(4600 4702 4703 4601)
4(4700 4701 4703 4702)
4(4602 4704 4705 4603)
4(4702 4703 4705 4704)
4(4604 4706 4707 4605)
4(4704 4705 4707 4706)
4(4606 4708 4709 4607)
4(4706 4707 4709 4708)
4(4608 4710 4711 4609)
4(4708 4709 4711 4710)
4(4610 4712 4713 4611)
4(4710 4711 4713 4712)
4(4612 4714 4715 4613)
4(4712 4713 4715 4714)
4(4614 4716 4717 4615)
4(4714 4715 4717 4716)
4(4616 4718 4719 4617)
4(4716 4717 4719 4718)
4(4618 4720 4721 4619)
4(4718 4719 4721 4720)
4(4620 4722 4723 4621)
4(4720 4721 4723 4722)
4(4622 4724 4725 4623)
4(4722 4723 4725 4724)
4(4624 4726 4727 4625)
4(4724 4725 4727 4726)
4(4626 4728 4729 4627)
4(4726 4727 4729 4728)
4(4628 4730 4731 4629)
4(4728 4729 4731 4730)
4(4630 4732 4733 4631)
4(4730 4731 4733 4732)
4(4632 4734 4735 4633)
4(4732 4733 4735 4734)
4(4634 4736 4737 4635)
4(4734 4735 4737 4736)
4(4636 4738 4739 4637)
4(4736 4737 4739 4738)
4(4638 4740 4741 4639)
4(4738 4739 4741 4740)
4(4640 4742 4743 4641)
4(4740 4741 4743 4742)
4(4642 4744 4745 4643)
4(4742 4743 4745 4744)
4(4644 4746 4747 4645)
4(4744 4745 4747 4746)
4(4646 4748 4749 4647)
4(4746 4747 4749 4748)
4(4648 4750 4751 4649)
4(4748 4749 4751 4750)
4(4650 4752 4753 4651)
4(4750 4751 4753 4752)
4(4652 4754 4755 4653)
4(4752 4753 4755 4754)
4(4654 4756 4757 4655)
4(4754 4755 4757 4756)
4(4656 4758 4759 4657)
4(4756 4757 4759 4758)
4(4658 4760 4761 4659)
4(4758 4759 4761 4760)
4(4660 4762 4763 4661)
4(4760 4761 4763 4762)
4(4662 4764 4765 4663)
4(4762 4763 4765 4764)
4(4664 4766 4767 4665)
4(4764 4765 4767 4766)
4(4666 4768 4769 4667)
4(4766 4767 4769 4768)
4(4668 4770 4771 4669)
4(4768 4769 4771 4770)
4(4670 4772 4773 4671)
4(4770 4771 4773 4772)
4(4672 4774 4775 4673)
4(4772 4773 4775 4774)
4(4674 4776 4777 4675)
4(4774 4775 4777 4776)
4(4676 4778 4779 4677)
4(4776 4777 4779 4778)
4(4678 4780 4781 4679)
4(4778 4779 4781 4780)
4(4680 4782 4783 4681)
4(4780 4781 4783 4782)
4(4682 4784 4785 4683)
4(4782 4783 4785 4784)
4(4684 4786 4787 4685)
4(4784 4785 4787 4786)
4(4686 4788 4789 4687)
4(4786 4787 4789 4788)
4(4688 4790 4791 4689)
4(4788 4789 4791 4790)
4(4790 4791 4793 4792)
4(4694 4796 4797 4695)
4(4794 4795 4797 4796)
4(4696 4798 4799 4697)
4(4796 4797 4799 4798)
4(4698 4800 4801 4699)
4(4798 4799 4801 4800)
4(4700 4802 4803 4701)
4(4800 4801 4803 4802)
4(4702 4804 4805 4703)
4(4802 4803 4805 4804)
4(4704 4806 4807 4705)
4(4804 4805 4807 4806)
4(4706 4808 4809 4707)
4(4806 4807 4809 4808)
4(4708 4810 4811 4709)
4(4808 4809 4811 4810)
4(4710 4812 4813 4711)
4(4810 4811 4813 4812)
4(4712 4814 4815 4713)
4(4812 4813 4815 4814)
4(4714 4816 4817 4715)
4(4814 4815 4817 4816)
4(4716 4818 4819 4717)
4(4816 4817 4819 4818)
4(4718 4820 4821 4719)
4(4818 4819 4821 4820)
4(4720 4822 4823 4721)
4(4820 4821 4823 4822)
4(4722 4824 4825 4723)
4(4822 4823 4825 4824)
4(4724 4826 4827 4725)
4(4824 4825 4827 4826)
4(4726 4828 4829 4727)
4(4826 4827 4829 4828)
4(4728 4830 4831 4729)
4(4828 4829 4831 4830)
4(4730 4832 4833 4731)
4(4830 4831 4833 4832)
4(4732 4834 4835 4733)
4(4832 4833 4835 4834)
4(4734 4836 4837 4735)
4(4834 4835 4837 4836)
4(4736 4838 4839 4737)
4(4836 4837 4839 4838)
4(4738 4840 4841 4739)
4(4838 4839 4841 4840)
4(4740 4842 4843 4741)
4(4840 4841 4843 4842)
4(4742 4844 4845 4743)
4(4842 4843 4845 4844)
4(4744 4846 4847 4745)
4(4844 4845 4847 4846)
4(4746 4848 4849 4747)
4(4846 4847 4849 4848)
4(4748 4850 4851 4749)
4(4848 4849 4851 4850)
4(4750 4852 4853 4751)
4(4850 4851 4853 4852)
4(4752 4854 4855 4753)
4(4852 4853 4855 4854)
4(4754 4856 4857 4755)
4(4854 4855 4857 4856)
4(4756 4858 4859 4757)
4(4856 4857 4859 4858)
4(4758 4860 4861 4759)
4(4858 4859 4861 4860)
4(4760 4862 4863 4761)
4(4860 4861 4863 4862)
4(4762 4864 4865 4763)
4(4862 4863 4865 4864)
4(4764 4866 4867 4765)
4(4864 4865 4867 4866)
4(4766 4868 4869 4767)
4(4866 4867 4869 4868)
4(4768 4870 4871 4769)
4(4868 4869 4871 4870)
4(4770 4872 4873 4771)
4(4870 4871 4873 4872)
4(4772 4874 4875 4773)
4(4872 4873 4875 4874)
4(4774 4876 4877 4775)
4(4874 4875 4877 4876)
4(4776 4878 4879 4777)
4(4876 4877 4879 4878)
4(4778 4880 4881 4779)
4(4878 4879 4881 4880)
4(4780 4882 4883 4781)
4(4880 4881 4883 4882)
4(4782 4884 4885 4783)
4(4882 4883 4885 4884)
4(4784 4886 4887 4785)
4(4884 4885 4887 4886)
4(4786 4888 4889 4787)
4(4886 4887 4889 4888)
4(4788 4890 4891 4789)
4(4888 4889 4891 4890)
4(4790 4892 4893 4791)
4(4890 4891 4893 4892)
4(4892 4893 4895 4894)
4(4796 4898 4899 4797)
4(4896 4897 4899 4898)
4(4798 4900 4901 4799)
4(4898 4899 4901 4900)
4(4800 4902 4903 4801)
4(4900 4901 4903 4902)
4(4802 4904 4905 4803)
4(4902 4903 4905 4904)
4(4804 4906 4907 4805)
4(4904 4905 4907 4906)
4(4806 4908 4909 4807)
4(4906 4907 4909 4908)
4(4808 4910 4911 4809)
4(4908 4909 4911 4910)
4(4810 4912 4913 4811)
4(4910 4911 4913 4912)
4(4812 4914 4915 4813)
4(4912 4913 4915 4914)
4(4814 4916 4917 4815)
4(4914 4915 4917 4916)
4(4816 4918 4919 4817)
4(4916 4917 4919 4918)
4(4818 4920 4921 4819)
4(4918 4919 4921 4920)
4(4820 4922 4923 4821)
4(4920 4921 4923 4922)
4(4822 4924 4925 4823)
4(4922 4923 4925 4924)
4(4824 4926 4927 4825)
4(4924 4925 4927 4926)
4(4826 4928 4929 4827)
4(4926 4927 4929 4928)
4(4828 4930 4931 4829)
4(4928 4929 4931 4930)
4(4830 4932 4933 4831)
4(4930 4931 4933 4932)
4(4832 4934 4935 4833)
4(4932 4933 4935 4934)
4(4834 4936 4937 4835)
4(4934 4935 4937 4936)
4(4836 4938 4939 4837)
4(4936 4937 4939 4938)
4(4838 4940 4941 4839)
4(4938 4939 4941 4940)
4(4840 4942 4943 4841)
4(4940 4941 4943 4942)
4(4842 4944 4945 4843)
4(4942 4943 4945 4944)
4(4844 4946 4947 4845)
4(4944 4945 4947 4946)
4(4846 4948 4949 4847)
4(4946 4947 4949 4948)
4(4848 4950 4951 4849)
4(4948 4949 4951 4950)
4(4850 4952 4953 4851)
4(4950 4951 4953 4952)
4(4852 4954 4955 4853)
4(4952 4953 4955 4954)
4(4854 4956 4957 4855)
4(4954 4955 4957 4956)
4(4856 4958 4959 4857)
4(4956 4957 4959 4958)
4(4858 4960 4961 4859)
4(4958 4959 4961 4960)
4(4860 4962 4963 4861)
4(4960 4961 4963 4962)
4(4862 4964 4965 4863)
4(4962 4963 4965 4964)
4(4864 4966 4967 4865)
4(4964 4965 4967 4966)
4(4866 4968 4969 4867)
4(4966 4967 4969 4968)
4(4868 4970 4971 4869)
4(4968 4969 4971 4970)
4(4870 4972 4973 4871)
4(4970 4971 4973 4972)
4(4872 4974 4975 4873)
4(4972 4973 4975 4974)
4(4874 4976 4977 4875)
4(4974 4975 4977 4976)
4(4876 4978 4979 4877)
4(4976 4977 4979 4978)
4(4878 4980 4981 4879)
4(4978 4979 4981 4980)
4(4880 4982 4983 4881)
4(4980 4981 4983 4982)
4(4882 4984 4985 4883)
4(4982 4983 4985 4984)
4(4884 4986 4987 4885)
4(4984 4985 4987 4986)
4(4886 4988 4989 4887)
4(4986 4987 4989 4988)
4(4888 4990 4991 4889)
4(4988 4989 4991 4990)
4(4890 4992 4993 4891)
4(4990 4991 4993 4992)
4(4892 4994 4995 4893)
4(4992 4993 4995 4994)
4(4994 4995 4997 4996)
4(4898 5000 5001 4899)
4(4998 4999 5001 5000)
4(4900 5002 5003 4901)
4(5000 5001 5003 5002)
4(4902 5004 5005 4903)
4(5002 5003 5005 5004)
4(4904 5006 5007 4905)
4(5004 5005 5007 5006)
4(4906 5008 5009 4907)
4(5006 5007 5009 5008)
4(4908 5010 5011 4909)
4(5008 5009 5011 5010)
4(4910 5012 5013 4911)
4(5010 5011 5013 5012)
4(4912 5014 5015 4913)
4(5012 5013 5015 5014)
4(4914 5016 5017 4915)
4(5014 5015 5017 5016)
4(4916 5018 5019 4917)
4(5016 5017 5019 5018)
4(4918 5020 5021 4919)
4(5018 5019 5021 5020)
4(4920 5022 5023 4921)
4(5020 5021 5023 5022)
4(4922 5024 5025 4923)
4(5022 5023 5025 5024)
4(4924 5026 5027 4925)
4(5024 5025 5027 5026)
4(4926 5028 5029 4927)
4(5026 5027 5029 5028)
4(4928 5030 5031 4929)
4(5028 5029 5031 5030)
4(4930 5032 5033 4931)
4(5030 5031 5033 5032)
4(4932 5034 5035 4933)
4(5032 5033 5035 5034)
4(4934 5036 5037 4935)
4(5034 5035 5037 5036)
4(4936 5038 5039 4937)
4(5036 5037 5039 5038)
4(4938 5040 5041 4939)
4(5038 5039 5041 5040)
4(4940 5042 5043 4941)
4(5040 5041 5043 5042)
4(4942 5044 5045 4943)
4(5042 5043 5045 5044)
4(4944 5046 5047 4945)
4(5044 5045 5047 5046)
4(4946 5048 5049 4947)
4(5046 5047 5049 5048)
4(4948 5050 5051 4949)
4(5048 5049 5051 5050)
4(4950 5052 5053 4951)
4(5050 5051 5053 5052)
4(4952 5054 5055 4953)
4(5052 5053 5055 5054)
4(4954 5056 5057 4955)
4(5054 5055 5057 5056)
4(4956 5058 5059 4957)
4(5056 5057 5059 5058)
4(4958 5060 5061 4959)
4(5058 5059 5061 5060)
4(4960 5062 5063 4961)
4(5060 5061 5063 5062)
4(4962 5064 5065 4963)
4(5062 5063 5065 5064)
4(4964 5066 5067 4965)
4(5064 5065 5067 5066)
4(4966 5068 5069 4967)
4(5066 5067 5069 5068)
4(4968 5070 5071 4969)
4(5068 5069 5071 5070)
4(4970 5072 5073 4971)
4(5070 5071 5073 5072)
4(4972 5074 5075 4973)
4(5072 5073 5075 5074)
4(4974 5076 5077 4975)
4(5074 5075 5077 5076)
4(4976 5078 5079 4977)
4(5076 5077 5079 5078)
4(4978 5080 5081 4979)
4(5078 5079 5081 5080)
4(4980 5082 5083 4981)
4(5080 5081 5083 5082)
4(4982 5084 5085 4983)
4(5082 5083 5085 5084)
4(4984 5086 5087 4985)
4(5084 5085 5087 5086)
4(4986 5088 5089 4987)
4(5086 5087 5089 5088)
4(4988 5090 5091 4989)
4(5088 5089 5091 5090)
4(4990 5092 5093 4991)
4(5090 5091 5093 5092)
4(4992 5094 5095 4993)
4(5092 5093 5095 5094)
4(4994 5096 5097 4995)
4(5094 5095 5097 5096)
4(5096 5097 5099 5098)
4(5000 5102 5103 5001)
4(5100 5101 5103 5102)
4(5002 5104 5105 5003)
4(5102 5103 5105 5104)
4(5004 5106 5107 5005)
4(5104 5105 5107 5106)
4(5006 5108 5109 5007)
4(5106 5107 5109 5108)
4(5008 5110 5111 5009)
4(5108 5109 5111 5110)
4(5010 5112 5113 5011)
4(5110 5111 5113 5112)
4(5012 5114 5115 5013)
4(5112 5113 5115 5114)
4(5014 5116 5117 5015)
4(5114 5115 5117 5116)
4(5016 5118 5119 5017)
4(5116 5117 5119 5118)
4(5018 5120 5121 5019)
4(5118 5119 5121 5120)
4(5020 5122 5123 5021)
4(5120 5121 5123 5122)
4(5022 5124 5125 5023)
4(5122 5123 5125 5124)
4(5024 5126 5127 5025)
4(5124 5125 5127 5126)
4(5026 5128 5129 5027)
4(5126 5127 5129 5128)
4(5028 5130 5131 5029)
4(5128 5129 5131 5130)
4(5030 5132 5133 5031)
4(5130 5131 5133 5132)
4(5032 5134 5135 5033)
4(5132 5133 5135 5134)
4(5034 5136 5137 5035)
4(5134 5135 5137 5136)
4(5036 5138 5139 5037)
4(5136 5137 5139 5138)
4(5038 5140 5141 5039)
4(5138 5139 5141 5140)
4(5040 5142 5143 5041)
4(5140 5141 5143 5142)
4(5042 5144 5145 5043)
4(5142 5143 5145 5144)
4(5044 5146 5147 5045)
4(5144 5145 5147 5146)
4(5046 5148 5149 5047)
4(5146 5147 5149 5148)
4(5048 5150 5151 5049)
4(5148 5149 5151 5150)
4(5050 5152 5153 5051)
4(5150 5151 5153 5152)
4(5052 5154 5155 5053)
4(5152 5153 5155 5154)
4(5054 5156 5157 5055)
4(5154 5155 5157 5156)
4(5056 5158 5159 5057)
4(5156 5157 5159 5158)
4(5058 5160 5161 5059)
4(5158 5159 5161 5160)
4(5060 5162 5163 5061)
4(5160 5161 5163 5162)
4(5062 5164 5165 5063)
4(5162 5163 5165 5164)
4(5064 5166 5167 5065)
4(5164 5165 5167 5166)
4(5066 5168 5169 5067)
4(5166 5167 5169 5168)
4(5068 5170 5171 5069)
4(5168 5169 5171 5170)
4(5070 5172 5173 5071)
4(5170 5171 5173 5172)
4(5072 5174 5175 5073)
4(5172 5173 5175 5174)
4(5074 5176 5177 5075)
4(5174 5175 5177 5176)
4(5076 5178 5179 5077)
4(5176 5177 5179 5178)
4(5078 5180 5181 5079)
4(5178 5179 5181 5180)
4(5080 5182 5183 5081)
4(5180 5181 5183 5182)
4(5082 5184 5185 5083)
4(5182 5183 5185 5184)
4(5084 5186 5187 5085)
4(5184 5185 5187 5186)
4(5086 5188 5189 5087)
4(5186 5187 5189 5188)
4(5088 5190 5191 5089)
4(5188 5189 5191 5190)
4(5090 5192 5193 5091)
4(5190 5191 5193 5192)
4(5092 5194 5195 5093)
4(5192 5193 5195 5194)
4(5094 5196 5197 5095)
4(5194 5195 5197 5196)
4(5096 5198 5199 5097)
4(5196 5197 5199 5198)
4(5198 5199 5201 5200)
4(5102 5204 5205 5103)
4(5202 5203 5205 5204)
4(5104 5206 5207 5105)
4(5204 5205 5207 5206)
4(5106 5208 5209 5107)
4(5206 5207 5209 5208)
4(5108 5210 5211 5109)
4(5208 5209 5211 5210)
4(5110 5212 5213 5111)
4(5210 5211 5213 5212)
4(5112 5214 5215 5113)
4(5212 5213 5215 5214)
4(5114 5216 5217 5115)
4(5214 5215 5217 5216)
4(5116 5218 5219 5117)
4(5216 5217 5219 5218)
4(5118 5220 5221 5119)
4(5218 5219 5221 5220)
4(5120 5222 5223 5121)
4(5220 5221 5223 5222)
4(5122 5224 5225 5123)
4(5222 5223 5225 5224)
4(5124 5226 5227 5125)
4(5224 5225 5227 5226)
4(5126 5228 5229 5127)
4(5226 5227 5229 5228)
4(5128 5230 5231 5129)
4(5228 5229 5231 5230)
4(5130 5232 5233 5131)
4(5230 5231 5233 5232)
4(5132 5234 5235 5133)
4(5232 5233 5235 5234)
4(5134 5236 5237 5135)
4(5234 5235 5237 5236)
4(5136 5238 5239 5137)
4(5236 5237 5239 5238)
4(5138 5240 5241 5139)
4(5238 5239 5241 5240)
4(5140 5242 5243 5141)
4(5240 5241 5243 5242)
4(5142 5244 5245 5143)
4(5242 5243 5245 5244)
4(5144 5246 5247 5145)
4(5244 5245 5247 5246)
4(5146 5248 5249 5147)
4(5246 5247 5249 5248)
4(5148 5250 5251 5149)
4(5248 5249 5251 5250)
4(5150 5252 5253 5151)
4(5250 5251 5253 5252)
4(5152 5254 5255 5153)
4(5252 5253 5255 5254)
4(5154 5256 5257 5155)
4(5254 5255 5257 5256)
4(5156 5258 5259 5157)
4(5256 5257 5259 5258)
4(5158 5260 5261 5159)
4(5258 5259 5261 5260)
4(5160 5262 5263 5161)
4(5260 5261 5263 5262)
4(5162 5264 5265 5163)
4(5262 5263 5265 5264)
4(5164 5266 5267 5165)
4(5264 5265 5267 5266)
4(5166 5268 5269 5167)
4(5266 5267 5269 5268)
4(5168 5270 5271 5169)
4(5268 5269 5271 5270)
4(5170 5272 5273 5171)
4(5270 5271 5273 5272)
4(5172 5274 5275 5173)
4(5272 5273 5275 5274)
4(5174 5276 5277 5175)
4(5274 5275 5277 5276)
4(5176 5278 5279 5177)
4(5276 5277 5279 5278)
4(5178 5280 5281 5179)
4(5278 5279 5281 5280)
4(5180 5282 5283 5181)
4(5280 5281 5283 5282)
4(5182 5284 5285 5183)
4(5282 5283 5285 5284)
4(5184 5286 5287 5185)
4(5284 5285 5287 5286)
4(5186 5288 5289 5187)
4(5286 5287 5289 5288)
4(5188 5290 5291 5189)
4(5288 5289 5291 5290)
4(5190 5292 5293 5191)
4(5290 5291 5293 5292)
4(5192 5294 5295 5193)
4(5292 5293 5295 5294)
4(5194 5296 5297 5195)
4(5294 5295 5297 5296)
4(5196 5298 5299 5197)
4(5296 5297 5299 5298)
4(5198 5300 5301 5199)
4(5298 5299 5301 5300)
4(5300 5301 5303 5302)
4(5204 5306 5307 5205)
4(5304 5305 5307 5306)
4(5206 5308 5309 5207)
4(5306 5307 5309 5308)
4(5208 5310 5311 5209)
4(5308 5309 5311 5310)
4(5210 5312 5313 5211)
4(5310 5311 5313 5312)
4(5212 5314 5315 5213)
4(5312 5313 5315 5314)
4(5214 5316 5317 5215)
4(5314 5315 5317 5316)
4(5216 5318 5319 5217)
4(5316 5317 5319 5318)
4(5218 5320 5321 5219)
4(5318 5319 5321 5320)
4(5220 5322 5323 5221)
4(5320 5321 5323 5322)
4(5222 5324 5325 5223)
4(5322 5323 5325 5324)
4(5224 5326 5327 5225)
4(5324 5325 5327 5326)
4(5226 5328 5329 5227)
4(5326 5327 5329 5328)
4(5228 5330 5331 5229)
4(5328 5329 5331 5330)
4(5230 5332 5333 5231)
4(5330 5331 5333 5332)
4(5232 5334 5335 5233)
4(5332 5333 5335 5334)
4(5234 5336 5337 5235)
4(5334 5335 5337 5336)
4(5236 5338 5339 5237)
4(5336 5337 5339 5338)
4(5238 5340 5341 5239)
4(5338 5339 5341 5340)
4(5240 5342 5343 5241)
4(5340 5341 5343 5342)
4(5242 5344 5345 5243)
4(5342 5343 5345 5344)
4(5244 5346 5347 5245)
4(5344 5345 5347 5346)
4(5246 5348 5349 5247)
4(5346 5347 5349 5348)
4(5248 5350 5351 5249)
4(5348 5349 5351 5350)
4(5250 5352 5353 5251)
4(5350 5351 5353 5352)
4(5252 5354 5355 5253)
4(5352 5353 5355 5354)
4(5254 5356 5357 5255)
4(5354 5355 5357 5356)
4(5256 5358 5359 5257)
4(5356 5357 5359 5358)
4(5258 5360 5361 5259)
4(5358 5359 5361 5360)
4(5260 5362 5363 5261)
4(5360 5361 5363 5362)
4(5262 5364 5365 5263)
4(5362 5363 5365 5364)
4(5264 5366 5367 5265)
4(5364 5365 5367 5366)
4(5266 5368 5369 5267)
4(5366 5367 5369 5368)
4(5268 5370 5371 5269)
4(5368 5369 5371 5370)
4(5270 5372 5373 5271)
4(5370 5371 5373 5372)
4(5272 5374 5375 5273)
4(5372 5373 5375 5374)
4(5274 5376 5377 5275)
4(5374 5375 5377 5376)
4(5276 5378 5379 5277)
4(5376 5377 5379 5378)
4(5278 5380 5381 5279)
4(5378 5379 5381 5380)
4(5280 5382 5383 5281)
4(5380 5381 5383 5382)
4(5282 5384 5385 5283)
4(5382 5383 5385 5384)
4(5284 5386 5387 5285)
4(5384 5385 5387 5386)
4(5286 5388 5389 5287)
4(5386 5387 5389 5388)
4(5288 5390 5391 5289)
4(5388 5389 5391 5390)
4(5290 5392 5393 5291)
4(5390 5391 5393 5392)
4(5292 5394 5395 5293)
4(5392 5393 5395 5394)
4(5294 5396 5397 5295)
4(5394 5395 5397 5396)
4(5296 5398 5399 5297)
4(5396 5397 5399 5398)
4(5298 5400 5401 5299)
4(5398 5399 5401 5400)
4(5300 5402 5403 5301)
4(5400 5401 5403 5402)
4(5402 5403 5405 5404)
4(5306 5408 5409 5307)
4(5406 5407 5409 5408)
4(5308 5410 5411 5309)
4(5408 5409 5411 5410)
4(5310 5412 5413 5311)
4(5410 5411 5413 5412)
4(5312 5414 5415 5313)
4(5412 5413 5415 5414)
4(5314 5416 5417 5315)
4(5414 5415 5417 5416)
4(5316 5418 5419 5317)
4(5416 5417 5419 5418)
4(5318 5420 5421 5319)
4(5418 5419 5421 5420)
4(5320 5422 5423 5321)
4(5420 5421 5423 5422)
4(5322 5424 5425 5323)
4(5422 5423 5425 5424)
4(5324 5426 5427 5325)
4(5424 5425 5427 5426)
4(5326 5428 5429 5327)
4(5426 5427 5429 5428)
4(5328 5430 5431 5329)
4(5428 5429 5431 5430)
4(5330 5432 5433 5331)
4(5430 5431 5433 5432)
4(5332 5434 5435 5333)
4(5432 5433 5435 5434)
4(5334 5436 5437 5335)
4(5434 5435 5437 5436)
4(5336 5438 5439 5337)
4(5436 5437 5439 5438)
4(5338 5440 5441 5339)
4(5438 5439 5441 5440)
4(5340 5442 5443 5341)
4(5440 5441 5443 5442)
4(5342 5444 5445 5343)
4(5442 5443 5445 5444)
4(5344 5446 5447 5345)
4(5444 5445 5447 5446)
4(5346 5448 5449 5347)
4(5446 5447 5449 5448)
4(5348 5450 5451 5349)
4(5448 5449 5451 5450)
4(5350 5452 5453 5351)
4(5450 5451 5453 5452)
4(5352 5454 5455 5353)
4(5452 5453 5455 5454)
4(5354 5456 5457 5355)
4(5454 5455 5457 5456)
4(5356 5458 5459 5357)
4(5456 5457 5459 5458)
4(5358 5460 5461 5359)
4(5458 5459 5461 5460)
4(5360 5462 5463 5361)
4(5460 5461 5463 5462)
4(5362 5464 5465 5363)
4(5462 5463 5465 5464)
4(5364 5466 5467 5365)
4(5464 5465 5467 5466)
4(5366 5468 5469 5367)
4(5466 5467 5469 5468)
4(5368 5470 5471 5369)
4(5468 5469 5471 5470)
4(5370 5472 5473 5371)
4(5470 5471 5473 5472)
4(5372 5474 5475 5373)
4(5472 5473 5475 5474)
4(5374 5476 5477 5375)
4(5474 5475 5477 5476)
4(5376 5478 5479 5377)
4(5476 5477 5479 5478)
4(5378 5480 5481 5379)
4(5478 5479 5481 5480)
4(5380 5482 5483 5381)
4(5480 5481 5483 5482)
4(5382 5484 5485 5383)
4(5482 5483 5485 5484)
4(5384 5486 5487 5385)
4(5484 5485 5487 5486)
4(5386 5488 5489 5387)
4(5486 5487 5489 5488)
4(5388 5490 5491 5389)
4(5488 5489 5491 5490)
4(5390 5492 5493 5391)
4(5490 5491 5493 5492)
4(5392 5494 5495 5393)
4(5492 5493 5495 5494)
4(5394 5496 5497 5395)
4(5494 5495 5497 5496)
4(5396 5498 5499 5397)
4(5496 5497 5499 5498)
4(5398 5500 5501 5399)
4(5498 5499 5501 5500)
4(5400 5502 5503 5401)
4(5500 5501 5503 5502)
4(5402 5504 5505 5403)
4(5502 5503 5505 5504)
4(5504 5505 5507 5506)
4(5408 5510 5511 5409)
4(5508 5509 5511 5510)
4(5410 5512 5513 5411)
4(5510 5511 5513 5512)
4(5412 5514 5515 5413)
4(5512 5513 5515 5514)
4(5414 5516 5517 5415)
4(5514 5515 5517 5516)
4(5416 5518 5519 5417)
4(5516 5517 5519 5518)
4(5418 5520 5521 5419)
4(5518 5519 5521 5520)
4(5420 5522 5523 5421)
4(5520 5521 5523 5522)
4(5422 5524 5525 5423)
4(5522 5523 5525 5524)
4(5424 5526 5527 5425)
4(5524 5525 5527 5526)
4(5426 5528 5529 5427)
4(5526 5527 5529 5528)
4(5428 5530 5531 5429)
4(5528 5529 5531 5530)
4(5430 5532 5533 5431)
4(5530 5531 5533 5532)
4(5432 5534 5535 5433)
4(5532 5533 5535 5534)
4(5434 5536 5537 5435)
4(5534 5535 5537 5536)
4(5436 5538 5539 5437)
4(5536 5537 5539 5538)
4(5438 5540 5541 5439)
4(5538 5539 5541 5540)
4(5440 5542 5543 5441)
4(5540 5541 5543 5542)
4(5442 5544 5545 5443)
4(5542 5543 5545 5544)
4(5444 5546 5547 5445)
4(5544 5545 5547 5546)
4(5446 5548 5549 5447)
4(5546 5547 5549 5548)
4(5448 5550 5551 5449)
4(5548 5549 5551 5550)
4(5450 5552 5553 5451)
4(5550 5551 5553 5552)
4(5452 5554 5555 5453)
4(5552 5553 5555 5554)
4(5454 5556 5557 5455)
4(5554 5555 5557 5556)
4(5456 5558 5559 5457)
4(5556 5557 5559 5558)
4(5458 5560 5561 5459)
4(5558 5559 5561 5560)
4(5460 5562 5563 5461)
4(5560 5561 5563 5562)
4(5462 5564 5565 5463)
4(5562 5563 5565 5564)
4(5464 5566 5567 5465)
4(5564 5565 5567 5566)
4(5466 5568 5569 5467)
4(5566 5567 5569 5568)
4(5468 5570 5571 5469)
4(5568 5569 5571 5570)
4(5470 5572 5573 5471)
4(5570 5571 5573 5572)
4(5472 5574 5575 5473)
4(5572 5573 5575 5574)
4(5474 5576 5577 5475)
4(5574 5575 5577 5576)
4(5476 5578 5579 5477)
4(5576 5577 5579 5578)
4(5478 5580 5581 5479)
4(5578 5579 5581 5580)
4(5480 5582 5583 5481)
4(5580 5581 5583 5582)
4(5482 5584 5585 5483)
4(5582 5583 5585 5584)
4(5484 5586 5587 5485)
4(5584 5585 5587 5586)
4(5486 5588 5589 5487)
4(5586 5587 5589 5588)
4(5488 5590 5591 5489)
4(5588 5589 5591 5590)
4(5490 5592 5593 5491)
4(5590 5591 5593 5592)
4(5492 5594 5595 5493)
4(5592 5593 5595 5594)
4(5494 5596 5597 5495)
4(5594 5595 5597 5596)
4(5496 5598 5599 5497)
4(5596 5597 5599 5598)
4(5498 5600 5601 5499)
4(5598 5599 5601 5600)
4(5500 5602 5603 5501)
4(5600 5601 5603 5602)
4(5502 5604 5605 5503)
4(5602 5603 5605 5604)
4(5504 5606 5607 5505)
4(5604 5605 5607 5606)
4(5606 5607 5609 5608)
4(5510 5612 5613 5511)
4(5610 5611 5613 5612)
4(5512 5614 5615 5513)
4(5612 5613 5615 5614)
4(5514 5616 5617 5515)
4(5614 5615 5617 5616)
4(5516 5618 5619 5517)
4(5616 5617 5619 5618)
4(5518 5620 5621 5519)
4(5618 5619 5621 5620)
4(5520 5622 5623 5521)
4(5620 5621 5623 5622)
4(5522 5624 5625 5523)
4(5622 5623 5625 5624)
4(5524 5626 5627 5525)
4(5624 5625 5627 5626)
4(5526 5628 5629 5527)
4(5626 5627 5629 5628)
4(5528 5630 5631 5529)
4(5628 5629 5631 5630)
4(5530 5632 5633 5531)
4(5630 5631 5633 5632)
4(5532 5634 5635 5533)
4(5632 5633 5635 5634)
4(5534 5636 5637 5535)
4(5634 5635 5637 5636)
4(5536 5638 5639 5537)
4(5636 5637 5639 5638)
4(5538 5640 5641 5539)
4(5638 5639 5641 5640)
4(5540 5642 5643 5541)
4(5640 5641 5643 5642)
4(5542 5644 5645 5543)
4(5642 5643 5645 5644)
4(5544 5646 5647 5545)
4(5644 5645 5647 5646)
4(5546 5648 5649 5547)
4(5646 5647 5649 5648)
4(5548 5650 5651 5549)
4(5648 5649 5651 5650)
4(5550 5652 5653 5551)
4(5650 5651 5653 5652)
4(5552 5654 5655 5553)
4(5652 5653 5655 5654)
4(5554 5656 5657 5555)
4(5654 5655 5657 5656)
4(5556 5658 5659 5557)
4(5656 5657 5659 5658)
4(5558 5660 5661 5559)
4(5658 5659 5661 5660)
4(5560 5662 5663 5561)
4(5660 5661 5663 5662)
4(5562 5664 5665 5563)
4(5662 5663 5665 5664)
4(5564 5666 5667 5565)
4(5664 5665 5667 5666)
4(5566 5668 5669 5567)
4(5666 5667 5669 5668)
4(5568 5670 5671 5569)
4(5668 5669 5671 5670)
4(5570 5672 5673 5571)
4(5670 5671 5673 5672)
4(5572 5674 5675 5573)
4(5672 5673 5675 5674)
4(5574 5676 5677 5575)
4(5674 5675 5677 5676)
4(5576 5678 5679 5577)
4(5676 5677 5679 5678)
4(5578 5680 5681 5579)
4(5678 5679 5681 5680)
4(5580 5682 5683 5581)
4(5680 5681 5683 5682)
4(5582 5684 5685 5583)
4(5682 5683 5685 5684)
4(5584 5686 5687 5585)
4(5684 5685 5687 5686)
4(5586 5688 5689 5587)
4(5686 5687 5689 5688)
4(5588 5690 5691 5589)
4(5688 5689 5691 5690)
4(5590 5692 5693 5591)
4(5690 5691 5693 5692)
4(5592 5694 5695 5593)
4(5692 5693 5695 5694)
4(5594 5696 5697 5595)
4(5694 5695 5697 5696)
4(5596 5698 5699 5597)
4(5696 5697 5699 5698)
4(5598 5700 5701 5599)
4(5698 5699 5701 5700)
4(5600 5702 5703 5601)
4(5700 5701 5703 5702)
4(5602 5704 5705 5603)
4(5702 5703 5705 5704)
4(5604 5706 5707 5605)
4(5704 5705 5707 5706)
4(5606 5708 5709 5607)
4(5706 5707 5709 5708)
4(5708 5709 5711 5710)
4(5612 5714 5715 5613)
4(5712 5713 5715 5714)
4(5614 5716 5717 5615)
4(5714 5715 5717 5716)
4(5616 5718 5719 5617)
4(5716 5717 5719 5718)
4(5618 5720 5721 5619)
4(5718 5719 5721 5720)
4(5620 5722 5723 5621)
4(5720 5721 5723 5722)
4(5622 5724 5725 5623)
4(5722 5723 5725 5724)
4(5624 5726 5727 5625)
4(5724 5725 5727 5726)
4(5626 5728 5729 5627)
4(5726 5727 5729 5728)
4(5628 5730 5731 5629)
4(5728 5729 5731 5730)
4(5630 5732 5733 5631)
4(5730 5731 5733 5732)
4(5632 5734 5735 5633)
4(5732 5733 5735 5734)
4(5634 5736 5737 5635)
4(5734 5735 5737 5736)
4(5636 5738 5739 5637)
4(5736 5737 5739 5738)
4(5638 5740 5741 5639)
4(5738 5739 5741 5740)
4(5640 5742 5743 5641)
4(5740 5741 5743 5742)
4(5642 5744 5745 5643)
4(5742 5743 5745 5744)
4(5644 5746 5747 5645)
4(5744 5745 5747 5746)
4(5646 5748 5749 5647)
4(5746 5747 5749 5748)
4(5648 5750 5751 5649)
4(5748 5749 5751 5750)
4(5650 5752 5753 5651)
4(5750 5751 5753 5752)
4(5652 5754 5755 5653)
4(5752 5753 5755 5754)
4(5654 5756 5757 5655)
4(5754 5755 5757 5756)
4(5656 5758 5759 5657)
4(5756 5757 5759 5758)
4(5658 5760 5761 5659)
4(5758 5759 5761 5760)
4(5660 5762 5763 5661)
4(5760 5761 5763 5762)
4(5662 5764 5765 5663)
4(5762 5763 5765 5764)
4(5664 5766 5767 5665)
4(5764 5765 5767 5766)
4(5666 5768 5769 5667)
4(5766 5767 5769 5768)
4(5668 5770 5771 5669)
4(5768 5769 5771 5770)
4(5670 5772 5773 5671)
4(5770 5771 5773 5772)
4(5672 5774 5775 5673)
4(5772 5773 5775 5774)
4(5674 5776 5777 5675)
4(5774 5775 5777 5776)
4(5676 5778 5779 5677)
4(5776 5777 5779 5778)
4(5678 5780 5781 5679)
4(5778 5779 5781 5780)
4(5680 5782 5783 5681)
4(5780 5781 5783 5782)
4(5682 5784 5785 5683)
4(5782 5783 5785 5784)
4(5684 5786 5787 5685)
4(5784 5785 5787 5786)
4(5686 5788 5789 5687)
4(5786 5787 5789 5788)
4(5688 5790 5791 5689)
4(5788 5789 5791 5790)
4(5690 5792 5793 5691)
4(5790 5791 5793 5792)
4(5692 5794 5795 5693)
4(5792 5793 5795 5794)
4(5694 5796 5797 5695)
4(5794 5795 5797 5796)
4(5696 5798 5799 5697)
4(5796 5797 5799 5798)
4(5698 5800 5801 5699)
4(5798 5799 5801 5800)
4(5700 5802 5803 5701)
4(5800 5801 5803 5802)
4(5702 5804 5805 5703)
4(5802 5803 5805 5804)
4(5704 5806 5807 5705)
4(5804 5805 5807 5806)
4(5706 5808 5809 5707)
4(5806 5807 5809 5808)
4(5708 5810 5811 5709)
4(5808 5809 5811 5810)
4(5810 5811 5813 5812)
4(5714 5816 5817 5715)
4(5814 5815 5817 5816)
4(5716 5818 5819 5717)
4(5816 5817 5819 5818)
4(5718 5820 5821 5719)
4(5818 5819 5821 5820)
4(5720 5822 5823 5721)
4(5820 5821 5823 5822)
4(5722 5824 5825 5723)
4(5822 5823 5825 5824)
4(5724 5826 5827 5725)
4(5824 5825 5827 5826)
4(5726 5828 5829 5727)
4(5826 5827 5829 5828)
4(5728 5830 5831 5729)
4(5828 5829 5831 5830)
4(5730 5832 5833 5731)
4(5830 5831 5833 5832)
4(5732 5834 5835 5733)
4(5832 5833 5835 5834)
4(5734 5836 5837 5735)
4(5834 5835 5837 5836)
4(5736 5838 5839 5737)
4(5836 5837 5839 5838)
4(5738 5840 5841 5739)
4(5838 5839 5841 5840)
4(5740 5842 5843 5741)
4(5840 5841 5843 5842)
4(5742 5844 5845 5743)
4(5842 5843 5845 5844)
4(5744 5846 5847 5745)
4(5844 5845 5847 5846)
4(5746 5848 5849 5747)
4(5846 5847 5849 5848)
4(5748 5850 5851 5749)
4(5848 5849 5851 5850)
4(5750 5852 5853 5751)
4(5850 5851 5853 5852)
4(5752 5854 5855 5753)
4(5852 5853 5855 5854)
4(5754 5856 5857 5755)
4(5854 5855 5857 5856)
4(5756 5858 5859 5757)
4(5856 5857 5859 5858)
4(5758 5860 5861 5759)
4(5858 5859 5861 5860)
4(5760 5862 5863 5761)
4(5860 5861 5863 5862)
4(5762 5864 5865 5763)
4(5862 5863 5865 5864)
4(5764 5866 5867 5765)
4(5864 5865 5867 5866)
4(5766 5868 5869 5767)
4(5866 5867 5869 5868)
4(5768 5870 5871 5769)
4(5868 5869 5871 5870)
4(5770 5872 5873 5771)
4(5870 5871 5873 5872)
4(5772 5874 5875 5773)
4(5872 5873 5875 5874)
4(5774 5876 5877 5775)
4(5874 5875 5877 5876)
4(5776 5878 5879 5777)
4(5876 5877 5879 5878)
4(5778 5880 5881 5779)
4(5878 5879 5881 5880)
4(5780 5882 5883 5781)
4(5880 5881 5883 5882)
4(5782 5884 5885 5783)
4(5882 5883 5885 5884)
4(5784 5886 5887 5785)
4(5884 5885 5887 5886)
4(5786 5888 5889 5787)
4(5886 5887 5889 5888)
4(5788 5890 5891 5789)
4(5888 5889 5891 5890)
4(5790 5892 5893 5791)
4(5890 5891 5893 5892)
4(5792 5894 5895 5793)
4(5892 5893 5895 5894)
4(5794 5896 5897 5795)
4(5894 5895 5897 5896)
4(5796 5898 5899 5797)
4(5896 5897 5899 5898)
4(5798 5900 5901 5799)
4(5898 5899 5901 5900)
4(5800 5902 5903 5801)
4(5900 5901 5903 5902)
4(5802 5904 5905 5803)
4(5902 5903 5905 5904)
4(5804 5906 5907 5805)
4(5904 5905 5907 5906)
4(5806 5908 5909 5807)
4(5906 5907 5909 5908)
4(5808 5910 5911 5809)
4(5908 5909 5911 5910)
4(5810 5912 5913 5811)
4(5910 5911 5913 5912)
4(5912 5913 5915 5914)
4(5816 5918 5919 5817)
4(5916 5917 5919 5918)
4(5818 5920 5921 5819)
4(5918 5919 5921 5920)
4(5820 5922 5923 5821)
4(5920 5921 5923 5922)
4(5822 5924 5925 5823)
4(5922 5923 5925 5924)
4(5824 5926 5927 5825)
4(5924 5925 5927 5926)
4(5826 5928 5929 5827)
4(5926 5927 5929 5928)
4(5828 5930 5931 5829)
4(5928 5929 5931 5930)
4(5830 5932 5933 5831)
4(5930 5931 5933 5932)
4(5832 5934 5935 5833)
4(5932 5933 5935 5934)
4(5834 5936 5937 5835)
4(5934 5935 5937 5936)
4(5836 5938 5939 5837)
4(5936 5937 5939 5938)
4(5838 5940 5941 5839)
4(5938 5939 5941 5940)
4(5840 5942 5943 5841)
4(5940 5941 5943 5942)
4(5842 5944 5945 5843)
4(5942 5943 5945 5944)
4(5844 5946 5947 5845)
4(5944 5945 5947 5946)
4(5846 5948 5949 5847)
4(5946 5947 5949 5948)
4(5848 5950 5951 5849)
4(5948 5949 5951 5950)
4(5850 5952 5953 5851)
4(5950 5951 5953 5952)
4(5852 5954 5955 5853)
4(5952 5953 5955 5954)
4(5854 5956 5957 5855)
4(5954 5955 5957 5956)
4(5856 5958 5959 5857)
4(5956 5957 5959 5958)
4(5858 5960 5961 5859)
4(5958 5959 5961 5960)
4(5860 5962 5963 5861)
4(5960 5961 5963 5962)
4(5862 5964 5965 5863)
4(5962 5963 5965 5964)
4(5864 5966 5967 5865)
4(5964 5965 5967 5966)
4(5866 5968 5969 5867)
4(5966 5967 5969 5968)
4(5868 5970 5971 5869)
4(5968 5969 5971 5970)
4(5870 5972 5973 5871)
4(5970 5971 5973 5972)
4(5872 5974 5975 5873)
4(5972 5973 5975 5974)
4(5874 5976 5977 5875)
4(5974 5975 5977 5976)
4(5876 5978 5979 5877)
4(5976 5977 5979 5978)
4(5878 5980 5981 5879)
4(5978 5979 5981 5980)
4(5880 5982 5983 5881)
4(5980 5981 5983 5982)
4(5882 5984 5985 5883)
4(5982 5983 5985 5984)
4(5884 5986 5987 5885)
4(5984 5985 5987 5986)
4(5886 5988 5989 5887)
4(5986 5987 5989 5988)
4(5888 5990 5991 5889)
4(5988 5989 5991 5990)
4(5890 5992 5993 5891)
4(5990 5991 5993 5992)
4(5892 5994 5995 5893)
4(5992 5993 5995 5994)
4(5894 5996 5997 5895)
4(5994 5995 5997 5996)
4(5896 5998 5999 5897)
4(5996 5997 5999 5998)
4(5898 6000 6001 5899)
4(5998 5999 6001 6000)
4(5900 6002 6003 5901)
4(6000 6001 6003 6002)
4(5902 6004 6005 5903)
4(6002 6003 6005 6004)
4(5904 6006 6007 5905)
4(6004 6005 6007 6006)
4(5906 6008 6009 5907)
4(6006 6007 6009 6008)
4(5908 6010 6011 5909)
4(6008 6009 6011 6010)
4(5910 6012 6013 5911)
4(6010 6011 6013 6012)
4(5912 6014 6015 5913)
4(6012 6013 6015 6014)
4(6014 6015 6017 6016)
4(5918 6020 6021 5919)
4(6018 6019 6021 6020)
4(5920 6022 6023 5921)
4(6020 6021 6023 6022)
4(5922 6024 6025 5923)
4(6022 6023 6025 6024)
4(5924 6026 6027 5925)
4(6024 6025 6027 6026)
4(5926 6028 6029 5927)
4(6026 6027 6029 6028)
4(5928 6030 6031 5929)
4(6028 6029 6031 6030)
4(5930 6032 6033 5931)
4(6030 6031 6033 6032)
4(5932 6034 6035 5933)
4(6032 6033 6035 6034)
4(5934 6036 6037 5935)
4(6034 6035 6037 6036)
4(5936 6038 6039 5937)
4(6036 6037 6039 6038)
4(5938 6040 6041 5939)
4(6038 6039 6041 6040)
4(5940 6042 6043 5941)
4(6040 6041 6043 6042)
4(5942 6044 6045 5943)
4(6042 6043 6045 6044)
4(5944 6046 6047 5945)
4(6044 6045 6047 6046)
4(5946 6048 6049 5947)
4(6046 6047 6049 6048)
4(5948 6050 6051 5949)
4(6048 6049 6051 6050)
4(5950 6052 6053 5951)
4(6050 6051 6053 6052)
4(5952 6054 6055 5953)
4(6052 6053 6055 6054)
4(5954 6056 6057 5955)
4(6054 6055 6057 6056)
4(5956 6058 6059 5957)
4(6056 6057 6059 6058)
4(5958 6060 6061 5959)
4(6058 6059 6061 6060)
4(5960 6062 6063 5961)
4(6060 6061 6063 6062)
4(5962 6064 6065 5963)
4(6062 6063 6065 6064)
4(5964 6066 6067 5965)
4(6064 6065 6067 6066)
4(5966 6068 6069 5967)
4(6066 6067 6069 6068)
4(5968 6070 6071 5969)
4(6068 6069 6071 6070)
4(5970 6072 6073 5971)
4(6070 6071 6073 6072)
4(5972 6074 6075 5973)
4(6072 6073 6075 6074)
4(5974 6076 6077 5975)
4(6074 6075 6077 6076)
4(5976 6078 6079 5977)
4(6076 6077 6079 6078)
4(5978 6080 6081 5979)
4(6078 6079 6081 6080)
4(5980 6082 6083 5981)
4(6080 6081 6083 6082)
4(5982 6084 6085 5983)
4(6082 6083 6085 6084)
4(5984 6086 6087 5985)
4(6084 6085 6087 6086)
4(5986 6088 6089 5987)
4(6086 6087 6089 6088)
4(5988 6090 6091 5989)
4(6088 6089 6091 6090)
4(5990 6092 6093 5991)
4(6090 6091 6093 6092)
4(5992 6094 6095 5993)
4(6092 6093 6095 6094)
4(5994 6096 6097 5995)
4(6094 6095 6097 6096)
4(5996 6098 6099 5997)
4(6096 6097 6099 6098)
4(5998 6100 6101 5999)
4(6098 6099 6101 6100)
4(6000 6102 6103 6001)
4(6100 6101 6103 6102)
4(6002 6104 6105 6003)
4(6102 6103 6105 6104)
4(6004 6106 6107 6005)
4(6104 6105 6107 6106)
4(6006 6108 6109 6007)
4(6106 6107 6109 6108)
4(6008 6110 6111 6009)
4(6108 6109 6111 6110)
4(6010 6112 6113 6011)
4(6110 6111 6113 6112)
4(6012 6114 6115 6013)
4(6112 6113 6115 6114)
4(6014 6116 6117 6015)
4(6114 6115 6117 6116)
4(6116 6117 6119 6118)
4(6020 6122 6123 6021)
4(6120 6121 6123 6122)
4(6022 6124 6125 6023)
4(6122 6123 6125 6124)
4(6024 6126 6127 6025)
4(6124 6125 6127 6126)
4(6026 6128 6129 6027)
4(6126 6127 6129 6128)
4(6028 6130 6131 6029)
4(6128 6129 6131 6130)
4(6030 6132 6133 6031)
4(6130 6131 6133 6132)
4(6032 6134 6135 6033)
4(6132 6133 6135 6134)
4(6034 6136 6137 6035)
4(6134 6135 6137 6136)
4(6036 6138 6139 6037)
4(6136 6137 6139 6138)
4(6038 6140 6141 6039)
4(6138 6139 6141 6140)
4(6040 6142 6143 6041)
4(6140 6141 6143 6142)
4(6042 6144 6145 6043)
4(6142 6143 6145 6144)
4(6044 6146 6147 6045)
4(6144 6145 6147 6146)
4(6046 6148 6149 6047)
4(6146 6147 6149 6148)
4(6048 6150 6151 6049)
4(6148 6149 6151 6150)
4(6050 6152 6153 6051)
4(6150 6151 6153 6152)
4(6052 6154 6155 6053)
4(6152 6153 6155 6154)
4(6054 6156 6157 6055)
4(6154 6155 6157 6156)
4(6056 6158 6159 6057)
4(6156 6157 6159 6158)
4(6058 6160 6161 6059)
4(6158 6159 6161 6160)
4(6060 6162 6163 6061)
4(6160 6161 6163 6162)
4(6062 6164 6165 6063)
4(6162 6163 6165 6164)
4(6064 6166 6167 6065)
4(6164 6165 6167 6166)
4(6066 6168 6169 6067)
4(6166 6167 6169 6168)
4(6068 6170 6171 6069)
4(6168 6169 6171 6170)
4(6070 6172 6173 6071)
4(6170 6171 6173 6172)
4(6072 6174 6175 6073)
4(6172 6173 6175 6174)
4(6074 6176 6177 6075)
4(6174 6175 6177 6176)
4(6076 6178 6179 6077)
4(6176 6177 6179 6178)
4(6078 6180 6181 6079)
4(6178 6179 6181 6180)
4(6080 6182 6183 6081)
4(6180 6181 6183 6182)
4(6082 6184 6185 6083)
4(6182 6183 6185 6184)
4(6084 6186 6187 6085)
4(6184 6185 6187 6186)
4(6086 6188 6189 6087)
4(6186 6187 6189 6188)
4(6088 6190 6191 6089)
4(6188 6189 6191 6190)
4(6090 6192 6193 6091)
4(6190 6191 6193 6192)
4(6092 6194 6195 6093)
4(6192 6193 6195 6194)
4(6094 6196 6197 6095)
4(6194 6195 6197 6196)
4(6096 6198 6199 6097)
4(6196 6197 6199 6198)
4(6098 6200 6201 6099)
4(6198 6199 6201 6200)
4(6100 6202 6203 6101)
4(6200 6201 6203 6202)
4(6102 6204 6205 6103)
4(6202 6203 6205 6204)
4(6104 6206 6207 6105)
4(6204 6205 6207 6206)
4(6106 6208 6209 6107)
4(6206 6207 6209 6208)
4(6108 6210 6211 6109)
4(6208 6209 6211 6210)
4(6110 6212 6213 6111)
4(6210 6211 6213 6212)
4(6112 6214 6215 6113)
4(6212 6213 6215 6214)
4(6114 6216 6217 6115)
4(6214 6215 6217 6216)
4(6116 6218 6219 6117)
4(6216 6217 6219 6218)
4(6218 6219 6221 6220)
4(6122 6224 6225 6123)
4(6222 6223 6225 6224)
4(6124 6226 6227 6125)
4(6224 6225 6227 6226)
4(6126 6228 6229 6127)
4(6226 6227 6229 6228)
4(6128 6230 6231 6129)
4(6228 6229 6231 6230)
4(6130 6232 6233 6131)
4(6230 6231 6233 6232)
4(6132 6234 6235 6133)
4(6232 6233 6235 6234)
4(6134 6236 6237 6135)
4(6234 6235 6237 6236)
4(6136 6238 6239 6137)
4(6236 6237 6239 6238)
4(6138 6240 6241 6139)
4(6238 6239 6241 6240)
4(6140 6242 6243 6141)
4(6240 6241 6243 6242)
4(6142 6244 6245 6143)
4(6242 6243 6245 6244)
4(6144 6246 6247 6145)
4(6244 6245 6247 6246)
4(6146 6248 6249 6147)
4(6246 6247 6249 6248)
4(6148 6250 6251 6149)
4(6248 6249 6251 6250)
4(6150 6252 6253 6151)
4(6250 6251 6253 6252)
4(6152 6254 6255 6153)
4(6252 6253 6255 6254)
4(6154 6256 6257 6155)
4(6254 6255 6257 6256)
4(6156 6258 6259 6157)
4(6256 6257 6259 6258)
4(6158 6260 6261 6159)
4(6258 6259 6261 6260)
4(6160 6262 6263 6161)
4(6260 6261 6263 6262)
4(6162 6264 6265 6163)
4(6262 6263 6265 6264)
4(6164 6266 6267 6165)
4(6264 6265 6267 6266)
4(6166 6268 6269 6167)
4(6266 6267 6269 6268)
4(6168 6270 6271 6169)
4(6268 6269 6271 6270)
4(6170 6272 6273 6171)
4(6270 6271 6273 6272)
4(6172 6274 6275 6173)
4(6272 6273 6275 6274)
4(6174 6276 6277 6175)
4(6274 6275 6277 6276)
4(6176 6278 6279 6177)
4(6276 6277 6279 6278)
4(6178 6280 6281 6179)
4(6278 6279 6281 6280)
4(6180 6282 6283 6181)
4(6280 6281 6283 6282)
4(6182 6284 6285 6183)
4(6282 6283 6285 6284)
4(6184 6286 6287 6185)
4(6284 6285 6287 6286)
4(6186 6288 6289 6187)
4(6286 6287 6289 6288)
4(6188 6290 6291 6189)
4(6288 6289 6291 6290)
4(6190 6292 6293 6191)
4(6290 6291 6293 6292)
4(6192 6294 6295 6193)
4(6292 6293 6295 6294)
4(6194 6296 6297 6195)
4(6294 6295 6297 6296)
4(6196 6298 6299 6197)
4(6296 6297 6299 6298)
4(6198 6300 6301 6199)
4(6298 6299 6301 6300)
4(6200 6302 6303 6201)
4(6300 6301 6303 6302)
4(6202 6304 6305 6203)
4(6302 6303 6305 6304)
4(6204 6306 6307 6205)
4(6304 6305 6307 6306)
4(6206 6308 6309 6207)
4(6306 6307 6309 6308)
4(6208 6310 6311 6209)
4(6308 6309 6311 6310)
4(6210 6312 6313 6211)
4(6310 6311 6313 6312)
4(6212 6314 6315 6213)
4(6312 6313 6315 6314)
4(6214 6316 6317 6215)
4(6314 6315 6317 6316)
4(6216 6318 6319 6217)
4(6316 6317 6319 6318)
4(6218 6320 6321 6219)
4(6318 6319 6321 6320)
4(6320 6321 6323 6322)
4(6224 6326 6327 6225)
4(6324 6325 6327 6326)
4(6226 6328 6329 6227)
4(6326 6327 6329 6328)
4(6228 6330 6331 6229)
4(6328 6329 6331 6330)
4(6230 6332 6333 6231)
4(6330 6331 6333 6332)
4(6232 6334 6335 6233)
4(6332 6333 6335 6334)
4(6234 6336 6337 6235)
4(6334 6335 6337 6336)
4(6236 6338 6339 6237)
4(6336 6337 6339 6338)
4(6238 6340 6341 6239)
4(6338 6339 6341 6340)
4(6240 6342 6343 6241)
4(6340 6341 6343 6342)
4(6242 6344 6345 6243)
4(6342 6343 6345 6344)
4(6244 6346 6347 6245)
4(6344 6345 6347 6346)
4(6246 6348 6349 6247)
4(6346 6347 6349 6348)
4(6248 6350 6351 6249)
4(6348 6349 6351 6350)
4(6250 6352 6353 6251)
4(6350 6351 6353 6352)
4(6252 6354 6355 6253)
4(6352 6353 6355 6354)
4(6254 6356 6357 6255)
4(6354 6355 6357 6356)
4(6256 6358 6359 6257)
4(6356 6357 6359 6358)
4(6258 6360 6361 6259)
4(6358 6359 6361 6360)
4(6260 6362 6363 6261)
4(6360 6361 6363 6362)
4(6262 6364 6365 6263)
4(6362 6363 6365 6364)
4(6264 6366 6367 6265)
4(6364 6365 6367 6366)
4(6266 6368 6369 6267)
4(6366 6367 6369 6368)
4(6268 6370 6371 6269)
4(6368 6369 6371 6370)
4(6270 6372 6373 6271)
4(6370 6371 6373 6372)
4(6272 6374 6375 6273)
4(6372 6373 6375 6374)
4(6274 6376 6377 6275)
4(6374 6375 6377 6376)
4(6276 6378 6379 6277)
4(6376 6377 6379 6378)
4(6278 6380 6381 6279)
4(6378 6379 6381 6380)
4(6280 6382 6383 6281)
4(6380 6381 6383 6382)
4(6282 6384 6385 6283)
4(6382 6383 6385 6384)
4(6284 6386 6387 6285)
4(6384 6385 6387 6386)
4(6286 6388 6389 6287)
4(6386 6387 6389 6388)
4(6288 6390 6391 6289)
4(6388 6389 6391 6390)
4(6290 6392 6393 6291)
4(6390 6391 6393 6392)
4(6292 6394 6395 6293)
4(6392 6393 6395 6394)
4(6294 6396 6397 6295)
4(6394 6395 6397 6396)
4(6296 6398 6399 6297)
4(6396 6397 6399 6398)
4(6298 6400 6401 6299)
4(6398 6399 6401 6400)
4(6300 6402 6403 6301)
4(6400 6401 6403 6402)
4(6302 6404 6405 6303)
4(6402 6403 6405 6404)
4(6304 6406 6407 6305)
4(6404 6405 6407 6406)
4(6306 6408 6409 6307)
4(6406 6407 6409 6408)
4(6308 6410 6411 6309)
4(6408 6409 6411 6410)
4(6310 6412 6413 6311)
4(6410 6411 6413 6412)
4(6312 6414 6415 6313)
4(6412 6413 6415 6414)
4(6314 6416 6417 6315)
4(6414 6415 6417 6416)
4(6316 6418 6419 6317)
4(6416 6417 6419 6418)
4(6318 6420 6421 6319)
4(6418 6419 6421 6420)
4(6320 6422 6423 6321)
4(6420 6421 6423 6422)
4(6422 6423 6425 6424)
4(6326 6428 6429 6327)
4(6426 6427 6429 6428)
4(6328 6430 6431 6329)
4(6428 6429 6431 6430)
4(6330 6432 6433 6331)
4(6430 6431 6433 6432)
4(6332 6434 6435 6333)
4(6432 6433 6435 6434)
4(6334 6436 6437 6335)
4(6434 6435 6437 6436)
4(6336 6438 6439 6337)
4(6436 6437 6439 6438)
4(6338 6440 6441 6339)
4(6438 6439 6441 6440)
4(6340 6442 6443 6341)
4(6440 6441 6443 6442)
4(6342 6444 6445 6343)
4(6442 6443 6445 6444)
4(6344 6446 6447 6345)
4(6444 6445 6447 6446)
4(6346 6448 6449 6347)
4(6446 6447 6449 6448)
4(6348 6450 6451 6349)
4(6448 6449 6451 6450)
4(6350 6452 6453 6351)
4(6450 6451 6453 6452)
4(6352 6454 6455 6353)
4(6452 6453 6455 6454)
4(6354 6456 6457 6355)
4(6454 6455 6457 6456)
4(6356 6458 6459 6357)
4(6456 6457 6459 6458)
4(6358 6460 6461 6359)
4(6458 6459 6461 6460)
4(6360 6462 6463 6361)
4(6460 6461 6463 6462)
4(6362 6464 6465 6363)
4(6462 6463 6465 6464)
4(6364 6466 6467 6365)
4(6464 6465 6467 6466)
4(6366 6468 6469 6367)
4(6466 6467 6469 6468)
4(6368 6470 6471 6369)
4(6468 6469 6471 6470)
4(6370 6472 6473 6371)
4(6470 6471 6473 6472)
4(6372 6474 6475 6373)
4(6472 6473 6475 6474)
4(6374 6476 6477 6375)
4(6474 6475 6477 6476)
4(6376 6478 6479 6377)
4(6476 6477 6479 6478)
4(6378 6480 6481 6379)
4(6478 6479 6481 6480)
4(6380 6482 6483 6381)
4(6480 6481 6483 6482)
4(6382 6484 6485 6383)
4(6482 6483 6485 6484)
4(6384 6486 6487 6385)
4(6484 6485 6487 6486)
4(6386 6488 6489 6387)
4(6486 6487 6489 6488)
4(6388 6490 6491 6389)
4(6488 6489 6491 6490)
4(6390 6492 6493 6391)
4(6490 6491 6493 6492)
4(6392 6494 6495 6393)
4(6492 6493 6495 6494)
4(6394 6496 6497 6395)
4(6494 6495 6497 6496)
4(6396 6498 6499 6397)
4(6496 6497 6499 6498)
4(6398 6500 6501 6399)
4(6498 6499 6501 6500)
4(6400 6502 6503 6401)
4(6500 6501 6503 6502)
4(6402 6504 6505 6403)
4(6502 6503 6505 6504)
4(6404 6506 6507 6405)
4(6504 6505 6507 6506)
4(6406 6508 6509 6407)
4(6506 6507 6509 6508)
4(6408 6510 6511 6409)
4(6508 6509 6511 6510)
4(6410 6512 6513 6411)
4(6510 6511 6513 6512)
4(6412 6514 6515 6413)
4(6512 6513 6515 6514)
4(6414 6516 6517 6415)
4(6514 6515 6517 6516)
4(6416 6518 6519 6417)
4(6516 6517 6519 6518)
4(6418 6520 6521 6419)
4(6518 6519 6521 6520)
4(6420 6522 6523 6421)
4(6520 6521 6523 6522)
4(6422 6524 6525 6423)
4(6522 6523 6525 6524)
4(6524 6525 6527 6526)
4(6428 6530 6531 6429)
4(6528 6529 6531 6530)
4(6430 6532 6533 6431)
4(6530 6531 6533 6532)
4(6432 6534 6535 6433)
4(6532 6533 6535 6534)
4(6434 6536 6537 6435)
4(6534 6535 6537 6536)
4(6436 6538 6539 6437)
4(6536 6537 6539 6538)
4(6438 6540 6541 6439)
4(6538 6539 6541 6540)
4(6440 6542 6543 6441)
4(6540 6541 6543 6542)
4(6442 6544 6545 6443)
4(6542 6543 6545 6544)
4(6444 6546 6547 6445)
4(6544 6545 6547 6546)
4(6446 6548 6549 6447)
4(6546 6547 6549 6548)
4(6448 6550 6551 6449)
4(6548 6549 6551 6550)
4(6450 6552 6553 6451)
4(6550 6551 6553 6552)
4(6452 6554 6555 6453)
4(6552 6553 6555 6554)
4(6454 6556 6557 6455)
4(6554 6555 6557 6556)
4(6456 6558 6559 6457)
4(6556 6557 6559 6558)
4(6458 6560 6561 6459)
4(6558 6559 6561 6560)
4(6460 6562 6563 6461)
4(6560 6561 6563 6562)
4(6462 6564 6565 6463)
4(6562 6563 6565 6564)
4(6464 6566 6567 6465)
4(6564 6565 6567 6566)
4(6466 6568 6569 6467)
4(6566 6567 6569 6568)
4(6468 6570 6571 6469)
4(6568 6569 6571 6570)
4(6470 6572 6573 6471)
4(6570 6571 6573 6572)
4(6472 6574 6575 6473)
4(6572 6573 6575 6574)
4(6474 6576 6577 6475)
4(6574 6575 6577 6576)
4(6476 6578 6579 6477)
4(6576 6577 6579 6578)
4(6478 6580 6581 6479)
4(6578 6579 6581 6580)
4(6480 6582 6583 6481)
4(6580 6581 6583 6582)
4(6482 6584 6585 6483)
4(6582 6583 6585 6584)
4(6484 6586 6587 6485)
4(6584 6585 6587 6586)
4(6486 6588 6589 6487)
4(6586 6587 6589 6588)
4(6488 6590 6591 6489)
4(6588 6589 6591 6590)
4(6490 6592 6593 6491)
4(6590 6591 6593 6592)
4(6492 6594 6595 6493)
4(6592 6593 6595 6594)
4(6494 6596 6597 6495)
4(6594 6595 6597 6596)
4(6496 6598 6599 6497)
4(6596 6597 6599 6598)
4(6498 6600 6601 6499)
4(6598 6599 6601 6600)
4(6500 6602 6603 6501)
4(6600 6601 6603 6602)
4(6502 6604 6605 6503)
4(6602 6603 6605 6604)
4(6504 6606 6607 6505)
4(6604 6605 6607 6606)
4(6506 6608 6609 6507)
4(6606 6607 6609 6608)
4(6508 6610 6611 6509)
4(6608 6609 6611 6610)
4(6510 6612 6613 6511)
4(6610 6611 6613 6612)
4(6512 6614 6615 6513)
4(6612 6613 6615 6614)
4(6514 6616 6617 6515)
4(6614 6615 6617 6616)
4(6516 6618 6619 6517)
4(6616 6617 6619 6618)
4(6518 6620 6621 6519)
4(6618 6619 6621 6620)
4(6520 6622 6623 6521)
4(6620 6621 6623 6622)
4(6522 6624 6625 6523)
4(6622 6623 6625 6624)
4(6524 6626 6627 6525)
4(6624 6625 6627 6626)
4(6626 6627 6629 6628)
4(6530 6632 6633 6531)
4(6630 6631 6633 6632)
4(6532 6634 6635 6533)
4(6632 6633 6635 6634)
4(6534 6636 6637 6535)
4(6634 6635 6637 6636)
4(6536 6638 6639 6537)
4(6636 6637 6639 6638)
4(6538 6640 6641 6539)
4(6638 6639 6641 6640)
4(6540 6642 6643 6541)
4(6640 6641 6643 6642)
4(6542 6644 6645 6543)
4(6642 6643 6645 6644)
4(6544 6646 6647 6545)
4(6644 6645 6647 6646)
4(6546 6648 6649 6547)
4(6646 6647 6649 6648)
4(6548 6650 6651 6549)
4(6648 6649 6651 6650)
4(6550 6652 6653 6551)
4(6650 6651 6653 6652)
4(6552 6654 6655 6553)
4(6652 6653 6655 6654)
4(6554 6656 6657 6555)
4(6654 6655 6657 6656)
4(6556 6658 6659 6557)
4(6656 6657 6659 6658)
4(6558 6660 6661 6559)
4(6658 6659 6661 6660)
4(6560 6662 6663 6561)
4(6660 6661 6663 6662)
4(6562 6664 6665 6563)
4(6662 6663 6665 6664)
4(6564 6666 6667 6565)
4(6664 6665 6667 6666)
4(6566 6668 6669 6567)
4(6666 6667 6669 6668)
4(6568 6670 6671 6569)
4(6668 6669 6671 6670)
4(6570 6672 6673 6571)
4(6670 6671 6673 6672)
4(6572 6674 6675 6573)
4(6672 6673 6675 6674)
4(6574 6676 6677 6575)
4(6674 6675 6677 6676)
4(6576 6678 6679 6577)
4(6676 6677 6679 6678)
4(6578 6680 6681 6579)
4(6678 6679 6681 6680)
4(6580 6682 6683 6581)
4(6680 6681 6683 6682)
4(6582 6684 6685 6583)
4(6682 6683 6685 6684)
4(6584 6686 6687 6585)
4(6684 6685 6687 6686)
4(6586 6688 6689 6587)
4(6686 6687 6689 6688)
4(6588 6690 6691 6589)
4(6688 6689 6691 6690)
4(6590 6692 6693 6591)
4(6690 6691 6693 6692)
4(6592 6694 6695 6593)
4(6692 6693 6695 6694)
4(6594 6696 6697 6595)
4(6694 6695 6697 6696)
4(6596 6698 6699 6597)
4(6696 6697 6699 6698)
4(6598 6700 6701 6599)
4(6698 6699 6701 6700)
4(6600 6702 6703 6601)
4(6700 6701 6703 6702)
4(6602 6704 6705 6603)
4(6702 6703 6705 6704)
4(6604 6706 6707 6605)
4(6704 6705 6707 6706)
4(6606 6708 6709 6607)
4(6706 6707 6709 6708)
4(6608 6710 6711 6609)
4(6708 6709 6711 6710)
4(6610 6712 6713 6611)
4(6710 6711 6713 6712)
4(6612 6714 6715 6613)
4(6712 6713 6715 6714)
4(6614 6716 6717 6615)
4(6714 6715 6717 6716)
4(6616 6718 6719 6617)
4(6716 6717 6719 6718)
4(6618 6720 6721 6619)
4(6718 6719 6721 6720)
4(6620 6722 6723 6621)
4(6720 6721 6723 6722)
4(6622 6724 6725 6623)
4(6722 6723 6725 6724)
4(6624 6726 6727 6625)
4(6724 6725 6727 6726)
4(6626 6728 6729 6627)
4(6726 6727 6729 6728)
4(6728 6729 6731 6730)
4(6632 6734 6735 6633)
4(6732 6733 6735 6734)
4(6634 6736 6737 6635)
4(6734 6735 6737 6736)
4(6636 6738 6739 6637)
4(6736 6737 6739 6738)
4(6638 6740 6741 6639)
4(6738 6739 6741 6740)
4(6640 6742 6743 6641)
4(6740 6741 6743 6742)
4(6642 6744 6745 6643)
4(6742 6743 6745 6744)
4(6644 6746 6747 6645)
4(6744 6745 6747 6746)
4(6646 6748 6749 6647)
4(6746 6747 6749 6748)
4(6648 6750 6751 6649)
4(6748 6749 6751 6750)
4(6650 6752 6753 6651)
4(6750 6751 6753 6752)
4(6652 6754 6755 6653)
4(6752 6753 6755 6754)
4(6654 6756 6757 6655)
4(6754 6755 6757 6756)
4(6656 6758 6759 6657)
4(6756 6757 6759 6758)
4(6658 6760 6761 6659)
4(6758 6759 6761 6760)
4(6660 6762 6763 6661)
4(6760 6761 6763 6762)
4(6662 6764 6765 6663)
4(6762 6763 6765 6764)
4(6664 6766 6767 6665)
4(6764 6765 6767 6766)
4(6666 6768 6769 6667)
4(6766 6767 6769 6768)
4(6668 6770 6771 6669)
4(6768 6769 6771 6770)
4(6670 6772 6773 6671)
4(6770 6771 6773 6772)
4(6672 6774 6775 6673)
4(6772 6773 6775 6774)
4(6674 6776 6777 6675)
4(6774 6775 6777 6776)
4(6676 6778 6779 6677)
4(6776 6777 6779 6778)
4(6678 6780 6781 6679)
4(6778 6779 6781 6780)
4(6680 6782 6783 6681)
4(6780 6781 6783 6782)
4(6682 6784 6785 6683)
4(6782 6783 6785 6784)
4(6684 6786 6787 6685)
4(6784 6785 6787 6786)
4(6686 6788 6789 6687)
4(6786 6787 6789 6788)
4(6688 6790 6791 6689)
4(6788 6789 6791 6790)
4(6690 6792 6793 6691)
4(6790 6791 6793 6792)
4(6692 6794 6795 6693)
4(6792 6793 6795 6794)
4(6694 6796 6797 6695)
4(6794 6795 6797 6796)
4(6696 6798 6799 6697)
4(6796 6797 6799 6798)
4(6698 6800 6801 6699)
4(6798 6799 6801 6800)
4(6700 6802 6803 6701)
4(6800 6801 6803 6802)
4(6702 6804 6805 6703)
4(6802 6803 6805 6804)
4(6704 6806 6807 6705)
4(6804 6805 6807 6806)
4(6706 6808 6809 6707)
4(6806 6807 6809 6808)
4(6708 6810 6811 6709)
4(6808 6809 6811 6810)
4(6710 6812 6813 6711)
4(6810 6811 6813 6812)
4(6712 6814 6815 6713)
4(6812 6813 6815 6814)
4(6714 6816 6817 6715)
4(6814 6815 6817 6816)
4(6716 6818 6819 6717)
4(6816 6817 6819 6818)
4(6718 6820 6821 6719)
4(6818 6819 6821 6820)
4(6720 6822 6823 6721)
4(6820 6821 6823 6822)
4(6722 6824 6825 6723)
4(6822 6823 6825 6824)
4(6724 6826 6827 6725)
4(6824 6825 6827 6826)
4(6726 6828 6829 6727)
4(6826 6827 6829 6828)
4(6728 6830 6831 6729)
4(6828 6829 6831 6830)
4(6830 6831 6833 6832)
4(6734 6836 6837 6735)
4(6834 6835 6837 6836)
4(6736 6838 6839 6737)
4(6836 6837 6839 6838)
4(6738 6840 6841 6739)
4(6838 6839 6841 6840)
4(6740 6842 6843 6741)
4(6840 6841 6843 6842)
4(6742 6844 6845 6743)
4(6842 6843 6845 6844)
4(6744 6846 6847 6745)
4(6844 6845 6847 6846)
4(6746 6848 6849 6747)
4(6846 6847 6849 6848)
4(6748 6850 6851 6749)
4(6848 6849 6851 6850)
4(6750 6852 6853 6751)
4(6850 6851 6853 6852)
4(6752 6854 6855 6753)
4(6852 6853 6855 6854)
4(6754 6856 6857 6755)
4(6854 6855 6857 6856)
4(6756 6858 6859 6757)
4(6856 6857 6859 6858)
4(6758 6860 6861 6759)
4(6858 6859 6861 6860)
4(6760 6862 6863 6761)
4(6860 6861 6863 6862)
4(6762 6864 6865 6763)
4(6862 6863 6865 6864)
4(6764 6866 6867 6765)
4(6864 6865 6867 6866)
4(6766 6868 6869 6767)
4(6866 6867 6869 6868)
4(6768 6870 6871 6769)
4(6868 6869 6871 6870)
4(6770 6872 6873 6771)
4(6870 6871 6873 6872)
4(6772 6874 6875 6773)
4(6872 6873 6875 6874)
4(6774 6876 6877 6775)
4(6874 6875 6877 6876)
4(6776 6878 6879 6777)
4(6876 6877 6879 6878)
4(6778 6880 6881 6779)
4(6878 6879 6881 6880)
4(6780 6882 6883 6781)
4(6880 6881 6883 6882)
4(6782 6884 6885 6783)
4(6882 6883 6885 6884)
4(6784 6886 6887 6785)
4(6884 6885 6887 6886)
4(6786 6888 6889 6787)
4(6886 6887 6889 6888)
4(6788 6890 6891 6789)
4(6888 6889 6891 6890)
4(6790 6892 6893 6791)
4(6890 6891 6893 6892)
4(6792 6894 6895 6793)
4(6892 6893 6895 6894)
4(6794 6896 6897 6795)
4(6894 6895 6897 6896)
4(6796 6898 6899 6797)
4(6896 6897 6899 6898)
4(6798 6900 6901 6799)
4(6898 6899 6901 6900)
4(6800 6902 6903 6801)
4(6900 6901 6903 6902)
4(6802 6904 6905 6803)
4(6902 6903 6905 6904)
4(6804 6906 6907 6805)
4(6904 6905 6907 6906)
4(6806 6908 6909 6807)
4(6906 6907 6909 6908)
4(6808 6910 6911 6809)
4(6908 6909 6911 6910)
4(6810 6912 6913 6811)
4(6910 6911 6913 6912)
4(6812 6914 6915 6813)
4(6912 6913 6915 6914)
4(6814 6916 6917 6815)
4(6914 6915 6917 6916)
4(6816 6918 6919 6817)
4(6916 6917 6919 6918)
4(6818 6920 6921 6819)
4(6918 6919 6921 6920)
4(6820 6922 6923 6821)
4(6920 6921 6923 6922)
4(6822 6924 6925 6823)
4(6922 6923 6925 6924)
4(6824 6926 6927 6825)
4(6924 6925 6927 6926)
4(6826 6928 6929 6827)
4(6926 6927 6929 6928)
4(6828 6930 6931 6829)
4(6928 6929 6931 6930)
4(6830 6932 6933 6831)
4(6930 6931 6933 6932)
4(6932 6933 6935 6934)
4(6836 6938 6939 6837)
4(6936 6937 6939 6938)
4(6838 6940 6941 6839)
4(6938 6939 6941 6940)
4(6840 6942 6943 6841)
4(6940 6941 6943 6942)
4(6842 6944 6945 6843)
4(6942 6943 6945 6944)
4(6844 6946 6947 6845)
4(6944 6945 6947 6946)
4(6846 6948 6949 6847)
4(6946 6947 6949 6948)
4(6848 6950 6951 6849)
4(6948 6949 6951 6950)
4(6850 6952 6953 6851)
4(6950 6951 6953 6952)
4(6852 6954 6955 6853)
4(6952 6953 6955 6954)
4(6854 6956 6957 6855)
4(6954 6955 6957 6956)
4(6856 6958 6959 6857)
4(6956 6957 6959 6958)
4(6858 6960 6961 6859)
4(6958 6959 6961 6960)
4(6860 6962 6963 6861)
4(6960 6961 6963 6962)
4(6862 6964 6965 6863)
4(6962 6963 6965 6964)
4(6864 6966 6967 6865)
4(6964 6965 6967 6966)
4(6866 6968 6969 6867)
4(6966 6967 6969 6968)
4(6868 6970 6971 6869)
4(6968 6969 6971 6970)
4(6870 6972 6973 6871)
4(6970 6971 6973 6972)
4(6872 6974 6975 6873)
4(6972 6973 6975 6974)
4(6874 6976 6977 6875)
4(6974 6975 6977 6976)
4(6876 6978 6979 6877)
4(6976 6977 6979 6978)
4(6878 6980 6981 6879)
4(6978 6979 6981 6980)
4(6880 6982 6983 6881)
4(6980 6981 6983 6982)
4(6882 6984 6985 6883)
4(6982 6983 6985 6984)
4(6884 6986 6987 6885)
4(6984 6985 6987 6986)
4(6886 6988 6989 6887)
4(6986 6987 6989 6988)
4(6888 6990 6991 6889)
4(6988 6989 6991 6990)
4(6890 6992 6993 6891)
4(6990 6991 6993 6992)
4(6892 6994 6995 6893)
4(6992 6993 6995 6994)
4(6894 6996 6997 6895)
4(6994 6995 6997 6996)
4(6896 6998 6999 6897)
4(6996 6997 6999 6998)
4(6898 7000 7001 6899)
4(6998 6999 7001 7000)
4(6900 7002 7003 6901)
4(7000 7001 7003 7002)
4(6902 7004 7005 6903)
4(7002 7003 7005 7004)
4(6904 7006 7007 6905)
4(7004 7005 7007 7006)
4(6906 7008 7009 6907)
4(7006 7007 7009 7008)
4(6908 7010 7011 6909)
4(7008 7009 7011 7010)
4(6910 7012 7013 6911)
4(7010 7011 7013 7012)
4(6912 7014 7015 6913)
4(7012 7013 7015 7014)
4(6914 7016 7017 6915)
4(7014 7015 7017 7016)
4(6916 7018 7019 6917)
4(7016 7017 7019 7018)
4(6918 7020 7021 6919)
4(7018 7019 7021 7020)
4(6920 7022 7023 6921)
4(7020 7021 7023 7022)
4(6922 7024 7025 6923)
4(7022 7023 7025 7024)
4(6924 7026 7027 6925)
4(7024 7025 7027 7026)
4(6926 7028 7029 6927)
4(7026 7027 7029 7028)
4(6928 7030 7031 6929)
4(7028 7029 7031 7030)
4(6930 7032 7033 6931)
4(7030 7031 7033 7032)
4(6932 7034 7035 6933)
4(7032 7033 7035 7034)
4(7034 7035 7037 7036)
4(6938 7040 7041 6939)
4(7038 7039 7041 7040)
4(6940 7042 7043 6941)
4(7040 7041 7043 7042)
4(6942 7044 7045 6943)
4(7042 7043 7045 7044)
4(6944 7046 7047 6945)
4(7044 7045 7047 7046)
4(6946 7048 7049 6947)
4(7046 7047 7049 7048)
4(6948 7050 7051 6949)
4(7048 7049 7051 7050)
4(6950 7052 7053 6951)
4(7050 7051 7053 7052)
4(6952 7054 7055 6953)
4(7052 7053 7055 7054)
4(6954 7056 7057 6955)
4(7054 7055 7057 7056)
4(6956 7058 7059 6957)
4(7056 7057 7059 7058)
4(6958 7060 7061 6959)
4(7058 7059 7061 7060)
4(6960 7062 7063 6961)
4(7060 7061 7063 7062)
4(6962 7064 7065 6963)
4(7062 7063 7065 7064)
4(6964 7066 7067 6965)
4(7064 7065 7067 7066)
4(6966 7068 7069 6967)
4(7066 7067 7069 7068)
4(6968 7070 7071 6969)
4(7068 7069 7071 7070)
4(6970 7072 7073 6971)
4(7070 7071 7073 7072)
4(6972 7074 7075 6973)
4(7072 7073 7075 7074)
4(6974 7076 7077 6975)
4(7074 7075 7077 7076)
4(6976 7078 7079 6977)
4(7076 7077 7079 7078)
4(6978 7080 7081 6979)
4(7078 7079 7081 7080)
4(6980 7082 7083 6981)
4(7080 7081 7083 7082)
4(6982 7084 7085 6983)
4(7082 7083 7085 7084)
4(6984 7086 7087 6985)
4(7084 7085 7087 7086)
4(6986 7088 7089 6987)
4(7086 7087 7089 7088)
4(6988 7090 7091 6989)
4(7088 7089 7091 7090)
4(6990 7092 7093 6991)
4(7090 7091 7093 7092)
4(6992 7094 7095 6993)
4(7092 7093 7095 7094)
4(6994 7096 7097 6995)
4(7094 7095 7097 7096)
4(6996 7098 7099 6997)
4(7096 7097 7099 7098)
4(6998 7100 7101 6999)
4(7098 7099 7101 7100)
4(7000 7102 7103 7001)
4(7100 7101 7103 7102)
4(7002 7104 7105 7003)
4(7102 7103 7105 7104)
4(7004 7106 7107 7005)
4(7104 7105 7107 7106)
4(7006 7108 7109 7007)
4(7106 7107 7109 7108)
4(7008 7110 7111 7009)
4(7108 7109 7111 7110)
4(7010 7112 7113 7011)
4(7110 7111 7113 7112)
4(7012 7114 7115 7013)
4(7112 7113 7115 7114)
4(7014 7116 7117 7015)
4(7114 7115 7117 7116)
4(7016 7118 7119 7017)
4(7116 7117 7119 7118)
4(7018 7120 7121 7019)
4(7118 7119 7121 7120)
4(7020 7122 7123 7021)
4(7120 7121 7123 7122)
4(7022 7124 7125 7023)
4(7122 7123 7125 7124)
4(7024 7126 7127 7025)
4(7124 7125 7127 7126)
4(7026 7128 7129 7027)
4(7126 7127 7129 7128)
4(7028 7130 7131 7029)
4(7128 7129 7131 7130)
4(7030 7132 7133 7031)
4(7130 7131 7133 7132)
4(7032 7134 7135 7033)
4(7132 7133 7135 7134)
4(7034 7136 7137 7035)
4(7134 7135 7137 7136)
4(7136 7137 7139 7138)
4(7040 7142 7143 7041)
4(7140 7141 7143 7142)
4(7042 7144 7145 7043)
4(7142 7143 7145 7144)
4(7044 7146 7147 7045)
4(7144 7145 7147 7146)
4(7046 7148 7149 7047)
4(7146 7147 7149 7148)
4(7048 7150 7151 7049)
4(7148 7149 7151 7150)
4(7050 7152 7153 7051)
4(7150 7151 7153 7152)
4(7052 7154 7155 7053)
4(7152 7153 7155 7154)
4(7054 7156 7157 7055)
4(7154 7155 7157 7156)
4(7056 7158 7159 7057)
4(7156 7157 7159 7158)
4(7058 7160 7161 7059)
4(7158 7159 7161 7160)
4(7060 7162 7163 7061)
4(7160 7161 7163 7162)
4(7062 7164 7165 7063)
4(7162 7163 7165 7164)
4(7064 7166 7167 7065)
4(7164 7165 7167 7166)
4(7066 7168 7169 7067)
4(7166 7167 7169 7168)
4(7068 7170 7171 7069)
4(7168 7169 7171 7170)
4(7070 7172 7173 7071)
4(7170 7171 7173 7172)
4(7072 7174 7175 7073)
4(7172 7173 7175 7174)
4(7074 7176 7177 7075)
4(7174 7175 7177 7176)
4(7076 7178 7179 7077)
4(7176 7177 7179 7178)
4(7078 7180 7181 7079)
4(7178 7179 7181 7180)
4(7080 7182 7183 7081)
4(7180 7181 7183 7182)
4(7082 7184 7185 7083)
4(7182 7183 7185 7184)
4(7084 7186 7187 7085)
4(7184 7185 7187 7186)
4(7086 7188 7189 7087)
4(7186 7187 7189 7188)
4(7088 7190 7191 7089)
4(7188 7189 7191 7190)
4(7090 7192 7193 7091)
4(7190 7191 7193 7192)
4(7092 7194 7195 7093)
4(7192 7193 7195 7194)
4(7094 7196 7197 7095)
4(7194 7195 7197 7196)
4(7096 7198 7199 7097)
4(7196 7197 7199 7198)
4(7098 7200 7201 7099)
4(7198 7199 7201 7200)
4(7100 7202 7203 7101)
4(7200 7201 7203 7202)
4(7102 7204 7205 7103)
4(7202 7203 7205 7204)
4(7104 7206 7207 7105)
4(7204 7205 7207 7206)
4(7106 7208 7209 7107)
4(7206 7207 7209 7208)
4(7108 7210 7211 7109)
4(7208 7209 7211 7210)
4(7110 7212 7213 7111)
4(7210 7211 7213 7212)
4(7112 7214 7215 7113)
4(7212 7213 7215 7214)
4(7114 7216 7217 7115)
4(7214 7215 7217 7216)
4(7116 7218 7219 7117)
4(7216 7217 7219 7218)
4(7118 7220 7221 7119)
4(7218 7219 7221 7220)
4(7120 7222 7223 7121)
4(7220 7221 7223 7222)
4(7122 7224 7225 7123)
4(7222 7223 7225 7224)
4(7124 7226 7227 7125)
4(7224 7225 7227 7226)
4(7126 7228 7229 7127)
4(7226 7227 7229 7228)
4(7128 7230 7231 7129)
4(7228 7229 7231 7230)
4(7130 7232 7233 7131)
4(7230 7231 7233 7232)
4(7132 7234 7235 7133)
4(7232 7233 7235 7234)
4(7134 7236 7237 7135)
4(7234 7235 7237 7236)
4(7136 7238 7239 7137)
4(7236 7237 7239 7238)
4(7238 7239 7241 7240)
4(7142 7244 7245 7143)
4(7242 7243 7245 7244)
4(7144 7246 7247 7145)
4(7244 7245 7247 7246)
4(7146 7248 7249 7147)
4(7246 7247 7249 7248)
4(7148 7250 7251 7149)
4(7248 7249 7251 7250)
4(7150 7252 7253 7151)
4(7250 7251 7253 7252)
4(7152 7254 7255 7153)
4(7252 7253 7255 7254)
4(7154 7256 7257 7155)
4(7254 7255 7257 7256)
4(7156 7258 7259 7157)
4(7256 7257 7259 7258)
4(7158 7260 7261 7159)
4(7258 7259 7261 7260)
4(7160 7262 7263 7161)
4(7260 7261 7263 7262)
4(7162 7264 7265 7163)
4(7262 7263 7265 7264)
4(7164 7266 7267 7165)
4(7264 7265 7267 7266)
4(7166 7268 7269 7167)
4(7266 7267 7269 7268)
4(7168 7270 7271 7169)
4(7268 7269 7271 7270)
4(7170 7272 7273 7171)
4(7270 7271 7273 7272)
4(7172 7274 7275 7173)
4(7272 7273 7275 7274)
4(7174 7276 7277 7175)
4(7274 7275 7277 7276)
4(7176 7278 7279 7177)
4(7276 7277 7279 7278)
4(7178 7280 7281 7179)
4(7278 7279 7281 7280)
4(7180 7282 7283 7181)
4(7280 7281 7283 7282)
4(7182 7284 7285 7183)
4(7282 7283 7285 7284)
4(7184 7286 7287 7185)
4(7284 7285 7287 7286)
4(7186 7288 7289 7187)
4(7286 7287 7289 7288)
4(7188 7290 7291 7189)
4(7288 7289 7291 7290)
4(7190 7292 7293 7191)
4(7290 7291 7293 7292)
4(7192 7294 7295 7193)
4(7292 7293 7295 7294)
4(7194 7296 7297 7195)
4(7294 7295 7297 7296)
4(7196 7298 7299 7197)
4(7296 7297 7299 7298)
4(7198 7300 7301 7199)
4(7298 7299 7301 7300)
4(7200 7302 7303 7201)
4(7300 7301 7303 7302)
4(7202 7304 7305 7203)
4(7302 7303 7305 7304)
4(7204 7306 7307 7205)
4(7304 7305 7307 7306)
4(7206 7308 7309 7207)
4(7306 7307 7309 7308)
4(7208 7310 7311 7209)
4(7308 7309 7311 7310)
4(7210 7312 7313 7211)
4(7310 7311 7313 7312)
4(7212 7314 7315 7213)
4(7312 7313 7315 7314)
4(7214 7316 7317 7215)
4(7314 7315 7317 7316)
4(7216 7318 7319 7217)
4(7316 7317 7319 7318)
4(7218 7320 7321 7219)
4(7318 7319 7321 7320)
4(7220 7322 7323 7221)
4(7320 7321 7323 7322)
4(7222 7324 7325 7223)
4(7322 7323 7325 7324)
4(7224 7326 7327 7225)
4(7324 7325 7327 7326)
4(7226 7328 7329 7227)
4(7326 7327 7329 7328)
4(7228 7330 7331 7229)
4(7328 7329 7331 7330)
4(7230 7332 7333 7231)
4(7330 7331 7333 7332)
4(7232 7334 7335 7233)
4(7332 7333 7335 7334)
4(7234 7336 7337 7235)
4(7334 7335 7337 7336)
4(7236 7338 7339 7237)
4(7336 7337 7339 7338)
4(7238 7340 7341 7239)
4(7338 7339 7341 7340)
4(7340 7341 7343 7342)
4(7244 7346 7347 7245)
4(7344 7345 7347 7346)
4(7246 7348 7349 7247)
4(7346 7347 7349 7348)
4(7248 7350 7351 7249)
4(7348 7349 7351 7350)
4(7250 7352 7353 7251)
4(7350 7351 7353 7352)
4(7252 7354 7355 7253)
4(7352 7353 7355 7354)
4(7254 7356 7357 7255)
4(7354 7355 7357 7356)
4(7256 7358 7359 7257)
4(7356 7357 7359 7358)
4(7258 7360 7361 7259)
4(7358 7359 7361 7360)
4(7260 7362 7363 7261)
4(7360 7361 7363 7362)
4(7262 7364 7365 7263)
4(7362 7363 7365 7364)
4(7264 7366 7367 7265)
4(7364 7365 7367 7366)
4(7266 7368 7369 7267)
4(7366 7367 7369 7368)
4(7268 7370 7371 7269)
4(7368 7369 7371 7370)
4(7270 7372 7373 7271)
4(7370 7371 7373 7372)
4(7272 7374 7375 7273)
4(7372 7373 7375 7374)
4(7274 7376 7377 7275)
4(7374 7375 7377 7376)
4(7276 7378 7379 7277)
4(7376 7377 7379 7378)
4(7278 7380 7381 7279)
4(7378 7379 7381 7380)
4(7280 7382 7383 7281)
4(7380 7381 7383 7382)
4(7282 7384 7385 7283)
4(7382 7383 7385 7384)
4(7284 7386 7387 7285)
4(7384 7385 7387 7386)
4(7286 7388 7389 7287)
4(7386 7387 7389 7388)
4(7288 7390 7391 7289)
4(7388 7389 7391 7390)
4(7290 7392 7393 7291)
4(7390 7391 7393 7392)
4(7292 7394 7395 7293)
4(7392 7393 7395 7394)
4(7294 7396 7397 7295)
4(7394 7395 7397 7396)
4(7296 7398 7399 7297)
4(7396 7397 7399 7398)
4(7298 7400 7401 7299)
4(7398 7399 7401 7400)
4(7300 7402 7403 7301)
4(7400 7401 7403 7402)
4(7302 7404 7405 7303)
4(7402 7403 7405 7404)
4(7304 7406 7407 7305)
4(7404 7405 7407 7406)
4(7306 7408 7409 7307)
4(7406 7407 7409 7408)
4(7308 7410 7411 7309)
4(7408 7409 7411 7410)
4(7310 7412 7413 7311)
4(7410 7411 7413 7412)
4(7312 7414 7415 7313)
4(7412 7413 7415 7414)
4(7314 7416 7417 7315)
4(7414 7415 7417 7416)
4(7316 7418 7419 7317)
4(7416 7417 7419 7418)
4(7318 7420 7421 7319)
4(7418 7419 7421 7420)
4(7320 7422 7423 7321)
4(7420 7421 7423 7422)
4(7322 7424 7425 7323)
4(7422 7423 7425 7424)
4(7324 7426 7427 7325)
4(7424 7425 7427 7426)
4(7326 7428 7429 7327)
4(7426 7427 7429 7428)
4(7328 7430 7431 7329)
4(7428 7429 7431 7430)
4(7330 7432 7433 7331)
4(7430 7431 7433 7432)
4(7332 7434 7435 7333)
4(7432 7433 7435 7434)
4(7334 7436 7437 7335)
4(7434 7435 7437 7436)
4(7336 7438 7439 7337)
4(7436 7437 7439 7438)
4(7338 7440 7441 7339)
4(7438 7439 7441 7440)
4(7340 7442 7443 7341)
4(7440 7441 7443 7442)
4(7442 7443 7445 7444)
4(7346 7448 7449 7347)
4(7446 7447 7449 7448)
4(7348 7450 7451 7349)
4(7448 7449 7451 7450)
4(7350 7452 7453 7351)
4(7450 7451 7453 7452)
4(7352 7454 7455 7353)
4(7452 7453 7455 7454)
4(7354 7456 7457 7355)
4(7454 7455 7457 7456)
4(7356 7458 7459 7357)
4(7456 7457 7459 7458)
4(7358 7460 7461 7359)
4(7458 7459 7461 7460)
4(7360 7462 7463 7361)
4(7460 7461 7463 7462)
4(7362 7464 7465 7363)
4(7462 7463 7465 7464)
4(7364 7466 7467 7365)
4(7464 7465 7467 7466)
4(7366 7468 7469 7367)
4(7466 7467 7469 7468)
4(7368 7470 7471 7369)
4(7468 7469 7471 7470)
4(7370 7472 7473 7371)
4(7470 7471 7473 7472)
4(7372 7474 7475 7373)
4(7472 7473 7475 7474)
4(7374 7476 7477 7375)
4(7474 7475 7477 7476)
4(7376 7478 7479 7377)
4(7476 7477 7479 7478)
4(7378 7480 7481 7379)
4(7478 7479 7481 7480)
4(7380 7482 7483 7381)
4(7480 7481 7483 7482)
4(7382 7484 7485 7383)
4(7482 7483 7485 7484)
4(7384 7486 7487 7385)
4(7484 7485 7487 7486)
4(7386 7488 7489 7387)
4(7486 7487 7489 7488)
4(7388 7490 7491 7389)
4(7488 7489 7491 7490)
4(7390 7492 7493 7391)
4(7490 7491 7493 7492)
4(7392 7494 7495 7393)
4(7492 7493 7495 7494)
4(7394 7496 7497 7395)
4(7494 7495 7497 7496)
4(7396 7498 7499 7397)
4(7496 7497 7499 7498)
4(7398 7500 7501 7399)
4(7498 7499 7501 7500)
4(7400 7502 7503 7401)
4(7500 7501 7503 7502)
4(7402 7504 7505 7403)
4(7502 7503 7505 7504)
4(7404 7506 7507 7405)
4(7504 7505 7507 7506)
4(7406 7508 7509 7407)
4(7506 7507 7509 7508)
4(7408 7510 7511 7409)
4(7508 7509 7511 7510)
4(7410 7512 7513 7411)
4(7510 7511 7513 7512)
4(7412 7514 7515 7413)
4(7512 7513 7515 7514)
4(7414 7516 7517 7415)
4(7514 7515 7517 7516)
4(7416 7518 7519 7417)
4(7516 7517 7519 7518)
4(7418 7520 7521 7419)
4(7518 7519 7521 7520)
4(7420 7522 7523 7421)
4(7520 7521 7523 7522)
4(7422 7524 7525 7423)
4(7522 7523 7525 7524)
4(7424 7526 7527 7425)
4(7524 7525 7527 7526)
4(7426 7528 7529 7427)
4(7526 7527 7529 7528)
4(7428 7530 7531 7429)
4(7528 7529 7531 7530)
4(7430 7532 7533 7431)
4(7530 7531 7533 7532)
4(7432 7534 7535 7433)
4(7532 7533 7535 7534)
4(7434 7536 7537 7435)
4(7534 7535 7537 7536)
4(7436 7538 7539 7437)
4(7536 7537 7539 7538)
4(7438 7540 7541 7439)
4(7538 7539 7541 7540)
4(7440 7542 7543 7441)
4(7540 7541 7543 7542)
4(7442 7544 7545 7443)
4(7542 7543 7545 7544)
4(7544 7545 7547 7546)
4(7448 7550 7551 7449)
4(7548 7549 7551 7550)
4(7450 7552 7553 7451)
4(7550 7551 7553 7552)
4(7452 7554 7555 7453)
4(7552 7553 7555 7554)
4(7454 7556 7557 7455)
4(7554 7555 7557 7556)
4(7456 7558 7559 7457)
4(7556 7557 7559 7558)
4(7458 7560 7561 7459)
4(7558 7559 7561 7560)
4(7460 7562 7563 7461)
4(7560 7561 7563 7562)
4(7462 7564 7565 7463)
4(7562 7563 7565 7564)
4(7464 7566 7567 7465)
4(7564 7565 7567 7566)
4(7466 7568 7569 7467)
4(7566 7567 7569 7568)
4(7468 7570 7571 7469)
4(7568 7569 7571 7570)
4(7470 7572 7573 7471)
4(7570 7571 7573 7572)
4(7472 7574 7575 7473)
4(7572 7573 7575 7574)
4(7474 7576 7577 7475)
4(7574 7575 7577 7576)
4(7476 7578 7579 7477)
4(7576 7577 7579 7578)
4(7478 7580 7581 7479)
4(7578 7579 7581 7580)
4(7480 7582 7583 7481)
4(7580 7581 7583 7582)
4(7482 7584 7585 7483)
4(7582 7583 7585 7584)
4(7484 7586 7587 7485)
4(7584 7585 7587 7586)
4(7486 7588 7589 7487)
4(7586 7587 7589 7588)
4(7488 7590 7591 7489)
4(7588 7589 7591 7590)
4(7490 7592 7593 7491)
4(7590 7591 7593 7592)
4(7492 7594 7595 7493)
4(7592 7593 7595 7594)
4(7494 7596 7597 7495)
4(7594 7595 7597 7596)
4(7496 7598 7599 7497)
4(7596 7597 7599 7598)
4(7498 7600 7601 7499)
4(7598 7599 7601 7600)
4(7500 7602 7603 7501)
4(7600 7601 7603 7602)
4(7502 7604 7605 7503)
4(7602 7603 7605 7604)
4(7504 7606 7607 7505)
4(7604 7605 7607 7606)
4(7506 7608 7609 7507)
4(7606 7607 7609 7608)
4(7508 7610 7611 7509)
4(7608 7609 7611 7610)
4(7510 7612 7613 7511)
4(7610 7611 7613 7612)
4(7512 7614 7615 7513)
4(7612 7613 7615 7614)
4(7514 7616 7617 7515)
4(7614 7615 7617 7616)
4(7516 7618 7619 7517)
4(7616 7617 7619 7618)
4(7518 7620 7621 7519)
4(7618 7619 7621 7620)
4(7520 7622 7623 7521)
4(7620 7621 7623 7622)
4(7522 7624 7625 7523)
4(7622 7623 7625 7624)
4(7524 7626 7627 7525)
4(7624 7625 7627 7626)
4(7526 7628 7629 7527)
4(7626 7627 7629 7628)
4(7528 7630 7631 7529)
4(7628 7629 7631 7630)
4(7530 7632 7633 7531)
4(7630 7631 7633 7632)
4(7532 7634 7635 7533)
4(7632 7633 7635 7634)
4(7534 7636 7637 7535)
4(7634 7635 7637 7636)
4(7536 7638 7639 7537)
4(7636 7637 7639 7638)
4(7538 7640 7641 7539)
4(7638 7639 7641 7640)
4(7540 7642 7643 7541)
4(7640 7641 7643 7642)
4(7542 7644 7645 7543)
4(7642 7643 7645 7644)
4(7544 7646 7647 7545)
4(7644 7645 7647 7646)
4(7646 7647 7649 7648)
4(7550 7652 7653 7551)
4(7650 7651 7653 7652)
4(7552 7654 7655 7553)
4(7652 7653 7655 7654)
4(7554 7656 7657 7555)
4(7654 7655 7657 7656)
4(7556 7658 7659 7557)
4(7656 7657 7659 7658)
4(7558 7660 7661 7559)
4(7658 7659 7661 7660)
4(7560 7662 7663 7561)
4(7660 7661 7663 7662)
4(7562 7664 7665 7563)
4(7662 7663 7665 7664)
4(7564 7666 7667 7565)
4(7664 7665 7667 7666)
4(7566 7668 7669 7567)
4(7666 7667 7669 7668)
4(7568 7670 7671 7569)
4(7668 7669 7671 7670)
4(7570 7672 7673 7571)
4(7670 7671 7673 7672)
4(7572 7674 7675 7573)
4(7672 7673 7675 7674)
4(7574 7676 7677 7575)
4(7674 7675 7677 7676)
4(7576 7678 7679 7577)
4(7676 7677 7679 7678)
4(7578 7680 7681 7579)
4(7678 7679 7681 7680)
4(7580 7682 7683 7581)
4(7680 7681 7683 7682)
4(7582 7684 7685 7583)
4(7682 7683 7685 7684)
4(7584 7686 7687 7585)
4(7684 7685 7687 7686)
4(7586 7688 7689 7587)
4(7686 7687 7689 7688)
4(7588 7690 7691 7589)
4(7688 7689 7691 7690)
4(7590 7692 7693 7591)
4(7690 7691 7693 7692)
4(7592 7694 7695 7593)
4(7692 7693 7695 7694)
4(7594 7696 7697 7595)
4(7694 7695 7697 7696)
4(7596 7698 7699 7597)
4(7696 7697 7699 7698)
4(7598 7700 7701 7599)
4(7698 7699 7701 7700)
4(7600 7702 7703 7601)
4(7700 7701 7703 7702)
4(7602 7704 7705 7603)
4(7702 7703 7705 7704)
4(7604 7706 7707 7605)
4(7704 7705 7707 7706)
4(7606 7708 7709 7607)
4(7706 7707 7709 7708)
4(7608 7710 7711 7609)
4(7708 7709 7711 7710)
4(7610 7712 7713 7611)
4(7710 7711 7713 7712)
4(7612 7714 7715 7613)
4(7712 7713 7715 7714)
4(7614 7716 7717 7615)
4(7714 7715 7717 7716)
4(7616 7718 7719 7617)
4(7716 7717 7719 7718)
4(7618 7720 7721 7619)
4(7718 7719 7721 7720)
4(7620 7722 7723 7621)
4(7720 7721 7723 7722)
4(7622 7724 7725 7623)
4(7722 7723 7725 7724)
4(7624 7726 7727 7625)
4(7724 7725 7727 7726)
4(7626 7728 7729 7627)
4(7726 7727 7729 7728)
4(7628 7730 7731 7629)
4(7728 7729 7731 7730)
4(7630 7732 7733 7631)
4(7730 7731 7733 7732)
4(7632 7734 7735 7633)
4(7732 7733 7735 7734)
4(7634 7736 7737 7635)
4(7734 7735 7737 7736)
4(7636 7738 7739 7637)
4(7736 7737 7739 7738)
4(7638 7740 7741 7639)
4(7738 7739 7741 7740)
4(7640 7742 7743 7641)
4(7740 7741 7743 7742)
4(7642 7744 7745 7643)
4(7742 7743 7745 7744)
4(7644 7746 7747 7645)
4(7744 7745 7747 7746)
4(7646 7748 7749 7647)
4(7746 7747 7749 7748)
4(7748 7749 7751 7750)
4(7652 7754 7755 7653)
4(7752 7753 7755 7754)
4(7654 7756 7757 7655)
4(7754 7755 7757 7756)
4(7656 7758 7759 7657)
4(7756 7757 7759 7758)
4(7658 7760 7761 7659)
4(7758 7759 7761 7760)
4(7660 7762 7763 7661)
4(7760 7761 7763 7762)
4(7662 7764 7765 7663)
4(7762 7763 7765 7764)
4(7664 7766 7767 7665)
4(7764 7765 7767 7766)
4(7666 7768 7769 7667)
4(7766 7767 7769 7768)
4(7668 7770 7771 7669)
4(7768 7769 7771 7770)
4(7670 7772 7773 7671)
4(7770 7771 7773 7772)
4(7672 7774 7775 7673)
4(7772 7773 7775 7774)
4(7674 7776 7777 7675)
4(7774 7775 7777 7776)
4(7676 7778 7779 7677)
4(7776 7777 7779 7778)
4(7678 7780 7781 7679)
4(7778 7779 7781 7780)
4(7680 7782 7783 7681)
4(7780 7781 7783 7782)
4(7682 7784 7785 7683)
4(7782 7783 7785 7784)
4(7684 7786 7787 7685)
4(7784 7785 7787 7786)
4(7686 7788 7789 7687)
4(7786 7787 7789 7788)
4(7688 7790 7791 7689)
4(7788 7789 7791 7790)
4(7690 7792 7793 7691)
4(7790 7791 7793 7792)
4(7692 7794 7795 7693)
4(7792 7793 7795 7794)
4(7694 7796 7797 7695)
4(7794 7795 7797 7796)
4(7696 7798 7799 7697)
4(7796 7797 7799 7798)
4(7698 7800 7801 7699)
4(7798 7799 7801 7800)
4(7700 7802 7803 7701)
4(7800 7801 7803 7802)
4(7702 7804 7805 7703)
4(7802 7803 7805 7804)
4(7704 7806 7807 7705)
4(7804 7805 7807 7806)
4(7706 7808 7809 7707)
4(7806 7807 7809 7808)
4(7708 7810 7811 7709)
4(7808 7809 7811 7810)
4(7710 7812 7813 7711)
4(7810 7811 7813 7812)
4(7712 7814 7815 7713)
4(7812 7813 7815 7814)
4(7714 7816 7817 7715)
4(7814 7815 7817 7816)
4(7716 7818 7819 7717)
4(7816 7817 7819 7818)
4(7718 7820 7821 7719)
4(7818 7819 7821 7820)
4(7720 7822 7823 7721)
4(7820 7821 7823 7822)
4(7722 7824 7825 7723)
4(7822 7823 7825 7824)
4(7724 7826 7827 7725)
4(7824 7825 7827 7826)
4(7726 7828 7829 7727)
4(7826 7827 7829 7828)
4(7728 7830 7831 7729)
4(7828 7829 7831 7830)
4(7730 7832 7833 7731)
4(7830 7831 7833 7832)
4(7732 7834 7835 7733)
4(7832 7833 7835 7834)
4(7734 7836 7837 7735)
4(7834 7835 7837 7836)
4(7736 7838 7839 7737)
4(7836 7837 7839 7838)
4(7738 7840 7841 7739)
4(7838 7839 7841 7840)
4(7740 7842 7843 7741)
4(7840 7841 7843 7842)
4(7742 7844 7845 7743)
4(7842 7843 7845 7844)
4(7744 7846 7847 7745)
4(7844 7845 7847 7846)
4(7746 7848 7849 7747)
4(7846 7847 7849 7848)
4(7748 7850 7851 7749)
4(7848 7849 7851 7850)
4(7850 7851 7853 7852)
4(7754 7856 7857 7755)
4(7854 7855 7857 7856)
4(7756 7858 7859 7757)
4(7856 7857 7859 7858)
4(7758 7860 7861 7759)
4(7858 7859 7861 7860)
4(7760 7862 7863 7761)
4(7860 7861 7863 7862)
4(7762 7864 7865 7763)
4(7862 7863 7865 7864)
4(7764 7866 7867 7765)
4(7864 7865 7867 7866)
4(7766 7868 7869 7767)
4(7866 7867 7869 7868)
4(7768 7870 7871 7769)
4(7868 7869 7871 7870)
4(7770 7872 7873 7771)
4(7870 7871 7873 7872)
4(7772 7874 7875 7773)
4(7872 7873 7875 7874)
4(7774 7876 7877 7775)
4(7874 7875 7877 7876)
4(7776 7878 7879 7777)
4(7876 7877 7879 7878)
4(7778 7880 7881 7779)
4(7878 7879 7881 7880)
4(7780 7882 7883 7781)
4(7880 7881 7883 7882)
4(7782 7884 7885 7783)
4(7882 7883 7885 7884)
4(7784 7886 7887 7785)
4(7884 7885 7887 7886)
4(7786 7888 7889 7787)
4(7886 7887 7889 7888)
4(7788 7890 7891 7789)
4(7888 7889 7891 7890)
4(7790 7892 7893 7791)
4(7890 7891 7893 7892)
4(7792 7894 7895 7793)
4(7892 7893 7895 7894)
4(7794 7896 7897 7795)
4(7894 7895 7897 7896)
4(7796 7898 7899 7797)
4(7896 7897 7899 7898)
4(7798 7900 7901 7799)
4(7898 7899 7901 7900)
4(7800 7902 7903 7801)
4(7900 7901 7903 7902)
4(7802 7904 7905 7803)
4(7902 7903 7905 7904)
4(7804 7906 7907 7805)
4(7904 7905 7907 7906)
4(7806 7908 7909 7807)
4(7906 7907 7909 7908)
4(7808 7910 7911 7809)
4(7908 7909 7911 7910)
4(7810 7912 7913 7811)
4(7910 7911 7913 7912)
4(7812 7914 7915 7813)
4(7912 7913 7915 7914)
4(7814 7916 7917 7815)
4(7914 7915 7917 7916)
4(7816 7918 7919 7817)
4(7916 7917 7919 7918)
4(7818 7920 7921 7819)
4(7918 7919 7921 7920)
4(7820 7922 7923 7821)
4(7920 7921 7923 7922)
4(7822 7924 7925 7823)
4(7922 7923 7925 7924)
4(7824 7926 7927 7825)
4(7924 7925 7927 7926)
4(7826 7928 7929 7827)
4(7926 7927 7929 7928)
4(7828 7930 7931 7829)
4(7928 7929 7931 7930)
4(7830 7932 7933 7831)
4(7930 7931 7933 7932)
4(7832 7934 7935 7833)
4(7932 7933 7935 7934)
4(7834 7936 7937 7835)
4(7934 7935 7937 7936)
4(7836 7938 7939 7837)
4(7936 7937 7939 7938)
4(7838 7940 7941 7839)
4(7938 7939 7941 7940)
4(7840 7942 7943 7841)
4(7940 7941 7943 7942)
4(7842 7944 7945 7843)
4(7942 7943 7945 7944)
4(7844 7946 7947 7845)
4(7944 7945 7947 7946)
4(7846 7948 7949 7847)
4(7946 7947 7949 7948)
4(7848 7950 7951 7849)
4(7948 7949 7951 7950)
4(7850 7952 7953 7851)
4(7950 7951 7953 7952)
4(7952 7953 7955 7954)
4(7856 7958 7959 7857)
4(7956 7957 7959 7958)
4(7858 7960 7961 7859)
4(7958 7959 7961 7960)
4(7860 7962 7963 7861)
4(7960 7961 7963 7962)
4(7862 7964 7965 7863)
4(7962 7963 7965 7964)
4(7864 7966 7967 7865)
4(7964 7965 7967 7966)
4(7866 7968 7969 7867)
4(7966 7967 7969 7968)
4(7868 7970 7971 7869)
4(7968 7969 7971 7970)
4(7870 7972 7973 7871)
4(7970 7971 7973 7972)
4(7872 7974 7975 7873)
4(7972 7973 7975 7974)
4(7874 7976 7977 7875)
4(7974 7975 7977 7976)
4(7876 7978 7979 7877)
4(7976 7977 7979 7978)
4(7878 7980 7981 7879)
4(7978 7979 7981 7980)
4(7880 7982 7983 7881)
4(7980 7981 7983 7982)
4(7882 7984 7985 7883)
4(7982 7983 7985 7984)
4(7884 7986 7987 7885)
4(7984 7985 7987 7986)
4(7886 7988 7989 7887)
4(7986 7987 7989 7988)
4(7888 7990 7991 7889)
4(7988 7989 7991 7990)
4(7890 7992 7993 7891)
4(7990 7991 7993 7992)
4(7892 7994 7995 7893)
4(7992 7993 7995 7994)
4(7894 7996 7997 7895)
4(7994 7995 7997 7996)
4(7896 7998 7999 7897)
4(7996 7997 7999 7998)
4(7898 8000 8001 7899)
4(7998 7999 8001 8000)
4(7900 8002 8003 7901)
4(8000 8001 8003 8002)
4(7902 8004 8005 7903)
4(8002 8003 8005 8004)
4(7904 8006 8007 7905)
4(8004 8005 8007 8006)
4(7906 8008 8009 7907)
4(8006 8007 8009 8008)
4(7908 8010 8011 7909)
4(8008 8009 8011 8010)
4(7910 8012 8013 7911)
4(8010 8011 8013 8012)
4(7912 8014 8015 7913)
4(8012 8013 8015 8014)
4(7914 8016 8017 7915)
4(8014 8015 8017 8016)
4(7916 8018 8019 7917)
4(8016 8017 8019 8018)
4(7918 8020 8021 7919)
4(8018 8019 8021 8020)
4(7920 8022 8023 7921)
4(8020 8021 8023 8022)
4(7922 8024 8025 7923)
4(8022 8023 8025 8024)
4(7924 8026 8027 7925)
4(8024 8025 8027 8026)
4(7926 8028 8029 7927)
4(8026 8027 8029 8028)
4(7928 8030 8031 7929)
4(8028 8029 8031 8030)
4(7930 8032 8033 7931)
4(8030 8031 8033 8032)
4(7932 8034 8035 7933)
4(8032 8033 8035 8034)
4(7934 8036 8037 7935)
4(8034 8035 8037 8036)
4(7936 8038 8039 7937)
4(8036 8037 8039 8038)
4(7938 8040 8041 7939)
4(8038 8039 8041 8040)
4(7940 8042 8043 7941)
4(8040 8041 8043 8042)
4(7942 8044 8045 7943)
4(8042 8043 8045 8044)
4(7944 8046 8047 7945)
4(8044 8045 8047 8046)
4(7946 8048 8049 7947)
4(8046 8047 8049 8048)
4(7948 8050 8051 7949)
4(8048 8049 8051 8050)
4(7950 8052 8053 7951)
4(8050 8051 8053 8052)
4(7952 8054 8055 7953)
4(8052 8053 8055 8054)
4(8054 8055 8057 8056)
4(7958 8060 8061 7959)
4(8058 8059 8061 8060)
4(7960 8062 8063 7961)
4(8060 8061 8063 8062)
4(7962 8064 8065 7963)
4(8062 8063 8065 8064)
4(7964 8066 8067 7965)
4(8064 8065 8067 8066)
4(7966 8068 8069 7967)
4(8066 8067 8069 8068)
4(7968 8070 8071 7969)
4(8068 8069 8071 8070)
4(7970 8072 8073 7971)
4(8070 8071 8073 8072)
4(7972 8074 8075 7973)
4(8072 8073 8075 8074)
4(7974 8076 8077 7975)
4(8074 8075 8077 8076)
4(7976 8078 8079 7977)
4(8076 8077 8079 8078)
4(7978 8080 8081 7979)
4(8078 8079 8081 8080)
4(7980 8082 8083 7981)
4(8080 8081 8083 8082)
4(7982 8084 8085 7983)
4(8082 8083 8085 8084)
4(7984 8086 8087 7985)
4(8084 8085 8087 8086)
4(7986 8088 8089 7987)
4(8086 8087 8089 8088)
4(7988 8090 8091 7989)
4(8088 8089 8091 8090)
4(7990 8092 8093 7991)
4(8090 8091 8093 8092)
4(7992 8094 8095 7993)
4(8092 8093 8095 8094)
4(7994 8096 8097 7995)
4(8094 8095 8097 8096)
4(7996 8098 8099 7997)
4(8096 8097 8099 8098)
4(7998 8100 8101 7999)
4(8098 8099 8101 8100)
4(8000 8102 8103 8001)
4(8100 8101 8103 8102)
4(8002 8104 8105 8003)
4(8102 8103 8105 8104)
4(8004 8106 8107 8005)
4(8104 8105 8107 8106)
4(8006 8108 8109 8007)
4(8106 8107 8109 8108)
4(8008 8110 8111 8009)
4(8108 8109 8111 8110)
4(8010 8112 8113 8011)
4(8110 8111 8113 8112)
4(8012 8114 8115 8013)
4(8112 8113 8115 8114)
4(8014 8116 8117 8015)
4(8114 8115 8117 8116)
4(8016 8118 8119 8017)
4(8116 8117 8119 8118)
4(8018 8120 8121 8019)
4(8118 8119 8121 8120)
4(8020 8122 8123 8021)
4(8120 8121 8123 8122)
4(8022 8124 8125 8023)
4(8122 8123 8125 8124)
4(8024 8126 8127 8025)
4(8124 8125 8127 8126)
4(8026 8128 8129 8027)
4(8126 8127 8129 8128)
4(8028 8130 8131 8029)
4(8128 8129 8131 8130)
4(8030 8132 8133 8031)
4(8130 8131 8133 8132)
4(8032 8134 8135 8033)
4(8132 8133 8135 8134)
4(8034 8136 8137 8035)
4(8134 8135 8137 8136)
4(8036 8138 8139 8037)
4(8136 8137 8139 8138)
4(8038 8140 8141 8039)
4(8138 8139 8141 8140)
4(8040 8142 8143 8041)
4(8140 8141 8143 8142)
4(8042 8144 8145 8043)
4(8142 8143 8145 8144)
4(8044 8146 8147 8045)
4(8144 8145 8147 8146)
4(8046 8148 8149 8047)
4(8146 8147 8149 8148)
4(8048 8150 8151 8049)
4(8148 8149 8151 8150)
4(8050 8152 8153 8051)
4(8150 8151 8153 8152)
4(8052 8154 8155 8053)
4(8152 8153 8155 8154)
4(8054 8156 8157 8055)
4(8154 8155 8157 8156)
4(8156 8157 8159 8158)
4(8060 8162 8163 8061)
4(8160 8161 8163 8162)
4(8062 8164 8165 8063)
4(8162 8163 8165 8164)
4(8064 8166 8167 8065)
4(8164 8165 8167 8166)
4(8066 8168 8169 8067)
4(8166 8167 8169 8168)
4(8068 8170 8171 8069)
4(8168 8169 8171 8170)
4(8070 8172 8173 8071)
4(8170 8171 8173 8172)
4(8072 8174 8175 8073)
4(8172 8173 8175 8174)
4(8074 8176 8177 8075)
4(8174 8175 8177 8176)
4(8076 8178 8179 8077)
4(8176 8177 8179 8178)
4(8078 8180 8181 8079)
4(8178 8179 8181 8180)
4(8080 8182 8183 8081)
4(8180 8181 8183 8182)
4(8082 8184 8185 8083)
4(8182 8183 8185 8184)
4(8084 8186 8187 8085)
4(8184 8185 8187 8186)
4(8086 8188 8189 8087)
4(8186 8187 8189 8188)
4(8088 8190 8191 8089)
4(8188 8189 8191 8190)
4(8090 8192 8193 8091)
4(8190 8191 8193 8192)
4(8092 8194 8195 8093)
4(8192 8193 8195 8194)
4(8094 8196 8197 8095)
4(8194 8195 8197 8196)
4(8096 8198 8199 8097)
4(8196 8197 8199 8198)
4(8098 8200 8201 8099)
4(8198 8199 8201 8200)
4(8100 8202 8203 8101)
4(8200 8201 8203 8202)
4(8102 8204 8205 8103)
4(8202 8203 8205 8204)
4(8104 8206 8207 8105)
4(8204 8205 8207 8206)
4(8106 8208 8209 8107)
4(8206 8207 8209 8208)
4(8108 8210 8211 8109)
4(8208 8209 8211 8210)
4(8110 8212 8213 8111)
4(8210 8211 8213 8212)
4(8112 8214 8215 8113)
4(8212 8213 8215 8214)
4(8114 8216 8217 8115)
4(8214 8215 8217 8216)
4(8116 8218 8219 8117)
4(8216 8217 8219 8218)
4(8118 8220 8221 8119)
4(8218 8219 8221 8220)
4(8120 8222 8223 8121)
4(8220 8221 8223 8222)
4(8122 8224 8225 8123)
4(8222 8223 8225 8224)
4(8124 8226 8227 8125)
4(8224 8225 8227 8226)
4(8126 8228 8229 8127)
4(8226 8227 8229 8228)
4(8128 8230 8231 8129)
4(8228 8229 8231 8230)
4(8130 8232 8233 8131)
4(8230 8231 8233 8232)
4(8132 8234 8235 8133)
4(8232 8233 8235 8234)
4(8134 8236 8237 8135)
4(8234 8235 8237 8236)
4(8136 8238 8239 8137)
4(8236 8237 8239 8238)
4(8138 8240 8241 8139)
4(8238 8239 8241 8240)
4(8140 8242 8243 8141)
4(8240 8241 8243 8242)
4(8142 8244 8245 8143)
4(8242 8243 8245 8244)
4(8144 8246 8247 8145)
4(8244 8245 8247 8246)
4(8146 8248 8249 8147)
4(8246 8247 8249 8248)
4(8148 8250 8251 8149)
4(8248 8249 8251 8250)
4(8150 8252 8253 8151)
4(8250 8251 8253 8252)
4(8152 8254 8255 8153)
4(8252 8253 8255 8254)
4(8154 8256 8257 8155)
4(8254 8255 8257 8256)
4(8156 8258 8259 8157)
4(8256 8257 8259 8258)
4(8258 8259 8261 8260)
4(8162 8264 8265 8163)
4(8262 8263 8265 8264)
4(8164 8266 8267 8165)
4(8264 8265 8267 8266)
4(8166 8268 8269 8167)
4(8266 8267 8269 8268)
4(8168 8270 8271 8169)
4(8268 8269 8271 8270)
4(8170 8272 8273 8171)
4(8270 8271 8273 8272)
4(8172 8274 8275 8173)
4(8272 8273 8275 8274)
4(8174 8276 8277 8175)
4(8274 8275 8277 8276)
4(8176 8278 8279 8177)
4(8276 8277 8279 8278)
4(8178 8280 8281 8179)
4(8278 8279 8281 8280)
4(8180 8282 8283 8181)
4(8280 8281 8283 8282)
4(8182 8284 8285 8183)
4(8282 8283 8285 8284)
4(8184 8286 8287 8185)
4(8284 8285 8287 8286)
4(8186 8288 8289 8187)
4(8286 8287 8289 8288)
4(8188 8290 8291 8189)
4(8288 8289 8291 8290)
4(8190 8292 8293 8191)
4(8290 8291 8293 8292)
4(8192 8294 8295 8193)
4(8292 8293 8295 8294)
4(8194 8296 8297 8195)
4(8294 8295 8297 8296)
4(8196 8298 8299 8197)
4(8296 8297 8299 8298)
4(8198 8300 8301 8199)
4(8298 8299 8301 8300)
4(8200 8302 8303 8201)
4(8300 8301 8303 8302)
4(8202 8304 8305 8203)
4(8302 8303 8305 8304)
4(8204 8306 8307 8205)
4(8304 8305 8307 8306)
4(8206 8308 8309 8207)
4(8306 8307 8309 8308)
4(8208 8310 8311 8209)
4(8308 8309 8311 8310)
4(8210 8312 8313 8211)
4(8310 8311 8313 8312)
4(8212 8314 8315 8213)
4(8312 8313 8315 8314)
4(8214 8316 8317 8215)
4(8314 8315 8317 8316)
4(8216 8318 8319 8217)
4(8316 8317 8319 8318)
4(8218 8320 8321 8219)
4(8318 8319 8321 8320)
4(8220 8322 8323 8221)
4(8320 8321 8323 8322)
4(8222 8324 8325 8223)
4(8322 8323 8325 8324)
4(8224 8326 8327 8225)
4(8324 8325 8327 8326)
4(8226 8328 8329 8227)
4(8326 8327 8329 8328)
4(8228 8330 8331 8229)
4(8328 8329 8331 8330)
4(8230 8332 8333 8231)
4(8330 8331 8333 8332)
4(8232 8334 8335 8233)
4(8332 8333 8335 8334)
4(8234 8336 8337 8235)
4(8334 8335 8337 8336)
4(8236 8338 8339 8237)
4(8336 8337 8339 8338)
4(8238 8340 8341 8239)
4(8338 8339 8341 8340)
4(8240 8342 8343 8241)
4(8340 8341 8343 8342)
4(8242 8344 8345 8243)
4(8342 8343 8345 8344)
4(8244 8346 8347 8245)
4(8344 8345 8347 8346)
4(8246 8348 8349 8247)
4(8346 8347 8349 8348)
4(8248 8350 8351 8249)
4(8348 8349 8351 8350)
4(8250 8352 8353 8251)
4(8350 8351 8353 8352)
4(8252 8354 8355 8253)
4(8352 8353 8355 8354)
4(8254 8356 8357 8255)
4(8354 8355 8357 8356)
4(8256 8358 8359 8257)
4(8356 8357 8359 8358)
4(8258 8360 8361 8259)
4(8358 8359 8361 8360)
4(8360 8361 8363 8362)
4(8264 8366 8367 8265)
4(8364 8365 8367 8366)
4(8266 8368 8369 8267)
4(8366 8367 8369 8368)
4(8268 8370 8371 8269)
4(8368 8369 8371 8370)
4(8270 8372 8373 8271)
4(8370 8371 8373 8372)
4(8272 8374 8375 8273)
4(8372 8373 8375 8374)
4(8274 8376 8377 8275)
4(8374 8375 8377 8376)
4(8276 8378 8379 8277)
4(8376 8377 8379 8378)
4(8278 8380 8381 8279)
4(8378 8379 8381 8380)
4(8280 8382 8383 8281)
4(8380 8381 8383 8382)
4(8282 8384 8385 8283)
4(8382 8383 8385 8384)
4(8284 8386 8387 8285)
4(8384 8385 8387 8386)
4(8286 8388 8389 8287)
4(8386 8387 8389 8388)
4(8288 8390 8391 8289)
4(8388 8389 8391 8390)
4(8290 8392 8393 8291)
4(8390 8391 8393 8392)
4(8292 8394 8395 8293)
4(8392 8393 8395 8394)
4(8294 8396 8397 8295)
4(8394 8395 8397 8396)
4(8296 8398 8399 8297)
4(8396 8397 8399 8398)
4(8298 8400 8401 8299)
4(8398 8399 8401 8400)
4(8300 8402 8403 8301)
4(8400 8401 8403 8402)
4(8302 8404 8405 8303)
4(8402 8403 8405 8404)
4(8304 8406 8407 8305)
4(8404 8405 8407 8406)
4(8306 8408 8409 8307)
4(8406 8407 8409 8408)
4(8308 8410 8411 8309)
4(8408 8409 8411 8410)
4(8310 8412 8413 8311)
4(8410 8411 8413 8412)
4(8312 8414 8415 8313)
4(8412 8413 8415 8414)
4(8314 8416 8417 8315)
4(8414 8415 8417 8416)
4(8316 8418 8419 8317)
4(8416 8417 8419 8418)
4(8318 8420 8421 8319)
4(8418 8419 8421 8420)
4(8320 8422 8423 8321)
4(8420 8421 8423 8422)
4(8322 8424 8425 8323)
4(8422 8423 8425 8424)
4(8324 8426 8427 8325)
4(8424 8425 8427 8426)
4(8326 8428 8429 8327)
4(8426 8427 8429 8428)
4(8328 8430 8431 8329)
4(8428 8429 8431 8430)
4(8330 8432 8433 8331)
4(8430 8431 8433 8432)
4(8332 8434 8435 8333)
4(8432 8433 8435 8434)
4(8334 8436 8437 8335)
4(8434 8435 8437 8436)
4(8336 8438 8439 8337)
4(8436 8437 8439 8438)
4(8338 8440 8441 8339)
4(8438 8439 8441 8440)
4(8340 8442 8443 8341)
4(8440 8441 8443 8442)
4(8342 8444 8445 8343)
4(8442 8443 8445 8444)
4(8344 8446 8447 8345)
4(8444 8445 8447 8446)
4(8346 8448 8449 8347)
4(8446 8447 8449 8448)
4(8348 8450 8451 8349)
4(8448 8449 8451 8450)
4(8350 8452 8453 8351)
4(8450 8451 8453 8452)
4(8352 8454 8455 8353)
4(8452 8453 8455 8454)
4(8354 8456 8457 8355)
4(8454 8455 8457 8456)
4(8356 8458 8459 8357)
4(8456 8457 8459 8458)
4(8358 8460 8461 8359)
4(8458 8459 8461 8460)
4(8360 8462 8463 8361)
4(8460 8461 8463 8462)
4(8462 8463 8465 8464)
4(8366 8468 8469 8367)
4(8466 8467 8469 8468)
4(8368 8470 8471 8369)
4(8468 8469 8471 8470)
4(8370 8472 8473 8371)
4(8470 8471 8473 8472)
4(8372 8474 8475 8373)
4(8472 8473 8475 8474)
4(8374 8476 8477 8375)
4(8474 8475 8477 8476)
4(8376 8478 8479 8377)
4(8476 8477 8479 8478)
4(8378 8480 8481 8379)
4(8478 8479 8481 8480)
4(8380 8482 8483 8381)
4(8480 8481 8483 8482)
4(8382 8484 8485 8383)
4(8482 8483 8485 8484)
4(8384 8486 8487 8385)
4(8484 8485 8487 8486)
4(8386 8488 8489 8387)
4(8486 8487 8489 8488)
4(8388 8490 8491 8389)
4(8488 8489 8491 8490)
4(8390 8492 8493 8391)
4(8490 8491 8493 8492)
4(8392 8494 8495 8393)
4(8492 8493 8495 8494)
4(8394 8496 8497 8395)
4(8494 8495 8497 8496)
4(8396 8498 8499 8397)
4(8496 8497 8499 8498)
4(8398 8500 8501 8399)
4(8498 8499 8501 8500)
4(8400 8502 8503 8401)
4(8500 8501 8503 8502)
4(8402 8504 8505 8403)
4(8502 8503 8505 8504)
4(8404 8506 8507 8405)
4(8504 8505 8507 8506)
4(8406 8508 8509 8407)
4(8506 8507 8509 8508)
4(8408 8510 8511 8409)
4(8508 8509 8511 8510)
4(8410 8512 8513 8411)
4(8510 8511 8513 8512)
4(8412 8514 8515 8413)
4(8512 8513 8515 8514)
4(8414 8516 8517 8415)
4(8514 8515 8517 8516)
4(8416 8518 8519 8417)
4(8516 8517 8519 8518)
4(8418 8520 8521 8419)
4(8518 8519 8521 8520)
4(8420 8522 8523 8421)
4(8520 8521 8523 8522)
4(8422 8524 8525 8423)
4(8522 8523 8525 8524)
4(8424 8526 8527 8425)
4(8524 8525 8527 8526)
4(8426 8528 8529 8427)
4(8526 8527 8529 8528)
4(8428 8530 8531 8429)
4(8528 8529 8531 8530)
4(8430 8532 8533 8431)
4(8530 8531 8533 8532)
4(8432 8534 8535 8433)
4(8532 8533 8535 8534)
4(8434 8536 8537 8435)
4(8534 8535 8537 8536)
4(8436 8538 8539 8437)
4(8536 8537 8539 8538)
4(8438 8540 8541 8439)
4(8538 8539 8541 8540)
4(8440 8542 8543 8441)
4(8540 8541 8543 8542)
4(8442 8544 8545 8443)
4(8542 8543 8545 8544)
4(8444 8546 8547 8445)
4(8544 8545 8547 8546)
4(8446 8548 8549 8447)
4(8546 8547 8549 8548)
4(8448 8550 8551 8449)
4(8548 8549 8551 8550)
4(8450 8552 8553 8451)
4(8550 8551 8553 8552)
4(8452 8554 8555 8453)
4(8552 8553 8555 8554)
4(8454 8556 8557 8455)
4(8554 8555 8557 8556)
4(8456 8558 8559 8457)
4(8556 8557 8559 8558)
4(8458 8560 8561 8459)
4(8558 8559 8561 8560)
4(8460 8562 8563 8461)
4(8560 8561 8563 8562)
4(8462 8564 8565 8463)
4(8562 8563 8565 8564)
4(8564 8565 8567 8566)
4(8468 8570 8571 8469)
4(8568 8569 8571 8570)
4(8470 8572 8573 8471)
4(8570 8571 8573 8572)
4(8472 8574 8575 8473)
4(8572 8573 8575 8574)
4(8474 8576 8577 8475)
4(8574 8575 8577 8576)
4(8476 8578 8579 8477)
4(8576 8577 8579 8578)
4(8478 8580 8581 8479)
4(8578 8579 8581 8580)
4(8480 8582 8583 8481)
4(8580 8581 8583 8582)
4(8482 8584 8585 8483)
4(8582 8583 8585 8584)
4(8484 8586 8587 8485)
4(8584 8585 8587 8586)
4(8486 8588 8589 8487)
4(8586 8587 8589 8588)
4(8488 8590 8591 8489)
4(8588 8589 8591 8590)
4(8490 8592 8593 8491)
4(8590 8591 8593 8592)
4(8492 8594 8595 8493)
4(8592 8593 8595 8594)
4(8494 8596 8597 8495)
4(8594 8595 8597 8596)
4(8496 8598 8599 8497)
4(8596 8597 8599 8598)
4(8498 8600 8601 8499)
4(8598 8599 8601 8600)
4(8500 8602 8603 8501)
4(8600 8601 8603 8602)
4(8502 8604 8605 8503)
4(8602 8603 8605 8604)
4(8504 8606 8607 8505)
4(8604 8605 8607 8606)
4(8506 8608 8609 8507)
4(8606 8607 8609 8608)
4(8508 8610 8611 8509)
4(8608 8609 8611 8610)
4(8510 8612 8613 8511)
4(8610 8611 8613 8612)
4(8512 8614 8615 8513)
4(8612 8613 8615 8614)
4(8514 8616 8617 8515)
4(8614 8615 8617 8616)
4(8516 8618 8619 8517)
4(8616 8617 8619 8618)
4(8518 8620 8621 8519)
4(8618 8619 8621 8620)
4(8520 8622 8623 8521)
4(8620 8621 8623 8622)
4(8522 8624 8625 8523)
4(8622 8623 8625 8624)
4(8524 8626 8627 8525)
4(8624 8625 8627 8626)
4(8526 8628 8629 8527)
4(8626 8627 8629 8628)
4(8528 8630 8631 8529)
4(8628 8629 8631 8630)
4(8530 8632 8633 8531)
4(8630 8631 8633 8632)
4(8532 8634 8635 8533)
4(8632 8633 8635 8634)
4(8534 8636 8637 8535)
4(8634 8635 8637 8636)
4(8536 8638 8639 8537)
4(8636 8637 8639 8638)
4(8538 8640 8641 8539)
4(8638 8639 8641 8640)
4(8540 8642 8643 8541)
4(8640 8641 8643 8642)
4(8542 8644 8645 8543)
4(8642 8643 8645 8644)
4(8544 8646 8647 8545)
4(8644 8645 8647 8646)
4(8546 8648 8649 8547)
4(8646 8647 8649 8648)
4(8548 8650 8651 8549)
4(8648 8649 8651 8650)
4(8550 8652 8653 8551)
4(8650 8651 8653 8652)
4(8552 8654 8655 8553)
4(8652 8653 8655 8654)
4(8554 8656 8657 8555)
4(8654 8655 8657 8656)
4(8556 8658 8659 8557)
4(8656 8657 8659 8658)
4(8558 8660 8661 8559)
4(8658 8659 8661 8660)
4(8560 8662 8663 8561)
4(8660 8661 8663 8662)
4(8562 8664 8665 8563)
4(8662 8663 8665 8664)
4(8564 8666 8667 8565)
4(8664 8665 8667 8666)
4(8666 8667 8669 8668)
4(8570 8672 8673 8571)
4(8670 8671 8673 8672)
4(8572 8674 8675 8573)
4(8672 8673 8675 8674)
4(8574 8676 8677 8575)
4(8674 8675 8677 8676)
4(8576 8678 8679 8577)
4(8676 8677 8679 8678)
4(8578 8680 8681 8579)
4(8678 8679 8681 8680)
4(8580 8682 8683 8581)
4(8680 8681 8683 8682)
4(8582 8684 8685 8583)
4(8682 8683 8685 8684)
4(8584 8686 8687 8585)
4(8684 8685 8687 8686)
4(8586 8688 8689 8587)
4(8686 8687 8689 8688)
4(8588 8690 8691 8589)
4(8688 8689 8691 8690)
4(8590 8692 8693 8591)
4(8690 8691 8693 8692)
4(8592 8694 8695 8593)
4(8692 8693 8695 8694)
4(8594 8696 8697 8595)
4(8694 8695 8697 8696)
4(8596 8698 8699 8597)
4(8696 8697 8699 8698)
4(8598 8700 8701 8599)
4(8698 8699 8701 8700)
4(8600 8702 8703 8601)
4(8700 8701 8703 8702)
4(8602 8704 8705 8603)
4(8702 8703 8705 8704)
4(8604 8706 8707 8605)
4(8704 8705 8707 8706)
4(8606 8708 8709 8607)
4(8706 8707 8709 8708)
4(8608 8710 8711 8609)
4(8708 8709 8711 8710)
4(8610 8712 8713 8611)
4(8710 8711 8713 8712)
4(8612 8714 8715 8613)
4(8712 8713 8715 8714)
4(8614 8716 8717 8615)
4(8714 8715 8717 8716)
4(8616 8718 8719 8617)
4(8716 8717 8719 8718)
4(8618 8720 8721 8619)
4(8718 8719 8721 8720)
4(8620 8722 8723 8621)
4(8720 8721 8723 8722)
4(8622 8724 8725 8623)
4(8722 8723 8725 8724)
4(8624 8726 8727 8625)
4(8724 8725 8727 8726)
4(8626 8728 8729 8627)
4(8726 8727 8729 8728)
4(8628 8730 8731 8629)
4(8728 8729 8731 8730)
4(8630 8732 8733 8631)
4(8730 8731 8733 8732)
4(8632 8734 8735 8633)
4(8732 8733 8735 8734)
4(8634 8736 8737 8635)
4(8734 8735 8737 8736)
4(8636 8738 8739 8637)
4(8736 8737 8739 8738)
4(8638 8740 8741 8639)
4(8738 8739 8741 8740)
4(8640 8742 8743 8641)
4(8740 8741 8743 8742)
4(8642 8744 8745 8643)
4(8742 8743 8745 8744)
4(8644 8746 8747 8645)
4(8744 8745 8747 8746)
4(8646 8748 8749 8647)
4(8746 8747 8749 8748)
4(8648 8750 8751 8649)
4(8748 8749 8751 8750)
4(8650 8752 8753 8651)
4(8750 8751 8753 8752)
4(8652 8754 8755 8653)
4(8752 8753 8755 8754)
4(8654 8756 8757 8655)
4(8754 8755 8757 8756)
4(8656 8758 8759 8657)
4(8756 8757 8759 8758)
4(8658 8760 8761 8659)
4(8758 8759 8761 8760)
4(8660 8762 8763 8661)
4(8760 8761 8763 8762)
4(8662 8764 8765 8663)
4(8762 8763 8765 8764)
4(8664 8766 8767 8665)
4(8764 8765 8767 8766)
4(8666 8768 8769 8667)
4(8766 8767 8769 8768)
4(8768 8769 8771 8770)
4(8672 8774 8775 8673)
4(8772 8773 8775 8774)
4(8674 8776 8777 8675)
4(8774 8775 8777 8776)
4(8676 8778 8779 8677)
4(8776 8777 8779 8778)
4(8678 8780 8781 8679)
4(8778 8779 8781 8780)
4(8680 8782 8783 8681)
4(8780 8781 8783 8782)
4(8682 8784 8785 8683)
4(8782 8783 8785 8784)
4(8684 8786 8787 8685)
4(8784 8785 8787 8786)
4(8686 8788 8789 8687)
4(8786 8787 8789 8788)
4(8688 8790 8791 8689)
4(8788 8789 8791 8790)
4(8690 8792 8793 8691)
4(8790 8791 8793 8792)
4(8692 8794 8795 8693)
4(8792 8793 8795 8794)
4(8694 8796 8797 8695)
4(8794 8795 8797 8796)
4(8696 8798 8799 8697)
4(8796 8797 8799 8798)
4(8698 8800 8801 8699)
4(8798 8799 8801 8800)
4(8700 8802 8803 8701)
4(8800 8801 8803 8802)
4(8702 8804 8805 8703)
4(8802 8803 8805 8804)
4(8704 8806 8807 8705)
4(8804 8805 8807 8806)
4(8706 8808 8809 8707)
4(8806 8807 8809 8808)
4(8708 8810 8811 8709)
4(8808 8809 8811 8810)
4(8710 8812 8813 8711)
4(8810 8811 8813 8812)
4(8712 8814 8815 8713)
4(8812 8813 8815 8814)
4(8714 8816 8817 8715)
4(8814 8815 8817 8816)
4(8716 8818 8819 8717)
4(8816 8817 8819 8818)
4(8718 8820 8821 8719)
4(8818 8819 8821 8820)
4(8720 8822 8823 8721)
4(8820 8821 8823 8822)
4(8722 8824 8825 8723)
4(8822 8823 8825 8824)
4(8724 8826 8827 8725)
4(8824 8825 8827 8826)
4(8726 8828 8829 8727)
4(8826 8827 8829 8828)
4(8728 8830 8831 8729)
4(8828 8829 8831 8830)
4(8730 8832 8833 8731)
4(8830 8831 8833 8832)
4(8732 8834 8835 8733)
4(8832 8833 8835 8834)
4(8734 8836 8837 8735)
4(8834 8835 8837 8836)
4(8736 8838 8839 8737)
4(8836 8837 8839 8838)
4(8738 8840 8841 8739)
4(8838 8839 8841 8840)
4(8740 8842 8843 8741)
4(8840 8841 8843 8842)
4(8742 8844 8845 8743)
4(8842 8843 8845 8844)
4(8744 8846 8847 8745)
4(8844 8845 8847 8846)
4(8746 8848 8849 8747)
4(8846 8847 8849 8848)
4(8748 8850 8851 8749)
4(8848 8849 8851 8850)
4(8750 8852 8853 8751)
4(8850 8851 8853 8852)
4(8752 8854 8855 8753)
4(8852 8853 8855 8854)
4(8754 8856 8857 8755)
4(8854 8855 8857 8856)
4(8756 8858 8859 8757)
4(8856 8857 8859 8858)
4(8758 8860 8861 8759)
4(8858 8859 8861 8860)
4(8760 8862 8863 8761)
4(8860 8861 8863 8862)
4(8762 8864 8865 8763)
4(8862 8863 8865 8864)
4(8764 8866 8867 8765)
4(8864 8865 8867 8866)
4(8766 8868 8869 8767)
4(8866 8867 8869 8868)
4(8768 8870 8871 8769)
4(8868 8869 8871 8870)
4(8870 8871 8873 8872)
4(8774 8876 8877 8775)
4(8874 8875 8877 8876)
4(8776 8878 8879 8777)
4(8876 8877 8879 8878)
4(8778 8880 8881 8779)
4(8878 8879 8881 8880)
4(8780 8882 8883 8781)
4(8880 8881 8883 8882)
4(8782 8884 8885 8783)
4(8882 8883 8885 8884)
4(8784 8886 8887 8785)
4(8884 8885 8887 8886)
4(8786 8888 8889 8787)
4(8886 8887 8889 8888)
4(8788 8890 8891 8789)
4(8888 8889 8891 8890)
4(8790 8892 8893 8791)
4(8890 8891 8893 8892)
4(8792 8894 8895 8793)
4(8892 8893 8895 8894)
4(8794 8896 8897 8795)
4(8894 8895 8897 8896)
4(8796 8898 8899 8797)
4(8896 8897 8899 8898)
4(8798 8900 8901 8799)
4(8898 8899 8901 8900)
4(8800 8902 8903 8801)
4(8900 8901 8903 8902)
4(8802 8904 8905 8803)
4(8902 8903 8905 8904)
4(8804 8906 8907 8805)
4(8904 8905 8907 8906)
4(8806 8908 8909 8807)
4(8906 8907 8909 8908)
4(8808 8910 8911 8809)
4(8908 8909 8911 8910)
4(8810 8912 8913 8811)
4(8910 8911 8913 8912)
4(8812 8914 8915 8813)
4(8912 8913 8915 8914)
4(8814 8916 8917 8815)
4(8914 8915 8917 8916)
4(8816 8918 8919 8817)
4(8916 8917 8919 8918)
4(8818 8920 8921 8819)
4(8918 8919 8921 8920)
4(8820 8922 8923 8821)
4(8920 8921 8923 8922)
4(8822 8924 8925 8823)
4(8922 8923 8925 8924)
4(8824 8926 8927 8825)
4(8924 8925 8927 8926)
4(8826 8928 8929 8827)
4(8926 8927 8929 8928)
4(8828 8930 8931 8829)
4(8928 8929 8931 8930)
4(8830 8932 8933 8831)
4(8930 8931 8933 8932)
4(8832 8934 8935 8833)
4(8932 8933 8935 8934)
4(8834 8936 8937 8835)
4(8934 8935 8937 8936)
4(8836 8938 8939 8837)
4(8936 8937 8939 8938)
4(8838 8940 8941 8839)
4(8938 8939 8941 8940)
4(8840 8942 8943 8841)
4(8940 8941 8943 8942)
4(8842 8944 8945 8843)
4(8942 8943 8945 8944)
4(8844 8946 8947 8845)
4(8944 8945 8947 8946)
4(8846 8948 8949 8847)
4(8946 8947 8949 8948)
4(8848 8950 8951 8849)
4(8948 8949 8951 8950)
4(8850 8952 8953 8851)
4(8950 8951 8953 8952)
4(8852 8954 8955 8853)
4(8952 8953 8955 8954)
4(8854 8956 8957 8855)
4(8954 8955 8957 8956)
4(8856 8958 8959 8857)
4(8956 8957 8959 8958)
4(8858 8960 8961 8859)
4(8958 8959 8961 8960)
4(8860 8962 8963 8861)
4(8960 8961 8963 8962)
4(8862 8964 8965 8863)
4(8962 8963 8965 8964)
4(8864 8966 8967 8865)
4(8964 8965 8967 8966)
4(8866 8968 8969 8867)
4(8966 8967 8969 8968)
4(8868 8970 8971 8869)
4(8968 8969 8971 8970)
4(8870 8972 8973 8871)
4(8970 8971 8973 8972)
4(8972 8973 8975 8974)
4(8876 8978 8979 8877)
4(8976 8977 8979 8978)
4(8878 8980 8981 8879)
4(8978 8979 8981 8980)
4(8880 8982 8983 8881)
4(8980 8981 8983 8982)
4(8882 8984 8985 8883)
4(8982 8983 8985 8984)
4(8884 8986 8987 8885)
4(8984 8985 8987 8986)
4(8886 8988 8989 8887)
4(8986 8987 8989 8988)
4(8888 8990 8991 8889)
4(8988 8989 8991 8990)
4(8890 8992 8993 8891)
4(8990 8991 8993 8992)
4(8892 8994 8995 8893)
4(8992 8993 8995 8994)
4(8894 8996 8997 8895)
4(8994 8995 8997 8996)
4(8896 8998 8999 8897)
4(8996 8997 8999 8998)
4(8898 9000 9001 8899)
4(8998 8999 9001 9000)
4(8900 9002 9003 8901)
4(9000 9001 9003 9002)
4(8902 9004 9005 8903)
4(9002 9003 9005 9004)
4(8904 9006 9007 8905)
4(9004 9005 9007 9006)
4(8906 9008 9009 8907)
4(9006 9007 9009 9008)
4(8908 9010 9011 8909)
4(9008 9009 9011 9010)
4(8910 9012 9013 8911)
4(9010 9011 9013 9012)
4(8912 9014 9015 8913)
4(9012 9013 9015 9014)
4(8914 9016 9017 8915)
4(9014 9015 9017 9016)
4(8916 9018 9019 8917)
4(9016 9017 9019 9018)
4(8918 9020 9021 8919)
4(9018 9019 9021 9020)
4(8920 9022 9023 8921)
4(9020 9021 9023 9022)
4(8922 9024 9025 8923)
4(9022 9023 9025 9024)
4(8924 9026 9027 8925)
4(9024 9025 9027 9026)
4(8926 9028 9029 8927)
4(9026 9027 9029 9028)
4(8928 9030 9031 8929)
4(9028 9029 9031 9030)
4(8930 9032 9033 8931)
4(9030 9031 9033 9032)
4(8932 9034 9035 8933)
4(9032 9033 9035 9034)
4(8934 9036 9037 8935)
4(9034 9035 9037 9036)
4(8936 9038 9039 8937)
4(9036 9037 9039 9038)
4(8938 9040 9041 8939)
4(9038 9039 9041 9040)
4(8940 9042 9043 8941)
4(9040 9041 9043 9042)
4(8942 9044 9045 8943)
4(9042 9043 9045 9044)
4(8944 9046 9047 8945)
4(9044 9045 9047 9046)
4(8946 9048 9049 8947)
4(9046 9047 9049 9048)
4(8948 9050 9051 8949)
4(9048 9049 9051 9050)
4(8950 9052 9053 8951)
4(9050 9051 9053 9052)
4(8952 9054 9055 8953)
4(9052 9053 9055 9054)
4(8954 9056 9057 8955)
4(9054 9055 9057 9056)
4(8956 9058 9059 8957)
4(9056 9057 9059 9058)
4(8958 9060 9061 8959)
4(9058 9059 9061 9060)
4(8960 9062 9063 8961)
4(9060 9061 9063 9062)
4(8962 9064 9065 8963)
4(9062 9063 9065 9064)
4(8964 9066 9067 8965)
4(9064 9065 9067 9066)
4(8966 9068 9069 8967)
4(9066 9067 9069 9068)
4(8968 9070 9071 8969)
4(9068 9069 9071 9070)
4(8970 9072 9073 8971)
4(9070 9071 9073 9072)
4(8972 9074 9075 8973)
4(9072 9073 9075 9074)
4(9074 9075 9077 9076)
4(8978 9080 9081 8979)
4(9078 9079 9081 9080)
4(8980 9082 9083 8981)
4(9080 9081 9083 9082)
4(8982 9084 9085 8983)
4(9082 9083 9085 9084)
4(8984 9086 9087 8985)
4(9084 9085 9087 9086)
4(8986 9088 9089 8987)
4(9086 9087 9089 9088)
4(8988 9090 9091 8989)
4(9088 9089 9091 9090)
4(8990 9092 9093 8991)
4(9090 9091 9093 9092)
4(8992 9094 9095 8993)
4(9092 9093 9095 9094)
4(8994 9096 9097 8995)
4(9094 9095 9097 9096)
4(8996 9098 9099 8997)
4(9096 9097 9099 9098)
4(8998 9100 9101 8999)
4(9098 9099 9101 9100)
4(9000 9102 9103 9001)
4(9100 9101 9103 9102)
4(9002 9104 9105 9003)
4(9102 9103 9105 9104)
4(9004 9106 9107 9005)
4(9104 9105 9107 9106)
4(9006 9108 9109 9007)
4(9106 9107 9109 9108)
4(9008 9110 9111 9009)
4(9108 9109 9111 9110)
4(9010 9112 9113 9011)
4(9110 9111 9113 9112)
4(9012 9114 9115 9013)
4(9112 9113 9115 9114)
4(9014 9116 9117 9015)
4(9114 9115 9117 9116)
4(9016 9118 9119 9017)
4(9116 9117 9119 9118)
4(9018 9120 9121 9019)
4(9118 9119 9121 9120)
4(9020 9122 9123 9021)
4(9120 9121 9123 9122)
4(9022 9124 9125 9023)
4(9122 9123 9125 9124)
4(9024 9126 9127 9025)
4(9124 9125 9127 9126)
4(9026 9128 9129 9027)
4(9126 9127 9129 9128)
4(9028 9130 9131 9029)
4(9128 9129 9131 9130)
4(9030 9132 9133 9031)
4(9130 9131 9133 9132)
4(9032 9134 9135 9033)
4(9132 9133 9135 9134)
4(9034 9136 9137 9035)
4(9134 9135 9137 9136)
4(9036 9138 9139 9037)
4(9136 9137 9139 9138)
4(9038 9140 9141 9039)
4(9138 9139 9141 9140)
4(9040 9142 9143 9041)
4(9140 9141 9143 9142)
4(9042 9144 9145 9043)
4(9142 9143 9145 9144)
4(9044 9146 9147 9045)
4(9144 9145 9147 9146)
4(9046 9148 9149 9047)
4(9146 9147 9149 9148)
4(9048 9150 9151 9049)
4(9148 9149 9151 9150)
4(9050 9152 9153 9051)
4(9150 9151 9153 9152)
4(9052 9154 9155 9053)
4(9152 9153 9155 9154)
4(9054 9156 9157 9055)
4(9154 9155 9157 9156)
4(9056 9158 9159 9057)
4(9156 9157 9159 9158)
4(9058 9160 9161 9059)
4(9158 9159 9161 9160)
4(9060 9162 9163 9061)
4(9160 9161 9163 9162)
4(9062 9164 9165 9063)
4(9162 9163 9165 9164)
4(9064 9166 9167 9065)
4(9164 9165 9167 9166)
4(9066 9168 9169 9067)
4(9166 9167 9169 9168)
4(9068 9170 9171 9069)
4(9168 9169 9171 9170)
4(9070 9172 9173 9071)
4(9170 9171 9173 9172)
4(9072 9174 9175 9073)
4(9172 9173 9175 9174)
4(9074 9176 9177 9075)
4(9174 9175 9177 9176)
4(9176 9177 9179 9178)
4(9080 9182 9183 9081)
4(9180 9181 9183 9182)
4(9082 9184 9185 9083)
4(9182 9183 9185 9184)
4(9084 9186 9187 9085)
4(9184 9185 9187 9186)
4(9086 9188 9189 9087)
4(9186 9187 9189 9188)
4(9088 9190 9191 9089)
4(9188 9189 9191 9190)
4(9090 9192 9193 9091)
4(9190 9191 9193 9192)
4(9092 9194 9195 9093)
4(9192 9193 9195 9194)
4(9094 9196 9197 9095)
4(9194 9195 9197 9196)
4(9096 9198 9199 9097)
4(9196 9197 9199 9198)
4(9098 9200 9201 9099)
4(9198 9199 9201 9200)
4(9100 9202 9203 9101)
4(9200 9201 9203 9202)
4(9102 9204 9205 9103)
4(9202 9203 9205 9204)
4(9104 9206 9207 9105)
4(9204 9205 9207 9206)
4(9106 9208 9209 9107)
4(9206 9207 9209 9208)
4(9108 9210 9211 9109)
4(9208 9209 9211 9210)
4(9110 9212 9213 9111)
4(9210 9211 9213 9212)
4(9112 9214 9215 9113)
4(9212 9213 9215 9214)
4(9114 9216 9217 9115)
4(9214 9215 9217 9216)
4(9116 9218 9219 9117)
4(9216 9217 9219 9218)
4(9118 9220 9221 9119)
4(9218 9219 9221 9220)
4(9120 9222 9223 9121)
4(9220 9221 9223 9222)
4(9122 9224 9225 9123)
4(9222 9223 9225 9224)
4(9124 9226 9227 9125)
4(9224 9225 9227 9226)
4(9126 9228 9229 9127)
4(9226 9227 9229 9228)
4(9128 9230 9231 9129)
4(9228 9229 9231 9230)
4(9130 9232 9233 9131)
4(9230 9231 9233 9232)
4(9132 9234 9235 9133)
4(9232 9233 9235 9234)
4(9134 9236 9237 9135)
4(9234 9235 9237 9236)
4(9136 9238 9239 9137)
4(9236 9237 9239 9238)
4(9138 9240 9241 9139)
4(9238 9239 9241 9240)
4(9140 9242 9243 9141)
4(9240 9241 9243 9242)
4(9142 9244 9245 9143)
4(9242 9243 9245 9244)
4(9144 9246 9247 9145)
4(9244 9245 9247 9246)
4(9146 9248 9249 9147)
4(9246 9247 9249 9248)
4(9148 9250 9251 9149)
4(9248 9249 9251 9250)
4(9150 9252 9253 9151)
4(9250 9251 9253 9252)
4(9152 9254 9255 9153)
4(9252 9253 9255 9254)
4(9154 9256 9257 9155)
4(9254 9255 9257 9256)
4(9156 9258 9259 9157)
4(9256 9257 9259 9258)
4(9158 9260 9261 9159)
4(9258 9259 9261 9260)
4(9160 9262 9263 9161)
4(9260 9261 9263 9262)
4(9162 9264 9265 9163)
4(9262 9263 9265 9264)
4(9164 9266 9267 9165)
4(9264 9265 9267 9266)
4(9166 9268 9269 9167)
4(9266 9267 9269 9268)
4(9168 9270 9271 9169)
4(9268 9269 9271 9270)
4(9170 9272 9273 9171)
4(9270 9271 9273 9272)
4(9172 9274 9275 9173)
4(9272 9273 9275 9274)
4(9174 9276 9277 9175)
4(9274 9275 9277 9276)
4(9176 9278 9279 9177)
4(9276 9277 9279 9278)
4(9278 9279 9281 9280)
4(9182 9284 9285 9183)
4(9282 9283 9285 9284)
4(9184 9286 9287 9185)
4(9284 9285 9287 9286)
4(9186 9288 9289 9187)
4(9286 9287 9289 9288)
4(9188 9290 9291 9189)
4(9288 9289 9291 9290)
4(9190 9292 9293 9191)
4(9290 9291 9293 9292)
4(9192 9294 9295 9193)
4(9292 9293 9295 9294)
4(9194 9296 9297 9195)
4(9294 9295 9297 9296)
4(9196 9298 9299 9197)
4(9296 9297 9299 9298)
4(9198 9300 9301 9199)
4(9298 9299 9301 9300)
4(9200 9302 9303 9201)
4(9300 9301 9303 9302)
4(9202 9304 9305 9203)
4(9302 9303 9305 9304)
4(9204 9306 9307 9205)
4(9304 9305 9307 9306)
4(9206 9308 9309 9207)
4(9306 9307 9309 9308)
4(9208 9310 9311 9209)
4(9308 9309 9311 9310)
4(9210 9312 9313 9211)
4(9310 9311 9313 9312)
4(9212 9314 9315 9213)
4(9312 9313 9315 9314)
4(9214 9316 9317 9215)
4(9314 9315 9317 9316)
4(9216 9318 9319 9217)
4(9316 9317 9319 9318)
4(9218 9320 9321 9219)
4(9318 9319 9321 9320)
4(9220 9322 9323 9221)
4(9320 9321 9323 9322)
4(9222 9324 9325 9223)
4(9322 9323 9325 9324)
4(9224 9326 9327 9225)
4(9324 9325 9327 9326)
4(9226 9328 9329 9227)
4(9326 9327 9329 9328)
4(9228 9330 9331 9229)
4(9328 9329 9331 9330)
4(9230 9332 9333 9231)
4(9330 9331 9333 9332)
4(9232 9334 9335 9233)
4(9332 9333 9335 9334)
4(9234 9336 9337 9235)
4(9334 9335 9337 9336)
4(9236 9338 9339 9237)
4(9336 9337 9339 9338)
4(9238 9340 9341 9239)
4(9338 9339 9341 9340)
4(9240 9342 9343 9241)
4(9340 9341 9343 9342)
4(9242 9344 9345 9243)
4(9342 9343 9345 9344)
4(9244 9346 9347 9245)
4(9344 9345 9347 9346)
4(9246 9348 9349 9247)
4(9346 9347 9349 9348)
4(9248 9350 9351 9249)
4(9348 9349 9351 9350)
4(9250 9352 9353 9251)
4(9350 9351 9353 9352)
4(9252 9354 9355 9253)
4(9352 9353 9355 9354)
4(9254 9356 9357 9255)
4(9354 9355 9357 9356)
4(9256 9358 9359 9257)
4(9356 9357 9359 9358)
4(9258 9360 9361 9259)
4(9358 9359 9361 9360)
4(9260 9362 9363 9261)
4(9360 9361 9363 9362)
4(9262 9364 9365 9263)
4(9362 9363 9365 9364)
4(9264 9366 9367 9265)
4(9364 9365 9367 9366)
4(9266 9368 9369 9267)
4(9366 9367 9369 9368)
4(9268 9370 9371 9269)
4(9368 9369 9371 9370)
4(9270 9372 9373 9271)
4(9370 9371 9373 9372)
4(9272 9374 9375 9273)
4(9372 9373 9375 9374)
4(9274 9376 9377 9275)
4(9374 9375 9377 9376)
4(9276 9378 9379 9277)
4(9376 9377 9379 9378)
4(9278 9380 9381 9279)
4(9378 9379 9381 9380)
4(9380 9381 9383 9382)
4(9284 9386 9387 9285)
4(9384 9385 9387 9386)
4(9286 9388 9389 9287)
4(9386 9387 9389 9388)
4(9288 9390 9391 9289)
4(9388 9389 9391 9390)
4(9290 9392 9393 9291)
4(9390 9391 9393 9392)
4(9292 9394 9395 9293)
4(9392 9393 9395 9394)
4(9294 9396 9397 9295)
4(9394 9395 9397 9396)
4(9296 9398 9399 9297)
4(9396 9397 9399 9398)
4(9298 9400 9401 9299)
4(9398 9399 9401 9400)
4(9300 9402 9403 9301)
4(9400 9401 9403 9402)
4(9302 9404 9405 9303)
4(9402 9403 9405 9404)
4(9304 9406 9407 9305)
4(9404 9405 9407 9406)
4(9306 9408 9409 9307)
4(9406 9407 9409 9408)
4(9308 9410 9411 9309)
4(9408 9409 9411 9410)
4(9310 9412 9413 9311)
4(9410 9411 9413 9412)
4(9312 9414 9415 9313)
4(9412 9413 9415 9414)
4(9314 9416 9417 9315)
4(9414 9415 9417 9416)
4(9316 9418 9419 9317)
4(9416 9417 9419 9418)
4(9318 9420 9421 9319)
4(9418 9419 9421 9420)
4(9320 9422 9423 9321)
4(9420 9421 9423 9422)
4(9322 9424 9425 9323)
4(9422 9423 9425 9424)
4(9324 9426 9427 9325)
4(9424 9425 9427 9426)
4(9326 9428 9429 9327)
4(9426 9427 9429 9428)
4(9328 9430 9431 9329)
4(9428 9429 9431 9430)
4(9330 9432 9433 9331)
4(9430 9431 9433 9432)
4(9332 9434 9435 9333)
4(9432 9433 9435 9434)
4(9334 9436 9437 9335)
4(9434 9435 9437 9436)
4(9336 9438 9439 9337)
4(9436 9437 9439 9438)
4(9338 9440 9441 9339)
4(9438 9439 9441 9440)
4(9340 9442 9443 9341)
4(9440 9441 9443 9442)
4(9342 9444 9445 9343)
4(9442 9443 9445 9444)
4(9344 9446 9447 9345)
4(9444 9445 9447 9446)
4(9346 9448 9449 9347)
4(9446 9447 9449 9448)
4(9348 9450 9451 9349)
4(9448 9449 9451 9450)
4(9350 9452 9453 9351)
4(9450 9451 9453 9452)
4(9352 9454 9455 9353)
4(9452 9453 9455 9454)
4(9354 9456 9457 9355)
4(9454 9455 9457 9456)
4(9356 9458 9459 9357)
4(9456 9457 9459 9458)
4(9358 9460 9461 9359)
4(9458 9459 9461 9460)
4(9360 9462 9463 9361)
4(9460 9461 9463 9462)
4(9362 9464 9465 9363)
4(9462 9463 9465 9464)
4(9364 9466 9467 9365)
4(9464 9465 9467 9466)
4(9366 9468 9469 9367)
4(9466 9467 9469 9468)
4(9368 9470 9471 9369)
4(9468 9469 9471 9470)
4(9370 9472 9473 9371)
4(9470 9471 9473 9472)
4(9372 9474 9475 9373)
4(9472 9473 9475 9474)
4(9374 9476 9477 9375)
4(9474 9475 9477 9476)
4(9376 9478 9479 9377)
4(9476 9477 9479 9478)
4(9378 9480 9481 9379)
4(9478 9479 9481 9480)
4(9380 9482 9483 9381)
4(9480 9481 9483 9482)
4(9482 9483 9485 9484)
4(9386 9488 9489 9387)
4(9486 9487 9489 9488)
4(9388 9490 9491 9389)
4(9488 9489 9491 9490)
4(9390 9492 9493 9391)
4(9490 9491 9493 9492)
4(9392 9494 9495 9393)
4(9492 9493 9495 9494)
4(9394 9496 9497 9395)
4(9494 9495 9497 9496)
4(9396 9498 9499 9397)
4(9496 9497 9499 9498)
4(9398 9500 9501 9399)
4(9498 9499 9501 9500)
4(9400 9502 9503 9401)
4(9500 9501 9503 9502)
4(9402 9504 9505 9403)
4(9502 9503 9505 9504)
4(9404 9506 9507 9405)
4(9504 9505 9507 9506)
4(9406 9508 9509 9407)
4(9506 9507 9509 9508)
4(9408 9510 9511 9409)
4(9508 9509 9511 9510)
4(9410 9512 9513 9411)
4(9510 9511 9513 9512)
4(9412 9514 9515 9413)
4(9512 9513 9515 9514)
4(9414 9516 9517 9415)
4(9514 9515 9517 9516)
4(9416 9518 9519 9417)
4(9516 9517 9519 9518)
4(9418 9520 9521 9419)
4(9518 9519 9521 9520)
4(9420 9522 9523 9421)
4(9520 9521 9523 9522)
4(9422 9524 9525 9423)
4(9522 9523 9525 9524)
4(9424 9526 9527 9425)
4(9524 9525 9527 9526)
4(9426 9528 9529 9427)
4(9526 9527 9529 9528)
4(9428 9530 9531 9429)
4(9528 9529 9531 9530)
4(9430 9532 9533 9431)
4(9530 9531 9533 9532)
4(9432 9534 9535 9433)
4(9532 9533 9535 9534)
4(9434 9536 9537 9435)
4(9534 9535 9537 9536)
4(9436 9538 9539 9437)
4(9536 9537 9539 9538)
4(9438 9540 9541 9439)
4(9538 9539 9541 9540)
4(9440 9542 9543 9441)
4(9540 9541 9543 9542)
4(9442 9544 9545 9443)
4(9542 9543 9545 9544)
4(9444 9546 9547 9445)
4(9544 9545 9547 9546)
4(9446 9548 9549 9447)
4(9546 9547 9549 9548)
4(9448 9550 9551 9449)
4(9548 9549 9551 9550)
4(9450 9552 9553 9451)
4(9550 9551 9553 9552)
4(9452 9554 9555 9453)
4(9552 9553 9555 9554)
4(9454 9556 9557 9455)
4(9554 9555 9557 9556)
4(9456 9558 9559 9457)
4(9556 9557 9559 9558)
4(9458 9560 9561 9459)
4(9558 9559 9561 9560)
4(9460 9562 9563 9461)
4(9560 9561 9563 9562)
4(9462 9564 9565 9463)
4(9562 9563 9565 9564)
4(9464 9566 9567 9465)
4(9564 9565 9567 9566)
4(9466 9568 9569 9467)
4(9566 9567 9569 9568)
4(9468 9570 9571 9469)
4(9568 9569 9571 9570)
4(9470 9572 9573 9471)
4(9570 9571 9573 9572)
4(9472 9574 9575 9473)
4(9572 9573 9575 9574)
4(9474 9576 9577 9475)
4(9574 9575 9577 9576)
4(9476 9578 9579 9477)
4(9576 9577 9579 9578)
4(9478 9580 9581 9479)
4(9578 9579 9581 9580)
4(9480 9582 9583 9481)
4(9580 9581 9583 9582)
4(9482 9584 9585 9483)
4(9582 9583 9585 9584)
4(9584 9585 9587 9586)
4(9488 9590 9591 9489)
4(9588 9589 9591 9590)
4(9490 9592 9593 9491)
4(9590 9591 9593 9592)
4(9492 9594 9595 9493)
4(9592 9593 9595 9594)
4(9494 9596 9597 9495)
4(9594 9595 9597 9596)
4(9496 9598 9599 9497)
4(9596 9597 9599 9598)
4(9498 9600 9601 9499)
4(9598 9599 9601 9600)
4(9500 9602 9603 9501)
4(9600 9601 9603 9602)
4(9502 9604 9605 9503)
4(9602 9603 9605 9604)
4(9504 9606 9607 9505)
4(9604 9605 9607 9606)
4(9506 9608 9609 9507)
4(9606 9607 9609 9608)
4(9508 9610 9611 9509)
4(9608 9609 9611 9610)
4(9510 9612 9613 9511)
4(9610 9611 9613 9612)
4(9512 9614 9615 9513)
4(9612 9613 9615 9614)
4(9514 9616 9617 9515)
4(9614 9615 9617 9616)
4(9516 9618 9619 9517)
4(9616 9617 9619 9618)
4(9518 9620 9621 9519)
4(9618 9619 9621 9620)
4(9520 9622 9623 9521)
4(9620 9621 9623 9622)
4(9522 9624 9625 9523)
4(9622 9623 9625 9624)
4(9524 9626 9627 9525)
4(9624 9625 9627 9626)
4(9526 9628 9629 9527)
4(9626 9627 9629 9628)
4(9528 9630 9631 9529)
4(9628 9629 9631 9630)
4(9530 9632 9633 9531)
4(9630 9631 9633 9632)
4(9532 9634 9635 9533)
4(9632 9633 9635 9634)
4(9534 9636 9637 9535)
4(9634 9635 9637 9636)
4(9536 9638 9639 9537)
4(9636 9637 9639 9638)
4(9538 9640 9641 9539)
4(9638 9639 9641 9640)
4(9540 9642 9643 9541)
4(9640 9641 9643 9642)
4(9542 9644 9645 9543)
4(9642 9643 9645 9644)
4(9544 9646 9647 9545)
4(9644 9645 9647 9646)
4(9546 9648 9649 9547)
4(9646 9647 9649 9648)
4(9548 9650 9651 9549)
4(9648 9649 9651 9650)
4(9550 9652 9653 9551)
4(9650 9651 9653 9652)
4(9552 9654 9655 9553)
4(9652 9653 9655 9654)
4(9554 9656 9657 9555)
4(9654 9655 9657 9656)
4(9556 9658 9659 9557)
4(9656 9657 9659 9658)
4(9558 9660 9661 9559)
4(9658 9659 9661 9660)
4(9560 9662 9663 9561)
4(9660 9661 9663 9662)
4(9562 9664 9665 9563)
4(9662 9663 9665 9664)
4(9564 9666 9667 9565)
4(9664 9665 9667 9666)
4(9566 9668 9669 9567)
4(9666 9667 9669 9668)
4(9568 9670 9671 9569)
4(9668 9669 9671 9670)
4(9570 9672 9673 9571)
4(9670 9671 9673 9672)
4(9572 9674 9675 9573)
4(9672 9673 9675 9674)
4(9574 9676 9677 9575)
4(9674 9675 9677 9676)
4(9576 9678 9679 9577)
4(9676 9677 9679 9678)
4(9578 9680 9681 9579)
4(9678 9679 9681 9680)
4(9580 9682 9683 9581)
4(9680 9681 9683 9682)
4(9582 9684 9685 9583)
4(9682 9683 9685 9684)
4(9584 9686 9687 9585)
4(9684 9685 9687 9686)
4(9686 9687 9689 9688)
4(9590 9692 9693 9591)
4(9690 9691 9693 9692)
4(9592 9694 9695 9593)
4(9692 9693 9695 9694)
4(9594 9696 9697 9595)
4(9694 9695 9697 9696)
4(9596 9698 9699 9597)
4(9696 9697 9699 9698)
4(9598 9700 9701 9599)
4(9698 9699 9701 9700)
4(9600 9702 9703 9601)
4(9700 9701 9703 9702)
4(9602 9704 9705 9603)
4(9702 9703 9705 9704)
4(9604 9706 9707 9605)
4(9704 9705 9707 9706)
4(9606 9708 9709 9607)
4(9706 9707 9709 9708)
4(9608 9710 9711 9609)
4(9708 9709 9711 9710)
4(9610 9712 9713 9611)
4(9710 9711 9713 9712)
4(9612 9714 9715 9613)
4(9712 9713 9715 9714)
4(9614 9716 9717 9615)
4(9714 9715 9717 9716)
4(9616 9718 9719 9617)
4(9716 9717 9719 9718)
4(9618 9720 9721 9619)
4(9718 9719 9721 9720)
4(9620 9722 9723 9621)
4(9720 9721 9723 9722)
4(9622 9724 9725 9623)
4(9722 9723 9725 9724)
4(9624 9726 9727 9625)
4(9724 9725 9727 9726)
4(9626 9728 9729 9627)
4(9726 9727 9729 9728)
4(9628 9730 9731 9629)
4(9728 9729 9731 9730)
4(9630 9732 9733 9631)
4(9730 9731 9733 9732)
4(9632 9734 9735 9633)
4(9732 9733 9735 9734)
4(9634 9736 9737 9635)
4(9734 9735 9737 9736)
4(9636 9738 9739 9637)
4(9736 9737 9739 9738)
4(9638 9740 9741 9639)
4(9738 9739 9741 9740)
4(9640 9742 9743 9641)
4(9740 9741 9743 9742)
4(9642 9744 9745 9643)
4(9742 9743 9745 9744)
4(9644 9746 9747 9645)
4(9744 9745 9747 9746)
4(9646 9748 9749 9647)
4(9746 9747 9749 9748)
4(9648 9750 9751 9649)
4(9748 9749 9751 9750)
4(9650 9752 9753 9651)
4(9750 9751 9753 9752)
4(9652 9754 9755 9653)
4(9752 9753 9755 9754)
4(9654 9756 9757 9655)
4(9754 9755 9757 9756)
4(9656 9758 9759 9657)
4(9756 9757 9759 9758)
4(9658 9760 9761 9659)
4(9758 9759 9761 9760)
4(9660 9762 9763 9661)
4(9760 9761 9763 9762)
4(9662 9764 9765 9663)
4(9762 9763 9765 9764)
4(9664 9766 9767 9665)
4(9764 9765 9767 9766)
4(9666 9768 9769 9667)
4(9766 9767 9769 9768)
4(9668 9770 9771 9669)
4(9768 9769 9771 9770)
4(9670 9772 9773 9671)
4(9770 9771 9773 9772)
4(9672 9774 9775 9673)
4(9772 9773 9775 9774)
4(9674 9776 9777 9675)
4(9774 9775 9777 9776)
4(9676 9778 9779 9677)
4(9776 9777 9779 9778)
4(9678 9780 9781 9679)
4(9778 9779 9781 9780)
4(9680 9782 9783 9681)
4(9780 9781 9783 9782)
4(9682 9784 9785 9683)
4(9782 9783 9785 9784)
4(9684 9786 9787 9685)
4(9784 9785 9787 9786)
4(9686 9788 9789 9687)
4(9786 9787 9789 9788)
4(9788 9789 9791 9790)
4(9692 9794 9795 9693)
4(9792 9793 9795 9794)
4(9694 9796 9797 9695)
4(9794 9795 9797 9796)
4(9696 9798 9799 9697)
4(9796 9797 9799 9798)
4(9698 9800 9801 9699)
4(9798 9799 9801 9800)
4(9700 9802 9803 9701)
4(9800 9801 9803 9802)
4(9702 9804 9805 9703)
4(9802 9803 9805 9804)
4(9704 9806 9807 9705)
4(9804 9805 9807 9806)
4(9706 9808 9809 9707)
4(9806 9807 9809 9808)
4(9708 9810 9811 9709)
4(9808 9809 9811 9810)
4(9710 9812 9813 9711)
4(9810 9811 9813 9812)
4(9712 9814 9815 9713)
4(9812 9813 9815 9814)
4(9714 9816 9817 9715)
4(9814 9815 9817 9816)
4(9716 9818 9819 9717)
4(9816 9817 9819 9818)
4(9718 9820 9821 9719)
4(9818 9819 9821 9820)
4(9720 9822 9823 9721)
4(9820 9821 9823 9822)
4(9722 9824 9825 9723)
4(9822 9823 9825 9824)
4(9724 9826 9827 9725)
4(9824 9825 9827 9826)
4(9726 9828 9829 9727)
4(9826 9827 9829 9828)
4(9728 9830 9831 9729)
4(9828 9829 9831 9830)
4(9730 9832 9833 9731)
4(9830 9831 9833 9832)
4(9732 9834 9835 9733)
4(9832 9833 9835 9834)
4(9734 9836 9837 9735)
4(9834 9835 9837 9836)
4(9736 9838 9839 9737)
4(9836 9837 9839 9838)
4(9738 9840 9841 9739)
4(9838 9839 9841 9840)
4(9740 9842 9843 9741)
4(9840 9841 9843 9842)
4(9742 9844 9845 9743)
4(9842 9843 9845 9844)
4(9744 9846 9847 9745)
4(9844 9845 9847 9846)
4(9746 9848 9849 9747)
4(9846 9847 9849 9848)
4(9748 9850 9851 9749)
4(9848 9849 9851 9850)
4(9750 9852 9853 9751)
4(9850 9851 9853 9852)
4(9752 9854 9855 9753)
4(9852 9853 9855 9854)
4(9754 9856 9857 9755)
4(9854 9855 9857 9856)
4(9756 9858 9859 9757)
4(9856 9857 9859 9858)
4(9758 9860 9861 9759)
4(9858 9859 9861 9860)
4(9760 9862 9863 9761)
4(9860 9861 9863 9862)
4(9762 9864 9865 9763)
4(9862 9863 9865 9864)
4(9764 9866 9867 9765)
4(9864 9865 9867 9866)
4(9766 9868 9869 9767)
4(9866 9867 9869 9868)
4(9768 9870 9871 9769)
4(9868 9869 9871 9870)
4(9770 9872 9873 9771)
4(9870 9871 9873 9872)
4(9772 9874 9875 9773)
4(9872 9873 9875 9874)
4(9774 9876 9877 9775)
4(9874 9875 9877 9876)
4(9776 9878 9879 9777)
4(9876 9877 9879 9878)
4(9778 9880 9881 9779)
4(9878 9879 9881 9880)
4(9780 9882 9883 9781)
4(9880 9881 9883 9882)
4(9782 9884 9885 9783)
4(9882 9883 9885 9884)
4(9784 9886 9887 9785)
4(9884 9885 9887 9886)
4(9786 9888 9889 9787)
4(9886 9887 9889 9888)
4(9788 9890 9891 9789)
4(9888 9889 9891 9890)
4(9890 9891 9893 9892)
4(9794 9896 9897 9795)
4(9894 9895 9897 9896)
4(9796 9898 9899 9797)
4(9896 9897 9899 9898)
4(9798 9900 9901 9799)
4(9898 9899 9901 9900)
4(9800 9902 9903 9801)
4(9900 9901 9903 9902)
4(9802 9904 9905 9803)
4(9902 9903 9905 9904)
4(9804 9906 9907 9805)
4(9904 9905 9907 9906)
4(9806 9908 9909 9807)
4(9906 9907 9909 9908)
4(9808 9910 9911 9809)
4(9908 9909 9911 9910)
4(9810 9912 9913 9811)
4(9910 9911 9913 9912)
4(9812 9914 9915 9813)
4(9912 9913 9915 9914)
4(9814 9916 9917 9815)
4(9914 9915 9917 9916)
4(9816 9918 9919 9817)
4(9916 9917 9919 9918)
4(9818 9920 9921 9819)
4(9918 9919 9921 9920)
4(9820 9922 9923 9821)
4(9920 9921 9923 9922)
4(9822 9924 9925 9823)
4(9922 9923 9925 9924)
4(9824 9926 9927 9825)
4(9924 9925 9927 9926)
4(9826 9928 9929 9827)
4(9926 9927 9929 9928)
4(9828 9930 9931 9829)
4(9928 9929 9931 9930)
4(9830 9932 9933 9831)
4(9930 9931 9933 9932)
4(9832 9934 9935 9833)
4(9932 9933 9935 9934)
4(9834 9936 9937 9835)
4(9934 9935 9937 9936)
4(9836 9938 9939 9837)
4(9936 9937 9939 9938)
4(9838 9940 9941 9839)
4(9938 9939 9941 9940)
4(9840 9942 9943 9841)
4(9940 9941 9943 9942)
4(9842 9944 9945 9843)
4(9942 9943 9945 9944)
4(9844 9946 9947 9845)
4(9944 9945 9947 9946)
4(9846 9948 9949 9847)
4(9946 9947 9949 9948)
4(9848 9950 9951 9849)
4(9948 9949 9951 9950)
4(9850 9952 9953 9851)
4(9950 9951 9953 9952)
4(9852 9954 9955 9853)
4(9952 9953 9955 9954)
4(9854 9956 9957 9855)
4(9954 9955 9957 9956)
4(9856 9958 9959 9857)
4(9956 9957 9959 9958)
4(9858 9960 9961 9859)
4(9958 9959 9961 9960)
4(9860 9962 9963 9861)
4(9960 9961 9963 9962)
4(9862 9964 9965 9863)
4(9962 9963 9965 9964)
4(9864 9966 9967 9865)
4(9964 9965 9967 9966)
4(9866 9968 9969 9867)
4(9966 9967 9969 9968)
4(9868 9970 9971 9869)
4(9968 9969 9971 9970)
4(9870 9972 9973 9871)
4(9970 9971 9973 9972)
4(9872 9974 9975 9873)
4(9972 9973 9975 9974)
4(9874 9976 9977 9875)
4(9974 9975 9977 9976)
4(9876 9978 9979 9877)
4(9976 9977 9979 9978)
4(9878 9980 9981 9879)
4(9978 9979 9981 9980)
4(9880 9982 9983 9881)
4(9980 9981 9983 9982)
4(9882 9984 9985 9883)
4(9982 9983 9985 9984)
4(9884 9986 9987 9885)
4(9984 9985 9987 9986)
4(9886 9988 9989 9887)
4(9986 9987 9989 9988)
4(9888 9990 9991 9889)
4(9988 9989 9991 9990)
4(9890 9992 9993 9891)
4(9990 9991 9993 9992)
4(9992 9993 9995 9994)
4(9896 9998 9999 9897)
4(9996 9997 9999 9998)
4(9898 10000 10001 9899)
4(9998 9999 10001 10000)
4(9900 10002 10003 9901)
4(10000 10001 10003 10002)
4(9902 10004 10005 9903)
4(10002 10003 10005 10004)
4(9904 10006 10007 9905)
4(10004 10005 10007 10006)
4(9906 10008 10009 9907)
4(10006 10007 10009 10008)
4(9908 10010 10011 9909)
4(10008 10009 10011 10010)
4(9910 10012 10013 9911)
4(10010 10011 10013 10012)
4(9912 10014 10015 9913)
4(10012 10013 10015 10014)
4(9914 10016 10017 9915)
4(10014 10015 10017 10016)
4(9916 10018 10019 9917)
4(10016 10017 10019 10018)
4(9918 10020 10021 9919)
4(10018 10019 10021 10020)
4(9920 10022 10023 9921)
4(10020 10021 10023 10022)
4(9922 10024 10025 9923)
4(10022 10023 10025 10024)
4(9924 10026 10027 9925)
4(10024 10025 10027 10026)
4(9926 10028 10029 9927)
4(10026 10027 10029 10028)
4(9928 10030 10031 9929)
4(10028 10029 10031 10030)
4(9930 10032 10033 9931)
4(10030 10031 10033 10032)
4(9932 10034 10035 9933)
4(10032 10033 10035 10034)
4(9934 10036 10037 9935)
4(10034 10035 10037 10036)
4(9936 10038 10039 9937)
4(10036 10037 10039 10038)
4(9938 10040 10041 9939)
4(10038 10039 10041 10040)
4(9940 10042 10043 9941)
4(10040 10041 10043 10042)
4(9942 10044 10045 9943)
4(10042 10043 10045 10044)
4(9944 10046 10047 9945)
4(10044 10045 10047 10046)
4(9946 10048 10049 9947)
4(10046 10047 10049 10048)
4(9948 10050 10051 9949)
4(10048 10049 10051 10050)
4(9950 10052 10053 9951)
4(10050 10051 10053 10052)
4(9952 10054 10055 9953)
4(10052 10053 10055 10054)
4(9954 10056 10057 9955)
4(10054 10055 10057 10056)
4(9956 10058 10059 9957)
4(10056 10057 10059 10058)
4(9958 10060 10061 9959)
4(10058 10059 10061 10060)
4(9960 10062 10063 9961)
4(10060 10061 10063 10062)
4(9962 10064 10065 9963)
4(10062 10063 10065 10064)
4(9964 10066 10067 9965)
4(10064 10065 10067 10066)
4(9966 10068 10069 9967)
4(10066 10067 10069 10068)
4(9968 10070 10071 9969)
4(10068 10069 10071 10070)
4(9970 10072 10073 9971)
4(10070 10071 10073 10072)
4(9972 10074 10075 9973)
4(10072 10073 10075 10074)
4(9974 10076 10077 9975)
4(10074 10075 10077 10076)
4(9976 10078 10079 9977)
4(10076 10077 10079 10078)
4(9978 10080 10081 9979)
4(10078 10079 10081 10080)
4(9980 10082 10083 9981)
4(10080 10081 10083 10082)
4(9982 10084 10085 9983)
4(10082 10083 10085 10084)
4(9984 10086 10087 9985)
4(10084 10085 10087 10086)
4(9986 10088 10089 9987)
4(10086 10087 10089 10088)
4(9988 10090 10091 9989)
4(10088 10089 10091 10090)
4(9990 10092 10093 9991)
4(10090 10091 10093 10092)
4(9992 10094 10095 9993)
4(10092 10093 10095 10094)
4(10094 10095 10097 10096)
4(9998 10100 10101 9999)
4(10098 10099 10101 10100)
4(10000 10102 10103 10001)
4(10100 10101 10103 10102)
4(10002 10104 10105 10003)
4(10102 10103 10105 10104)
4(10004 10106 10107 10005)
4(10104 10105 10107 10106)
4(10006 10108 10109 10007)
4(10106 10107 10109 10108)
4(10008 10110 10111 10009)
4(10108 10109 10111 10110)
4(10010 10112 10113 10011)
4(10110 10111 10113 10112)
4(10012 10114 10115 10013)
4(10112 10113 10115 10114)
4(10014 10116 10117 10015)
4(10114 10115 10117 10116)
4(10016 10118 10119 10017)
4(10116 10117 10119 10118)
4(10018 10120 10121 10019)
4(10118 10119 10121 10120)
4(10020 10122 10123 10021)
4(10120 10121 10123 10122)
4(10022 10124 10125 10023)
4(10122 10123 10125 10124)
4(10024 10126 10127 10025)
4(10124 10125 10127 10126)
4(10026 10128 10129 10027)
4(10126 10127 10129 10128)
4(10028 10130 10131 10029)
4(10128 10129 10131 10130)
4(10030 10132 10133 10031)
4(10130 10131 10133 10132)
4(10032 10134 10135 10033)
4(10132 10133 10135 10134)
4(10034 10136 10137 10035)
4(10134 10135 10137 10136)
4(10036 10138 10139 10037)
4(10136 10137 10139 10138)
4(10038 10140 10141 10039)
4(10138 10139 10141 10140)
4(10040 10142 10143 10041)
4(10140 10141 10143 10142)
4(10042 10144 10145 10043)
4(10142 10143 10145 10144)
4(10044 10146 10147 10045)
4(10144 10145 10147 10146)
4(10046 10148 10149 10047)
4(10146 10147 10149 10148)
4(10048 10150 10151 10049)
4(10148 10149 10151 10150)
4(10050 10152 10153 10051)
4(10150 10151 10153 10152)
4(10052 10154 10155 10053)
4(10152 10153 10155 10154)
4(10054 10156 10157 10055)
4(10154 10155 10157 10156)
4(10056 10158 10159 10057)
4(10156 10157 10159 10158)
4(10058 10160 10161 10059)
4(10158 10159 10161 10160)
4(10060 10162 10163 10061)
4(10160 10161 10163 10162)
4(10062 10164 10165 10063)
4(10162 10163 10165 10164)
4(10064 10166 10167 10065)
4(10164 10165 10167 10166)
4(10066 10168 10169 10067)
4(10166 10167 10169 10168)
4(10068 10170 10171 10069)
4(10168 10169 10171 10170)
4(10070 10172 10173 10071)
4(10170 10171 10173 10172)
4(10072 10174 10175 10073)
4(10172 10173 10175 10174)
4(10074 10176 10177 10075)
4(10174 10175 10177 10176)
4(10076 10178 10179 10077)
4(10176 10177 10179 10178)
4(10078 10180 10181 10079)
4(10178 10179 10181 10180)
4(10080 10182 10183 10081)
4(10180 10181 10183 10182)
4(10082 10184 10185 10083)
4(10182 10183 10185 10184)
4(10084 10186 10187 10085)
4(10184 10185 10187 10186)
4(10086 10188 10189 10087)
4(10186 10187 10189 10188)
4(10088 10190 10191 10089)
4(10188 10189 10191 10190)
4(10090 10192 10193 10091)
4(10190 10191 10193 10192)
4(10092 10194 10195 10093)
4(10192 10193 10195 10194)
4(10094 10196 10197 10095)
4(10194 10195 10197 10196)
4(10196 10197 10199 10198)
4(10100 10202 10203 10101)
4(10200 10201 10203 10202)
4(10102 10204 10205 10103)
4(10202 10203 10205 10204)
4(10104 10206 10207 10105)
4(10204 10205 10207 10206)
4(10106 10208 10209 10107)
4(10206 10207 10209 10208)
4(10108 10210 10211 10109)
4(10208 10209 10211 10210)
4(10110 10212 10213 10111)
4(10210 10211 10213 10212)
4(10112 10214 10215 10113)
4(10212 10213 10215 10214)
4(10114 10216 10217 10115)
4(10214 10215 10217 10216)
4(10116 10218 10219 10117)
4(10216 10217 10219 10218)
4(10118 10220 10221 10119)
4(10218 10219 10221 10220)
4(10120 10222 10223 10121)
4(10220 10221 10223 10222)
4(10122 10224 10225 10123)
4(10222 10223 10225 10224)
4(10124 10226 10227 10125)
4(10224 10225 10227 10226)
4(10126 10228 10229 10127)
4(10226 10227 10229 10228)
4(10128 10230 10231 10129)
4(10228 10229 10231 10230)
4(10130 10232 10233 10131)
4(10230 10231 10233 10232)
4(10132 10234 10235 10133)
4(10232 10233 10235 10234)
4(10134 10236 10237 10135)
4(10234 10235 10237 10236)
4(10136 10238 10239 10137)
4(10236 10237 10239 10238)
4(10138 10240 10241 10139)
4(10238 10239 10241 10240)
4(10140 10242 10243 10141)
4(10240 10241 10243 10242)
4(10142 10244 10245 10143)
4(10242 10243 10245 10244)
4(10144 10246 10247 10145)
4(10244 10245 10247 10246)
4(10146 10248 10249 10147)
4(10246 10247 10249 10248)
4(10148 10250 10251 10149)
4(10248 10249 10251 10250)
4(10150 10252 10253 10151)
4(10250 10251 10253 10252)
4(10152 10254 10255 10153)
4(10252 10253 10255 10254)
4(10154 10256 10257 10155)
4(10254 10255 10257 10256)
4(10156 10258 10259 10157)
4(10256 10257 10259 10258)
4(10158 10260 10261 10159)
4(10258 10259 10261 10260)
4(10160 10262 10263 10161)
4(10260 10261 10263 10262)
4(10162 10264 10265 10163)
4(10262 10263 10265 10264)
4(10164 10266 10267 10165)
4(10264 10265 10267 10266)
4(10166 10268 10269 10167)
4(10266 10267 10269 10268)
4(10168 10270 10271 10169)
4(10268 10269 10271 10270)
4(10170 10272 10273 10171)
4(10270 10271 10273 10272)
4(10172 10274 10275 10173)
4(10272 10273 10275 10274)
4(10174 10276 10277 10175)
4(10274 10275 10277 10276)
4(10176 10278 10279 10177)
4(10276 10277 10279 10278)
4(10178 10280 10281 10179)
4(10278 10279 10281 10280)
4(10180 10282 10283 10181)
4(10280 10281 10283 10282)
4(10182 10284 10285 10183)
4(10282 10283 10285 10284)
4(10184 10286 10287 10185)
4(10284 10285 10287 10286)
4(10186 10288 10289 10187)
4(10286 10287 10289 10288)
4(10188 10290 10291 10189)
4(10288 10289 10291 10290)
4(10190 10292 10293 10191)
4(10290 10291 10293 10292)
4(10192 10294 10295 10193)
4(10292 10293 10295 10294)
4(10194 10296 10297 10195)
4(10294 10295 10297 10296)
4(10196 10298 10299 10197)
4(10296 10297 10299 10298)
4(10298 10299 10301 10300)
4(10202 10304 10305 10203)
4(10302 10303 10305 10304)
4(10204 10306 10307 10205)
4(10304 10305 10307 10306)
4(10206 10308 10309 10207)
4(10306 10307 10309 10308)
4(10208 10310 10311 10209)
4(10308 10309 10311 10310)
4(10210 10312 10313 10211)
4(10310 10311 10313 10312)
4(10212 10314 10315 10213)
4(10312 10313 10315 10314)
4(10214 10316 10317 10215)
4(10314 10315 10317 10316)
4(10216 10318 10319 10217)
4(10316 10317 10319 10318)
4(10218 10320 10321 10219)
4(10318 10319 10321 10320)
4(10220 10322 10323 10221)
4(10320 10321 10323 10322)
4(10222 10324 10325 10223)
4(10322 10323 10325 10324)
4(10224 10326 10327 10225)
4(10324 10325 10327 10326)
4(10226 10328 10329 10227)
4(10326 10327 10329 10328)
4(10228 10330 10331 10229)
4(10328 10329 10331 10330)
4(10230 10332 10333 10231)
4(10330 10331 10333 10332)
4(10232 10334 10335 10233)
4(10332 10333 10335 10334)
4(10234 10336 10337 10235)
4(10334 10335 10337 10336)
4(10236 10338 10339 10237)
4(10336 10337 10339 10338)
4(10238 10340 10341 10239)
4(10338 10339 10341 10340)
4(10240 10342 10343 10241)
4(10340 10341 10343 10342)
4(10242 10344 10345 10243)
4(10342 10343 10345 10344)
4(10244 10346 10347 10245)
4(10344 10345 10347 10346)
4(10246 10348 10349 10247)
4(10346 10347 10349 10348)
4(10248 10350 10351 10249)
4(10348 10349 10351 10350)
4(10250 10352 10353 10251)
4(10350 10351 10353 10352)
4(10252 10354 10355 10253)
4(10352 10353 10355 10354)
4(10254 10356 10357 10255)
4(10354 10355 10357 10356)
4(10256 10358 10359 10257)
4(10356 10357 10359 10358)
4(10258 10360 10361 10259)
4(10358 10359 10361 10360)
4(10260 10362 10363 10261)
4(10360 10361 10363 10362)
4(10262 10364 10365 10263)
4(10362 10363 10365 10364)
4(10264 10366 10367 10265)
4(10364 10365 10367 10366)
4(10266 10368 10369 10267)
4(10366 10367 10369 10368)
4(10268 10370 10371 10269)
4(10368 10369 10371 10370)
4(10270 10372 10373 10271)
4(10370 10371 10373 10372)
4(10272 10374 10375 10273)
4(10372 10373 10375 10374)
4(10274 10376 10377 10275)
4(10374 10375 10377 10376)
4(10276 10378 10379 10277)
4(10376 10377 10379 10378)
4(10278 10380 10381 10279)
4(10378 10379 10381 10380)
4(10280 10382 10383 10281)
4(10380 10381 10383 10382)
4(10282 10384 10385 10283)
4(10382 10383 10385 10384)
4(10284 10386 10387 10285)
4(10384 10385 10387 10386)
4(10286 10388 10389 10287)
4(10386 10387 10389 10388)
4(10288 10390 10391 10289)
4(10388 10389 10391 10390)
4(10290 10392 10393 10291)
4(10390 10391 10393 10392)
4(10292 10394 10395 10293)
4(10392 10393 10395 10394)
4(10294 10396 10397 10295)
4(10394 10395 10397 10396)
4(10296 10398 10399 10297)
4(10396 10397 10399 10398)
4(10298 10400 10401 10299)
4(10398 10399 10401 10400)
4(10400 10401 10403 10402)
4(10304 10406 10407 10305)
4(10404 10405 10407 10406)
4(10306 10408 10409 10307)
4(10406 10407 10409 10408)
4(10308 10410 10411 10309)
4(10408 10409 10411 10410)
4(10310 10412 10413 10311)
4(10410 10411 10413 10412)
4(10312 10414 10415 10313)
4(10412 10413 10415 10414)
4(10314 10416 10417 10315)
4(10414 10415 10417 10416)
4(10316 10418 10419 10317)
4(10416 10417 10419 10418)
4(10318 10420 10421 10319)
4(10418 10419 10421 10420)
4(10320 10422 10423 10321)
4(10420 10421 10423 10422)
4(10322 10424 10425 10323)
4(10422 10423 10425 10424)
4(10324 10426 10427 10325)
4(10424 10425 10427 10426)
4(10326 10428 10429 10327)
4(10426 10427 10429 10428)
4(10328 10430 10431 10329)
4(10428 10429 10431 10430)
4(10330 10432 10433 10331)
4(10430 10431 10433 10432)
4(10332 10434 10435 10333)
4(10432 10433 10435 10434)
4(10334 10436 10437 10335)
4(10434 10435 10437 10436)
4(10336 10438 10439 10337)
4(10436 10437 10439 10438)
4(10338 10440 10441 10339)
4(10438 10439 10441 10440)
4(10340 10442 10443 10341)
4(10440 10441 10443 10442)
4(10342 10444 10445 10343)
4(10442 10443 10445 10444)
4(10344 10446 10447 10345)
4(10444 10445 10447 10446)
4(10346 10448 10449 10347)
4(10446 10447 10449 10448)
4(10348 10450 10451 10349)
4(10448 10449 10451 10450)
4(10350 10452 10453 10351)
4(10450 10451 10453 10452)
4(10352 10454 10455 10353)
4(10452 10453 10455 10454)
4(10354 10456 10457 10355)
4(10454 10455 10457 10456)
4(10356 10458 10459 10357)
4(10456 10457 10459 10458)
4(10358 10460 10461 10359)
4(10458 10459 10461 10460)
4(10360 10462 10463 10361)
4(10460 10461 10463 10462)
4(10362 10464 10465 10363)
4(10462 10463 10465 10464)
4(10364 10466 10467 10365)
4(10464 10465 10467 10466)
4(10366 10468 10469 10367)
4(10466 10467 10469 10468)
4(10368 10470 10471 10369)
4(10468 10469 10471 10470)
4(10370 10472 10473 10371)
4(10470 10471 10473 10472)
4(10372 10474 10475 10373)
4(10472 10473 10475 10474)
4(10374 10476 10477 10375)
4(10474 10475 10477 10476)
4(10376 10478 10479 10377)
4(10476 10477 10479 10478)
4(10378 10480 10481 10379)
4(10478 10479 10481 10480)
4(10380 10482 10483 10381)
4(10480 10481 10483 10482)
4(10382 10484 10485 10383)
4(10482 10483 10485 10484)
4(10384 10486 10487 10385)
4(10484 10485 10487 10486)
4(10386 10488 10489 10387)
4(10486 10487 10489 10488)
4(10388 10490 10491 10389)
4(10488 10489 10491 10490)
4(10390 10492 10493 10391)
4(10490 10491 10493 10492)
4(10392 10494 10495 10393)
4(10492 10493 10495 10494)
4(10394 10496 10497 10395)
4(10494 10495 10497 10496)
4(10396 10498 10499 10397)
4(10496 10497 10499 10498)
4(10398 10500 10501 10399)
4(10498 10499 10501 10500)
4(10400 10502 10503 10401)
4(10500 10501 10503 10502)
4(10502 10503 10505 10504)
4(10406 10508 10509 10407)
4(10506 10507 10509 10508)
4(10408 10510 10511 10409)
4(10508 10509 10511 10510)
4(10410 10512 10513 10411)
4(10510 10511 10513 10512)
4(10412 10514 10515 10413)
4(10512 10513 10515 10514)
4(10414 10516 10517 10415)
4(10514 10515 10517 10516)
4(10416 10518 10519 10417)
4(10516 10517 10519 10518)
4(10418 10520 10521 10419)
4(10518 10519 10521 10520)
4(10420 10522 10523 10421)
4(10520 10521 10523 10522)
4(10422 10524 10525 10423)
4(10522 10523 10525 10524)
4(10424 10526 10527 10425)
4(10524 10525 10527 10526)
4(10426 10528 10529 10427)
4(10526 10527 10529 10528)
4(10428 10530 10531 10429)
4(10528 10529 10531 10530)
4(10430 10532 10533 10431)
4(10530 10531 10533 10532)
4(10432 10534 10535 10433)
4(10532 10533 10535 10534)
4(10434 10536 10537 10435)
4(10534 10535 10537 10536)
4(10436 10538 10539 10437)
4(10536 10537 10539 10538)
4(10438 10540 10541 10439)
4(10538 10539 10541 10540)
4(10440 10542 10543 10441)
4(10540 10541 10543 10542)
4(10442 10544 10545 10443)
4(10542 10543 10545 10544)
4(10444 10546 10547 10445)
4(10544 10545 10547 10546)
4(10446 10548 10549 10447)
4(10546 10547 10549 10548)
4(10448 10550 10551 10449)
4(10548 10549 10551 10550)
4(10450 10552 10553 10451)
4(10550 10551 10553 10552)
4(10452 10554 10555 10453)
4(10552 10553 10555 10554)
4(10454 10556 10557 10455)
4(10554 10555 10557 10556)
4(10456 10558 10559 10457)
4(10556 10557 10559 10558)
4(10458 10560 10561 10459)
4(10558 10559 10561 10560)
4(10460 10562 10563 10461)
4(10560 10561 10563 10562)
4(10462 10564 10565 10463)
4(10562 10563 10565 10564)
4(10464 10566 10567 10465)
4(10564 10565 10567 10566)
4(10466 10568 10569 10467)
4(10566 10567 10569 10568)
4(10468 10570 10571 10469)
4(10568 10569 10571 10570)
4(10470 10572 10573 10471)
4(10570 10571 10573 10572)
4(10472 10574 10575 10473)
4(10572 10573 10575 10574)
4(10474 10576 10577 10475)
4(10574 10575 10577 10576)
4(10476 10578 10579 10477)
4(10576 10577 10579 10578)
4(10478 10580 10581 10479)
4(10578 10579 10581 10580)
4(10480 10582 10583 10481)
4(10580 10581 10583 10582)
4(10482 10584 10585 10483)
4(10582 10583 10585 10584)
4(10484 10586 10587 10485)
4(10584 10585 10587 10586)
4(10486 10588 10589 10487)
4(10586 10587 10589 10588)
4(10488 10590 10591 10489)
4(10588 10589 10591 10590)
4(10490 10592 10593 10491)
4(10590 10591 10593 10592)
4(10492 10594 10595 10493)
4(10592 10593 10595 10594)
4(10494 10596 10597 10495)
4(10594 10595 10597 10596)
4(10496 10598 10599 10497)
4(10596 10597 10599 10598)
4(10498 10600 10601 10499)
4(10598 10599 10601 10600)
4(10500 10602 10603 10501)
4(10600 10601 10603 10602)
4(10502 10604 10605 10503)
4(10602 10603 10605 10604)
4(10604 10605 10607 10606)
4(10508 10610 10611 10509)
4(10608 10609 10611 10610)
4(10510 10612 10613 10511)
4(10610 10611 10613 10612)
4(10512 10614 10615 10513)
4(10612 10613 10615 10614)
4(10514 10616 10617 10515)
4(10614 10615 10617 10616)
4(10516 10618 10619 10517)
4(10616 10617 10619 10618)
4(10518 10620 10621 10519)
4(10618 10619 10621 10620)
4(10520 10622 10623 10521)
4(10620 10621 10623 10622)
4(10522 10624 10625 10523)
4(10622 10623 10625 10624)
4(10524 10626 10627 10525)
4(10624 10625 10627 10626)
4(10526 10628 10629 10527)
4(10626 10627 10629 10628)
4(10528 10630 10631 10529)
4(10628 10629 10631 10630)
4(10530 10632 10633 10531)
4(10630 10631 10633 10632)
4(10532 10634 10635 10533)
4(10632 10633 10635 10634)
4(10534 10636 10637 10535)
4(10634 10635 10637 10636)
4(10536 10638 10639 10537)
4(10636 10637 10639 10638)
4(10538 10640 10641 10539)
4(10638 10639 10641 10640)
4(10540 10642 10643 10541)
4(10640 10641 10643 10642)
4(10542 10644 10645 10543)
4(10642 10643 10645 10644)
4(10544 10646 10647 10545)
4(10644 10645 10647 10646)
4(10546 10648 10649 10547)
4(10646 10647 10649 10648)
4(10548 10650 10651 10549)
4(10648 10649 10651 10650)
4(10550 10652 10653 10551)
4(10650 10651 10653 10652)
4(10552 10654 10655 10553)
4(10652 10653 10655 10654)
4(10554 10656 10657 10555)
4(10654 10655 10657 10656)
4(10556 10658 10659 10557)
4(10656 10657 10659 10658)
4(10558 10660 10661 10559)
4(10658 10659 10661 10660)
4(10560 10662 10663 10561)
4(10660 10661 10663 10662)
4(10562 10664 10665 10563)
4(10662 10663 10665 10664)
4(10564 10666 10667 10565)
4(10664 10665 10667 10666)
4(10566 10668 10669 10567)
4(10666 10667 10669 10668)
4(10568 10670 10671 10569)
4(10668 10669 10671 10670)
4(10570 10672 10673 10571)
4(10670 10671 10673 10672)
4(10572 10674 10675 10573)
4(10672 10673 10675 10674)
4(10574 10676 10677 10575)
4(10674 10675 10677 10676)
4(10576 10678 10679 10577)
4(10676 10677 10679 10678)
4(10578 10680 10681 10579)
4(10678 10679 10681 10680)
4(10580 10682 10683 10581)
4(10680 10681 10683 10682)
4(10582 10684 10685 10583)
4(10682 10683 10685 10684)
4(10584 10686 10687 10585)
4(10684 10685 10687 10686)
4(10586 10688 10689 10587)
4(10686 10687 10689 10688)
4(10588 10690 10691 10589)
4(10688 10689 10691 10690)
4(10590 10692 10693 10591)
4(10690 10691 10693 10692)
4(10592 10694 10695 10593)
4(10692 10693 10695 10694)
4(10594 10696 10697 10595)
4(10694 10695 10697 10696)
4(10596 10698 10699 10597)
4(10696 10697 10699 10698)
4(10598 10700 10701 10599)
4(10698 10699 10701 10700)
4(10600 10702 10703 10601)
4(10700 10701 10703 10702)
4(10602 10704 10705 10603)
4(10702 10703 10705 10704)
4(10604 10706 10707 10605)
4(10704 10705 10707 10706)
4(10706 10707 10709 10708)
4(10610 10712 10713 10611)
4(10710 10711 10713 10712)
4(10612 10714 10715 10613)
4(10712 10713 10715 10714)
4(10614 10716 10717 10615)
4(10714 10715 10717 10716)
4(10616 10718 10719 10617)
4(10716 10717 10719 10718)
4(10618 10720 10721 10619)
4(10718 10719 10721 10720)
4(10620 10722 10723 10621)
4(10720 10721 10723 10722)
4(10622 10724 10725 10623)
4(10722 10723 10725 10724)
4(10624 10726 10727 10625)
4(10724 10725 10727 10726)
4(10626 10728 10729 10627)
4(10726 10727 10729 10728)
4(10628 10730 10731 10629)
4(10728 10729 10731 10730)
4(10630 10732 10733 10631)
4(10730 10731 10733 10732)
4(10632 10734 10735 10633)
4(10732 10733 10735 10734)
4(10634 10736 10737 10635)
4(10734 10735 10737 10736)
4(10636 10738 10739 10637)
4(10736 10737 10739 10738)
4(10638 10740 10741 10639)
4(10738 10739 10741 10740)
4(10640 10742 10743 10641)
4(10740 10741 10743 10742)
4(10642 10744 10745 10643)
4(10742 10743 10745 10744)
4(10644 10746 10747 10645)
4(10744 10745 10747 10746)
4(10646 10748 10749 10647)
4(10746 10747 10749 10748)
4(10648 10750 10751 10649)
4(10748 10749 10751 10750)
4(10650 10752 10753 10651)
4(10750 10751 10753 10752)
4(10652 10754 10755 10653)
4(10752 10753 10755 10754)
4(10654 10756 10757 10655)
4(10754 10755 10757 10756)
4(10656 10758 10759 10657)
4(10756 10757 10759 10758)
4(10658 10760 10761 10659)
4(10758 10759 10761 10760)
4(10660 10762 10763 10661)
4(10760 10761 10763 10762)
4(10662 10764 10765 10663)
4(10762 10763 10765 10764)
4(10664 10766 10767 10665)
4(10764 10765 10767 10766)
4(10666 10768 10769 10667)
4(10766 10767 10769 10768)
4(10668 10770 10771 10669)
4(10768 10769 10771 10770)
4(10670 10772 10773 10671)
4(10770 10771 10773 10772)
4(10672 10774 10775 10673)
4(10772 10773 10775 10774)
4(10674 10776 10777 10675)
4(10774 10775 10777 10776)
4(10676 10778 10779 10677)
4(10776 10777 10779 10778)
4(10678 10780 10781 10679)
4(10778 10779 10781 10780)
4(10680 10782 10783 10681)
4(10780 10781 10783 10782)
4(10682 10784 10785 10683)
4(10782 10783 10785 10784)
4(10684 10786 10787 10685)
4(10784 10785 10787 10786)
4(10686 10788 10789 10687)
4(10786 10787 10789 10788)
4(10688 10790 10791 10689)
4(10788 10789 10791 10790)
4(10690 10792 10793 10691)
4(10790 10791 10793 10792)
4(10692 10794 10795 10693)
4(10792 10793 10795 10794)
4(10694 10796 10797 10695)
4(10794 10795 10797 10796)
4(10696 10798 10799 10697)
4(10796 10797 10799 10798)
4(10698 10800 10801 10699)
4(10798 10799 10801 10800)
4(10700 10802 10803 10701)
4(10800 10801 10803 10802)
4(10702 10804 10805 10703)
4(10802 10803 10805 10804)
4(10704 10806 10807 10705)
4(10804 10805 10807 10806)
4(10706 10808 10809 10707)
4(10806 10807 10809 10808)
4(10808 10809 10811 10810)
4(10712 10814 10815 10713)
4(10812 10813 10815 10814)
4(10714 10816 10817 10715)
4(10814 10815 10817 10816)
4(10716 10818 10819 10717)
4(10816 10817 10819 10818)
4(10718 10820 10821 10719)
4(10818 10819 10821 10820)
4(10720 10822 10823 10721)
4(10820 10821 10823 10822)
4(10722 10824 10825 10723)
4(10822 10823 10825 10824)
4(10724 10826 10827 10725)
4(10824 10825 10827 10826)
4(10726 10828 10829 10727)
4(10826 10827 10829 10828)
4(10728 10830 10831 10729)
4(10828 10829 10831 10830)
4(10730 10832 10833 10731)
4(10830 10831 10833 10832)
4(10732 10834 10835 10733)
4(10832 10833 10835 10834)
4(10734 10836 10837 10735)
4(10834 10835 10837 10836)
4(10736 10838 10839 10737)
4(10836 10837 10839 10838)
4(10738 10840 10841 10739)
4(10838 10839 10841 10840)
4(10740 10842 10843 10741)
4(10840 10841 10843 10842)
4(10742 10844 10845 10743)
4(10842 10843 10845 10844)
4(10744 10846 10847 10745)
4(10844 10845 10847 10846)
4(10746 10848 10849 10747)
4(10846 10847 10849 10848)
4(10748 10850 10851 10749)
4(10848 10849 10851 10850)
4(10750 10852 10853 10751)
4(10850 10851 10853 10852)
4(10752 10854 10855 10753)
4(10852 10853 10855 10854)
4(10754 10856 10857 10755)
4(10854 10855 10857 10856)
4(10756 10858 10859 10757)
4(10856 10857 10859 10858)
4(10758 10860 10861 10759)
4(10858 10859 10861 10860)
4(10760 10862 10863 10761)
4(10860 10861 10863 10862)
4(10762 10864 10865 10763)
4(10862 10863 10865 10864)
4(10764 10866 10867 10765)
4(10864 10865 10867 10866)
4(10766 10868 10869 10767)
4(10866 10867 10869 10868)
4(10768 10870 10871 10769)
4(10868 10869 10871 10870)
4(10770 10872 10873 10771)
4(10870 10871 10873 10872)
4(10772 10874 10875 10773)
4(10872 10873 10875 10874)
4(10774 10876 10877 10775)
4(10874 10875 10877 10876)
4(10776 10878 10879 10777)
4(10876 10877 10879 10878)
4(10778 10880 10881 10779)
4(10878 10879 10881 10880)
4(10780 10882 10883 10781)
4(10880 10881 10883 10882)
4(10782 10884 10885 10783)
4(10882 10883 10885 10884)
4(10784 10886 10887 10785)
4(10884 10885 10887 10886)
4(10786 10888 10889 10787)
4(10886 10887 10889 10888)
4(10788 10890 10891 10789)
4(10888 10889 10891 10890)
4(10790 10892 10893 10791)
4(10890 10891 10893 10892)
4(10792 10894 10895 10793)
4(10892 10893 10895 10894)
4(10794 10896 10897 10795)
4(10894 10895 10897 10896)
4(10796 10898 10899 10797)
4(10896 10897 10899 10898)
4(10798 10900 10901 10799)
4(10898 10899 10901 10900)
4(10800 10902 10903 10801)
4(10900 10901 10903 10902)
4(10802 10904 10905 10803)
4(10902 10903 10905 10904)
4(10804 10906 10907 10805)
4(10904 10905 10907 10906)
4(10806 10908 10909 10807)
4(10906 10907 10909 10908)
4(10808 10910 10911 10809)
4(10908 10909 10911 10910)
4(10910 10911 10913 10912)
4(10814 10916 10917 10815)
4(10914 10915 10917 10916)
4(10816 10918 10919 10817)
4(10916 10917 10919 10918)
4(10818 10920 10921 10819)
4(10918 10919 10921 10920)
4(10820 10922 10923 10821)
4(10920 10921 10923 10922)
4(10822 10924 10925 10823)
4(10922 10923 10925 10924)
4(10824 10926 10927 10825)
4(10924 10925 10927 10926)
4(10826 10928 10929 10827)
4(10926 10927 10929 10928)
4(10828 10930 10931 10829)
4(10928 10929 10931 10930)
4(10830 10932 10933 10831)
4(10930 10931 10933 10932)
4(10832 10934 10935 10833)
4(10932 10933 10935 10934)
4(10834 10936 10937 10835)
4(10934 10935 10937 10936)
4(10836 10938 10939 10837)
4(10936 10937 10939 10938)
4(10838 10940 10941 10839)
4(10938 10939 10941 10940)
4(10840 10942 10943 10841)
4(10940 10941 10943 10942)
4(10842 10944 10945 10843)
4(10942 10943 10945 10944)
4(10844 10946 10947 10845)
4(10944 10945 10947 10946)
4(10846 10948 10949 10847)
4(10946 10947 10949 10948)
4(10848 10950 10951 10849)
4(10948 10949 10951 10950)
4(10850 10952 10953 10851)
4(10950 10951 10953 10952)
4(10852 10954 10955 10853)
4(10952 10953 10955 10954)
4(10854 10956 10957 10855)
4(10954 10955 10957 10956)
4(10856 10958 10959 10857)
4(10956 10957 10959 10958)
4(10858 10960 10961 10859)
4(10958 10959 10961 10960)
4(10860 10962 10963 10861)
4(10960 10961 10963 10962)
4(10862 10964 10965 10863)
4(10962 10963 10965 10964)
4(10864 10966 10967 10865)
4(10964 10965 10967 10966)
4(10866 10968 10969 10867)
4(10966 10967 10969 10968)
4(10868 10970 10971 10869)
4(10968 10969 10971 10970)
4(10870 10972 10973 10871)
4(10970 10971 10973 10972)
4(10872 10974 10975 10873)
4(10972 10973 10975 10974)
4(10874 10976 10977 10875)
4(10974 10975 10977 10976)
4(10876 10978 10979 10877)
4(10976 10977 10979 10978)
4(10878 10980 10981 10879)
4(10978 10979 10981 10980)
4(10880 10982 10983 10881)
4(10980 10981 10983 10982)
4(10882 10984 10985 10883)
4(10982 10983 10985 10984)
4(10884 10986 10987 10885)
4(10984 10985 10987 10986)
4(10886 10988 10989 10887)
4(10986 10987 10989 10988)
4(10888 10990 10991 10889)
4(10988 10989 10991 10990)
4(10890 10992 10993 10891)
4(10990 10991 10993 10992)
4(10892 10994 10995 10893)
4(10992 10993 10995 10994)
4(10894 10996 10997 10895)
4(10994 10995 10997 10996)
4(10896 10998 10999 10897)
4(10996 10997 10999 10998)
4(10898 11000 11001 10899)
4(10998 10999 11001 11000)
4(10900 11002 11003 10901)
4(11000 11001 11003 11002)
4(10902 11004 11005 10903)
4(11002 11003 11005 11004)
4(10904 11006 11007 10905)
4(11004 11005 11007 11006)
4(10906 11008 11009 10907)
4(11006 11007 11009 11008)
4(10908 11010 11011 10909)
4(11008 11009 11011 11010)
4(10910 11012 11013 10911)
4(11010 11011 11013 11012)
4(11012 11013 11015 11014)
4(10916 11018 11019 10917)
4(11016 11017 11019 11018)
4(10918 11020 11021 10919)
4(11018 11019 11021 11020)
4(10920 11022 11023 10921)
4(11020 11021 11023 11022)
4(10922 11024 11025 10923)
4(11022 11023 11025 11024)
4(10924 11026 11027 10925)
4(11024 11025 11027 11026)
4(10926 11028 11029 10927)
4(11026 11027 11029 11028)
4(10928 11030 11031 10929)
4(11028 11029 11031 11030)
4(10930 11032 11033 10931)
4(11030 11031 11033 11032)
4(10932 11034 11035 10933)
4(11032 11033 11035 11034)
4(10934 11036 11037 10935)
4(11034 11035 11037 11036)
4(10936 11038 11039 10937)
4(11036 11037 11039 11038)
4(10938 11040 11041 10939)
4(11038 11039 11041 11040)
4(10940 11042 11043 10941)
4(11040 11041 11043 11042)
4(10942 11044 11045 10943)
4(11042 11043 11045 11044)
4(10944 11046 11047 10945)
4(11044 11045 11047 11046)
4(10946 11048 11049 10947)
4(11046 11047 11049 11048)
4(10948 11050 11051 10949)
4(11048 11049 11051 11050)
4(10950 11052 11053 10951)
4(11050 11051 11053 11052)
4(10952 11054 11055 10953)
4(11052 11053 11055 11054)
4(10954 11056 11057 10955)
4(11054 11055 11057 11056)
4(10956 11058 11059 10957)
4(11056 11057 11059 11058)
4(10958 11060 11061 10959)
4(11058 11059 11061 11060)
4(10960 11062 11063 10961)
4(11060 11061 11063 11062)
4(10962 11064 11065 10963)
4(11062 11063 11065 11064)
4(10964 11066 11067 10965)
4(11064 11065 11067 11066)
4(10966 11068 11069 10967)
4(11066 11067 11069 11068)
4(10968 11070 11071 10969)
4(11068 11069 11071 11070)
4(10970 11072 11073 10971)
4(11070 11071 11073 11072)
4(10972 11074 11075 10973)
4(11072 11073 11075 11074)
4(10974 11076 11077 10975)
4(11074 11075 11077 11076)
4(10976 11078 11079 10977)
4(11076 11077 11079 11078)
4(10978 11080 11081 10979)
4(11078 11079 11081 11080)
4(10980 11082 11083 10981)
4(11080 11081 11083 11082)
4(10982 11084 11085 10983)
4(11082 11083 11085 11084)
4(10984 11086 11087 10985)
4(11084 11085 11087 11086)
4(10986 11088 11089 10987)
4(11086 11087 11089 11088)
4(10988 11090 11091 10989)
4(11088 11089 11091 11090)
4(10990 11092 11093 10991)
4(11090 11091 11093 11092)
4(10992 11094 11095 10993)
4(11092 11093 11095 11094)
4(10994 11096 11097 10995)
4(11094 11095 11097 11096)
4(10996 11098 11099 10997)
4(11096 11097 11099 11098)
4(10998 11100 11101 10999)
4(11098 11099 11101 11100)
4(11000 11102 11103 11001)
4(11100 11101 11103 11102)
4(11002 11104 11105 11003)
4(11102 11103 11105 11104)
4(11004 11106 11107 11005)
4(11104 11105 11107 11106)
4(11006 11108 11109 11007)
4(11106 11107 11109 11108)
4(11008 11110 11111 11009)
4(11108 11109 11111 11110)
4(11010 11112 11113 11011)
4(11110 11111 11113 11112)
4(11012 11114 11115 11013)
4(11112 11113 11115 11114)
4(11114 11115 11117 11116)
4(11018 11120 11121 11019)
4(11118 11119 11121 11120)
4(11020 11122 11123 11021)
4(11120 11121 11123 11122)
4(11022 11124 11125 11023)
4(11122 11123 11125 11124)
4(11024 11126 11127 11025)
4(11124 11125 11127 11126)
4(11026 11128 11129 11027)
4(11126 11127 11129 11128)
4(11028 11130 11131 11029)
4(11128 11129 11131 11130)
4(11030 11132 11133 11031)
4(11130 11131 11133 11132)
4(11032 11134 11135 11033)
4(11132 11133 11135 11134)
4(11034 11136 11137 11035)
4(11134 11135 11137 11136)
4(11036 11138 11139 11037)
4(11136 11137 11139 11138)
4(11038 11140 11141 11039)
4(11138 11139 11141 11140)
4(11040 11142 11143 11041)
4(11140 11141 11143 11142)
4(11042 11144 11145 11043)
4(11142 11143 11145 11144)
4(11044 11146 11147 11045)
4(11144 11145 11147 11146)
4(11046 11148 11149 11047)
4(11146 11147 11149 11148)
4(11048 11150 11151 11049)
4(11148 11149 11151 11150)
4(11050 11152 11153 11051)
4(11150 11151 11153 11152)
4(11052 11154 11155 11053)
4(11152 11153 11155 11154)
4(11054 11156 11157 11055)
4(11154 11155 11157 11156)
4(11056 11158 11159 11057)
4(11156 11157 11159 11158)
4(11058 11160 11161 11059)
4(11158 11159 11161 11160)
4(11060 11162 11163 11061)
4(11160 11161 11163 11162)
4(11062 11164 11165 11063)
4(11162 11163 11165 11164)
4(11064 11166 11167 11065)
4(11164 11165 11167 11166)
4(11066 11168 11169 11067)
4(11166 11167 11169 11168)
4(11068 11170 11171 11069)
4(11168 11169 11171 11170)
4(11070 11172 11173 11071)
4(11170 11171 11173 11172)
4(11072 11174 11175 11073)
4(11172 11173 11175 11174)
4(11074 11176 11177 11075)
4(11174 11175 11177 11176)
4(11076 11178 11179 11077)
4(11176 11177 11179 11178)
4(11078 11180 11181 11079)
4(11178 11179 11181 11180)
4(11080 11182 11183 11081)
4(11180 11181 11183 11182)
4(11082 11184 11185 11083)
4(11182 11183 11185 11184)
4(11084 11186 11187 11085)
4(11184 11185 11187 11186)
4(11086 11188 11189 11087)
4(11186 11187 11189 11188)
4(11088 11190 11191 11089)
4(11188 11189 11191 11190)
4(11090 11192 11193 11091)
4(11190 11191 11193 11192)
4(11092 11194 11195 11093)
4(11192 11193 11195 11194)
4(11094 11196 11197 11095)
4(11194 11195 11197 11196)
4(11096 11198 11199 11097)
4(11196 11197 11199 11198)
4(11098 11200 11201 11099)
4(11198 11199 11201 11200)
4(11100 11202 11203 11101)
4(11200 11201 11203 11202)
4(11102 11204 11205 11103)
4(11202 11203 11205 11204)
4(11104 11206 11207 11105)
4(11204 11205 11207 11206)
4(11106 11208 11209 11107)
4(11206 11207 11209 11208)
4(11108 11210 11211 11109)
4(11208 11209 11211 11210)
4(11110 11212 11213 11111)
4(11210 11211 11213 11212)
4(11112 11214 11215 11113)
4(11212 11213 11215 11214)
4(11114 11216 11217 11115)
4(11214 11215 11217 11216)
4(11216 11217 11219 11218)
4(11120 11222 11223 11121)
4(11220 11221 11223 11222)
4(11122 11224 11225 11123)
4(11222 11223 11225 11224)
4(11124 11226 11227 11125)
4(11224 11225 11227 11226)
4(11126 11228 11229 11127)
4(11226 11227 11229 11228)
4(11128 11230 11231 11129)
4(11228 11229 11231 11230)
4(11130 11232 11233 11131)
4(11230 11231 11233 11232)
4(11132 11234 11235 11133)
4(11232 11233 11235 11234)
4(11134 11236 11237 11135)
4(11234 11235 11237 11236)
4(11136 11238 11239 11137)
4(11236 11237 11239 11238)
4(11138 11240 11241 11139)
4(11238 11239 11241 11240)
4(11140 11242 11243 11141)
4(11240 11241 11243 11242)
4(11142 11244 11245 11143)
4(11242 11243 11245 11244)
4(11144 11246 11247 11145)
4(11244 11245 11247 11246)
4(11146 11248 11249 11147)
4(11246 11247 11249 11248)
4(11148 11250 11251 11149)
4(11248 11249 11251 11250)
4(11150 11252 11253 11151)
4(11250 11251 11253 11252)
4(11152 11254 11255 11153)
4(11252 11253 11255 11254)
4(11154 11256 11257 11155)
4(11254 11255 11257 11256)
4(11156 11258 11259 11157)
4(11256 11257 11259 11258)
4(11158 11260 11261 11159)
4(11258 11259 11261 11260)
4(11160 11262 11263 11161)
4(11260 11261 11263 11262)
4(11162 11264 11265 11163)
4(11262 11263 11265 11264)
4(11164 11266 11267 11165)
4(11264 11265 11267 11266)
4(11166 11268 11269 11167)
4(11266 11267 11269 11268)
4(11168 11270 11271 11169)
4(11268 11269 11271 11270)
4(11170 11272 11273 11171)
4(11270 11271 11273 11272)
4(11172 11274 11275 11173)
4(11272 11273 11275 11274)
4(11174 11276 11277 11175)
4(11274 11275 11277 11276)
4(11176 11278 11279 11177)
4(11276 11277 11279 11278)
4(11178 11280 11281 11179)
4(11278 11279 11281 11280)
4(11180 11282 11283 11181)
4(11280 11281 11283 11282)
4(11182 11284 11285 11183)
4(11282 11283 11285 11284)
4(11184 11286 11287 11185)
4(11284 11285 11287 11286)
4(11186 11288 11289 11187)
4(11286 11287 11289 11288)
4(11188 11290 11291 11189)
4(11288 11289 11291 11290)
4(11190 11292 11293 11191)
4(11290 11291 11293 11292)
4(11192 11294 11295 11193)
4(11292 11293 11295 11294)
4(11194 11296 11297 11195)
4(11294 11295 11297 11296)
4(11196 11298 11299 11197)
4(11296 11297 11299 11298)
4(11198 11300 11301 11199)
4(11298 11299 11301 11300)
4(11200 11302 11303 11201)
4(11300 11301 11303 11302)
4(11202 11304 11305 11203)
4(11302 11303 11305 11304)
4(11204 11306 11307 11205)
4(11304 11305 11307 11306)
4(11206 11308 11309 11207)
4(11306 11307 11309 11308)
4(11208 11310 11311 11209)
4(11308 11309 11311 11310)
4(11210 11312 11313 11211)
4(11310 11311 11313 11312)
4(11212 11314 11315 11213)
4(11312 11313 11315 11314)
4(11214 11316 11317 11215)
4(11314 11315 11317 11316)
4(11216 11318 11319 11217)
4(11316 11317 11319 11318)
4(11318 11319 11321 11320)
4(11222 11324 11325 11223)
4(11322 11323 11325 11324)
4(11224 11326 11327 11225)
4(11324 11325 11327 11326)
4(11226 11328 11329 11227)
4(11326 11327 11329 11328)
4(11228 11330 11331 11229)
4(11328 11329 11331 11330)
4(11230 11332 11333 11231)
4(11330 11331 11333 11332)
4(11232 11334 11335 11233)
4(11332 11333 11335 11334)
4(11234 11336 11337 11235)
4(11334 11335 11337 11336)
4(11236 11338 11339 11237)
4(11336 11337 11339 11338)
4(11238 11340 11341 11239)
4(11338 11339 11341 11340)
4(11240 11342 11343 11241)
4(11340 11341 11343 11342)
4(11242 11344 11345 11243)
4(11342 11343 11345 11344)
4(11244 11346 11347 11245)
4(11344 11345 11347 11346)
4(11246 11348 11349 11247)
4(11346 11347 11349 11348)
4(11248 11350 11351 11249)
4(11348 11349 11351 11350)
4(11250 11352 11353 11251)
4(11350 11351 11353 11352)
4(11252 11354 11355 11253)
4(11352 11353 11355 11354)
4(11254 11356 11357 11255)
4(11354 11355 11357 11356)
4(11256 11358 11359 11257)
4(11356 11357 11359 11358)
4(11258 11360 11361 11259)
4(11358 11359 11361 11360)
4(11260 11362 11363 11261)
4(11360 11361 11363 11362)
4(11262 11364 11365 11263)
4(11362 11363 11365 11364)
4(11264 11366 11367 11265)
4(11364 11365 11367 11366)
4(11266 11368 11369 11267)
4(11366 11367 11369 11368)
4(11268 11370 11371 11269)
4(11368 11369 11371 11370)
4(11270 11372 11373 11271)
4(11370 11371 11373 11372)
4(11272 11374 11375 11273)
4(11372 11373 11375 11374)
4(11274 11376 11377 11275)
4(11374 11375 11377 11376)
4(11276 11378 11379 11277)
4(11376 11377 11379 11378)
4(11278 11380 11381 11279)
4(11378 11379 11381 11380)
4(11280 11382 11383 11281)
4(11380 11381 11383 11382)
4(11282 11384 11385 11283)
4(11382 11383 11385 11384)
4(11284 11386 11387 11285)
4(11384 11385 11387 11386)
4(11286 11388 11389 11287)
4(11386 11387 11389 11388)
4(11288 11390 11391 11289)
4(11388 11389 11391 11390)
4(11290 11392 11393 11291)
4(11390 11391 11393 11392)
4(11292 11394 11395 11293)
4(11392 11393 11395 11394)
4(11294 11396 11397 11295)
4(11394 11395 11397 11396)
4(11296 11398 11399 11297)
4(11396 11397 11399 11398)
4(11298 11400 11401 11299)
4(11398 11399 11401 11400)
4(11300 11402 11403 11301)
4(11400 11401 11403 11402)
4(11302 11404 11405 11303)
4(11402 11403 11405 11404)
4(11304 11406 11407 11305)
4(11404 11405 11407 11406)
4(11306 11408 11409 11307)
4(11406 11407 11409 11408)
4(11308 11410 11411 11309)
4(11408 11409 11411 11410)
4(11310 11412 11413 11311)
4(11410 11411 11413 11412)
4(11312 11414 11415 11313)
4(11412 11413 11415 11414)
4(11314 11416 11417 11315)
4(11414 11415 11417 11416)
4(11316 11418 11419 11317)
4(11416 11417 11419 11418)
4(11318 11420 11421 11319)
4(11418 11419 11421 11420)
4(11420 11421 11423 11422)
4(11324 11426 11427 11325)
4(11424 11425 11427 11426)
4(11326 11428 11429 11327)
4(11426 11427 11429 11428)
4(11328 11430 11431 11329)
4(11428 11429 11431 11430)
4(11330 11432 11433 11331)
4(11430 11431 11433 11432)
4(11332 11434 11435 11333)
4(11432 11433 11435 11434)
4(11334 11436 11437 11335)
4(11434 11435 11437 11436)
4(11336 11438 11439 11337)
4(11436 11437 11439 11438)
4(11338 11440 11441 11339)
4(11438 11439 11441 11440)
4(11340 11442 11443 11341)
4(11440 11441 11443 11442)
4(11342 11444 11445 11343)
4(11442 11443 11445 11444)
4(11344 11446 11447 11345)
4(11444 11445 11447 11446)
4(11346 11448 11449 11347)
4(11446 11447 11449 11448)
4(11348 11450 11451 11349)
4(11448 11449 11451 11450)
4(11350 11452 11453 11351)
4(11450 11451 11453 11452)
4(11352 11454 11455 11353)
4(11452 11453 11455 11454)
4(11354 11456 11457 11355)
4(11454 11455 11457 11456)
4(11356 11458 11459 11357)
4(11456 11457 11459 11458)
4(11358 11460 11461 11359)
4(11458 11459 11461 11460)
4(11360 11462 11463 11361)
4(11460 11461 11463 11462)
4(11362 11464 11465 11363)
4(11462 11463 11465 11464)
4(11364 11466 11467 11365)
4(11464 11465 11467 11466)
4(11366 11468 11469 11367)
4(11466 11467 11469 11468)
4(11368 11470 11471 11369)
4(11468 11469 11471 11470)
4(11370 11472 11473 11371)
4(11470 11471 11473 11472)
4(11372 11474 11475 11373)
4(11472 11473 11475 11474)
4(11374 11476 11477 11375)
4(11474 11475 11477 11476)
4(11376 11478 11479 11377)
4(11476 11477 11479 11478)
4(11378 11480 11481 11379)
4(11478 11479 11481 11480)
4(11380 11482 11483 11381)
4(11480 11481 11483 11482)
4(11382 11484 11485 11383)
4(11482 11483 11485 11484)
4(11384 11486 11487 11385)
4(11484 11485 11487 11486)
4(11386 11488 11489 11387)
4(11486 11487 11489 11488)
4(11388 11490 11491 11389)
4(11488 11489 11491 11490)
4(11390 11492 11493 11391)
4(11490 11491 11493 11492)
4(11392 11494 11495 11393)
4(11492 11493 11495 11494)
4(11394 11496 11497 11395)
4(11494 11495 11497 11496)
4(11396 11498 11499 11397)
4(11496 11497 11499 11498)
4(11398 11500 11501 11399)
4(11498 11499 11501 11500)
4(11400 11502 11503 11401)
4(11500 11501 11503 11502)
4(11402 11504 11505 11403)
4(11502 11503 11505 11504)
4(11404 11506 11507 11405)
4(11504 11505 11507 11506)
4(11406 11508 11509 11407)
4(11506 11507 11509 11508)
4(11408 11510 11511 11409)
4(11508 11509 11511 11510)
4(11410 11512 11513 11411)
4(11510 11511 11513 11512)
4(11412 11514 11515 11413)
4(11512 11513 11515 11514)
4(11414 11516 11517 11415)
4(11514 11515 11517 11516)
4(11416 11518 11519 11417)
4(11516 11517 11519 11518)
4(11418 11520 11521 11419)
4(11518 11519 11521 11520)
4(11420 11522 11523 11421)
4(11520 11521 11523 11522)
4(11522 11523 11525 11524)
4(11426 11528 11529 11427)
4(11526 11527 11529 11528)
4(11428 11530 11531 11429)
4(11528 11529 11531 11530)
4(11430 11532 11533 11431)
4(11530 11531 11533 11532)
4(11432 11534 11535 11433)
4(11532 11533 11535 11534)
4(11434 11536 11537 11435)
4(11534 11535 11537 11536)
4(11436 11538 11539 11437)
4(11536 11537 11539 11538)
4(11438 11540 11541 11439)
4(11538 11539 11541 11540)
4(11440 11542 11543 11441)
4(11540 11541 11543 11542)
4(11442 11544 11545 11443)
4(11542 11543 11545 11544)
4(11444 11546 11547 11445)
4(11544 11545 11547 11546)
4(11446 11548 11549 11447)
4(11546 11547 11549 11548)
4(11448 11550 11551 11449)
4(11548 11549 11551 11550)
4(11450 11552 11553 11451)
4(11550 11551 11553 11552)
4(11452 11554 11555 11453)
4(11552 11553 11555 11554)
4(11454 11556 11557 11455)
4(11554 11555 11557 11556)
4(11456 11558 11559 11457)
4(11556 11557 11559 11558)
4(11458 11560 11561 11459)
4(11558 11559 11561 11560)
4(11460 11562 11563 11461)
4(11560 11561 11563 11562)
4(11462 11564 11565 11463)
4(11562 11563 11565 11564)
4(11464 11566 11567 11465)
4(11564 11565 11567 11566)
4(11466 11568 11569 11467)
4(11566 11567 11569 11568)
4(11468 11570 11571 11469)
4(11568 11569 11571 11570)
4(11470 11572 11573 11471)
4(11570 11571 11573 11572)
4(11472 11574 11575 11473)
4(11572 11573 11575 11574)
4(11474 11576 11577 11475)
4(11574 11575 11577 11576)
4(11476 11578 11579 11477)
4(11576 11577 11579 11578)
4(11478 11580 11581 11479)
4(11578 11579 11581 11580)
4(11480 11582 11583 11481)
4(11580 11581 11583 11582)
4(11482 11584 11585 11483)
4(11582 11583 11585 11584)
4(11484 11586 11587 11485)
4(11584 11585 11587 11586)
4(11486 11588 11589 11487)
4(11586 11587 11589 11588)
4(11488 11590 11591 11489)
4(11588 11589 11591 11590)
4(11490 11592 11593 11491)
4(11590 11591 11593 11592)
4(11492 11594 11595 11493)
4(11592 11593 11595 11594)
4(11494 11596 11597 11495)
4(11594 11595 11597 11596)
4(11496 11598 11599 11497)
4(11596 11597 11599 11598)
4(11498 11600 11601 11499)
4(11598 11599 11601 11600)
4(11500 11602 11603 11501)
4(11600 11601 11603 11602)
4(11502 11604 11605 11503)
4(11602 11603 11605 11604)
4(11504 11606 11607 11505)
4(11604 11605 11607 11606)
4(11506 11608 11609 11507)
4(11606 11607 11609 11608)
4(11508 11610 11611 11509)
4(11608 11609 11611 11610)
4(11510 11612 11613 11511)
4(11610 11611 11613 11612)
4(11512 11614 11615 11513)
4(11612 11613 11615 11614)
4(11514 11616 11617 11515)
4(11614 11615 11617 11616)
4(11516 11618 11619 11517)
4(11616 11617 11619 11618)
4(11518 11620 11621 11519)
4(11618 11619 11621 11620)
4(11520 11622 11623 11521)
4(11620 11621 11623 11622)
4(11522 11624 11625 11523)
4(11622 11623 11625 11624)
4(11624 11625 11627 11626)
4(11528 11630 11631 11529)
4(11628 11629 11631 11630)
4(11530 11632 11633 11531)
4(11630 11631 11633 11632)
4(11532 11634 11635 11533)
4(11632 11633 11635 11634)
4(11534 11636 11637 11535)
4(11634 11635 11637 11636)
4(11536 11638 11639 11537)
4(11636 11637 11639 11638)
4(11538 11640 11641 11539)
4(11638 11639 11641 11640)
4(11540 11642 11643 11541)
4(11640 11641 11643 11642)
4(11542 11644 11645 11543)
4(11642 11643 11645 11644)
4(11544 11646 11647 11545)
4(11644 11645 11647 11646)
4(11546 11648 11649 11547)
4(11646 11647 11649 11648)
4(11548 11650 11651 11549)
4(11648 11649 11651 11650)
4(11550 11652 11653 11551)
4(11650 11651 11653 11652)
4(11552 11654 11655 11553)
4(11652 11653 11655 11654)
4(11554 11656 11657 11555)
4(11654 11655 11657 11656)
4(11556 11658 11659 11557)
4(11656 11657 11659 11658)
4(11558 11660 11661 11559)
4(11658 11659 11661 11660)
4(11560 11662 11663 11561)
4(11660 11661 11663 11662)
4(11562 11664 11665 11563)
4(11662 11663 11665 11664)
4(11564 11666 11667 11565)
4(11664 11665 11667 11666)
4(11566 11668 11669 11567)
4(11666 11667 11669 11668)
4(11568 11670 11671 11569)
4(11668 11669 11671 11670)
4(11570 11672 11673 11571)
4(11670 11671 11673 11672)
4(11572 11674 11675 11573)
4(11672 11673 11675 11674)
4(11574 11676 11677 11575)
4(11674 11675 11677 11676)
4(11576 11678 11679 11577)
4(11676 11677 11679 11678)
4(11578 11680 11681 11579)
4(11678 11679 11681 11680)
4(11580 11682 11683 11581)
4(11680 11681 11683 11682)
4(11582 11684 11685 11583)
4(11682 11683 11685 11684)
4(11584 11686 11687 11585)
4(11684 11685 11687 11686)
4(11586 11688 11689 11587)
4(11686 11687 11689 11688)
4(11588 11690 11691 11589)
4(11688 11689 11691 11690)
4(11590 11692 11693 11591)
4(11690 11691 11693 11692)
4(11592 11694 11695 11593)
4(11692 11693 11695 11694)
4(11594 11696 11697 11595)
4(11694 11695 11697 11696)
4(11596 11698 11699 11597)
4(11696 11697 11699 11698)
4(11598 11700 11701 11599)
4(11698 11699 11701 11700)
4(11600 11702 11703 11601)
4(11700 11701 11703 11702)
4(11602 11704 11705 11603)
4(11702 11703 11705 11704)
4(11604 11706 11707 11605)
4(11704 11705 11707 11706)
4(11606 11708 11709 11607)
4(11706 11707 11709 11708)
4(11608 11710 11711 11609)
4(11708 11709 11711 11710)
4(11610 11712 11713 11611)
4(11710 11711 11713 11712)
4(11612 11714 11715 11613)
4(11712 11713 11715 11714)
4(11614 11716 11717 11615)
4(11714 11715 11717 11716)
4(11616 11718 11719 11617)
4(11716 11717 11719 11718)
4(11618 11720 11721 11619)
4(11718 11719 11721 11720)
4(11620 11722 11723 11621)
4(11720 11721 11723 11722)
4(11622 11724 11725 11623)
4(11722 11723 11725 11724)
4(11624 11726 11727 11625)
4(11724 11725 11727 11726)
4(11726 11727 11729 11728)
4(11630 11732 11733 11631)
4(11730 11731 11733 11732)
4(11632 11734 11735 11633)
4(11732 11733 11735 11734)
4(11634 11736 11737 11635)
4(11734 11735 11737 11736)
4(11636 11738 11739 11637)
4(11736 11737 11739 11738)
4(11638 11740 11741 11639)
4(11738 11739 11741 11740)
4(11640 11742 11743 11641)
4(11740 11741 11743 11742)
4(11642 11744 11745 11643)
4(11742 11743 11745 11744)
4(11644 11746 11747 11645)
4(11744 11745 11747 11746)
4(11646 11748 11749 11647)
4(11746 11747 11749 11748)
4(11648 11750 11751 11649)
4(11748 11749 11751 11750)
4(11650 11752 11753 11651)
4(11750 11751 11753 11752)
4(11652 11754 11755 11653)
4(11752 11753 11755 11754)
4(11654 11756 11757 11655)
4(11754 11755 11757 11756)
4(11656 11758 11759 11657)
4(11756 11757 11759 11758)
4(11658 11760 11761 11659)
4(11758 11759 11761 11760)
4(11660 11762 11763 11661)
4(11760 11761 11763 11762)
4(11662 11764 11765 11663)
4(11762 11763 11765 11764)
4(11664 11766 11767 11665)
4(11764 11765 11767 11766)
4(11666 11768 11769 11667)
4(11766 11767 11769 11768)
4(11668 11770 11771 11669)
4(11768 11769 11771 11770)
4(11670 11772 11773 11671)
4(11770 11771 11773 11772)
4(11672 11774 11775 11673)
4(11772 11773 11775 11774)
4(11674 11776 11777 11675)
4(11774 11775 11777 11776)
4(11676 11778 11779 11677)
4(11776 11777 11779 11778)
4(11678 11780 11781 11679)
4(11778 11779 11781 11780)
4(11680 11782 11783 11681)
4(11780 11781 11783 11782)
4(11682 11784 11785 11683)
4(11782 11783 11785 11784)
4(11684 11786 11787 11685)
4(11784 11785 11787 11786)
4(11686 11788 11789 11687)
4(11786 11787 11789 11788)
4(11688 11790 11791 11689)
4(11788 11789 11791 11790)
4(11690 11792 11793 11691)
4(11790 11791 11793 11792)
4(11692 11794 11795 11693)
4(11792 11793 11795 11794)
4(11694 11796 11797 11695)
4(11794 11795 11797 11796)
4(11696 11798 11799 11697)
4(11796 11797 11799 11798)
4(11698 11800 11801 11699)
4(11798 11799 11801 11800)
4(11700 11802 11803 11701)
4(11800 11801 11803 11802)
4(11702 11804 11805 11703)
4(11802 11803 11805 11804)
4(11704 11806 11807 11705)
4(11804 11805 11807 11806)
4(11706 11808 11809 11707)
4(11806 11807 11809 11808)
4(11708 11810 11811 11709)
4(11808 11809 11811 11810)
4(11710 11812 11813 11711)
4(11810 11811 11813 11812)
4(11712 11814 11815 11713)
4(11812 11813 11815 11814)
4(11714 11816 11817 11715)
4(11814 11815 11817 11816)
4(11716 11818 11819 11717)
4(11816 11817 11819 11818)
4(11718 11820 11821 11719)
4(11818 11819 11821 11820)
4(11720 11822 11823 11721)
4(11820 11821 11823 11822)
4(11722 11824 11825 11723)
4(11822 11823 11825 11824)
4(11724 11826 11827 11725)
4(11824 11825 11827 11826)
4(11726 11828 11829 11727)
4(11826 11827 11829 11828)
4(11828 11829 11831 11830)
4(11732 11834 11835 11733)
4(11832 11833 11835 11834)
4(11734 11836 11837 11735)
4(11834 11835 11837 11836)
4(11736 11838 11839 11737)
4(11836 11837 11839 11838)
4(11738 11840 11841 11739)
4(11838 11839 11841 11840)
4(11740 11842 11843 11741)
4(11840 11841 11843 11842)
4(11742 11844 11845 11743)
4(11842 11843 11845 11844)
4(11744 11846 11847 11745)
4(11844 11845 11847 11846)
4(11746 11848 11849 11747)
4(11846 11847 11849 11848)
4(11748 11850 11851 11749)
4(11848 11849 11851 11850)
4(11750 11852 11853 11751)
4(11850 11851 11853 11852)
4(11752 11854 11855 11753)
4(11852 11853 11855 11854)
4(11754 11856 11857 11755)
4(11854 11855 11857 11856)
4(11756 11858 11859 11757)
4(11856 11857 11859 11858)
4(11758 11860 11861 11759)
4(11858 11859 11861 11860)
4(11760 11862 11863 11761)
4(11860 11861 11863 11862)
4(11762 11864 11865 11763)
4(11862 11863 11865 11864)
4(11764 11866 11867 11765)
4(11864 11865 11867 11866)
4(11766 11868 11869 11767)
4(11866 11867 11869 11868)
4(11768 11870 11871 11769)
4(11868 11869 11871 11870)
4(11770 11872 11873 11771)
4(11870 11871 11873 11872)
4(11772 11874 11875 11773)
4(11872 11873 11875 11874)
4(11774 11876 11877 11775)
4(11874 11875 11877 11876)
4(11776 11878 11879 11777)
4(11876 11877 11879 11878)
4(11778 11880 11881 11779)
4(11878 11879 11881 11880)
4(11780 11882 11883 11781)
4(11880 11881 11883 11882)
4(11782 11884 11885 11783)
4(11882 11883 11885 11884)
4(11784 11886 11887 11785)
4(11884 11885 11887 11886)
4(11786 11888 11889 11787)
4(11886 11887 11889 11888)
4(11788 11890 11891 11789)
4(11888 11889 11891 11890)
4(11790 11892 11893 11791)
4(11890 11891 11893 11892)
4(11792 11894 11895 11793)
4(11892 11893 11895 11894)
4(11794 11896 11897 11795)
4(11894 11895 11897 11896)
4(11796 11898 11899 11797)
4(11896 11897 11899 11898)
4(11798 11900 11901 11799)
4(11898 11899 11901 11900)
4(11800 11902 11903 11801)
4(11900 11901 11903 11902)
4(11802 11904 11905 11803)
4(11902 11903 11905 11904)
4(11804 11906 11907 11805)
4(11904 11905 11907 11906)
4(11806 11908 11909 11807)
4(11906 11907 11909 11908)
4(11808 11910 11911 11809)
4(11908 11909 11911 11910)
4(11810 11912 11913 11811)
4(11910 11911 11913 11912)
4(11812 11914 11915 11813)
4(11912 11913 11915 11914)
4(11814 11916 11917 11815)
4(11914 11915 11917 11916)
4(11816 11918 11919 11817)
4(11916 11917 11919 11918)
4(11818 11920 11921 11819)
4(11918 11919 11921 11920)
4(11820 11922 11923 11821)
4(11920 11921 11923 11922)
4(11822 11924 11925 11823)
4(11922 11923 11925 11924)
4(11824 11926 11927 11825)
4(11924 11925 11927 11926)
4(11826 11928 11929 11827)
4(11926 11927 11929 11928)
4(11828 11930 11931 11829)
4(11928 11929 11931 11930)
4(11930 11931 11933 11932)
4(11834 11936 11937 11835)
4(11934 11935 11937 11936)
4(11836 11938 11939 11837)
4(11936 11937 11939 11938)
4(11838 11940 11941 11839)
4(11938 11939 11941 11940)
4(11840 11942 11943 11841)
4(11940 11941 11943 11942)
4(11842 11944 11945 11843)
4(11942 11943 11945 11944)
4(11844 11946 11947 11845)
4(11944 11945 11947 11946)
4(11846 11948 11949 11847)
4(11946 11947 11949 11948)
4(11848 11950 11951 11849)
4(11948 11949 11951 11950)
4(11850 11952 11953 11851)
4(11950 11951 11953 11952)
4(11852 11954 11955 11853)
4(11952 11953 11955 11954)
4(11854 11956 11957 11855)
4(11954 11955 11957 11956)
4(11856 11958 11959 11857)
4(11956 11957 11959 11958)
4(11858 11960 11961 11859)
4(11958 11959 11961 11960)
4(11860 11962 11963 11861)
4(11960 11961 11963 11962)
4(11862 11964 11965 11863)
4(11962 11963 11965 11964)
4(11864 11966 11967 11865)
4(11964 11965 11967 11966)
4(11866 11968 11969 11867)
4(11966 11967 11969 11968)
4(11868 11970 11971 11869)
4(11968 11969 11971 11970)
4(11870 11972 11973 11871)
4(11970 11971 11973 11972)
4(11872 11974 11975 11873)
4(11972 11973 11975 11974)
4(11874 11976 11977 11875)
4(11974 11975 11977 11976)
4(11876 11978 11979 11877)
4(11976 11977 11979 11978)
4(11878 11980 11981 11879)
4(11978 11979 11981 11980)
4(11880 11982 11983 11881)
4(11980 11981 11983 11982)
4(11882 11984 11985 11883)
4(11982 11983 11985 11984)
4(11884 11986 11987 11885)
4(11984 11985 11987 11986)
4(11886 11988 11989 11887)
4(11986 11987 11989 11988)
4(11888 11990 11991 11889)
4(11988 11989 11991 11990)
4(11890 11992 11993 11891)
4(11990 11991 11993 11992)
4(11892 11994 11995 11893)
4(11992 11993 11995 11994)
4(11894 11996 11997 11895)
4(11994 11995 11997 11996)
4(11896 11998 11999 11897)
4(11996 11997 11999 11998)
4(11898 12000 12001 11899)
4(11998 11999 12001 12000)
4(11900 12002 12003 11901)
4(12000 12001 12003 12002)
4(11902 12004 12005 11903)
4(12002 12003 12005 12004)
4(11904 12006 12007 11905)
4(12004 12005 12007 12006)
4(11906 12008 12009 11907)
4(12006 12007 12009 12008)
4(11908 12010 12011 11909)
4(12008 12009 12011 12010)
4(11910 12012 12013 11911)
4(12010 12011 12013 12012)
4(11912 12014 12015 11913)
4(12012 12013 12015 12014)
4(11914 12016 12017 11915)
4(12014 12015 12017 12016)
4(11916 12018 12019 11917)
4(12016 12017 12019 12018)
4(11918 12020 12021 11919)
4(12018 12019 12021 12020)
4(11920 12022 12023 11921)
4(12020 12021 12023 12022)
4(11922 12024 12025 11923)
4(12022 12023 12025 12024)
4(11924 12026 12027 11925)
4(12024 12025 12027 12026)
4(11926 12028 12029 11927)
4(12026 12027 12029 12028)
4(11928 12030 12031 11929)
4(12028 12029 12031 12030)
4(11930 12032 12033 11931)
4(12030 12031 12033 12032)
4(12032 12033 12035 12034)
4(11936 12038 12039 11937)
4(12036 12037 12039 12038)
4(11938 12040 12041 11939)
4(12038 12039 12041 12040)
4(11940 12042 12043 11941)
4(12040 12041 12043 12042)
4(11942 12044 12045 11943)
4(12042 12043 12045 12044)
4(11944 12046 12047 11945)
4(12044 12045 12047 12046)
4(11946 12048 12049 11947)
4(12046 12047 12049 12048)
4(11948 12050 12051 11949)
4(12048 12049 12051 12050)
4(11950 12052 12053 11951)
4(12050 12051 12053 12052)
4(11952 12054 12055 11953)
4(12052 12053 12055 12054)
4(11954 12056 12057 11955)
4(12054 12055 12057 12056)
4(11956 12058 12059 11957)
4(12056 12057 12059 12058)
4(11958 12060 12061 11959)
4(12058 12059 12061 12060)
4(11960 12062 12063 11961)
4(12060 12061 12063 12062)
4(11962 12064 12065 11963)
4(12062 12063 12065 12064)
4(11964 12066 12067 11965)
4(12064 12065 12067 12066)
4(11966 12068 12069 11967)
4(12066 12067 12069 12068)
4(11968 12070 12071 11969)
4(12068 12069 12071 12070)
4(11970 12072 12073 11971)
4(12070 12071 12073 12072)
4(11972 12074 12075 11973)
4(12072 12073 12075 12074)
4(11974 12076 12077 11975)
4(12074 12075 12077 12076)
4(11976 12078 12079 11977)
4(12076 12077 12079 12078)
4(11978 12080 12081 11979)
4(12078 12079 12081 12080)
4(11980 12082 12083 11981)
4(12080 12081 12083 12082)
4(11982 12084 12085 11983)
4(12082 12083 12085 12084)
4(11984 12086 12087 11985)
4(12084 12085 12087 12086)
4(11986 12088 12089 11987)
4(12086 12087 12089 12088)
4(11988 12090 12091 11989)
4(12088 12089 12091 12090)
4(11990 12092 12093 11991)
4(12090 12091 12093 12092)
4(11992 12094 12095 11993)
4(12092 12093 12095 12094)
4(11994 12096 12097 11995)
4(12094 12095 12097 12096)
4(11996 12098 12099 11997)
4(12096 12097 12099 12098)
4(11998 12100 12101 11999)
4(12098 12099 12101 12100)
4(12000 12102 12103 12001)
4(12100 12101 12103 12102)
4(12002 12104 12105 12003)
4(12102 12103 12105 12104)
4(12004 12106 12107 12005)
4(12104 12105 12107 12106)
4(12006 12108 12109 12007)
4(12106 12107 12109 12108)
4(12008 12110 12111 12009)
4(12108 12109 12111 12110)
4(12010 12112 12113 12011)
4(12110 12111 12113 12112)
4(12012 12114 12115 12013)
4(12112 12113 12115 12114)
4(12014 12116 12117 12015)
4(12114 12115 12117 12116)
4(12016 12118 12119 12017)
4(12116 12117 12119 12118)
4(12018 12120 12121 12019)
4(12118 12119 12121 12120)
4(12020 12122 12123 12021)
4(12120 12121 12123 12122)
4(12022 12124 12125 12023)
4(12122 12123 12125 12124)
4(12024 12126 12127 12025)
4(12124 12125 12127 12126)
4(12026 12128 12129 12027)
4(12126 12127 12129 12128)
4(12028 12130 12131 12029)
4(12128 12129 12131 12130)
4(12030 12132 12133 12031)
4(12130 12131 12133 12132)
4(12032 12134 12135 12033)
4(12132 12133 12135 12134)
4(12134 12135 12137 12136)
4(12038 12140 12141 12039)
4(12138 12139 12141 12140)
4(12040 12142 12143 12041)
4(12140 12141 12143 12142)
4(12042 12144 12145 12043)
4(12142 12143 12145 12144)
4(12044 12146 12147 12045)
4(12144 12145 12147 12146)
4(12046 12148 12149 12047)
4(12146 12147 12149 12148)
4(12048 12150 12151 12049)
4(12148 12149 12151 12150)
4(12050 12152 12153 12051)
4(12150 12151 12153 12152)
4(12052 12154 12155 12053)
4(12152 12153 12155 12154)
4(12054 12156 12157 12055)
4(12154 12155 12157 12156)
4(12056 12158 12159 12057)
4(12156 12157 12159 12158)
4(12058 12160 12161 12059)
4(12158 12159 12161 12160)
4(12060 12162 12163 12061)
4(12160 12161 12163 12162)
4(12062 12164 12165 12063)
4(12162 12163 12165 12164)
4(12064 12166 12167 12065)
4(12164 12165 12167 12166)
4(12066 12168 12169 12067)
4(12166 12167 12169 12168)
4(12068 12170 12171 12069)
4(12168 12169 12171 12170)
4(12070 12172 12173 12071)
4(12170 12171 12173 12172)
4(12072 12174 12175 12073)
4(12172 12173 12175 12174)
4(12074 12176 12177 12075)
4(12174 12175 12177 12176)
4(12076 12178 12179 12077)
4(12176 12177 12179 12178)
4(12078 12180 12181 12079)
4(12178 12179 12181 12180)
4(12080 12182 12183 12081)
4(12180 12181 12183 12182)
4(12082 12184 12185 12083)
4(12182 12183 12185 12184)
4(12084 12186 12187 12085)
4(12184 12185 12187 12186)
4(12086 12188 12189 12087)
4(12186 12187 12189 12188)
4(12088 12190 12191 12089)
4(12188 12189 12191 12190)
4(12090 12192 12193 12091)
4(12190 12191 12193 12192)
4(12092 12194 12195 12093)
4(12192 12193 12195 12194)
4(12094 12196 12197 12095)
4(12194 12195 12197 12196)
4(12096 12198 12199 12097)
4(12196 12197 12199 12198)
4(12098 12200 12201 12099)
4(12198 12199 12201 12200)
4(12100 12202 12203 12101)
4(12200 12201 12203 12202)
4(12102 12204 12205 12103)
4(12202 12203 12205 12204)
4(12104 12206 12207 12105)
4(12204 12205 12207 12206)
4(12106 12208 12209 12107)
4(12206 12207 12209 12208)
4(12108 12210 12211 12109)
4(12208 12209 12211 12210)
4(12110 12212 12213 12111)
4(12210 12211 12213 12212)
4(12112 12214 12215 12113)
4(12212 12213 12215 12214)
4(12114 12216 12217 12115)
4(12214 12215 12217 12216)
4(12116 12218 12219 12117)
4(12216 12217 12219 12218)
4(12118 12220 12221 12119)
4(12218 12219 12221 12220)
4(12120 12222 12223 12121)
4(12220 12221 12223 12222)
4(12122 12224 12225 12123)
4(12222 12223 12225 12224)
4(12124 12226 12227 12125)
4(12224 12225 12227 12226)
4(12126 12228 12229 12127)
4(12226 12227 12229 12228)
4(12128 12230 12231 12129)
4(12228 12229 12231 12230)
4(12130 12232 12233 12131)
4(12230 12231 12233 12232)
4(12132 12234 12235 12133)
4(12232 12233 12235 12234)
4(12134 12236 12237 12135)
4(12234 12235 12237 12236)
4(12236 12237 12239 12238)
4(12140 12242 12243 12141)
4(12240 12241 12243 12242)
4(12142 12244 12245 12143)
4(12242 12243 12245 12244)
4(12144 12246 12247 12145)
4(12244 12245 12247 12246)
4(12146 12248 12249 12147)
4(12246 12247 12249 12248)
4(12148 12250 12251 12149)
4(12248 12249 12251 12250)
4(12150 12252 12253 12151)
4(12250 12251 12253 12252)
4(12152 12254 12255 12153)
4(12252 12253 12255 12254)
4(12154 12256 12257 12155)
4(12254 12255 12257 12256)
4(12156 12258 12259 12157)
4(12256 12257 12259 12258)
4(12158 12260 12261 12159)
4(12258 12259 12261 12260)
4(12160 12262 12263 12161)
4(12260 12261 12263 12262)
4(12162 12264 12265 12163)
4(12262 12263 12265 12264)
4(12164 12266 12267 12165)
4(12264 12265 12267 12266)
4(12166 12268 12269 12167)
4(12266 12267 12269 12268)
4(12168 12270 12271 12169)
4(12268 12269 12271 12270)
4(12170 12272 12273 12171)
4(12270 12271 12273 12272)
4(12172 12274 12275 12173)
4(12272 12273 12275 12274)
4(12174 12276 12277 12175)
4(12274 12275 12277 12276)
4(12176 12278 12279 12177)
4(12276 12277 12279 12278)
4(12178 12280 12281 12179)
4(12278 12279 12281 12280)
4(12180 12282 12283 12181)
4(12280 12281 12283 12282)
4(12182 12284 12285 12183)
4(12282 12283 12285 12284)
4(12184 12286 12287 12185)
4(12284 12285 12287 12286)
4(12186 12288 12289 12187)
4(12286 12287 12289 12288)
4(12188 12290 12291 12189)
4(12288 12289 12291 12290)
4(12190 12292 12293 12191)
4(12290 12291 12293 12292)
4(12192 12294 12295 12193)
4(12292 12293 12295 12294)
4(12194 12296 12297 12195)
4(12294 12295 12297 12296)
4(12196 12298 12299 12197)
4(12296 12297 12299 12298)
4(12198 12300 12301 12199)
4(12298 12299 12301 12300)
4(12200 12302 12303 12201)
4(12300 12301 12303 12302)
4(12202 12304 12305 12203)
4(12302 12303 12305 12304)
4(12204 12306 12307 12205)
4(12304 12305 12307 12306)
4(12206 12308 12309 12207)
4(12306 12307 12309 12308)
4(12208 12310 12311 12209)
4(12308 12309 12311 12310)
4(12210 12312 12313 12211)
4(12310 12311 12313 12312)
4(12212 12314 12315 12213)
4(12312 12313 12315 12314)
4(12214 12316 12317 12215)
4(12314 12315 12317 12316)
4(12216 12318 12319 12217)
4(12316 12317 12319 12318)
4(12218 12320 12321 12219)
4(12318 12319 12321 12320)
4(12220 12322 12323 12221)
4(12320 12321 12323 12322)
4(12222 12324 12325 12223)
4(12322 12323 12325 12324)
4(12224 12326 12327 12225)
4(12324 12325 12327 12326)
4(12226 12328 12329 12227)
4(12326 12327 12329 12328)
4(12228 12330 12331 12229)
4(12328 12329 12331 12330)
4(12230 12332 12333 12231)
4(12330 12331 12333 12332)
4(12232 12334 12335 12233)
4(12332 12333 12335 12334)
4(12234 12336 12337 12235)
4(12334 12335 12337 12336)
4(12236 12338 12339 12237)
4(12336 12337 12339 12338)
4(12338 12339 12341 12340)
4(12242 12344 12345 12243)
4(12342 12343 12345 12344)
4(12244 12346 12347 12245)
4(12344 12345 12347 12346)
4(12246 12348 12349 12247)
4(12346 12347 12349 12348)
4(12248 12350 12351 12249)
4(12348 12349 12351 12350)
4(12250 12352 12353 12251)
4(12350 12351 12353 12352)
4(12252 12354 12355 12253)
4(12352 12353 12355 12354)
4(12254 12356 12357 12255)
4(12354 12355 12357 12356)
4(12256 12358 12359 12257)
4(12356 12357 12359 12358)
4(12258 12360 12361 12259)
4(12358 12359 12361 12360)
4(12260 12362 12363 12261)
4(12360 12361 12363 12362)
4(12262 12364 12365 12263)
4(12362 12363 12365 12364)
4(12264 12366 12367 12265)
4(12364 12365 12367 12366)
4(12266 12368 12369 12267)
4(12366 12367 12369 12368)
4(12268 12370 12371 12269)
4(12368 12369 12371 12370)
4(12270 12372 12373 12271)
4(12370 12371 12373 12372)
4(12272 12374 12375 12273)
4(12372 12373 12375 12374)
4(12274 12376 12377 12275)
4(12374 12375 12377 12376)
4(12276 12378 12379 12277)
4(12376 12377 12379 12378)
4(12278 12380 12381 12279)
4(12378 12379 12381 12380)
4(12280 12382 12383 12281)
4(12380 12381 12383 12382)
4(12282 12384 12385 12283)
4(12382 12383 12385 12384)
4(12284 12386 12387 12285)
4(12384 12385 12387 12386)
4(12286 12388 12389 12287)
4(12386 12387 12389 12388)
4(12288 12390 12391 12289)
4(12388 12389 12391 12390)
4(12290 12392 12393 12291)
4(12390 12391 12393 12392)
4(12292 12394 12395 12293)
4(12392 12393 12395 12394)
4(12294 12396 12397 12295)
4(12394 12395 12397 12396)
4(12296 12398 12399 12297)
4(12396 12397 12399 12398)
4(12298 12400 12401 12299)
4(12398 12399 12401 12400)
4(12300 12402 12403 12301)
4(12400 12401 12403 12402)
4(12302 12404 12405 12303)
4(12402 12403 12405 12404)
4(12304 12406 12407 12305)
4(12404 12405 12407 12406)
4(12306 12408 12409 12307)
4(12406 12407 12409 12408)
4(12308 12410 12411 12309)
4(12408 12409 12411 12410)
4(12310 12412 12413 12311)
4(12410 12411 12413 12412)
4(12312 12414 12415 12313)
4(12412 12413 12415 12414)
4(12314 12416 12417 12315)
4(12414 12415 12417 12416)
4(12316 12418 12419 12317)
4(12416 12417 12419 12418)
4(12318 12420 12421 12319)
4(12418 12419 12421 12420)
4(12320 12422 12423 12321)
4(12420 12421 12423 12422)
4(12322 12424 12425 12323)
4(12422 12423 12425 12424)
4(12324 12426 12427 12325)
4(12424 12425 12427 12426)
4(12326 12428 12429 12327)
4(12426 12427 12429 12428)
4(12328 12430 12431 12329)
4(12428 12429 12431 12430)
4(12330 12432 12433 12331)
4(12430 12431 12433 12432)
4(12332 12434 12435 12333)
4(12432 12433 12435 12434)
4(12334 12436 12437 12335)
4(12434 12435 12437 12436)
4(12336 12438 12439 12337)
4(12436 12437 12439 12438)
4(12338 12440 12441 12339)
4(12438 12439 12441 12440)
4(12440 12441 12443 12442)
4(12344 12446 12447 12345)
4(12444 12445 12447 12446)
4(12346 12448 12449 12347)
4(12446 12447 12449 12448)
4(12348 12450 12451 12349)
4(12448 12449 12451 12450)
4(12350 12452 12453 12351)
4(12450 12451 12453 12452)
4(12352 12454 12455 12353)
4(12452 12453 12455 12454)
4(12354 12456 12457 12355)
4(12454 12455 12457 12456)
4(12356 12458 12459 12357)
4(12456 12457 12459 12458)
4(12358 12460 12461 12359)
4(12458 12459 12461 12460)
4(12360 12462 12463 12361)
4(12460 12461 12463 12462)
4(12362 12464 12465 12363)
4(12462 12463 12465 12464)
4(12364 12466 12467 12365)
4(12464 12465 12467 12466)
4(12366 12468 12469 12367)
4(12466 12467 12469 12468)
4(12368 12470 12471 12369)
4(12468 12469 12471 12470)
4(12370 12472 12473 12371)
4(12470 12471 12473 12472)
4(12372 12474 12475 12373)
4(12472 12473 12475 12474)
4(12374 12476 12477 12375)
4(12474 12475 12477 12476)
4(12376 12478 12479 12377)
4(12476 12477 12479 12478)
4(12378 12480 12481 12379)
4(12478 12479 12481 12480)
4(12380 12482 12483 12381)
4(12480 12481 12483 12482)
4(12382 12484 12485 12383)
4(12482 12483 12485 12484)
4(12384 12486 12487 12385)
4(12484 12485 12487 12486)
4(12386 12488 12489 12387)
4(12486 12487 12489 12488)
4(12388 12490 12491 12389)
4(12488 12489 12491 12490)
4(12390 12492 12493 12391)
4(12490 12491 12493 12492)
4(12392 12494 12495 12393)
4(12492 12493 12495 12494)
4(12394 12496 12497 12395)
4(12494 12495 12497 12496)
4(12396 12498 12499 12397)
4(12496 12497 12499 12498)
4(12398 12500 12501 12399)
4(12498 12499 12501 12500)
4(12400 12502 12503 12401)
4(12500 12501 12503 12502)
4(12402 12504 12505 12403)
4(12502 12503 12505 12504)
4(12404 12506 12507 12405)
4(12504 12505 12507 12506)
4(12406 12508 12509 12407)
4(12506 12507 12509 12508)
4(12408 12510 12511 12409)
4(12508 12509 12511 12510)
4(12410 12512 12513 12411)
4(12510 12511 12513 12512)
4(12412 12514 12515 12413)
4(12512 12513 12515 12514)
4(12414 12516 12517 12415)
4(12514 12515 12517 12516)
4(12416 12518 12519 12417)
4(12516 12517 12519 12518)
4(12418 12520 12521 12419)
4(12518 12519 12521 12520)
4(12420 12522 12523 12421)
4(12520 12521 12523 12522)
4(12422 12524 12525 12423)
4(12522 12523 12525 12524)
4(12424 12526 12527 12425)
4(12524 12525 12527 12526)
4(12426 12528 12529 12427)
4(12526 12527 12529 12528)
4(12428 12530 12531 12429)
4(12528 12529 12531 12530)
4(12430 12532 12533 12431)
4(12530 12531 12533 12532)
4(12432 12534 12535 12433)
4(12532 12533 12535 12534)
4(12434 12536 12537 12435)
4(12534 12535 12537 12536)
4(12436 12538 12539 12437)
4(12536 12537 12539 12538)
4(12438 12540 12541 12439)
4(12538 12539 12541 12540)
4(12440 12542 12543 12441)
4(12540 12541 12543 12542)
4(12542 12543 12545 12544)
4(12446 12548 12549 12447)
4(12546 12547 12549 12548)
4(12448 12550 12551 12449)
4(12548 12549 12551 12550)
4(12450 12552 12553 12451)
4(12550 12551 12553 12552)
4(12452 12554 12555 12453)
4(12552 12553 12555 12554)
4(12454 12556 12557 12455)
4(12554 12555 12557 12556)
4(12456 12558 12559 12457)
4(12556 12557 12559 12558)
4(12458 12560 12561 12459)
4(12558 12559 12561 12560)
4(12460 12562 12563 12461)
4(12560 12561 12563 12562)
4(12462 12564 12565 12463)
4(12562 12563 12565 12564)
4(12464 12566 12567 12465)
4(12564 12565 12567 12566)
4(12466 12568 12569 12467)
4(12566 12567 12569 12568)
4(12468 12570 12571 12469)
4(12568 12569 12571 12570)
4(12470 12572 12573 12471)
4(12570 12571 12573 12572)
4(12472 12574 12575 12473)
4(12572 12573 12575 12574)
4(12474 12576 12577 12475)
4(12574 12575 12577 12576)
4(12476 12578 12579 12477)
4(12576 12577 12579 12578)
4(12478 12580 12581 12479)
4(12578 12579 12581 12580)
4(12480 12582 12583 12481)
4(12580 12581 12583 12582)
4(12482 12584 12585 12483)
4(12582 12583 12585 12584)
4(12484 12586 12587 12485)
4(12584 12585 12587 12586)
4(12486 12588 12589 12487)
4(12586 12587 12589 12588)
4(12488 12590 12591 12489)
4(12588 12589 12591 12590)
4(12490 12592 12593 12491)
4(12590 12591 12593 12592)
4(12492 12594 12595 12493)
4(12592 12593 12595 12594)
4(12494 12596 12597 12495)
4(12594 12595 12597 12596)
4(12496 12598 12599 12497)
4(12596 12597 12599 12598)
4(12498 12600 12601 12499)
4(12598 12599 12601 12600)
4(12500 12602 12603 12501)
4(12600 12601 12603 12602)
4(12502 12604 12605 12503)
4(12602 12603 12605 12604)
4(12504 12606 12607 12505)
4(12604 12605 12607 12606)
4(12506 12608 12609 12507)
4(12606 12607 12609 12608)
4(12508 12610 12611 12509)
4(12608 12609 12611 12610)
4(12510 12612 12613 12511)
4(12610 12611 12613 12612)
4(12512 12614 12615 12513)
4(12612 12613 12615 12614)
4(12514 12616 12617 12515)
4(12614 12615 12617 12616)
4(12516 12618 12619 12517)
4(12616 12617 12619 12618)
4(12518 12620 12621 12519)
4(12618 12619 12621 12620)
4(12520 12622 12623 12521)
4(12620 12621 12623 12622)
4(12522 12624 12625 12523)
4(12622 12623 12625 12624)
4(12524 12626 12627 12525)
4(12624 12625 12627 12626)
4(12526 12628 12629 12527)
4(12626 12627 12629 12628)
4(12528 12630 12631 12529)
4(12628 12629 12631 12630)
4(12530 12632 12633 12531)
4(12630 12631 12633 12632)
4(12532 12634 12635 12533)
4(12632 12633 12635 12634)
4(12534 12636 12637 12535)
4(12634 12635 12637 12636)
4(12536 12638 12639 12537)
4(12636 12637 12639 12638)
4(12538 12640 12641 12539)
4(12638 12639 12641 12640)
4(12540 12642 12643 12541)
4(12640 12641 12643 12642)
4(12542 12644 12645 12543)
4(12642 12643 12645 12644)
4(12644 12645 12647 12646)
4(12548 12650 12651 12549)
4(12648 12649 12651 12650)
4(12550 12652 12653 12551)
4(12650 12651 12653 12652)
4(12552 12654 12655 12553)
4(12652 12653 12655 12654)
4(12554 12656 12657 12555)
4(12654 12655 12657 12656)
4(12556 12658 12659 12557)
4(12656 12657 12659 12658)
4(12558 12660 12661 12559)
4(12658 12659 12661 12660)
4(12560 12662 12663 12561)
4(12660 12661 12663 12662)
4(12562 12664 12665 12563)
4(12662 12663 12665 12664)
4(12564 12666 12667 12565)
4(12664 12665 12667 12666)
4(12566 12668 12669 12567)
4(12666 12667 12669 12668)
4(12568 12670 12671 12569)
4(12668 12669 12671 12670)
4(12570 12672 12673 12571)
4(12670 12671 12673 12672)
4(12572 12674 12675 12573)
4(12672 12673 12675 12674)
4(12574 12676 12677 12575)
4(12674 12675 12677 12676)
4(12576 12678 12679 12577)
4(12676 12677 12679 12678)
4(12578 12680 12681 12579)
4(12678 12679 12681 12680)
4(12580 12682 12683 12581)
4(12680 12681 12683 12682)
4(12582 12684 12685 12583)
4(12682 12683 12685 12684)
4(12584 12686 12687 12585)
4(12684 12685 12687 12686)
4(12586 12688 12689 12587)
4(12686 12687 12689 12688)
4(12588 12690 12691 12589)
4(12688 12689 12691 12690)
4(12590 12692 12693 12591)
4(12690 12691 12693 12692)
4(12592 12694 12695 12593)
4(12692 12693 12695 12694)
4(12594 12696 12697 12595)
4(12694 12695 12697 12696)
4(12596 12698 12699 12597)
4(12696 12697 12699 12698)
4(12598 12700 12701 12599)
4(12698 12699 12701 12700)
4(12600 12702 12703 12601)
4(12700 12701 12703 12702)
4(12602 12704 12705 12603)
4(12702 12703 12705 12704)
4(12604 12706 12707 12605)
4(12704 12705 12707 12706)
4(12606 12708 12709 12607)
4(12706 12707 12709 12708)
4(12608 12710 12711 12609)
4(12708 12709 12711 12710)
4(12610 12712 12713 12611)
4(12710 12711 12713 12712)
4(12612 12714 12715 12613)
4(12712 12713 12715 12714)
4(12614 12716 12717 12615)
4(12714 12715 12717 12716)
4(12616 12718 12719 12617)
4(12716 12717 12719 12718)
4(12618 12720 12721 12619)
4(12718 12719 12721 12720)
4(12620 12722 12723 12621)
4(12720 12721 12723 12722)
4(12622 12724 12725 12623)
4(12722 12723 12725 12724)
4(12624 12726 12727 12625)
4(12724 12725 12727 12726)
4(12626 12728 12729 12627)
4(12726 12727 12729 12728)
4(12628 12730 12731 12629)
4(12728 12729 12731 12730)
4(12630 12732 12733 12631)
4(12730 12731 12733 12732)
4(12632 12734 12735 12633)
4(12732 12733 12735 12734)
4(12634 12736 12737 12635)
4(12734 12735 12737 12736)
4(12636 12738 12739 12637)
4(12736 12737 12739 12738)
4(12638 12740 12741 12639)
4(12738 12739 12741 12740)
4(12640 12742 12743 12641)
4(12740 12741 12743 12742)
4(12642 12744 12745 12643)
4(12742 12743 12745 12744)
4(12644 12746 12747 12645)
4(12744 12745 12747 12746)
4(12746 12747 12749 12748)
4(12650 12752 12753 12651)
4(12750 12751 12753 12752)
4(12652 12754 12755 12653)
4(12752 12753 12755 12754)
4(12654 12756 12757 12655)
4(12754 12755 12757 12756)
4(12656 12758 12759 12657)
4(12756 12757 12759 12758)
4(12658 12760 12761 12659)
4(12758 12759 12761 12760)
4(12660 12762 12763 12661)
4(12760 12761 12763 12762)
4(12662 12764 12765 12663)
4(12762 12763 12765 12764)
4(12664 12766 12767 12665)
4(12764 12765 12767 12766)
4(12666 12768 12769 12667)
4(12766 12767 12769 12768)
4(12668 12770 12771 12669)
4(12768 12769 12771 12770)
4(12670 12772 12773 12671)
4(12770 12771 12773 12772)
4(12672 12774 12775 12673)
4(12772 12773 12775 12774)
4(12674 12776 12777 12675)
4(12774 12775 12777 12776)
4(12676 12778 12779 12677)
4(12776 12777 12779 12778)
4(12678 12780 12781 12679)
4(12778 12779 12781 12780)
4(12680 12782 12783 12681)
4(12780 12781 12783 12782)
4(12682 12784 12785 12683)
4(12782 12783 12785 12784)
4(12684 12786 12787 12685)
4(12784 12785 12787 12786)
4(12686 12788 12789 12687)
4(12786 12787 12789 12788)
4(12688 12790 12791 12689)
4(12788 12789 12791 12790)
4(12690 12792 12793 12691)
4(12790 12791 12793 12792)
4(12692 12794 12795 12693)
4(12792 12793 12795 12794)
4(12694 12796 12797 12695)
4(12794 12795 12797 12796)
4(12696 12798 12799 12697)
4(12796 12797 12799 12798)
4(12698 12800 12801 12699)
4(12798 12799 12801 12800)
4(12700 12802 12803 12701)
4(12800 12801 12803 12802)
4(12702 12804 12805 12703)
4(12802 12803 12805 12804)
4(12704 12806 12807 12705)
4(12804 12805 12807 12806)
4(12706 12808 12809 12707)
4(12806 12807 12809 12808)
4(12708 12810 12811 12709)
4(12808 12809 12811 12810)
4(12710 12812 12813 12711)
4(12810 12811 12813 12812)
4(12712 12814 12815 12713)
4(12812 12813 12815 12814)
4(12714 12816 12817 12715)
4(12814 12815 12817 12816)
4(12716 12818 12819 12717)
4(12816 12817 12819 12818)
4(12718 12820 12821 12719)
4(12818 12819 12821 12820)
4(12720 12822 12823 12721)
4(12820 12821 12823 12822)
4(12722 12824 12825 12723)
4(12822 12823 12825 12824)
4(12724 12826 12827 12725)
4(12824 12825 12827 12826)
4(12726 12828 12829 12727)
4(12826 12827 12829 12828)
4(12728 12830 12831 12729)
4(12828 12829 12831 12830)
4(12730 12832 12833 12731)
4(12830 12831 12833 12832)
4(12732 12834 12835 12733)
4(12832 12833 12835 12834)
4(12734 12836 12837 12735)
4(12834 12835 12837 12836)
4(12736 12838 12839 12737)
4(12836 12837 12839 12838)
4(12738 12840 12841 12739)
4(12838 12839 12841 12840)
4(12740 12842 12843 12741)
4(12840 12841 12843 12842)
4(12742 12844 12845 12743)
4(12842 12843 12845 12844)
4(12744 12846 12847 12745)
4(12844 12845 12847 12846)
4(12746 12848 12849 12747)
4(12846 12847 12849 12848)
4(12848 12849 12851 12850)
4(12752 12854 12855 12753)
4(12852 12853 12855 12854)
4(12754 12856 12857 12755)
4(12854 12855 12857 12856)
4(12756 12858 12859 12757)
4(12856 12857 12859 12858)
4(12758 12860 12861 12759)
4(12858 12859 12861 12860)
4(12760 12862 12863 12761)
4(12860 12861 12863 12862)
4(12762 12864 12865 12763)
4(12862 12863 12865 12864)
4(12764 12866 12867 12765)
4(12864 12865 12867 12866)
4(12766 12868 12869 12767)
4(12866 12867 12869 12868)
4(12768 12870 12871 12769)
4(12868 12869 12871 12870)
4(12770 12872 12873 12771)
4(12870 12871 12873 12872)
4(12772 12874 12875 12773)
4(12872 12873 12875 12874)
4(12774 12876 12877 12775)
4(12874 12875 12877 12876)
4(12776 12878 12879 12777)
4(12876 12877 12879 12878)
4(12778 12880 12881 12779)
4(12878 12879 12881 12880)
4(12780 12882 12883 12781)
4(12880 12881 12883 12882)
4(12782 12884 12885 12783)
4(12882 12883 12885 12884)
4(12784 12886 12887 12785)
4(12884 12885 12887 12886)
4(12786 12888 12889 12787)
4(12886 12887 12889 12888)
4(12788 12890 12891 12789)
4(12888 12889 12891 12890)
4(12790 12892 12893 12791)
4(12890 12891 12893 12892)
4(12792 12894 12895 12793)
4(12892 12893 12895 12894)
4(12794 12896 12897 12795)
4(12894 12895 12897 12896)
4(12796 12898 12899 12797)
4(12896 12897 12899 12898)
4(12798 12900 12901 12799)
4(12898 12899 12901 12900)
4(12800 12902 12903 12801)
4(12900 12901 12903 12902)
4(12802 12904 12905 12803)
4(12902 12903 12905 12904)
4(12804 12906 12907 12805)
4(12904 12905 12907 12906)
4(12806 12908 12909 12807)
4(12906 12907 12909 12908)
4(12808 12910 12911 12809)
4(12908 12909 12911 12910)
4(12810 12912 12913 12811)
4(12910 12911 12913 12912)
4(12812 12914 12915 12813)
4(12912 12913 12915 12914)
4(12814 12916 12917 12815)
4(12914 12915 12917 12916)
4(12816 12918 12919 12817)
4(12916 12917 12919 12918)
4(12818 12920 12921 12819)
4(12918 12919 12921 12920)
4(12820 12922 12923 12821)
4(12920 12921 12923 12922)
4(12822 12924 12925 12823)
4(12922 12923 12925 12924)
4(12824 12926 12927 12825)
4(12924 12925 12927 12926)
4(12826 12928 12929 12827)
4(12926 12927 12929 12928)
4(12828 12930 12931 12829)
4(12928 12929 12931 12930)
4(12830 12932 12933 12831)
4(12930 12931 12933 12932)
4(12832 12934 12935 12833)
4(12932 12933 12935 12934)
4(12834 12936 12937 12835)
4(12934 12935 12937 12936)
4(12836 12938 12939 12837)
4(12936 12937 12939 12938)
4(12838 12940 12941 12839)
4(12938 12939 12941 12940)
4(12840 12942 12943 12841)
4(12940 12941 12943 12942)
4(12842 12944 12945 12843)
4(12942 12943 12945 12944)
4(12844 12946 12947 12845)
4(12944 12945 12947 12946)
4(12846 12948 12949 12847)
4(12946 12947 12949 12948)
4(12848 12950 12951 12849)
4(12948 12949 12951 12950)
4(12950 12951 12953 12952)
4(12854 12956 12957 12855)
4(12954 12955 12957 12956)
4(12856 12958 12959 12857)
4(12956 12957 12959 12958)
4(12858 12960 12961 12859)
4(12958 12959 12961 12960)
4(12860 12962 12963 12861)
4(12960 12961 12963 12962)
4(12862 12964 12965 12863)
4(12962 12963 12965 12964)
4(12864 12966 12967 12865)
4(12964 12965 12967 12966)
4(12866 12968 12969 12867)
4(12966 12967 12969 12968)
4(12868 12970 12971 12869)
4(12968 12969 12971 12970)
4(12870 12972 12973 12871)
4(12970 12971 12973 12972)
4(12872 12974 12975 12873)
4(12972 12973 12975 12974)
4(12874 12976 12977 12875)
4(12974 12975 12977 12976)
4(12876 12978 12979 12877)
4(12976 12977 12979 12978)
4(12878 12980 12981 12879)
4(12978 12979 12981 12980)
4(12880 12982 12983 12881)
4(12980 12981 12983 12982)
4(12882 12984 12985 12883)
4(12982 12983 12985 12984)
4(12884 12986 12987 12885)
4(12984 12985 12987 12986)
4(12886 12988 12989 12887)
4(12986 12987 12989 12988)
4(12888 12990 12991 12889)
4(12988 12989 12991 12990)
4(12890 12992 12993 12891)
4(12990 12991 12993 12992)
4(12892 12994 12995 12893)
4(12992 12993 12995 12994)
4(12894 12996 12997 12895)
4(12994 12995 12997 12996)
4(12896 12998 12999 12897)
4(12996 12997 12999 12998)
4(12898 13000 13001 12899)
4(12998 12999 13001 13000)
4(12900 13002 13003 12901)
4(13000 13001 13003 13002)
4(12902 13004 13005 12903)
4(13002 13003 13005 13004)
4(12904 13006 13007 12905)
4(13004 13005 13007 13006)
4(12906 13008 13009 12907)
4(13006 13007 13009 13008)
4(12908 13010 13011 12909)
4(13008 13009 13011 13010)
4(12910 13012 13013 12911)
4(13010 13011 13013 13012)
4(12912 13014 13015 12913)
4(13012 13013 13015 13014)
4(12914 13016 13017 12915)
4(13014 13015 13017 13016)
4(12916 13018 13019 12917)
4(13016 13017 13019 13018)
4(12918 13020 13021 12919)
4(13018 13019 13021 13020)
4(12920 13022 13023 12921)
4(13020 13021 13023 13022)
4(12922 13024 13025 12923)
4(13022 13023 13025 13024)
4(12924 13026 13027 12925)
4(13024 13025 13027 13026)
4(12926 13028 13029 12927)
4(13026 13027 13029 13028)
4(12928 13030 13031 12929)
4(13028 13029 13031 13030)
4(12930 13032 13033 12931)
4(13030 13031 13033 13032)
4(12932 13034 13035 12933)
4(13032 13033 13035 13034)
4(12934 13036 13037 12935)
4(13034 13035 13037 13036)
4(12936 13038 13039 12937)
4(13036 13037 13039 13038)
4(12938 13040 13041 12939)
4(13038 13039 13041 13040)
4(12940 13042 13043 12941)
4(13040 13041 13043 13042)
4(12942 13044 13045 12943)
4(13042 13043 13045 13044)
4(12944 13046 13047 12945)
4(13044 13045 13047 13046)
4(12946 13048 13049 12947)
4(13046 13047 13049 13048)
4(12948 13050 13051 12949)
4(13048 13049 13051 13050)
4(12950 13052 13053 12951)
4(13050 13051 13053 13052)
4(13052 13053 13055 13054)
4(12956 13058 13059 12957)
4(13056 13057 13059 13058)
4(12958 13060 13061 12959)
4(13058 13059 13061 13060)
4(12960 13062 13063 12961)
4(13060 13061 13063 13062)
4(12962 13064 13065 12963)
4(13062 13063 13065 13064)
4(12964 13066 13067 12965)
4(13064 13065 13067 13066)
4(12966 13068 13069 12967)
4(13066 13067 13069 13068)
4(12968 13070 13071 12969)
4(13068 13069 13071 13070)
4(12970 13072 13073 12971)
4(13070 13071 13073 13072)
4(12972 13074 13075 12973)
4(13072 13073 13075 13074)
4(12974 13076 13077 12975)
4(13074 13075 13077 13076)
4(12976 13078 13079 12977)
4(13076 13077 13079 13078)
4(12978 13080 13081 12979)
4(13078 13079 13081 13080)
4(12980 13082 13083 12981)
4(13080 13081 13083 13082)
4(12982 13084 13085 12983)
4(13082 13083 13085 13084)
4(12984 13086 13087 12985)
4(13084 13085 13087 13086)
4(12986 13088 13089 12987)
4(13086 13087 13089 13088)
4(12988 13090 13091 12989)
4(13088 13089 13091 13090)
4(12990 13092 13093 12991)
4(13090 13091 13093 13092)
4(12992 13094 13095 12993)
4(13092 13093 13095 13094)
4(12994 13096 13097 12995)
4(13094 13095 13097 13096)
4(12996 13098 13099 12997)
4(13096 13097 13099 13098)
4(12998 13100 13101 12999)
4(13098 13099 13101 13100)
4(13000 13102 13103 13001)
4(13100 13101 13103 13102)
4(13002 13104 13105 13003)
4(13102 13103 13105 13104)
4(13004 13106 13107 13005)
4(13104 13105 13107 13106)
4(13006 13108 13109 13007)
4(13106 13107 13109 13108)
4(13008 13110 13111 13009)
4(13108 13109 13111 13110)
4(13010 13112 13113 13011)
4(13110 13111 13113 13112)
4(13012 13114 13115 13013)
4(13112 13113 13115 13114)
4(13014 13116 13117 13015)
4(13114 13115 13117 13116)
4(13016 13118 13119 13017)
4(13116 13117 13119 13118)
4(13018 13120 13121 13019)
4(13118 13119 13121 13120)
4(13020 13122 13123 13021)
4(13120 13121 13123 13122)
4(13022 13124 13125 13023)
4(13122 13123 13125 13124)
4(13024 13126 13127 13025)
4(13124 13125 13127 13126)
4(13026 13128 13129 13027)
4(13126 13127 13129 13128)
4(13028 13130 13131 13029)
4(13128 13129 13131 13130)
4(13030 13132 13133 13031)
4(13130 13131 13133 13132)
4(13032 13134 13135 13033)
4(13132 13133 13135 13134)
4(13034 13136 13137 13035)
4(13134 13135 13137 13136)
4(13036 13138 13139 13037)
4(13136 13137 13139 13138)
4(13038 13140 13141 13039)
4(13138 13139 13141 13140)
4(13040 13142 13143 13041)
4(13140 13141 13143 13142)
4(13042 13144 13145 13043)
4(13142 13143 13145 13144)
4(13044 13146 13147 13045)
4(13144 13145 13147 13146)
4(13046 13148 13149 13047)
4(13146 13147 13149 13148)
4(13048 13150 13151 13049)
4(13148 13149 13151 13150)
4(13050 13152 13153 13051)
4(13150 13151 13153 13152)
4(13052 13154 13155 13053)
4(13152 13153 13155 13154)
4(13154 13155 13157 13156)
4(13058 13160 13161 13059)
4(13158 13159 13161 13160)
4(13060 13162 13163 13061)
4(13160 13161 13163 13162)
4(13062 13164 13165 13063)
4(13162 13163 13165 13164)
4(13064 13166 13167 13065)
4(13164 13165 13167 13166)
4(13066 13168 13169 13067)
4(13166 13167 13169 13168)
4(13068 13170 13171 13069)
4(13168 13169 13171 13170)
4(13070 13172 13173 13071)
4(13170 13171 13173 13172)
4(13072 13174 13175 13073)
4(13172 13173 13175 13174)
4(13074 13176 13177 13075)
4(13174 13175 13177 13176)
4(13076 13178 13179 13077)
4(13176 13177 13179 13178)
4(13078 13180 13181 13079)
4(13178 13179 13181 13180)
4(13080 13182 13183 13081)
4(13180 13181 13183 13182)
4(13082 13184 13185 13083)
4(13182 13183 13185 13184)
4(13084 13186 13187 13085)
4(13184 13185 13187 13186)
4(13086 13188 13189 13087)
4(13186 13187 13189 13188)
4(13088 13190 13191 13089)
4(13188 13189 13191 13190)
4(13090 13192 13193 13091)
4(13190 13191 13193 13192)
4(13092 13194 13195 13093)
4(13192 13193 13195 13194)
4(13094 13196 13197 13095)
4(13194 13195 13197 13196)
4(13096 13198 13199 13097)
4(13196 13197 13199 13198)
4(13098 13200 13201 13099)
4(13198 13199 13201 13200)
4(13100 13202 13203 13101)
4(13200 13201 13203 13202)
4(13102 13204 13205 13103)
4(13202 13203 13205 13204)
4(13104 13206 13207 13105)
4(13204 13205 13207 13206)
4(13106 13208 13209 13107)
4(13206 13207 13209 13208)
4(13108 13210 13211 13109)
4(13208 13209 13211 13210)
4(13110 13212 13213 13111)
4(13210 13211 13213 13212)
4(13112 13214 13215 13113)
4(13212 13213 13215 13214)
4(13114 13216 13217 13115)
4(13214 13215 13217 13216)
4(13116 13218 13219 13117)
4(13216 13217 13219 13218)
4(13118 13220 13221 13119)
4(13218 13219 13221 13220)
4(13120 13222 13223 13121)
4(13220 13221 13223 13222)
4(13122 13224 13225 13123)
4(13222 13223 13225 13224)
4(13124 13226 13227 13125)
4(13224 13225 13227 13226)
4(13126 13228 13229 13127)
4(13226 13227 13229 13228)
4(13128 13230 13231 13129)
4(13228 13229 13231 13230)
4(13130 13232 13233 13131)
4(13230 13231 13233 13232)
4(13132 13234 13235 13133)
4(13232 13233 13235 13234)
4(13134 13236 13237 13135)
4(13234 13235 13237 13236)
4(13136 13238 13239 13137)
4(13236 13237 13239 13238)
4(13138 13240 13241 13139)
4(13238 13239 13241 13240)
4(13140 13242 13243 13141)
4(13240 13241 13243 13242)
4(13142 13244 13245 13143)
4(13242 13243 13245 13244)
4(13144 13246 13247 13145)
4(13244 13245 13247 13246)
4(13146 13248 13249 13147)
4(13246 13247 13249 13248)
4(13148 13250 13251 13149)
4(13248 13249 13251 13250)
4(13150 13252 13253 13151)
4(13250 13251 13253 13252)
4(13152 13254 13255 13153)
4(13252 13253 13255 13254)
4(13154 13256 13257 13155)
4(13254 13255 13257 13256)
4(13256 13257 13259 13258)
4(13160 13262 13263 13161)
4(13260 13261 13263 13262)
4(13162 13264 13265 13163)
4(13262 13263 13265 13264)
4(13164 13266 13267 13165)
4(13264 13265 13267 13266)
4(13166 13268 13269 13167)
4(13266 13267 13269 13268)
4(13168 13270 13271 13169)
4(13268 13269 13271 13270)
4(13170 13272 13273 13171)
4(13270 13271 13273 13272)
4(13172 13274 13275 13173)
4(13272 13273 13275 13274)
4(13174 13276 13277 13175)
4(13274 13275 13277 13276)
4(13176 13278 13279 13177)
4(13276 13277 13279 13278)
4(13178 13280 13281 13179)
4(13278 13279 13281 13280)
4(13180 13282 13283 13181)
4(13280 13281 13283 13282)
4(13182 13284 13285 13183)
4(13282 13283 13285 13284)
4(13184 13286 13287 13185)
4(13284 13285 13287 13286)
4(13186 13288 13289 13187)
4(13286 13287 13289 13288)
4(13188 13290 13291 13189)
4(13288 13289 13291 13290)
4(13190 13292 13293 13191)
4(13290 13291 13293 13292)
4(13192 13294 13295 13193)
4(13292 13293 13295 13294)
4(13194 13296 13297 13195)
4(13294 13295 13297 13296)
4(13196 13298 13299 13197)
4(13296 13297 13299 13298)
4(13198 13300 13301 13199)
4(13298 13299 13301 13300)
4(13200 13302 13303 13201)
4(13300 13301 13303 13302)
4(13202 13304 13305 13203)
4(13302 13303 13305 13304)
4(13204 13306 13307 13205)
4(13304 13305 13307 13306)
4(13206 13308 13309 13207)
4(13306 13307 13309 13308)
4(13208 13310 13311 13209)
4(13308 13309 13311 13310)
4(13210 13312 13313 13211)
4(13310 13311 13313 13312)
4(13212 13314 13315 13213)
4(13312 13313 13315 13314)
4(13214 13316 13317 13215)
4(13314 13315 13317 13316)
4(13216 13318 13319 13217)
4(13316 13317 13319 13318)
4(13218 13320 13321 13219)
4(13318 13319 13321 13320)
4(13220 13322 13323 13221)
4(13320 13321 13323 13322)
4(13222 13324 13325 13223)
4(13322 13323 13325 13324)
4(13224 13326 13327 13225)
4(13324 13325 13327 13326)
4(13226 13328 13329 13227)
4(13326 13327 13329 13328)
4(13228 13330 13331 13229)
4(13328 13329 13331 13330)
4(13230 13332 13333 13231)
4(13330 13331 13333 13332)
4(13232 13334 13335 13233)
4(13332 13333 13335 13334)
4(13234 13336 13337 13235)
4(13334 13335 13337 13336)
4(13236 13338 13339 13237)
4(13336 13337 13339 13338)
4(13238 13340 13341 13239)
4(13338 13339 13341 13340)
4(13240 13342 13343 13241)
4(13340 13341 13343 13342)
4(13242 13344 13345 13243)
4(13342 13343 13345 13344)
4(13244 13346 13347 13245)
4(13344 13345 13347 13346)
4(13246 13348 13349 13247)
4(13346 13347 13349 13348)
4(13248 13350 13351 13249)
4(13348 13349 13351 13350)
4(13250 13352 13353 13251)
4(13350 13351 13353 13352)
4(13252 13354 13355 13253)
4(13352 13353 13355 13354)
4(13254 13356 13357 13255)
4(13354 13355 13357 13356)
4(13256 13358 13359 13257)
4(13356 13357 13359 13358)
4(13358 13359 13361 13360)
4(13262 13364 13365 13263)
4(13362 13363 13365 13364)
4(13264 13366 13367 13265)
4(13364 13365 13367 13366)
4(13266 13368 13369 13267)
4(13366 13367 13369 13368)
4(13268 13370 13371 13269)
4(13368 13369 13371 13370)
4(13270 13372 13373 13271)
4(13370 13371 13373 13372)
4(13272 13374 13375 13273)
4(13372 13373 13375 13374)
4(13274 13376 13377 13275)
4(13374 13375 13377 13376)
4(13276 13378 13379 13277)
4(13376 13377 13379 13378)
4(13278 13380 13381 13279)
4(13378 13379 13381 13380)
4(13280 13382 13383 13281)
4(13380 13381 13383 13382)
4(13282 13384 13385 13283)
4(13382 13383 13385 13384)
4(13284 13386 13387 13285)
4(13384 13385 13387 13386)
4(13286 13388 13389 13287)
4(13386 13387 13389 13388)
4(13288 13390 13391 13289)
4(13388 13389 13391 13390)
4(13290 13392 13393 13291)
4(13390 13391 13393 13392)
4(13292 13394 13395 13293)
4(13392 13393 13395 13394)
4(13294 13396 13397 13295)
4(13394 13395 13397 13396)
4(13296 13398 13399 13297)
4(13396 13397 13399 13398)
4(13298 13400 13401 13299)
4(13398 13399 13401 13400)
4(13300 13402 13403 13301)
4(13400 13401 13403 13402)
4(13302 13404 13405 13303)
4(13402 13403 13405 13404)
4(13304 13406 13407 13305)
4(13404 13405 13407 13406)
4(13306 13408 13409 13307)
4(13406 13407 13409 13408)
4(13308 13410 13411 13309)
4(13408 13409 13411 13410)
4(13310 13412 13413 13311)
4(13410 13411 13413 13412)
4(13312 13414 13415 13313)
4(13412 13413 13415 13414)
4(13314 13416 13417 13315)
4(13414 13415 13417 13416)
4(13316 13418 13419 13317)
4(13416 13417 13419 13418)
4(13318 13420 13421 13319)
4(13418 13419 13421 13420)
4(13320 13422 13423 13321)
4(13420 13421 13423 13422)
4(13322 13424 13425 13323)
4(13422 13423 13425 13424)
4(13324 13426 13427 13325)
4(13424 13425 13427 13426)
4(13326 13428 13429 13327)
4(13426 13427 13429 13428)
4(13328 13430 13431 13329)
4(13428 13429 13431 13430)
4(13330 13432 13433 13331)
4(13430 13431 13433 13432)
4(13332 13434 13435 13333)
4(13432 13433 13435 13434)
4(13334 13436 13437 13335)
4(13434 13435 13437 13436)
4(13336 13438 13439 13337)
4(13436 13437 13439 13438)
4(13338 13440 13441 13339)
4(13438 13439 13441 13440)
4(13340 13442 13443 13341)
4(13440 13441 13443 13442)
4(13342 13444 13445 13343)
4(13442 13443 13445 13444)
4(13344 13446 13447 13345)
4(13444 13445 13447 13446)
4(13346 13448 13449 13347)
4(13446 13447 13449 13448)
4(13348 13450 13451 13349)
4(13448 13449 13451 13450)
4(13350 13452 13453 13351)
4(13450 13451 13453 13452)
4(13352 13454 13455 13353)
4(13452 13453 13455 13454)
4(13354 13456 13457 13355)
4(13454 13455 13457 13456)
4(13356 13458 13459 13357)
4(13456 13457 13459 13458)
4(13358 13460 13461 13359)
4(13458 13459 13461 13460)
4(13460 13461 13463 13462)
4(13364 13466 13467 13365)
4(13464 13465 13467 13466)
4(13366 13468 13469 13367)
4(13466 13467 13469 13468)
4(13368 13470 13471 13369)
4(13468 13469 13471 13470)
4(13370 13472 13473 13371)
4(13470 13471 13473 13472)
4(13372 13474 13475 13373)
4(13472 13473 13475 13474)
4(13374 13476 13477 13375)
4(13474 13475 13477 13476)
4(13376 13478 13479 13377)
4(13476 13477 13479 13478)
4(13378 13480 13481 13379)
4(13478 13479 13481 13480)
4(13380 13482 13483 13381)
4(13480 13481 13483 13482)
4(13382 13484 13485 13383)
4(13482 13483 13485 13484)
4(13384 13486 13487 13385)
4(13484 13485 13487 13486)
4(13386 13488 13489 13387)
4(13486 13487 13489 13488)
4(13388 13490 13491 13389)
4(13488 13489 13491 13490)
4(13390 13492 13493 13391)
4(13490 13491 13493 13492)
4(13392 13494 13495 13393)
4(13492 13493 13495 13494)
4(13394 13496 13497 13395)
4(13494 13495 13497 13496)
4(13396 13498 13499 13397)
4(13496 13497 13499 13498)
4(13398 13500 13501 13399)
4(13498 13499 13501 13500)
4(13400 13502 13503 13401)
4(13500 13501 13503 13502)
4(13402 13504 13505 13403)
4(13502 13503 13505 13504)
4(13404 13506 13507 13405)
4(13504 13505 13507 13506)
4(13406 13508 13509 13407)
4(13506 13507 13509 13508)
4(13408 13510 13511 13409)
4(13508 13509 13511 13510)
4(13410 13512 13513 13411)
4(13510 13511 13513 13512)
4(13412 13514 13515 13413)
4(13512 13513 13515 13514)
4(13414 13516 13517 13415)
4(13514 13515 13517 13516)
4(13416 13518 13519 13417)
4(13516 13517 13519 13518)
4(13418 13520 13521 13419)
4(13518 13519 13521 13520)
4(13420 13522 13523 13421)
4(13520 13521 13523 13522)
4(13422 13524 13525 13423)
4(13522 13523 13525 13524)
4(13424 13526 13527 13425)
4(13524 13525 13527 13526)
4(13426 13528 13529 13427)
4(13526 13527 13529 13528)
4(13428 13530 13531 13429)
4(13528 13529 13531 13530)
4(13430 13532 13533 13431)
4(13530 13531 13533 13532)
4(13432 13534 13535 13433)
4(13532 13533 13535 13534)
4(13434 13536 13537 13435)
4(13534 13535 13537 13536)
4(13436 13538 13539 13437)
4(13536 13537 13539 13538)
4(13438 13540 13541 13439)
4(13538 13539 13541 13540)
4(13440 13542 13543 13441)
4(13540 13541 13543 13542)
4(13442 13544 13545 13443)
4(13542 13543 13545 13544)
4(13444 13546 13547 13445)
4(13544 13545 13547 13546)
4(13446 13548 13549 13447)
4(13546 13547 13549 13548)
4(13448 13550 13551 13449)
4(13548 13549 13551 13550)
4(13450 13552 13553 13451)
4(13550 13551 13553 13552)
4(13452 13554 13555 13453)
4(13552 13553 13555 13554)
4(13454 13556 13557 13455)
4(13554 13555 13557 13556)
4(13456 13558 13559 13457)
4(13556 13557 13559 13558)
4(13458 13560 13561 13459)
4(13558 13559 13561 13560)
4(13460 13562 13563 13461)
4(13560 13561 13563 13562)
4(13562 13563 13565 13564)
4(13466 13568 13569 13467)
4(13566 13567 13569 13568)
4(13468 13570 13571 13469)
4(13568 13569 13571 13570)
4(13470 13572 13573 13471)
4(13570 13571 13573 13572)
4(13472 13574 13575 13473)
4(13572 13573 13575 13574)
4(13474 13576 13577 13475)
4(13574 13575 13577 13576)
4(13476 13578 13579 13477)
4(13576 13577 13579 13578)
4(13478 13580 13581 13479)
4(13578 13579 13581 13580)
4(13480 13582 13583 13481)
4(13580 13581 13583 13582)
4(13482 13584 13585 13483)
4(13582 13583 13585 13584)
4(13484 13586 13587 13485)
4(13584 13585 13587 13586)
4(13486 13588 13589 13487)
4(13586 13587 13589 13588)
4(13488 13590 13591 13489)
4(13588 13589 13591 13590)
4(13490 13592 13593 13491)
4(13590 13591 13593 13592)
4(13492 13594 13595 13493)
4(13592 13593 13595 13594)
4(13494 13596 13597 13495)
4(13594 13595 13597 13596)
4(13496 13598 13599 13497)
4(13596 13597 13599 13598)
4(13498 13600 13601 13499)
4(13598 13599 13601 13600)
4(13500 13602 13603 13501)
4(13600 13601 13603 13602)
4(13502 13604 13605 13503)
4(13602 13603 13605 13604)
4(13504 13606 13607 13505)
4(13604 13605 13607 13606)
4(13506 13608 13609 13507)
4(13606 13607 13609 13608)
4(13508 13610 13611 13509)
4(13608 13609 13611 13610)
4(13510 13612 13613 13511)
4(13610 13611 13613 13612)
4(13512 13614 13615 13513)
4(13612 13613 13615 13614)
4(13514 13616 13617 13515)
4(13614 13615 13617 13616)
4(13516 13618 13619 13517)
4(13616 13617 13619 13618)
4(13518 13620 13621 13519)
4(13618 13619 13621 13620)
4(13520 13622 13623 13521)
4(13620 13621 13623 13622)
4(13522 13624 13625 13523)
4(13622 13623 13625 13624)
4(13524 13626 13627 13525)
4(13624 13625 13627 13626)
4(13526 13628 13629 13527)
4(13626 13627 13629 13628)
4(13528 13630 13631 13529)
4(13628 13629 13631 13630)
4(13530 13632 13633 13531)
4(13630 13631 13633 13632)
4(13532 13634 13635 13533)
4(13632 13633 13635 13634)
4(13534 13636 13637 13535)
4(13634 13635 13637 13636)
4(13536 13638 13639 13537)
4(13636 13637 13639 13638)
4(13538 13640 13641 13539)
4(13638 13639 13641 13640)
4(13540 13642 13643 13541)
4(13640 13641 13643 13642)
4(13542 13644 13645 13543)
4(13642 13643 13645 13644)
4(13544 13646 13647 13545)
4(13644 13645 13647 13646)
4(13546 13648 13649 13547)
4(13646 13647 13649 13648)
4(13548 13650 13651 13549)
4(13648 13649 13651 13650)
4(13550 13652 13653 13551)
4(13650 13651 13653 13652)
4(13552 13654 13655 13553)
4(13652 13653 13655 13654)
4(13554 13656 13657 13555)
4(13654 13655 13657 13656)
4(13556 13658 13659 13557)
4(13656 13657 13659 13658)
4(13558 13660 13661 13559)
4(13658 13659 13661 13660)
4(13560 13662 13663 13561)
4(13660 13661 13663 13662)
4(13562 13664 13665 13563)
4(13662 13663 13665 13664)
4(13664 13665 13667 13666)
4(13568 13670 13671 13569)
4(13668 13669 13671 13670)
4(13570 13672 13673 13571)
4(13670 13671 13673 13672)
4(13572 13674 13675 13573)
4(13672 13673 13675 13674)
4(13574 13676 13677 13575)
4(13674 13675 13677 13676)
4(13576 13678 13679 13577)
4(13676 13677 13679 13678)
4(13578 13680 13681 13579)
4(13678 13679 13681 13680)
4(13580 13682 13683 13581)
4(13680 13681 13683 13682)
4(13582 13684 13685 13583)
4(13682 13683 13685 13684)
4(13584 13686 13687 13585)
4(13684 13685 13687 13686)
4(13586 13688 13689 13587)
4(13686 13687 13689 13688)
4(13588 13690 13691 13589)
4(13688 13689 13691 13690)
4(13590 13692 13693 13591)
4(13690 13691 13693 13692)
4(13592 13694 13695 13593)
4(13692 13693 13695 13694)
4(13594 13696 13697 13595)
4(13694 13695 13697 13696)
4(13596 13698 13699 13597)
4(13696 13697 13699 13698)
4(13598 13700 13701 13599)
4(13698 13699 13701 13700)
4(13600 13702 13703 13601)
4(13700 13701 13703 13702)
4(13602 13704 13705 13603)
4(13702 13703 13705 13704)
4(13604 13706 13707 13605)
4(13704 13705 13707 13706)
4(13606 13708 13709 13607)
4(13706 13707 13709 13708)
4(13608 13710 13711 13609)
4(13708 13709 13711 13710)
4(13610 13712 13713 13611)
4(13710 13711 13713 13712)
4(13612 13714 13715 13613)
4(13712 13713 13715 13714)
4(13614 13716 13717 13615)
4(13714 13715 13717 13716)
4(13616 13718 13719 13617)
4(13716 13717 13719 13718)
4(13618 13720 13721 13619)
4(13718 13719 13721 13720)
4(13620 13722 13723 13621)
4(13720 13721 13723 13722)
4(13622 13724 13725 13623)
4(13722 13723 13725 13724)
4(13624 13726 13727 13625)
4(13724 13725 13727 13726)
4(13626 13728 13729 13627)
4(13726 13727 13729 13728)
4(13628 13730 13731 13629)
4(13728 13729 13731 13730)
4(13630 13732 13733 13631)
4(13730 13731 13733 13732)
4(13632 13734 13735 13633)
4(13732 13733 13735 13734)
4(13634 13736 13737 13635)
4(13734 13735 13737 13736)
4(13636 13738 13739 13637)
4(13736 13737 13739 13738)
4(13638 13740 13741 13639)
4(13738 13739 13741 13740)
4(13640 13742 13743 13641)
4(13740 13741 13743 13742)
4(13642 13744 13745 13643)
4(13742 13743 13745 13744)
4(13644 13746 13747 13645)
4(13744 13745 13747 13746)
4(13646 13748 13749 13647)
4(13746 13747 13749 13748)
4(13648 13750 13751 13649)
4(13748 13749 13751 13750)
4(13650 13752 13753 13651)
4(13750 13751 13753 13752)
4(13652 13754 13755 13653)
4(13752 13753 13755 13754)
4(13654 13756 13757 13655)
4(13754 13755 13757 13756)
4(13656 13758 13759 13657)
4(13756 13757 13759 13758)
4(13658 13760 13761 13659)
4(13758 13759 13761 13760)
4(13660 13762 13763 13661)
4(13760 13761 13763 13762)
4(13662 13764 13765 13663)
4(13762 13763 13765 13764)
4(13664 13766 13767 13665)
4(13764 13765 13767 13766)
4(13766 13767 13769 13768)
4(13670 13772 13773 13671)
4(13770 13771 13773 13772)
4(13672 13774 13775 13673)
4(13772 13773 13775 13774)
4(13674 13776 13777 13675)
4(13774 13775 13777 13776)
4(13676 13778 13779 13677)
4(13776 13777 13779 13778)
4(13678 13780 13781 13679)
4(13778 13779 13781 13780)
4(13680 13782 13783 13681)
4(13780 13781 13783 13782)
4(13682 13784 13785 13683)
4(13782 13783 13785 13784)
4(13684 13786 13787 13685)
4(13784 13785 13787 13786)
4(13686 13788 13789 13687)
4(13786 13787 13789 13788)
4(13688 13790 13791 13689)
4(13788 13789 13791 13790)
4(13690 13792 13793 13691)
4(13790 13791 13793 13792)
4(13692 13794 13795 13693)
4(13792 13793 13795 13794)
4(13694 13796 13797 13695)
4(13794 13795 13797 13796)
4(13696 13798 13799 13697)
4(13796 13797 13799 13798)
4(13698 13800 13801 13699)
4(13798 13799 13801 13800)
4(13700 13802 13803 13701)
4(13800 13801 13803 13802)
4(13702 13804 13805 13703)
4(13802 13803 13805 13804)
4(13704 13806 13807 13705)
4(13804 13805 13807 13806)
4(13706 13808 13809 13707)
4(13806 13807 13809 13808)
4(13708 13810 13811 13709)
4(13808 13809 13811 13810)
4(13710 13812 13813 13711)
4(13810 13811 13813 13812)
4(13712 13814 13815 13713)
4(13812 13813 13815 13814)
4(13714 13816 13817 13715)
4(13814 13815 13817 13816)
4(13716 13818 13819 13717)
4(13816 13817 13819 13818)
4(13718 13820 13821 13719)
4(13818 13819 13821 13820)
4(13720 13822 13823 13721)
4(13820 13821 13823 13822)
4(13722 13824 13825 13723)
4(13822 13823 13825 13824)
4(13724 13826 13827 13725)
4(13824 13825 13827 13826)
4(13726 13828 13829 13727)
4(13826 13827 13829 13828)
4(13728 13830 13831 13729)
4(13828 13829 13831 13830)
4(13730 13832 13833 13731)
4(13830 13831 13833 13832)
4(13732 13834 13835 13733)
4(13832 13833 13835 13834)
4(13734 13836 13837 13735)
4(13834 13835 13837 13836)
4(13736 13838 13839 13737)
4(13836 13837 13839 13838)
4(13738 13840 13841 13739)
4(13838 13839 13841 13840)
4(13740 13842 13843 13741)
4(13840 13841 13843 13842)
4(13742 13844 13845 13743)
4(13842 13843 13845 13844)
4(13744 13846 13847 13745)
4(13844 13845 13847 13846)
4(13746 13848 13849 13747)
4(13846 13847 13849 13848)
4(13748 13850 13851 13749)
4(13848 13849 13851 13850)
4(13750 13852 13853 13751)
4(13850 13851 13853 13852)
4(13752 13854 13855 13753)
4(13852 13853 13855 13854)
4(13754 13856 13857 13755)
4(13854 13855 13857 13856)
4(13756 13858 13859 13757)
4(13856 13857 13859 13858)
4(13758 13860 13861 13759)
4(13858 13859 13861 13860)
4(13760 13862 13863 13761)
4(13860 13861 13863 13862)
4(13762 13864 13865 13763)
4(13862 13863 13865 13864)
4(13764 13866 13867 13765)
4(13864 13865 13867 13866)
4(13766 13868 13869 13767)
4(13866 13867 13869 13868)
4(13868 13869 13871 13870)
4(13772 13874 13875 13773)
4(13872 13873 13875 13874)
4(13774 13876 13877 13775)
4(13874 13875 13877 13876)
4(13776 13878 13879 13777)
4(13876 13877 13879 13878)
4(13778 13880 13881 13779)
4(13878 13879 13881 13880)
4(13780 13882 13883 13781)
4(13880 13881 13883 13882)
4(13782 13884 13885 13783)
4(13882 13883 13885 13884)
4(13784 13886 13887 13785)
4(13884 13885 13887 13886)
4(13786 13888 13889 13787)
4(13886 13887 13889 13888)
4(13788 13890 13891 13789)
4(13888 13889 13891 13890)
4(13790 13892 13893 13791)
4(13890 13891 13893 13892)
4(13792 13894 13895 13793)
4(13892 13893 13895 13894)
4(13794 13896 13897 13795)
4(13894 13895 13897 13896)
4(13796 13898 13899 13797)
4(13896 13897 13899 13898)
4(13798 13900 13901 13799)
4(13898 13899 13901 13900)
4(13800 13902 13903 13801)
4(13900 13901 13903 13902)
4(13802 13904 13905 13803)
4(13902 13903 13905 13904)
4(13804 13906 13907 13805)
4(13904 13905 13907 13906)
4(13806 13908 13909 13807)
4(13906 13907 13909 13908)
4(13808 13910 13911 13809)
4(13908 13909 13911 13910)
4(13810 13912 13913 13811)
4(13910 13911 13913 13912)
4(13812 13914 13915 13813)
4(13912 13913 13915 13914)
4(13814 13916 13917 13815)
4(13914 13915 13917 13916)
4(13816 13918 13919 13817)
4(13916 13917 13919 13918)
4(13818 13920 13921 13819)
4(13918 13919 13921 13920)
4(13820 13922 13923 13821)
4(13920 13921 13923 13922)
4(13822 13924 13925 13823)
4(13922 13923 13925 13924)
4(13824 13926 13927 13825)
4(13924 13925 13927 13926)
4(13826 13928 13929 13827)
4(13926 13927 13929 13928)
4(13828 13930 13931 13829)
4(13928 13929 13931 13930)
4(13830 13932 13933 13831)
4(13930 13931 13933 13932)
4(13832 13934 13935 13833)
4(13932 13933 13935 13934)
4(13834 13936 13937 13835)
4(13934 13935 13937 13936)
4(13836 13938 13939 13837)
4(13936 13937 13939 13938)
4(13838 13940 13941 13839)
4(13938 13939 13941 13940)
4(13840 13942 13943 13841)
4(13940 13941 13943 13942)
4(13842 13944 13945 13843)
4(13942 13943 13945 13944)
4(13844 13946 13947 13845)
4(13944 13945 13947 13946)
4(13846 13948 13949 13847)
4(13946 13947 13949 13948)
4(13848 13950 13951 13849)
4(13948 13949 13951 13950)
4(13850 13952 13953 13851)
4(13950 13951 13953 13952)
4(13852 13954 13955 13853)
4(13952 13953 13955 13954)
4(13854 13956 13957 13855)
4(13954 13955 13957 13956)
4(13856 13958 13959 13857)
4(13956 13957 13959 13958)
4(13858 13960 13961 13859)
4(13958 13959 13961 13960)
4(13860 13962 13963 13861)
4(13960 13961 13963 13962)
4(13862 13964 13965 13863)
4(13962 13963 13965 13964)
4(13864 13966 13967 13865)
4(13964 13965 13967 13966)
4(13866 13968 13969 13867)
4(13966 13967 13969 13968)
4(13868 13970 13971 13869)
4(13968 13969 13971 13970)
4(13970 13971 13973 13972)
4(13874 13976 13977 13875)
4(13974 13975 13977 13976)
4(13876 13978 13979 13877)
4(13976 13977 13979 13978)
4(13878 13980 13981 13879)
4(13978 13979 13981 13980)
4(13880 13982 13983 13881)
4(13980 13981 13983 13982)
4(13882 13984 13985 13883)
4(13982 13983 13985 13984)
4(13884 13986 13987 13885)
4(13984 13985 13987 13986)
4(13886 13988 13989 13887)
4(13986 13987 13989 13988)
4(13888 13990 13991 13889)
4(13988 13989 13991 13990)
4(13890 13992 13993 13891)
4(13990 13991 13993 13992)
4(13892 13994 13995 13893)
4(13992 13993 13995 13994)
4(13894 13996 13997 13895)
4(13994 13995 13997 13996)
4(13896 13998 13999 13897)
4(13996 13997 13999 13998)
4(13898 14000 14001 13899)
4(13998 13999 14001 14000)
4(13900 14002 14003 13901)
4(14000 14001 14003 14002)
4(13902 14004 14005 13903)
4(14002 14003 14005 14004)
4(13904 14006 14007 13905)
4(14004 14005 14007 14006)
4(13906 14008 14009 13907)
4(14006 14007 14009 14008)
4(13908 14010 14011 13909)
4(14008 14009 14011 14010)
4(13910 14012 14013 13911)
4(14010 14011 14013 14012)
4(13912 14014 14015 13913)
4(14012 14013 14015 14014)
4(13914 14016 14017 13915)
4(14014 14015 14017 14016)
4(13916 14018 14019 13917)
4(14016 14017 14019 14018)
4(13918 14020 14021 13919)
4(14018 14019 14021 14020)
4(13920 14022 14023 13921)
4(14020 14021 14023 14022)
4(13922 14024 14025 13923)
4(14022 14023 14025 14024)
4(13924 14026 14027 13925)
4(14024 14025 14027 14026)
4(13926 14028 14029 13927)
4(14026 14027 14029 14028)
4(13928 14030 14031 13929)
4(14028 14029 14031 14030)
4(13930 14032 14033 13931)
4(14030 14031 14033 14032)
4(13932 14034 14035 13933)
4(14032 14033 14035 14034)
4(13934 14036 14037 13935)
4(14034 14035 14037 14036)
4(13936 14038 14039 13937)
4(14036 14037 14039 14038)
4(13938 14040 14041 13939)
4(14038 14039 14041 14040)
4(13940 14042 14043 13941)
4(14040 14041 14043 14042)
4(13942 14044 14045 13943)
4(14042 14043 14045 14044)
4(13944 14046 14047 13945)
4(14044 14045 14047 14046)
4(13946 14048 14049 13947)
4(14046 14047 14049 14048)
4(13948 14050 14051 13949)
4(14048 14049 14051 14050)
4(13950 14052 14053 13951)
4(14050 14051 14053 14052)
4(13952 14054 14055 13953)
4(14052 14053 14055 14054)
4(13954 14056 14057 13955)
4(14054 14055 14057 14056)
4(13956 14058 14059 13957)
4(14056 14057 14059 14058)
4(13958 14060 14061 13959)
4(14058 14059 14061 14060)
4(13960 14062 14063 13961)
4(14060 14061 14063 14062)
4(13962 14064 14065 13963)
4(14062 14063 14065 14064)
4(13964 14066 14067 13965)
4(14064 14065 14067 14066)
4(13966 14068 14069 13967)
4(14066 14067 14069 14068)
4(13968 14070 14071 13969)
4(14068 14069 14071 14070)
4(13970 14072 14073 13971)
4(14070 14071 14073 14072)
4(14072 14073 14075 14074)
4(13976 14078 14079 13977)
4(14076 14077 14079 14078)
4(13978 14080 14081 13979)
4(14078 14079 14081 14080)
4(13980 14082 14083 13981)
4(14080 14081 14083 14082)
4(13982 14084 14085 13983)
4(14082 14083 14085 14084)
4(13984 14086 14087 13985)
4(14084 14085 14087 14086)
4(13986 14088 14089 13987)
4(14086 14087 14089 14088)
4(13988 14090 14091 13989)
4(14088 14089 14091 14090)
4(13990 14092 14093 13991)
4(14090 14091 14093 14092)
4(13992 14094 14095 13993)
4(14092 14093 14095 14094)
4(13994 14096 14097 13995)
4(14094 14095 14097 14096)
4(13996 14098 14099 13997)
4(14096 14097 14099 14098)
4(13998 14100 14101 13999)
4(14098 14099 14101 14100)
4(14000 14102 14103 14001)
4(14100 14101 14103 14102)
4(14002 14104 14105 14003)
4(14102 14103 14105 14104)
4(14004 14106 14107 14005)
4(14104 14105 14107 14106)
4(14006 14108 14109 14007)
4(14106 14107 14109 14108)
4(14008 14110 14111 14009)
4(14108 14109 14111 14110)
4(14010 14112 14113 14011)
4(14110 14111 14113 14112)
4(14012 14114 14115 14013)
4(14112 14113 14115 14114)
4(14014 14116 14117 14015)
4(14114 14115 14117 14116)
4(14016 14118 14119 14017)
4(14116 14117 14119 14118)
4(14018 14120 14121 14019)
4(14118 14119 14121 14120)
4(14020 14122 14123 14021)
4(14120 14121 14123 14122)
4(14022 14124 14125 14023)
4(14122 14123 14125 14124)
4(14024 14126 14127 14025)
4(14124 14125 14127 14126)
4(14026 14128 14129 14027)
4(14126 14127 14129 14128)
4(14028 14130 14131 14029)
4(14128 14129 14131 14130)
4(14030 14132 14133 14031)
4(14130 14131 14133 14132)
4(14032 14134 14135 14033)
4(14132 14133 14135 14134)
4(14034 14136 14137 14035)
4(14134 14135 14137 14136)
4(14036 14138 14139 14037)
4(14136 14137 14139 14138)
4(14038 14140 14141 14039)
4(14138 14139 14141 14140)
4(14040 14142 14143 14041)
4(14140 14141 14143 14142)
4(14042 14144 14145 14043)
4(14142 14143 14145 14144)
4(14044 14146 14147 14045)
4(14144 14145 14147 14146)
4(14046 14148 14149 14047)
4(14146 14147 14149 14148)
4(14048 14150 14151 14049)
4(14148 14149 14151 14150)
4(14050 14152 14153 14051)
4(14150 14151 14153 14152)
4(14052 14154 14155 14053)
4(14152 14153 14155 14154)
4(14054 14156 14157 14055)
4(14154 14155 14157 14156)
4(14056 14158 14159 14057)
4(14156 14157 14159 14158)
4(14058 14160 14161 14059)
4(14158 14159 14161 14160)
4(14060 14162 14163 14061)
4(14160 14161 14163 14162)
4(14062 14164 14165 14063)
4(14162 14163 14165 14164)
4(14064 14166 14167 14065)
4(14164 14165 14167 14166)
4(14066 14168 14169 14067)
4(14166 14167 14169 14168)
4(14068 14170 14171 14069)
4(14168 14169 14171 14170)
4(14070 14172 14173 14071)
4(14170 14171 14173 14172)
4(14072 14174 14175 14073)
4(14172 14173 14175 14174)
4(14174 14175 14177 14176)
4(14078 14180 14181 14079)
4(14178 14179 14181 14180)
4(14080 14182 14183 14081)
4(14180 14181 14183 14182)
4(14082 14184 14185 14083)
4(14182 14183 14185 14184)
4(14084 14186 14187 14085)
4(14184 14185 14187 14186)
4(14086 14188 14189 14087)
4(14186 14187 14189 14188)
4(14088 14190 14191 14089)
4(14188 14189 14191 14190)
4(14090 14192 14193 14091)
4(14190 14191 14193 14192)
4(14092 14194 14195 14093)
4(14192 14193 14195 14194)
4(14094 14196 14197 14095)
4(14194 14195 14197 14196)
4(14096 14198 14199 14097)
4(14196 14197 14199 14198)
4(14098 14200 14201 14099)
4(14198 14199 14201 14200)
4(14100 14202 14203 14101)
4(14200 14201 14203 14202)
4(14102 14204 14205 14103)
4(14202 14203 14205 14204)
4(14104 14206 14207 14105)
4(14204 14205 14207 14206)
4(14106 14208 14209 14107)
4(14206 14207 14209 14208)
4(14108 14210 14211 14109)
4(14208 14209 14211 14210)
4(14110 14212 14213 14111)
4(14210 14211 14213 14212)
4(14112 14214 14215 14113)
4(14212 14213 14215 14214)
4(14114 14216 14217 14115)
4(14214 14215 14217 14216)
4(14116 14218 14219 14117)
4(14216 14217 14219 14218)
4(14118 14220 14221 14119)
4(14218 14219 14221 14220)
4(14120 14222 14223 14121)
4(14220 14221 14223 14222)
4(14122 14224 14225 14123)
4(14222 14223 14225 14224)
4(14124 14226 14227 14125)
4(14224 14225 14227 14226)
4(14126 14228 14229 14127)
4(14226 14227 14229 14228)
4(14128 14230 14231 14129)
4(14228 14229 14231 14230)
4(14130 14232 14233 14131)
4(14230 14231 14233 14232)
4(14132 14234 14235 14133)
4(14232 14233 14235 14234)
4(14134 14236 14237 14135)
4(14234 14235 14237 14236)
4(14136 14238 14239 14137)
4(14236 14237 14239 14238)
4(14138 14240 14241 14139)
4(14238 14239 14241 14240)
4(14140 14242 14243 14141)
4(14240 14241 14243 14242)
4(14142 14244 14245 14143)
4(14242 14243 14245 14244)
4(14144 14246 14247 14145)
4(14244 14245 14247 14246)
4(14146 14248 14249 14147)
4(14246 14247 14249 14248)
4(14148 14250 14251 14149)
4(14248 14249 14251 14250)
4(14150 14252 14253 14151)
4(14250 14251 14253 14252)
4(14152 14254 14255 14153)
4(14252 14253 14255 14254)
4(14154 14256 14257 14155)
4(14254 14255 14257 14256)
4(14156 14258 14259 14157)
4(14256 14257 14259 14258)
4(14158 14260 14261 14159)
4(14258 14259 14261 14260)
4(14160 14262 14263 14161)
4(14260 14261 14263 14262)
4(14162 14264 14265 14163)
4(14262 14263 14265 14264)
4(14164 14266 14267 14165)
4(14264 14265 14267 14266)
4(14166 14268 14269 14167)
4(14266 14267 14269 14268)
4(14168 14270 14271 14169)
4(14268 14269 14271 14270)
4(14170 14272 14273 14171)
4(14270 14271 14273 14272)
4(14172 14274 14275 14173)
4(14272 14273 14275 14274)
4(14174 14276 14277 14175)
4(14274 14275 14277 14276)
4(14276 14277 14279 14278)
4(14180 14282 14283 14181)
4(14280 14281 14283 14282)
4(14182 14284 14285 14183)
4(14282 14283 14285 14284)
4(14184 14286 14287 14185)
4(14284 14285 14287 14286)
4(14186 14288 14289 14187)
4(14286 14287 14289 14288)
4(14188 14290 14291 14189)
4(14288 14289 14291 14290)
4(14190 14292 14293 14191)
4(14290 14291 14293 14292)
4(14192 14294 14295 14193)
4(14292 14293 14295 14294)
4(14194 14296 14297 14195)
4(14294 14295 14297 14296)
4(14196 14298 14299 14197)
4(14296 14297 14299 14298)
4(14198 14300 14301 14199)
4(14298 14299 14301 14300)
4(14200 14302 14303 14201)
4(14300 14301 14303 14302)
4(14202 14304 14305 14203)
4(14302 14303 14305 14304)
4(14204 14306 14307 14205)
4(14304 14305 14307 14306)
4(14206 14308 14309 14207)
4(14306 14307 14309 14308)
4(14208 14310 14311 14209)
4(14308 14309 14311 14310)
4(14210 14312 14313 14211)
4(14310 14311 14313 14312)
4(14212 14314 14315 14213)
4(14312 14313 14315 14314)
4(14214 14316 14317 14215)
4(14314 14315 14317 14316)
4(14216 14318 14319 14217)
4(14316 14317 14319 14318)
4(14218 14320 14321 14219)
4(14318 14319 14321 14320)
4(14220 14322 14323 14221)
4(14320 14321 14323 14322)
4(14222 14324 14325 14223)
4(14322 14323 14325 14324)
4(14224 14326 14327 14225)
4(14324 14325 14327 14326)
4(14226 14328 14329 14227)
4(14326 14327 14329 14328)
4(14228 14330 14331 14229)
4(14328 14329 14331 14330)
4(14230 14332 14333 14231)
4(14330 14331 14333 14332)
4(14232 14334 14335 14233)
4(14332 14333 14335 14334)
4(14234 14336 14337 14235)
4(14334 14335 14337 14336)
4(14236 14338 14339 14237)
4(14336 14337 14339 14338)
4(14238 14340 14341 14239)
4(14338 14339 14341 14340)
4(14240 14342 14343 14241)
4(14340 14341 14343 14342)
4(14242 14344 14345 14243)
4(14342 14343 14345 14344)
4(14244 14346 14347 14245)
4(14344 14345 14347 14346)
4(14246 14348 14349 14247)
4(14346 14347 14349 14348)
4(14248 14350 14351 14249)
4(14348 14349 14351 14350)
4(14250 14352 14353 14251)
4(14350 14351 14353 14352)
4(14252 14354 14355 14253)
4(14352 14353 14355 14354)
4(14254 14356 14357 14255)
4(14354 14355 14357 14356)
4(14256 14358 14359 14257)
4(14356 14357 14359 14358)
4(14258 14360 14361 14259)
4(14358 14359 14361 14360)
4(14260 14362 14363 14261)
4(14360 14361 14363 14362)
4(14262 14364 14365 14263)
4(14362 14363 14365 14364)
4(14264 14366 14367 14265)
4(14364 14365 14367 14366)
4(14266 14368 14369 14267)
4(14366 14367 14369 14368)
4(14268 14370 14371 14269)
4(14368 14369 14371 14370)
4(14270 14372 14373 14271)
4(14370 14371 14373 14372)
4(14272 14374 14375 14273)
4(14372 14373 14375 14374)
4(14274 14376 14377 14275)
4(14374 14375 14377 14376)
4(14276 14378 14379 14277)
4(14376 14377 14379 14378)
4(14378 14379 14381 14380)
4(14282 14384 14385 14283)
4(14382 14383 14385 14384)
4(14284 14386 14387 14285)
4(14384 14385 14387 14386)
4(14286 14388 14389 14287)
4(14386 14387 14389 14388)
4(14288 14390 14391 14289)
4(14388 14389 14391 14390)
4(14290 14392 14393 14291)
4(14390 14391 14393 14392)
4(14292 14394 14395 14293)
4(14392 14393 14395 14394)
4(14294 14396 14397 14295)
4(14394 14395 14397 14396)
4(14296 14398 14399 14297)
4(14396 14397 14399 14398)
4(14298 14400 14401 14299)
4(14398 14399 14401 14400)
4(14300 14402 14403 14301)
4(14400 14401 14403 14402)
4(14302 14404 14405 14303)
4(14402 14403 14405 14404)
4(14304 14406 14407 14305)
4(14404 14405 14407 14406)
4(14306 14408 14409 14307)
4(14406 14407 14409 14408)
4(14308 14410 14411 14309)
4(14408 14409 14411 14410)
4(14310 14412 14413 14311)
4(14410 14411 14413 14412)
4(14312 14414 14415 14313)
4(14412 14413 14415 14414)
4(14314 14416 14417 14315)
4(14414 14415 14417 14416)
4(14316 14418 14419 14317)
4(14416 14417 14419 14418)
4(14318 14420 14421 14319)
4(14418 14419 14421 14420)
4(14320 14422 14423 14321)
4(14420 14421 14423 14422)
4(14322 14424 14425 14323)
4(14422 14423 14425 14424)
4(14324 14426 14427 14325)
4(14424 14425 14427 14426)
4(14326 14428 14429 14327)
4(14426 14427 14429 14428)
4(14328 14430 14431 14329)
4(14428 14429 14431 14430)
4(14330 14432 14433 14331)
4(14430 14431 14433 14432)
4(14332 14434 14435 14333)
4(14432 14433 14435 14434)
4(14334 14436 14437 14335)
4(14434 14435 14437 14436)
4(14336 14438 14439 14337)
4(14436 14437 14439 14438)
4(14338 14440 14441 14339)
4(14438 14439 14441 14440)
4(14340 14442 14443 14341)
4(14440 14441 14443 14442)
4(14342 14444 14445 14343)
4(14442 14443 14445 14444)
4(14344 14446 14447 14345)
4(14444 14445 14447 14446)
4(14346 14448 14449 14347)
4(14446 14447 14449 14448)
4(14348 14450 14451 14349)
4(14448 14449 14451 14450)
4(14350 14452 14453 14351)
4(14450 14451 14453 14452)
4(14352 14454 14455 14353)
4(14452 14453 14455 14454)
4(14354 14456 14457 14355)
4(14454 14455 14457 14456)
4(14356 14458 14459 14357)
4(14456 14457 14459 14458)
4(14358 14460 14461 14359)
4(14458 14459 14461 14460)
4(14360 14462 14463 14361)
4(14460 14461 14463 14462)
4(14362 14464 14465 14363)
4(14462 14463 14465 14464)
4(14364 14466 14467 14365)
4(14464 14465 14467 14466)
4(14366 14468 14469 14367)
4(14466 14467 14469 14468)
4(14368 14470 14471 14369)
4(14468 14469 14471 14470)
4(14370 14472 14473 14371)
4(14470 14471 14473 14472)
4(14372 14474 14475 14373)
4(14472 14473 14475 14474)
4(14374 14476 14477 14375)
4(14474 14475 14477 14476)
4(14376 14478 14479 14377)
4(14476 14477 14479 14478)
4(14378 14480 14481 14379)
4(14478 14479 14481 14480)
4(14480 14481 14483 14482)
4(14384 14486 14487 14385)
4(14484 14485 14487 14486)
4(14386 14488 14489 14387)
4(14486 14487 14489 14488)
4(14388 14490 14491 14389)
4(14488 14489 14491 14490)
4(14390 14492 14493 14391)
4(14490 14491 14493 14492)
4(14392 14494 14495 14393)
4(14492 14493 14495 14494)
4(14394 14496 14497 14395)
4(14494 14495 14497 14496)
4(14396 14498 14499 14397)
4(14496 14497 14499 14498)
4(14398 14500 14501 14399)
4(14498 14499 14501 14500)
4(14400 14502 14503 14401)
4(14500 14501 14503 14502)
4(14402 14504 14505 14403)
4(14502 14503 14505 14504)
4(14404 14506 14507 14405)
4(14504 14505 14507 14506)
4(14406 14508 14509 14407)
4(14506 14507 14509 14508)
4(14408 14510 14511 14409)
4(14508 14509 14511 14510)
4(14410 14512 14513 14411)
4(14510 14511 14513 14512)
4(14412 14514 14515 14413)
4(14512 14513 14515 14514)
4(14414 14516 14517 14415)
4(14514 14515 14517 14516)
4(14416 14518 14519 14417)
4(14516 14517 14519 14518)
4(14418 14520 14521 14419)
4(14518 14519 14521 14520)
4(14420 14522 14523 14421)
4(14520 14521 14523 14522)
4(14422 14524 14525 14423)
4(14522 14523 14525 14524)
4(14424 14526 14527 14425)
4(14524 14525 14527 14526)
4(14426 14528 14529 14427)
4(14526 14527 14529 14528)
4(14428 14530 14531 14429)
4(14528 14529 14531 14530)
4(14430 14532 14533 14431)
4(14530 14531 14533 14532)
4(14432 14534 14535 14433)
4(14532 14533 14535 14534)
4(14434 14536 14537 14435)
4(14534 14535 14537 14536)
4(14436 14538 14539 14437)
4(14536 14537 14539 14538)
4(14438 14540 14541 14439)
4(14538 14539 14541 14540)
4(14440 14542 14543 14441)
4(14540 14541 14543 14542)
4(14442 14544 14545 14443)
4(14542 14543 14545 14544)
4(14444 14546 14547 14445)
4(14544 14545 14547 14546)
4(14446 14548 14549 14447)
4(14546 14547 14549 14548)
4(14448 14550 14551 14449)
4(14548 14549 14551 14550)
4(14450 14552 14553 14451)
4(14550 14551 14553 14552)
4(14452 14554 14555 14453)
4(14552 14553 14555 14554)
4(14454 14556 14557 14455)
4(14554 14555 14557 14556)
4(14456 14558 14559 14457)
4(14556 14557 14559 14558)
4(14458 14560 14561 14459)
4(14558 14559 14561 14560)
4(14460 14562 14563 14461)
4(14560 14561 14563 14562)
4(14462 14564 14565 14463)
4(14562 14563 14565 14564)
4(14464 14566 14567 14465)
4(14564 14565 14567 14566)
4(14466 14568 14569 14467)
4(14566 14567 14569 14568)
4(14468 14570 14571 14469)
4(14568 14569 14571 14570)
4(14470 14572 14573 14471)
4(14570 14571 14573 14572)
4(14472 14574 14575 14473)
4(14572 14573 14575 14574)
4(14474 14576 14577 14475)
4(14574 14575 14577 14576)
4(14476 14578 14579 14477)
4(14576 14577 14579 14578)
4(14478 14580 14581 14479)
4(14578 14579 14581 14580)
4(14480 14582 14583 14481)
4(14580 14581 14583 14582)
4(14582 14583 14585 14584)
4(14486 14588 14589 14487)
4(14586 14587 14589 14588)
4(14488 14590 14591 14489)
4(14588 14589 14591 14590)
4(14490 14592 14593 14491)
4(14590 14591 14593 14592)
4(14492 14594 14595 14493)
4(14592 14593 14595 14594)
4(14494 14596 14597 14495)
4(14594 14595 14597 14596)
4(14496 14598 14599 14497)
4(14596 14597 14599 14598)
4(14498 14600 14601 14499)
4(14598 14599 14601 14600)
4(14500 14602 14603 14501)
4(14600 14601 14603 14602)
4(14502 14604 14605 14503)
4(14602 14603 14605 14604)
4(14504 14606 14607 14505)
4(14604 14605 14607 14606)
4(14506 14608 14609 14507)
4(14606 14607 14609 14608)
4(14508 14610 14611 14509)
4(14608 14609 14611 14610)
4(14510 14612 14613 14511)
4(14610 14611 14613 14612)
4(14512 14614 14615 14513)
4(14612 14613 14615 14614)
4(14514 14616 14617 14515)
4(14614 14615 14617 14616)
4(14516 14618 14619 14517)
4(14616 14617 14619 14618)
4(14518 14620 14621 14519)
4(14618 14619 14621 14620)
4(14520 14622 14623 14521)
4(14620 14621 14623 14622)
4(14522 14624 14625 14523)
4(14622 14623 14625 14624)
4(14524 14626 14627 14525)
4(14624 14625 14627 14626)
4(14526 14628 14629 14527)
4(14626 14627 14629 14628)
4(14528 14630 14631 14529)
4(14628 14629 14631 14630)
4(14530 14632 14633 14531)
4(14630 14631 14633 14632)
4(14532 14634 14635 14533)
4(14632 14633 14635 14634)
4(14534 14636 14637 14535)
4(14634 14635 14637 14636)
4(14536 14638 14639 14537)
4(14636 14637 14639 14638)
4(14538 14640 14641 14539)
4(14638 14639 14641 14640)
4(14540 14642 14643 14541)
4(14640 14641 14643 14642)
4(14542 14644 14645 14543)
4(14642 14643 14645 14644)
4(14544 14646 14647 14545)
4(14644 14645 14647 14646)
4(14546 14648 14649 14547)
4(14646 14647 14649 14648)
4(14548 14650 14651 14549)
4(14648 14649 14651 14650)
4(14550 14652 14653 14551)
4(14650 14651 14653 14652)
4(14552 14654 14655 14553)
4(14652 14653 14655 14654)
4(14554 14656 14657 14555)
4(14654 14655 14657 14656)
4(14556 14658 14659 14557)
4(14656 14657 14659 14658)
4(14558 14660 14661 14559)
4(14658 14659 14661 14660)
4(14560 14662 14663 14561)
4(14660 14661 14663 14662)
4(14562 14664 14665 14563)
4(14662 14663 14665 14664)
4(14564 14666 14667 14565)
4(14664 14665 14667 14666)
4(14566 14668 14669 14567)
4(14666 14667 14669 14668)
4(14568 14670 14671 14569)
4(14668 14669 14671 14670)
4(14570 14672 14673 14571)
4(14670 14671 14673 14672)
4(14572 14674 14675 14573)
4(14672 14673 14675 14674)
4(14574 14676 14677 14575)
4(14674 14675 14677 14676)
4(14576 14678 14679 14577)
4(14676 14677 14679 14678)
4(14578 14680 14681 14579)
4(14678 14679 14681 14680)
4(14580 14682 14683 14581)
4(14680 14681 14683 14682)
4(14582 14684 14685 14583)
4(14682 14683 14685 14684)
4(14684 14685 14687 14686)
4(14588 14690 14691 14589)
4(14688 14689 14691 14690)
4(14590 14692 14693 14591)
4(14690 14691 14693 14692)
4(14592 14694 14695 14593)
4(14692 14693 14695 14694)
4(14594 14696 14697 14595)
4(14694 14695 14697 14696)
4(14596 14698 14699 14597)
4(14696 14697 14699 14698)
4(14598 14700 14701 14599)
4(14698 14699 14701 14700)
4(14600 14702 14703 14601)
4(14700 14701 14703 14702)
4(14602 14704 14705 14603)
4(14702 14703 14705 14704)
4(14604 14706 14707 14605)
4(14704 14705 14707 14706)
4(14606 14708 14709 14607)
4(14706 14707 14709 14708)
4(14608 14710 14711 14609)
4(14708 14709 14711 14710)
4(14610 14712 14713 14611)
4(14710 14711 14713 14712)
4(14612 14714 14715 14613)
4(14712 14713 14715 14714)
4(14614 14716 14717 14615)
4(14714 14715 14717 14716)
4(14616 14718 14719 14617)
4(14716 14717 14719 14718)
4(14618 14720 14721 14619)
4(14718 14719 14721 14720)
4(14620 14722 14723 14621)
4(14720 14721 14723 14722)
4(14622 14724 14725 14623)
4(14722 14723 14725 14724)
4(14624 14726 14727 14625)
4(14724 14725 14727 14726)
4(14626 14728 14729 14627)
4(14726 14727 14729 14728)
4(14628 14730 14731 14629)
4(14728 14729 14731 14730)
4(14630 14732 14733 14631)
4(14730 14731 14733 14732)
4(14632 14734 14735 14633)
4(14732 14733 14735 14734)
4(14634 14736 14737 14635)
4(14734 14735 14737 14736)
4(14636 14738 14739 14637)
4(14736 14737 14739 14738)
4(14638 14740 14741 14639)
4(14738 14739 14741 14740)
4(14640 14742 14743 14641)
4(14740 14741 14743 14742)
4(14642 14744 14745 14643)
4(14742 14743 14745 14744)
4(14644 14746 14747 14645)
4(14744 14745 14747 14746)
4(14646 14748 14749 14647)
4(14746 14747 14749 14748)
4(14648 14750 14751 14649)
4(14748 14749 14751 14750)
4(14650 14752 14753 14651)
4(14750 14751 14753 14752)
4(14652 14754 14755 14653)
4(14752 14753 14755 14754)
4(14654 14756 14757 14655)
4(14754 14755 14757 14756)
4(14656 14758 14759 14657)
4(14756 14757 14759 14758)
4(14658 14760 14761 14659)
4(14758 14759 14761 14760)
4(14660 14762 14763 14661)
4(14760 14761 14763 14762)
4(14662 14764 14765 14663)
4(14762 14763 14765 14764)
4(14664 14766 14767 14665)
4(14764 14765 14767 14766)
4(14666 14768 14769 14667)
4(14766 14767 14769 14768)
4(14668 14770 14771 14669)
4(14768 14769 14771 14770)
4(14670 14772 14773 14671)
4(14770 14771 14773 14772)
4(14672 14774 14775 14673)
4(14772 14773 14775 14774)
4(14674 14776 14777 14675)
4(14774 14775 14777 14776)
4(14676 14778 14779 14677)
4(14776 14777 14779 14778)
4(14678 14780 14781 14679)
4(14778 14779 14781 14780)
4(14680 14782 14783 14681)
4(14780 14781 14783 14782)
4(14682 14784 14785 14683)
4(14782 14783 14785 14784)
4(14684 14786 14787 14685)
4(14784 14785 14787 14786)
4(14786 14787 14789 14788)
4(14690 14792 14793 14691)
4(14790 14791 14793 14792)
4(14692 14794 14795 14693)
4(14792 14793 14795 14794)
4(14694 14796 14797 14695)
4(14794 14795 14797 14796)
4(14696 14798 14799 14697)
4(14796 14797 14799 14798)
4(14698 14800 14801 14699)
4(14798 14799 14801 14800)
4(14700 14802 14803 14701)
4(14800 14801 14803 14802)
4(14702 14804 14805 14703)
4(14802 14803 14805 14804)
4(14704 14806 14807 14705)
4(14804 14805 14807 14806)
4(14706 14808 14809 14707)
4(14806 14807 14809 14808)
4(14708 14810 14811 14709)
4(14808 14809 14811 14810)
4(14710 14812 14813 14711)
4(14810 14811 14813 14812)
4(14712 14814 14815 14713)
4(14812 14813 14815 14814)
4(14714 14816 14817 14715)
4(14814 14815 14817 14816)
4(14716 14818 14819 14717)
4(14816 14817 14819 14818)
4(14718 14820 14821 14719)
4(14818 14819 14821 14820)
4(14720 14822 14823 14721)
4(14820 14821 14823 14822)
4(14722 14824 14825 14723)
4(14822 14823 14825 14824)
4(14724 14826 14827 14725)
4(14824 14825 14827 14826)
4(14726 14828 14829 14727)
4(14826 14827 14829 14828)
4(14728 14830 14831 14729)
4(14828 14829 14831 14830)
4(14730 14832 14833 14731)
4(14830 14831 14833 14832)
4(14732 14834 14835 14733)
4(14832 14833 14835 14834)
4(14734 14836 14837 14735)
4(14834 14835 14837 14836)
4(14736 14838 14839 14737)
4(14836 14837 14839 14838)
4(14738 14840 14841 14739)
4(14838 14839 14841 14840)
4(14740 14842 14843 14741)
4(14840 14841 14843 14842)
4(14742 14844 14845 14743)
4(14842 14843 14845 14844)
4(14744 14846 14847 14745)
4(14844 14845 14847 14846)
4(14746 14848 14849 14747)
4(14846 14847 14849 14848)
4(14748 14850 14851 14749)
4(14848 14849 14851 14850)
4(14750 14852 14853 14751)
4(14850 14851 14853 14852)
4(14752 14854 14855 14753)
4(14852 14853 14855 14854)
4(14754 14856 14857 14755)
4(14854 14855 14857 14856)
4(14756 14858 14859 14757)
4(14856 14857 14859 14858)
4(14758 14860 14861 14759)
4(14858 14859 14861 14860)
4(14760 14862 14863 14761)
4(14860 14861 14863 14862)
4(14762 14864 14865 14763)
4(14862 14863 14865 14864)
4(14764 14866 14867 14765)
4(14864 14865 14867 14866)
4(14766 14868 14869 14767)
4(14866 14867 14869 14868)
4(14768 14870 14871 14769)
4(14868 14869 14871 14870)
4(14770 14872 14873 14771)
4(14870 14871 14873 14872)
4(14772 14874 14875 14773)
4(14872 14873 14875 14874)
4(14774 14876 14877 14775)
4(14874 14875 14877 14876)
4(14776 14878 14879 14777)
4(14876 14877 14879 14878)
4(14778 14880 14881 14779)
4(14878 14879 14881 14880)
4(14780 14882 14883 14781)
4(14880 14881 14883 14882)
4(14782 14884 14885 14783)
4(14882 14883 14885 14884)
4(14784 14886 14887 14785)
4(14884 14885 14887 14886)
4(14786 14888 14889 14787)
4(14886 14887 14889 14888)
4(14888 14889 14891 14890)
4(14792 14894 14895 14793)
4(14892 14893 14895 14894)
4(14794 14896 14897 14795)
4(14894 14895 14897 14896)
4(14796 14898 14899 14797)
4(14896 14897 14899 14898)
4(14798 14900 14901 14799)
4(14898 14899 14901 14900)
4(14800 14902 14903 14801)
4(14900 14901 14903 14902)
4(14802 14904 14905 14803)
4(14902 14903 14905 14904)
4(14804 14906 14907 14805)
4(14904 14905 14907 14906)
4(14806 14908 14909 14807)
4(14906 14907 14909 14908)
4(14808 14910 14911 14809)
4(14908 14909 14911 14910)
4(14810 14912 14913 14811)
4(14910 14911 14913 14912)
4(14812 14914 14915 14813)
4(14912 14913 14915 14914)
4(14814 14916 14917 14815)
4(14914 14915 14917 14916)
4(14816 14918 14919 14817)
4(14916 14917 14919 14918)
4(14818 14920 14921 14819)
4(14918 14919 14921 14920)
4(14820 14922 14923 14821)
4(14920 14921 14923 14922)
4(14822 14924 14925 14823)
4(14922 14923 14925 14924)
4(14824 14926 14927 14825)
4(14924 14925 14927 14926)
4(14826 14928 14929 14827)
4(14926 14927 14929 14928)
4(14828 14930 14931 14829)
4(14928 14929 14931 14930)
4(14830 14932 14933 14831)
4(14930 14931 14933 14932)
4(14832 14934 14935 14833)
4(14932 14933 14935 14934)
4(14834 14936 14937 14835)
4(14934 14935 14937 14936)
4(14836 14938 14939 14837)
4(14936 14937 14939 14938)
4(14838 14940 14941 14839)
4(14938 14939 14941 14940)
4(14840 14942 14943 14841)
4(14940 14941 14943 14942)
4(14842 14944 14945 14843)
4(14942 14943 14945 14944)
4(14844 14946 14947 14845)
4(14944 14945 14947 14946)
4(14846 14948 14949 14847)
4(14946 14947 14949 14948)
4(14848 14950 14951 14849)
4(14948 14949 14951 14950)
4(14850 14952 14953 14851)
4(14950 14951 14953 14952)
4(14852 14954 14955 14853)
4(14952 14953 14955 14954)
4(14854 14956 14957 14855)
4(14954 14955 14957 14956)
4(14856 14958 14959 14857)
4(14956 14957 14959 14958)
4(14858 14960 14961 14859)
4(14958 14959 14961 14960)
4(14860 14962 14963 14861)
4(14960 14961 14963 14962)
4(14862 14964 14965 14863)
4(14962 14963 14965 14964)
4(14864 14966 14967 14865)
4(14964 14965 14967 14966)
4(14866 14968 14969 14867)
4(14966 14967 14969 14968)
4(14868 14970 14971 14869)
4(14968 14969 14971 14970)
4(14870 14972 14973 14871)
4(14970 14971 14973 14972)
4(14872 14974 14975 14873)
4(14972 14973 14975 14974)
4(14874 14976 14977 14875)
4(14974 14975 14977 14976)
4(14876 14978 14979 14877)
4(14976 14977 14979 14978)
4(14878 14980 14981 14879)
4(14978 14979 14981 14980)
4(14880 14982 14983 14881)
4(14980 14981 14983 14982)
4(14882 14984 14985 14883)
4(14982 14983 14985 14984)
4(14884 14986 14987 14885)
4(14984 14985 14987 14986)
4(14886 14988 14989 14887)
4(14986 14987 14989 14988)
4(14888 14990 14991 14889)
4(14988 14989 14991 14990)
4(14990 14991 14993 14992)
4(14894 14996 14997 14895)
4(14994 14995 14997 14996)
4(14896 14998 14999 14897)
4(14996 14997 14999 14998)
4(14898 15000 15001 14899)
4(14998 14999 15001 15000)
4(14900 15002 15003 14901)
4(15000 15001 15003 15002)
4(14902 15004 15005 14903)
4(15002 15003 15005 15004)
4(14904 15006 15007 14905)
4(15004 15005 15007 15006)
4(14906 15008 15009 14907)
4(15006 15007 15009 15008)
4(14908 15010 15011 14909)
4(15008 15009 15011 15010)
4(14910 15012 15013 14911)
4(15010 15011 15013 15012)
4(14912 15014 15015 14913)
4(15012 15013 15015 15014)
4(14914 15016 15017 14915)
4(15014 15015 15017 15016)
4(14916 15018 15019 14917)
4(15016 15017 15019 15018)
4(14918 15020 15021 14919)
4(15018 15019 15021 15020)
4(14920 15022 15023 14921)
4(15020 15021 15023 15022)
4(14922 15024 15025 14923)
4(15022 15023 15025 15024)
4(14924 15026 15027 14925)
4(15024 15025 15027 15026)
4(14926 15028 15029 14927)
4(15026 15027 15029 15028)
4(14928 15030 15031 14929)
4(15028 15029 15031 15030)
4(14930 15032 15033 14931)
4(15030 15031 15033 15032)
4(14932 15034 15035 14933)
4(15032 15033 15035 15034)
4(14934 15036 15037 14935)
4(15034 15035 15037 15036)
4(14936 15038 15039 14937)
4(15036 15037 15039 15038)
4(14938 15040 15041 14939)
4(15038 15039 15041 15040)
4(14940 15042 15043 14941)
4(15040 15041 15043 15042)
4(14942 15044 15045 14943)
4(15042 15043 15045 15044)
4(14944 15046 15047 14945)
4(15044 15045 15047 15046)
4(14946 15048 15049 14947)
4(15046 15047 15049 15048)
4(14948 15050 15051 14949)
4(15048 15049 15051 15050)
4(14950 15052 15053 14951)
4(15050 15051 15053 15052)
4(14952 15054 15055 14953)
4(15052 15053 15055 15054)
4(14954 15056 15057 14955)
4(15054 15055 15057 15056)
4(14956 15058 15059 14957)
4(15056 15057 15059 15058)
4(14958 15060 15061 14959)
4(15058 15059 15061 15060)
4(14960 15062 15063 14961)
4(15060 15061 15063 15062)
4(14962 15064 15065 14963)
4(15062 15063 15065 15064)
4(14964 15066 15067 14965)
4(15064 15065 15067 15066)
4(14966 15068 15069 14967)
4(15066 15067 15069 15068)
4(14968 15070 15071 14969)
4(15068 15069 15071 15070)
4(14970 15072 15073 14971)
4(15070 15071 15073 15072)
4(14972 15074 15075 14973)
4(15072 15073 15075 15074)
4(14974 15076 15077 14975)
4(15074 15075 15077 15076)
4(14976 15078 15079 14977)
4(15076 15077 15079 15078)
4(14978 15080 15081 14979)
4(15078 15079 15081 15080)
4(14980 15082 15083 14981)
4(15080 15081 15083 15082)
4(14982 15084 15085 14983)
4(15082 15083 15085 15084)
4(14984 15086 15087 14985)
4(15084 15085 15087 15086)
4(14986 15088 15089 14987)
4(15086 15087 15089 15088)
4(14988 15090 15091 14989)
4(15088 15089 15091 15090)
4(14990 15092 15093 14991)
4(15090 15091 15093 15092)
4(15092 15093 15095 15094)
4(14996 15098 15099 14997)
4(15096 15097 15099 15098)
4(14998 15100 15101 14999)
4(15098 15099 15101 15100)
4(15000 15102 15103 15001)
4(15100 15101 15103 15102)
4(15002 15104 15105 15003)
4(15102 15103 15105 15104)
4(15004 15106 15107 15005)
4(15104 15105 15107 15106)
4(15006 15108 15109 15007)
4(15106 15107 15109 15108)
4(15008 15110 15111 15009)
4(15108 15109 15111 15110)
4(15010 15112 15113 15011)
4(15110 15111 15113 15112)
4(15012 15114 15115 15013)
4(15112 15113 15115 15114)
4(15014 15116 15117 15015)
4(15114 15115 15117 15116)
4(15016 15118 15119 15017)
4(15116 15117 15119 15118)
4(15018 15120 15121 15019)
4(15118 15119 15121 15120)
4(15020 15122 15123 15021)
4(15120 15121 15123 15122)
4(15022 15124 15125 15023)
4(15122 15123 15125 15124)
4(15024 15126 15127 15025)
4(15124 15125 15127 15126)
4(15026 15128 15129 15027)
4(15126 15127 15129 15128)
4(15028 15130 15131 15029)
4(15128 15129 15131 15130)
4(15030 15132 15133 15031)
4(15130 15131 15133 15132)
4(15032 15134 15135 15033)
4(15132 15133 15135 15134)
4(15034 15136 15137 15035)
4(15134 15135 15137 15136)
4(15036 15138 15139 15037)
4(15136 15137 15139 15138)
4(15038 15140 15141 15039)
4(15138 15139 15141 15140)
4(15040 15142 15143 15041)
4(15140 15141 15143 15142)
4(15042 15144 15145 15043)
4(15142 15143 15145 15144)
4(15044 15146 15147 15045)
4(15144 15145 15147 15146)
4(15046 15148 15149 15047)
4(15146 15147 15149 15148)
4(15048 15150 15151 15049)
4(15148 15149 15151 15150)
4(15050 15152 15153 15051)
4(15150 15151 15153 15152)
4(15052 15154 15155 15053)
4(15152 15153 15155 15154)
4(15054 15156 15157 15055)
4(15154 15155 15157 15156)
4(15056 15158 15159 15057)
4(15156 15157 15159 15158)
4(15058 15160 15161 15059)
4(15158 15159 15161 15160)
4(15060 15162 15163 15061)
4(15160 15161 15163 15162)
4(15062 15164 15165 15063)
4(15162 15163 15165 15164)
4(15064 15166 15167 15065)
4(15164 15165 15167 15166)
4(15066 15168 15169 15067)
4(15166 15167 15169 15168)
4(15068 15170 15171 15069)
4(15168 15169 15171 15170)
4(15070 15172 15173 15071)
4(15170 15171 15173 15172)
4(15072 15174 15175 15073)
4(15172 15173 15175 15174)
4(15074 15176 15177 15075)
4(15174 15175 15177 15176)
4(15076 15178 15179 15077)
4(15176 15177 15179 15178)
4(15078 15180 15181 15079)
4(15178 15179 15181 15180)
4(15080 15182 15183 15081)
4(15180 15181 15183 15182)
4(15082 15184 15185 15083)
4(15182 15183 15185 15184)
4(15084 15186 15187 15085)
4(15184 15185 15187 15186)
4(15086 15188 15189 15087)
4(15186 15187 15189 15188)
4(15088 15190 15191 15089)
4(15188 15189 15191 15190)
4(15090 15192 15193 15091)
4(15190 15191 15193 15192)
4(15092 15194 15195 15093)
4(15192 15193 15195 15194)
4(15194 15195 15197 15196)
4(15098 15200 15201 15099)
4(15198 15199 15201 15200)
4(15100 15202 15203 15101)
4(15200 15201 15203 15202)
4(15102 15204 15205 15103)
4(15202 15203 15205 15204)
4(15104 15206 15207 15105)
4(15204 15205 15207 15206)
4(15106 15208 15209 15107)
4(15206 15207 15209 15208)
4(15108 15210 15211 15109)
4(15208 15209 15211 15210)
4(15110 15212 15213 15111)
4(15210 15211 15213 15212)
4(15112 15214 15215 15113)
4(15212 15213 15215 15214)
4(15114 15216 15217 15115)
4(15214 15215 15217 15216)
4(15116 15218 15219 15117)
4(15216 15217 15219 15218)
4(15118 15220 15221 15119)
4(15218 15219 15221 15220)
4(15120 15222 15223 15121)
4(15220 15221 15223 15222)
4(15122 15224 15225 15123)
4(15222 15223 15225 15224)
4(15124 15226 15227 15125)
4(15224 15225 15227 15226)
4(15126 15228 15229 15127)
4(15226 15227 15229 15228)
4(15128 15230 15231 15129)
4(15228 15229 15231 15230)
4(15130 15232 15233 15131)
4(15230 15231 15233 15232)
4(15132 15234 15235 15133)
4(15232 15233 15235 15234)
4(15134 15236 15237 15135)
4(15234 15235 15237 15236)
4(15136 15238 15239 15137)
4(15236 15237 15239 15238)
4(15138 15240 15241 15139)
4(15238 15239 15241 15240)
4(15140 15242 15243 15141)
4(15240 15241 15243 15242)
4(15142 15244 15245 15143)
4(15242 15243 15245 15244)
4(15144 15246 15247 15145)
4(15244 15245 15247 15246)
4(15146 15248 15249 15147)
4(15246 15247 15249 15248)
4(15148 15250 15251 15149)
4(15248 15249 15251 15250)
4(15150 15252 15253 15151)
4(15250 15251 15253 15252)
4(15152 15254 15255 15153)
4(15252 15253 15255 15254)
4(15154 15256 15257 15155)
4(15254 15255 15257 15256)
4(15156 15258 15259 15157)
4(15256 15257 15259 15258)
4(15158 15260 15261 15159)
4(15258 15259 15261 15260)
4(15160 15262 15263 15161)
4(15260 15261 15263 15262)
4(15162 15264 15265 15163)
4(15262 15263 15265 15264)
4(15164 15266 15267 15165)
4(15264 15265 15267 15266)
4(15166 15268 15269 15167)
4(15266 15267 15269 15268)
4(15168 15270 15271 15169)
4(15268 15269 15271 15270)
4(15170 15272 15273 15171)
4(15270 15271 15273 15272)
4(15172 15274 15275 15173)
4(15272 15273 15275 15274)
4(15174 15276 15277 15175)
4(15274 15275 15277 15276)
4(15176 15278 15279 15177)
4(15276 15277 15279 15278)
4(15178 15280 15281 15179)
4(15278 15279 15281 15280)
4(15180 15282 15283 15181)
4(15280 15281 15283 15282)
4(15182 15284 15285 15183)
4(15282 15283 15285 15284)
4(15184 15286 15287 15185)
4(15284 15285 15287 15286)
4(15186 15288 15289 15187)
4(15286 15287 15289 15288)
4(15188 15290 15291 15189)
4(15288 15289 15291 15290)
4(15190 15292 15293 15191)
4(15290 15291 15293 15292)
4(15192 15294 15295 15193)
4(15292 15293 15295 15294)
4(15194 15296 15297 15195)
4(15294 15295 15297 15296)
4(15296 15297 15299 15298)
4(15200 15302 15303 15201)
4(15202 15304 15305 15203)
4(15204 15306 15307 15205)
4(15206 15308 15309 15207)
4(15208 15310 15311 15209)
4(15210 15312 15313 15211)
4(15212 15314 15315 15213)
4(15214 15316 15317 15215)
4(15216 15318 15319 15217)
4(15218 15320 15321 15219)
4(15220 15322 15323 15221)
4(15222 15324 15325 15223)
4(15224 15326 15327 15225)
4(15226 15328 15329 15227)
4(15228 15330 15331 15229)
4(15230 15332 15333 15231)
4(15232 15334 15335 15233)
4(15234 15336 15337 15235)
4(15236 15338 15339 15237)
4(15238 15340 15341 15239)
4(15240 15342 15343 15241)
4(15242 15344 15345 15243)
4(15244 15346 15347 15245)
4(15246 15348 15349 15247)
4(15248 15350 15351 15249)
4(15250 15352 15353 15251)
4(15252 15354 15355 15253)
4(15254 15356 15357 15255)
4(15256 15358 15359 15257)
4(15258 15360 15361 15259)
4(15260 15362 15363 15261)
4(15262 15364 15365 15263)
4(15264 15366 15367 15265)
4(15266 15368 15369 15267)
4(15268 15370 15371 15269)
4(15270 15372 15373 15271)
4(15272 15374 15375 15273)
4(15274 15376 15377 15275)
4(15276 15378 15379 15277)
4(15278 15380 15381 15279)
4(15280 15382 15383 15281)
4(15282 15384 15385 15283)
4(15284 15386 15387 15285)
4(15286 15388 15389 15287)
4(15288 15390 15391 15289)
4(15290 15392 15393 15291)
4(15292 15394 15395 15293)
4(15294 15396 15397 15295)
4(15296 15398 15399 15297)
4(100 202 203 101)
4(202 304 305 203)
4(304 406 407 305)
4(406 508 509 407)
4(508 610 611 509)
4(610 712 713 611)
4(712 814 815 713)
4(814 916 917 815)
4(916 1018 1019 917)
4(1018 1120 1121 1019)
4(1120 1222 1223 1121)
4(1222 1324 1325 1223)
4(1324 1426 1427 1325)
4(1426 1528 1529 1427)
4(1528 1630 1631 1529)
4(1630 1732 1733 1631)
4(1732 1834 1835 1733)
4(1834 1936 1937 1835)
4(1936 2038 2039 1937)
4(2038 2140 2141 2039)
4(2140 2242 2243 2141)
4(2242 2344 2345 2243)
4(2344 2446 2447 2345)
4(2446 2548 2549 2447)
4(2548 2650 2651 2549)
4(2650 2752 2753 2651)
4(2752 2854 2855 2753)
4(2854 2956 2957 2855)
4(2956 3058 3059 2957)
4(3058 3160 3161 3059)
4(3160 3262 3263 3161)
4(3262 3364 3365 3263)
4(3364 3466 3467 3365)
4(3466 3568 3569 3467)
4(3568 3670 3671 3569)
4(3670 3772 3773 3671)
4(3772 3874 3875 3773)
4(3874 3976 3977 3875)
4(3976 4078 4079 3977)
4(4078 4180 4181 4079)
4(4180 4282 4283 4181)
4(4282 4384 4385 4283)
4(4384 4486 4487 4385)
4(4486 4588 4589 4487)
4(4588 4690 4691 4589)
4(4690 4792 4793 4691)
4(4792 4894 4895 4793)
4(4894 4996 4997 4895)
4(4996 5098 5099 4997)
4(5098 5200 5201 5099)
4(5200 5302 5303 5201)
4(5302 5404 5405 5303)
4(5404 5506 5507 5405)
4(5506 5608 5609 5507)
4(5608 5710 5711 5609)
4(5710 5812 5813 5711)
4(5812 5914 5915 5813)
4(5914 6016 6017 5915)
4(6016 6118 6119 6017)
4(6118 6220 6221 6119)
4(6220 6322 6323 6221)
4(6322 6424 6425 6323)
4(6424 6526 6527 6425)
4(6526 6628 6629 6527)
4(6628 6730 6731 6629)
4(6730 6832 6833 6731)
4(6832 6934 6935 6833)
4(6934 7036 7037 6935)
4(7036 7138 7139 7037)
4(7138 7240 7241 7139)
4(7240 7342 7343 7241)
4(7342 7444 7445 7343)
4(7444 7546 7547 7445)
4(7546 7648 7649 7547)
4(7648 7750 7751 7649)
4(7750 7852 7853 7751)
4(7852 7954 7955 7853)
4(7954 8056 8057 7955)
4(8056 8158 8159 8057)
4(8158 8260 8261 8159)
4(8260 8362 8363 8261)
4(8362 8464 8465 8363)
4(8464 8566 8567 8465)
4(8566 8668 8669 8567)
4(8668 8770 8771 8669)
4(8770 8872 8873 8771)
4(8872 8974 8975 8873)
4(8974 9076 9077 8975)
4(9076 9178 9179 9077)
4(9178 9280 9281 9179)
4(9280 9382 9383 9281)
4(9382 9484 9485 9383)
4(9484 9586 9587 9485)
4(9586 9688 9689 9587)
4(9688 9790 9791 9689)
4(9790 9892 9893 9791)
4(9892 9994 9995 9893)
4(9994 10096 10097 9995)
4(10096 10198 10199 10097)
4(10198 10300 10301 10199)
4(10300 10402 10403 10301)
4(10402 10504 10505 10403)
4(10504 10606 10607 10505)
4(10606 10708 10709 10607)
4(10708 10810 10811 10709)
4(10810 10912 10913 10811)
4(10912 11014 11015 10913)
4(11014 11116 11117 11015)
4(11116 11218 11219 11117)
4(11218 11320 11321 11219)
4(11320 11422 11423 11321)
4(11422 11524 11525 11423)
4(11524 11626 11627 11525)
4(11626 11728 11729 11627)
4(11728 11830 11831 11729)
4(11830 11932 11933 11831)
4(11932 12034 12035 11933)
4(12034 12136 12137 12035)
4(12136 12238 12239 12137)
4(12238 12340 12341 12239)
4(12340 12442 12443 12341)
4(12442 12544 12545 12443)
4(12544 12646 12647 12545)
4(12646 12748 12749 12647)
4(12748 12850 12851 12749)
4(12850 12952 12953 12851)
4(12952 13054 13055 12953)
4(13054 13156 13157 13055)
4(13156 13258 13259 13157)
4(13258 13360 13361 13259)
4(13360 13462 13463 13361)
4(13462 13564 13565 13463)
4(13564 13666 13667 13565)
4(13666 13768 13769 13667)
4(13768 13870 13871 13769)
4(13870 13972 13973 13871)
4(13972 14074 14075 13973)
4(14074 14176 14177 14075)
4(14176 14278 14279 14177)
4(14278 14380 14381 14279)
4(14380 14482 14483 14381)
4(14482 14584 14585 14483)
4(14584 14686 14687 14585)
4(14686 14788 14789 14687)
4(14788 14890 14891 14789)
4(14890 14992 14993 14891)
4(14992 15094 15095 14993)
4(15094 15196 15197 15095)
4(15196 15298 15299 15197)
4(15298 15400 15401 15299)
4(0 1 103 102)
4(102 103 205 204)
4(204 205 307 306)
4(306 307 409 408)
4(408 409 511 510)
4(510 511 613 612)
4(612 613 715 714)
4(714 715 817 816)
4(816 817 919 918)
4(918 919 1021 1020)
4(1020 1021 1123 1122)
4(1122 1123 1225 1224)
4(1224 1225 1327 1326)
4(1326 1327 1429 1428)
4(1428 1429 1531 1530)
4(1530 1531 1633 1632)
4(1632 1633 1735 1734)
4(1734 1735 1837 1836)
4(1836 1837 1939 1938)
4(1938 1939 2041 2040)
4(2040 2041 2143 2142)
4(2142 2143 2245 2244)
4(2244 2245 2347 2346)
4(2346 2347 2449 2448)
4(2448 2449 2551 2550)
4(2550 2551 2653 2652)
4(2652 2653 2755 2754)
4(2754 2755 2857 2856)
4(2856 2857 2959 2958)
4(2958 2959 3061 3060)
4(3060 3061 3163 3162)
4(3162 3163 3265 3264)
4(3264 3265 3367 3366)
4(3366 3367 3469 3468)
4(3468 3469 3571 3570)
4(3570 3571 3673 3672)
4(3672 3673 3775 3774)
4(3774 3775 3877 3876)
4(3876 3877 3979 3978)
4(3978 3979 4081 4080)
4(4080 4081 4183 4182)
4(4182 4183 4285 4284)
4(4284 4285 4387 4386)
4(4386 4387 4489 4488)
4(4488 4489 4591 4590)
4(4590 4591 4693 4692)
4(4692 4693 4795 4794)
4(4794 4795 4897 4896)
4(4896 4897 4999 4998)
4(4998 4999 5101 5100)
4(5100 5101 5203 5202)
4(5202 5203 5305 5304)
4(5304 5305 5407 5406)
4(5406 5407 5509 5508)
4(5508 5509 5611 5610)
4(5610 5611 5713 5712)
4(5712 5713 5815 5814)
4(5814 5815 5917 5916)
4(5916 5917 6019 6018)
4(6018 6019 6121 6120)
4(6120 6121 6223 6222)
4(6222 6223 6325 6324)
4(6324 6325 6427 6426)
4(6426 6427 6529 6528)
4(6528 6529 6631 6630)
4(6630 6631 6733 6732)
4(6732 6733 6835 6834)
4(6834 6835 6937 6936)
4(6936 6937 7039 7038)
4(7038 7039 7141 7140)
4(7140 7141 7243 7242)
4(7242 7243 7345 7344)
4(7344 7345 7447 7446)
4(7446 7447 7549 7548)
4(7548 7549 7651 7650)
4(7650 7651 7753 7752)
4(7752 7753 7855 7854)
4(7854 7855 7957 7956)
4(7956 7957 8059 8058)
4(8058 8059 8161 8160)
4(8160 8161 8263 8262)
4(8262 8263 8365 8364)
4(8364 8365 8467 8466)
4(8466 8467 8569 8568)
4(8568 8569 8671 8670)
4(8670 8671 8773 8772)
4(8772 8773 8875 8874)
4(8874 8875 8977 8976)
4(8976 8977 9079 9078)
4(9078 9079 9181 9180)
4(9180 9181 9283 9282)
4(9282 9283 9385 9384)
4(9384 9385 9487 9486)
4(9486 9487 9589 9588)
4(9588 9589 9691 9690)
4(9690 9691 9793 9792)
4(9792 9793 9895 9894)
4(9894 9895 9997 9996)
4(9996 9997 10099 10098)
4(10098 10099 10201 10200)
4(10200 10201 10303 10302)
4(10302 10303 10405 10404)
4(10404 10405 10507 10506)
4(10506 10507 10609 10608)
4(10608 10609 10711 10710)
4(10710 10711 10813 10812)
4(10812 10813 10915 10914)
4(10914 10915 11017 11016)
4(11016 11017 11119 11118)
4(11118 11119 11221 11220)
4(11220 11221 11323 11322)
4(11322 11323 11425 11424)
4(11424 11425 11527 11526)
4(11526 11527 11629 11628)
4(11628 11629 11731 11730)
4(11730 11731 11833 11832)
4(11832 11833 11935 11934)
4(11934 11935 12037 12036)
4(12036 12037 12139 12138)
4(12138 12139 12241 12240)
4(12240 12241 12343 12342)
4(12342 12343 12445 12444)
4(12444 12445 12547 12546)
4(12546 12547 12649 12648)
4(12648 12649 12751 12750)
4(12750 12751 12853 12852)
4(12852 12853 12955 12954)
4(12954 12955 13057 13056)
4(13056 13057 13159 13158)
4(13158 13159 13261 13260)
4(13260 13261 13363 13362)
4(13362 13363 13465 13464)
4(13464 13465 13567 13566)
4(13566 13567 13669 13668)
4(13668 13669 13771 13770)
4(13770 13771 13873 13872)
4(13872 13873 13975 13974)
4(13974 13975 14077 14076)
4(14076 14077 14179 14178)
4(14178 14179 14281 14280)
4(14280 14281 14383 14382)
4(14382 14383 14485 14484)
4(14484 14485 14587 14586)
4(14586 14587 14689 14688)
4(14688 14689 14791 14790)
4(14790 14791 14893 14892)
4(14892 14893 14995 14994)
4(14994 14995 15097 15096)
4(15096 15097 15199 15198)
4(15198 15199 15301 15300)
4(1 3 105 103)
4(3 5 107 105)
4(5 7 109 107)
4(7 9 111 109)
4(9 11 113 111)
4(11 13 115 113)
4(13 15 117 115)
4(15 17 119 117)
4(17 19 121 119)
4(19 21 123 121)
4(21 23 125 123)
4(23 25 127 125)
4(25 27 129 127)
4(27 29 131 129)
4(29 31 133 131)
4(31 33 135 133)
4(33 35 137 135)
4(35 37 139 137)
4(37 39 141 139)
4(39 41 143 141)
4(41 43 145 143)
4(43 45 147 145)
4(45 47 149 147)
4(47 49 151 149)
4(49 51 153 151)
4(51 53 155 153)
4(53 55 157 155)
4(55 57 159 157)
4(57 59 161 159)
4(59 61 163 161)
4(61 63 165 163)
4(63 65 167 165)
4(65 67 169 167)
4(67 69 171 169)
4(69 71 173 171)
4(71 73 175 173)
4(73 75 177 175)
4(75 77 179 177)
4(77 79 181 179)
4(79 81 183 181)
4(81 83 185 183)
4(83 85 187 185)
4(85 87 189 187)
4(87 89 191 189)
4(89 91 193 191)
4(91 93 195 193)
4(93 95 197 195)
4(95 97 199 197)
4(97 99 201 199)
4(99 101 203 201)
4(103 105 207 205)
4(105 107 209 207)
4(107 109 211 209)
4(109 111 213 211)
4(111 113 215 213)
4(113 115 217 215)
4(115 117 219 217)
4(117 119 221 219)
4(119 121 223 221)
4(121 123 225 223)
4(123 125 227 225)
4(125 127 229 227)
4(127 129 231 229)
4(129 131 233 231)
4(131 133 235 233)
4(133 135 237 235)
4(135 137 239 237)
4(137 139 241 239)
4(139 141 243 241)
4(141 143 245 243)
4(143 145 247 245)
4(145 147 249 247)
4(147 149 251 249)
4(149 151 253 251)
4(151 153 255 253)
4(153 155 257 255)
4(155 157 259 257)
4(157 159 261 259)
4(159 161 263 261)
4(161 163 265 263)
4(163 165 267 265)
4(165 167 269 267)
4(167 169 271 269)
4(169 171 273 271)
4(171 173 275 273)
4(173 175 277 275)
4(175 177 279 277)
4(177 179 281 279)
4(179 181 283 281)
4(181 183 285 283)
4(183 185 287 285)
4(185 187 289 287)
4(187 189 291 289)
4(189 191 293 291)
4(191 193 295 293)
4(193 195 297 295)
4(195 197 299 297)
4(197 199 301 299)
4(199 201 303 301)
4(201 203 305 303)
4(205 207 309 307)
4(207 209 311 309)
4(209 211 313 311)
4(211 213 315 313)
4(213 215 317 315)
4(215 217 319 317)
4(217 219 321 319)
4(219 221 323 321)
4(221 223 325 323)
4(223 225 327 325)
4(225 227 329 327)
4(227 229 331 329)
4(229 231 333 331)
4(231 233 335 333)
4(233 235 337 335)
4(235 237 339 337)
4(237 239 341 339)
4(239 241 343 341)
4(241 243 345 343)
4(243 245 347 345)
4(245 247 349 347)
4(247 249 351 349)
4(249 251 353 351)
4(251 253 355 353)
4(253 255 357 355)
4(255 257 359 357)
4(257 259 361 359)
4(259 261 363 361)
4(261 263 365 363)
4(263 265 367 365)
4(265 267 369 367)
4(267 269 371 369)
4(269 271 373 371)
4(271 273 375 373)
4(273 275 377 375)
4(275 277 379 377)
4(277 279 381 379)
4(279 281 383 381)
4(281 283 385 383)
4(283 285 387 385)
4(285 287 389 387)
4(287 289 391 389)
4(289 291 393 391)
4(291 293 395 393)
4(293 295 397 395)
4(295 297 399 397)
4(297 299 401 399)
4(299 301 403 401)
4(301 303 405 403)
4(303 305 407 405)
4(307 309 411 409)
4(309 311 413 411)
4(311 313 415 413)
4(313 315 417 415)
4(315 317 419 417)
4(317 319 421 419)
4(319 321 423 421)
4(321 323 425 423)
4(323 325 427 425)
4(325 327 429 427)
4(327 329 431 429)
4(329 331 433 431)
4(331 333 435 433)
4(333 335 437 435)
4(335 337 439 437)
4(337 339 441 439)
4(339 341 443 441)
4(341 343 445 443)
4(343 345 447 445)
4(345 347 449 447)
4(347 349 451 449)
4(349 351 453 451)
4(351 353 455 453)
4(353 355 457 455)
4(355 357 459 457)
4(357 359 461 459)
4(359 361 463 461)
4(361 363 465 463)
4(363 365 467 465)
4(365 367 469 467)
4(367 369 471 469)
4(369 371 473 471)
4(371 373 475 473)
4(373 375 477 475)
4(375 377 479 477)
4(377 379 481 479)
4(379 381 483 481)
4(381 383 485 483)
4(383 385 487 485)
4(385 387 489 487)
4(387 389 491 489)
4(389 391 493 491)
4(391 393 495 493)
4(393 395 497 495)
4(395 397 499 497)
4(397 399 501 499)
4(399 401 503 501)
4(401 403 505 503)
4(403 405 507 505)
4(405 407 509 507)
4(409 411 513 511)
4(411 413 515 513)
4(413 415 517 515)
4(415 417 519 517)
4(417 419 521 519)
4(419 421 523 521)
4(421 423 525 523)
4(423 425 527 525)
4(425 427 529 527)
4(427 429 531 529)
4(429 431 533 531)
4(431 433 535 533)
4(433 435 537 535)
4(435 437 539 537)
4(437 439 541 539)
4(439 441 543 541)
4(441 443 545 543)
4(443 445 547 545)
4(445 447 549 547)
4(447 449 551 549)
4(449 451 553 551)
4(451 453 555 553)
4(453 455 557 555)
4(455 457 559 557)
4(457 459 561 559)
4(459 461 563 561)
4(461 463 565 563)
4(463 465 567 565)
4(465 467 569 567)
4(467 469 571 569)
4(469 471 573 571)
4(471 473 575 573)
4(473 475 577 575)
4(475 477 579 577)
4(477 479 581 579)
4(479 481 583 581)
4(481 483 585 583)
4(483 485 587 585)
4(485 487 589 587)
4(487 489 591 589)
4(489 491 593 591)
4(491 493 595 593)
4(493 495 597 595)
4(495 497 599 597)
4(497 499 601 599)
4(499 501 603 601)
4(501 503 605 603)
4(503 505 607 605)
4(505 507 609 607)
4(507 509 611 609)
4(511 513 615 613)
4(513 515 617 615)
4(515 517 619 617)
4(517 519 621 619)
4(519 521 623 621)
4(521 523 625 623)
4(523 525 627 625)
4(525 527 629 627)
4(527 529 631 629)
4(529 531 633 631)
4(531 533 635 633)
4(533 535 637 635)
4(535 537 639 637)
4(537 539 641 639)
4(539 541 643 641)
4(541 543 645 643)
4(543 545 647 645)
4(545 547 649 647)
4(547 549 651 649)
4(549 551 653 651)
4(551 553 655 653)
4(553 555 657 655)
4(555 557 659 657)
4(557 559 661 659)
4(559 561 663 661)
4(561 563 665 663)
4(563 565 667 665)
4(565 567 669 667)
4(567 569 671 669)
4(569 571 673 671)
4(571 573 675 673)
4(573 575 677 675)
4(575 577 679 677)
4(577 579 681 679)
4(579 581 683 681)
4(581 583 685 683)
4(583 585 687 685)
4(585 587 689 687)
4(587 589 691 689)
4(589 591 693 691)
4(591 593 695 693)
4(593 595 697 695)
4(595 597 699 697)
4(597 599 701 699)
4(599 601 703 701)
4(601 603 705 703)
4(603 605 707 705)
4(605 607 709 707)
4(607 609 711 709)
4(609 611 713 711)
4(613 615 717 715)
4(615 617 719 717)
4(617 619 721 719)
4(619 621 723 721)
4(621 623 725 723)
4(623 625 727 725)
4(625 627 729 727)
4(627 629 731 729)
4(629 631 733 731)
4(631 633 735 733)
4(633 635 737 735)
4(635 637 739 737)
4(637 639 741 739)
4(639 641 743 741)
4(641 643 745 743)
4(643 645 747 745)
4(645 647 749 747)
4(647 649 751 749)
4(649 651 753 751)
4(651 653 755 753)
4(653 655 757 755)
4(655 657 759 757)
4(657 659 761 759)
4(659 661 763 761)
4(661 663 765 763)
4(663 665 767 765)
4(665 667 769 767)
4(667 669 771 769)
4(669 671 773 771)
4(671 673 775 773)
4(673 675 777 775)
4(675 677 779 777)
4(677 679 781 779)
4(679 681 783 781)
4(681 683 785 783)
4(683 685 787 785)
4(685 687 789 787)
4(687 689 791 789)
4(689 691 793 791)
4(691 693 795 793)
4(693 695 797 795)
4(695 697 799 797)
4(697 699 801 799)
4(699 701 803 801)
4(701 703 805 803)
4(703 705 807 805)
4(705 707 809 807)
4(707 709 811 809)
4(709 711 813 811)
4(711 713 815 813)
4(715 717 819 817)
4(717 719 821 819)
4(719 721 823 821)
4(721 723 825 823)
4(723 725 827 825)
4(725 727 829 827)
4(727 729 831 829)
4(729 731 833 831)
4(731 733 835 833)
4(733 735 837 835)
4(735 737 839 837)
4(737 739 841 839)
4(739 741 843 841)
4(741 743 845 843)
4(743 745 847 845)
4(745 747 849 847)
4(747 749 851 849)
4(749 751 853 851)
4(751 753 855 853)
4(753 755 857 855)
4(755 757 859 857)
4(757 759 861 859)
4(759 761 863 861)
4(761 763 865 863)
4(763 765 867 865)
4(765 767 869 867)
4(767 769 871 869)
4(769 771 873 871)
4(771 773 875 873)
4(773 775 877 875)
4(775 777 879 877)
4(777 779 881 879)
4(779 781 883 881)
4(781 783 885 883)
4(783 785 887 885)
4(785 787 889 887)
4(787 789 891 889)
4(789 791 893 891)
4(791 793 895 893)
4(793 795 897 895)
4(795 797 899 897)
4(797 799 901 899)
4(799 801 903 901)
4(801 803 905 903)
4(803 805 907 905)
4(805 807 909 907)
4(807 809 911 909)
4(809 811 913 911)
4(811 813 915 913)
4(813 815 917 915)
4(817 819 921 919)
4(819 821 923 921)
4(821 823 925 923)
4(823 825 927 925)
4(825 827 929 927)
4(827 829 931 929)
4(829 831 933 931)
4(831 833 935 933)
4(833 835 937 935)
4(835 837 939 937)
4(837 839 941 939)
4(839 841 943 941)
4(841 843 945 943)
4(843 845 947 945)
4(845 847 949 947)
4(847 849 951 949)
4(849 851 953 951)
4(851 853 955 953)
4(853 855 957 955)
4(855 857 959 957)
4(857 859 961 959)
4(859 861 963 961)
4(861 863 965 963)
4(863 865 967 965)
4(865 867 969 967)
4(867 869 971 969)
4(869 871 973 971)
4(871 873 975 973)
4(873 875 977 975)
4(875 877 979 977)
4(877 879 981 979)
4(879 881 983 981)
4(881 883 985 983)
4(883 885 987 985)
4(885 887 989 987)
4(887 889 991 989)
4(889 891 993 991)
4(891 893 995 993)
4(893 895 997 995)
4(895 897 999 997)
4(897 899 1001 999)
4(899 901 1003 1001)
4(901 903 1005 1003)
4(903 905 1007 1005)
4(905 907 1009 1007)
4(907 909 1011 1009)
4(909 911 1013 1011)
4(911 913 1015 1013)
4(913 915 1017 1015)
4(915 917 1019 1017)
4(919 921 1023 1021)
4(921 923 1025 1023)
4(923 925 1027 1025)
4(925 927 1029 1027)
4(927 929 1031 1029)
4(929 931 1033 1031)
4(931 933 1035 1033)
4(933 935 1037 1035)
4(935 937 1039 1037)
4(937 939 1041 1039)
4(939 941 1043 1041)
4(941 943 1045 1043)
4(943 945 1047 1045)
4(945 947 1049 1047)
4(947 949 1051 1049)
4(949 951 1053 1051)
4(951 953 1055 1053)
4(953 955 1057 1055)
4(955 957 1059 1057)
4(957 959 1061 1059)
4(959 961 1063 1061)
4(961 963 1065 1063)
4(963 965 1067 1065)
4(965 967 1069 1067)
4(967 969 1071 1069)
4(969 971 1073 1071)
4(971 973 1075 1073)
4(973 975 1077 1075)
4(975 977 1079 1077)
4(977 979 1081 1079)
4(979 981 1083 1081)
4(981 983 1085 1083)
4(983 985 1087 1085)
4(985 987 1089 1087)
4(987 989 1091 1089)
4(989 991 1093 1091)
4(991 993 1095 1093)
4(993 995 1097 1095)
4(995 997 1099 1097)
4(997 999 1101 1099)
4(999 1001 1103 1101)
4(1001 1003 1105 1103)
4(1003 1005 1107 1105)
4(1005 1007 1109 1107)
4(1007 1009 1111 1109)
4(1009 1011 1113 1111)
4(1011 1013 1115 1113)
4(1013 1015 1117 1115)
4(1015 1017 1119 1117)
4(1017 1019 1121 1119)
4(1021 1023 1125 1123)
4(1023 1025 1127 1125)
4(1025 1027 1129 1127)
4(1027 1029 1131 1129)
4(1029 1031 1133 1131)
4(1031 1033 1135 1133)
4(1033 1035 1137 1135)
4(1035 1037 1139 1137)
4(1037 1039 1141 1139)
4(1039 1041 1143 1141)
4(1041 1043 1145 1143)
4(1043 1045 1147 1145)
4(1045 1047 1149 1147)
4(1047 1049 1151 1149)
4(1049 1051 1153 1151)
4(1051 1053 1155 1153)
4(1053 1055 1157 1155)
4(1055 1057 1159 1157)
4(1057 1059 1161 1159)
4(1059 1061 1163 1161)
4(1061 1063 1165 1163)
4(1063 1065 1167 1165)
4(1065 1067 1169 1167)
4(1067 1069 1171 1169)
4(1069 1071 1173 1171)
4(1071 1073 1175 1173)
4(1073 1075 1177 1175)
4(1075 1077 1179 1177)
4(1077 1079 1181 1179)
4(1079 1081 1183 1181)
4(1081 1083 1185 1183)
4(1083 1085 1187 1185)
4(1085 1087 1189 1187)
4(1087 1089 1191 1189)
4(1089 1091 1193 1191)
4(1091 1093 1195 1193)
4(1093 1095 1197 1195)
4(1095 1097 1199 1197)
4(1097 1099 1201 1199)
4(1099 1101 1203 1201)
4(1101 1103 1205 1203)
4(1103 1105 1207 1205)
4(1105 1107 1209 1207)
4(1107 1109 1211 1209)
4(1109 1111 1213 1211)
4(1111 1113 1215 1213)
4(1113 1115 1217 1215)
4(1115 1117 1219 1217)
4(1117 1119 1221 1219)
4(1119 1121 1223 1221)
4(1123 1125 1227 1225)
4(1125 1127 1229 1227)
4(1127 1129 1231 1229)
4(1129 1131 1233 1231)
4(1131 1133 1235 1233)
4(1133 1135 1237 1235)
4(1135 1137 1239 1237)
4(1137 1139 1241 1239)
4(1139 1141 1243 1241)
4(1141 1143 1245 1243)
4(1143 1145 1247 1245)
4(1145 1147 1249 1247)
4(1147 1149 1251 1249)
4(1149 1151 1253 1251)
4(1151 1153 1255 1253)
4(1153 1155 1257 1255)
4(1155 1157 1259 1257)
4(1157 1159 1261 1259)
4(1159 1161 1263 1261)
4(1161 1163 1265 1263)
4(1163 1165 1267 1265)
4(1165 1167 1269 1267)
4(1167 1169 1271 1269)
4(1169 1171 1273 1271)
4(1171 1173 1275 1273)
4(1173 1175 1277 1275)
4(1175 1177 1279 1277)
4(1177 1179 1281 1279)
4(1179 1181 1283 1281)
4(1181 1183 1285 1283)
4(1183 1185 1287 1285)
4(1185 1187 1289 1287)
4(1187 1189 1291 1289)
4(1189 1191 1293 1291)
4(1191 1193 1295 1293)
4(1193 1195 1297 1295)
4(1195 1197 1299 1297)
4(1197 1199 1301 1299)
4(1199 1201 1303 1301)
4(1201 1203 1305 1303)
4(1203 1205 1307 1305)
4(1205 1207 1309 1307)
4(1207 1209 1311 1309)
4(1209 1211 1313 1311)
4(1211 1213 1315 1313)
4(1213 1215 1317 1315)
4(1215 1217 1319 1317)
4(1217 1219 1321 1319)
4(1219 1221 1323 1321)
4(1221 1223 1325 1323)
4(1225 1227 1329 1327)
4(1227 1229 1331 1329)
4(1229 1231 1333 1331)
4(1231 1233 1335 1333)
4(1233 1235 1337 1335)
4(1235 1237 1339 1337)
4(1237 1239 1341 1339)
4(1239 1241 1343 1341)
4(1241 1243 1345 1343)
4(1243 1245 1347 1345)
4(1245 1247 1349 1347)
4(1247 1249 1351 1349)
4(1249 1251 1353 1351)
4(1251 1253 1355 1353)
4(1253 1255 1357 1355)
4(1255 1257 1359 1357)
4(1257 1259 1361 1359)
4(1259 1261 1363 1361)
4(1261 1263 1365 1363)
4(1263 1265 1367 1365)
4(1265 1267 1369 1367)
4(1267 1269 1371 1369)
4(1269 1271 1373 1371)
4(1271 1273 1375 1373)
4(1273 1275 1377 1375)
4(1275 1277 1379 1377)
4(1277 1279 1381 1379)
4(1279 1281 1383 1381)
4(1281 1283 1385 1383)
4(1283 1285 1387 1385)
4(1285 1287 1389 1387)
4(1287 1289 1391 1389)
4(1289 1291 1393 1391)
4(1291 1293 1395 1393)
4(1293 1295 1397 1395)
4(1295 1297 1399 1397)
4(1297 1299 1401 1399)
4(1299 1301 1403 1401)
4(1301 1303 1405 1403)
4(1303 1305 1407 1405)
4(1305 1307 1409 1407)
4(1307 1309 1411 1409)
4(1309 1311 1413 1411)
4(1311 1313 1415 1413)
4(1313 1315 1417 1415)
4(1315 1317 1419 1417)
4(1317 1319 1421 1419)
4(1319 1321 1423 1421)
4(1321 1323 1425 1423)
4(1323 1325 1427 1425)
4(1327 1329 1431 1429)
4(1329 1331 1433 1431)
4(1331 1333 1435 1433)
4(1333 1335 1437 1435)
4(1335 1337 1439 1437)
4(1337 1339 1441 1439)
4(1339 1341 1443 1441)
4(1341 1343 1445 1443)
4(1343 1345 1447 1445)
4(1345 1347 1449 1447)
4(1347 1349 1451 1449)
4(1349 1351 1453 1451)
4(1351 1353 1455 1453)
4(1353 1355 1457 1455)
4(1355 1357 1459 1457)
4(1357 1359 1461 1459)
4(1359 1361 1463 1461)
4(1361 1363 1465 1463)
4(1363 1365 1467 1465)
4(1365 1367 1469 1467)
4(1367 1369 1471 1469)
4(1369 1371 1473 1471)
4(1371 1373 1475 1473)
4(1373 1375 1477 1475)
4(1375 1377 1479 1477)
4(1377 1379 1481 1479)
4(1379 1381 1483 1481)
4(1381 1383 1485 1483)
4(1383 1385 1487 1485)
4(1385 1387 1489 1487)
4(1387 1389 1491 1489)
4(1389 1391 1493 1491)
4(1391 1393 1495 1493)
4(1393 1395 1497 1495)
4(1395 1397 1499 1497)
4(1397 1399 1501 1499)
4(1399 1401 1503 1501)
4(1401 1403 1505 1503)
4(1403 1405 1507 1505)
4(1405 1407 1509 1507)
4(1407 1409 1511 1509)
4(1409 1411 1513 1511)
4(1411 1413 1515 1513)
4(1413 1415 1517 1515)
4(1415 1417 1519 1517)
4(1417 1419 1521 1519)
4(1419 1421 1523 1521)
4(1421 1423 1525 1523)
4(1423 1425 1527 1525)
4(1425 1427 1529 1527)
4(1429 1431 1533 1531)
4(1431 1433 1535 1533)
4(1433 1435 1537 1535)
4(1435 1437 1539 1537)
4(1437 1439 1541 1539)
4(1439 1441 1543 1541)
4(1441 1443 1545 1543)
4(1443 1445 1547 1545)
4(1445 1447 1549 1547)
4(1447 1449 1551 1549)
4(1449 1451 1553 1551)
4(1451 1453 1555 1553)
4(1453 1455 1557 1555)
4(1455 1457 1559 1557)
4(1457 1459 1561 1559)
4(1459 1461 1563 1561)
4(1461 1463 1565 1563)
4(1463 1465 1567 1565)
4(1465 1467 1569 1567)
4(1467 1469 1571 1569)
4(1469 1471 1573 1571)
4(1471 1473 1575 1573)
4(1473 1475 1577 1575)
4(1475 1477 1579 1577)
4(1477 1479 1581 1579)
4(1479 1481 1583 1581)
4(1481 1483 1585 1583)
4(1483 1485 1587 1585)
4(1485 1487 1589 1587)
4(1487 1489 1591 1589)
4(1489 1491 1593 1591)
4(1491 1493 1595 1593)
4(1493 1495 1597 1595)
4(1495 1497 1599 1597)
4(1497 1499 1601 1599)
4(1499 1501 1603 1601)
4(1501 1503 1605 1603)
4(1503 1505 1607 1605)
4(1505 1507 1609 1607)
4(1507 1509 1611 1609)
4(1509 1511 1613 1611)
4(1511 1513 1615 1613)
4(1513 1515 1617 1615)
4(1515 1517 1619 1617)
4(1517 1519 1621 1619)
4(1519 1521 1623 1621)
4(1521 1523 1625 1623)
4(1523 1525 1627 1625)
4(1525 1527 1629 1627)
4(1527 1529 1631 1629)
4(1531 1533 1635 1633)
4(1533 1535 1637 1635)
4(1535 1537 1639 1637)
4(1537 1539 1641 1639)
4(1539 1541 1643 1641)
4(1541 1543 1645 1643)
4(1543 1545 1647 1645)
4(1545 1547 1649 1647)
4(1547 1549 1651 1649)
4(1549 1551 1653 1651)
4(1551 1553 1655 1653)
4(1553 1555 1657 1655)
4(1555 1557 1659 1657)
4(1557 1559 1661 1659)
4(1559 1561 1663 1661)
4(1561 1563 1665 1663)
4(1563 1565 1667 1665)
4(1565 1567 1669 1667)
4(1567 1569 1671 1669)
4(1569 1571 1673 1671)
4(1571 1573 1675 1673)
4(1573 1575 1677 1675)
4(1575 1577 1679 1677)
4(1577 1579 1681 1679)
4(1579 1581 1683 1681)
4(1581 1583 1685 1683)
4(1583 1585 1687 1685)
4(1585 1587 1689 1687)
4(1587 1589 1691 1689)
4(1589 1591 1693 1691)
4(1591 1593 1695 1693)
4(1593 1595 1697 1695)
4(1595 1597 1699 1697)
4(1597 1599 1701 1699)
4(1599 1601 1703 1701)
4(1601 1603 1705 1703)
4(1603 1605 1707 1705)
4(1605 1607 1709 1707)
4(1607 1609 1711 1709)
4(1609 1611 1713 1711)
4(1611 1613 1715 1713)
4(1613 1615 1717 1715)
4(1615 1617 1719 1717)
4(1617 1619 1721 1719)
4(1619 1621 1723 1721)
4(1621 1623 1725 1723)
4(1623 1625 1727 1725)
4(1625 1627 1729 1727)
4(1627 1629 1731 1729)
4(1629 1631 1733 1731)
4(1633 1635 1737 1735)
4(1635 1637 1739 1737)
4(1637 1639 1741 1739)
4(1639 1641 1743 1741)
4(1641 1643 1745 1743)
4(1643 1645 1747 1745)
4(1645 1647 1749 1747)
4(1647 1649 1751 1749)
4(1649 1651 1753 1751)
4(1651 1653 1755 1753)
4(1653 1655 1757 1755)
4(1655 1657 1759 1757)
4(1657 1659 1761 1759)
4(1659 1661 1763 1761)
4(1661 1663 1765 1763)
4(1663 1665 1767 1765)
4(1665 1667 1769 1767)
4(1667 1669 1771 1769)
4(1669 1671 1773 1771)
4(1671 1673 1775 1773)
4(1673 1675 1777 1775)
4(1675 1677 1779 1777)
4(1677 1679 1781 1779)
4(1679 1681 1783 1781)
4(1681 1683 1785 1783)
4(1683 1685 1787 1785)
4(1685 1687 1789 1787)
4(1687 1689 1791 1789)
4(1689 1691 1793 1791)
4(1691 1693 1795 1793)
4(1693 1695 1797 1795)
4(1695 1697 1799 1797)
4(1697 1699 1801 1799)
4(1699 1701 1803 1801)
4(1701 1703 1805 1803)
4(1703 1705 1807 1805)
4(1705 1707 1809 1807)
4(1707 1709 1811 1809)
4(1709 1711 1813 1811)
4(1711 1713 1815 1813)
4(1713 1715 1817 1815)
4(1715 1717 1819 1817)
4(1717 1719 1821 1819)
4(1719 1721 1823 1821)
4(1721 1723 1825 1823)
4(1723 1725 1827 1825)
4(1725 1727 1829 1827)
4(1727 1729 1831 1829)
4(1729 1731 1833 1831)
4(1731 1733 1835 1833)
4(1735 1737 1839 1837)
4(1737 1739 1841 1839)
4(1739 1741 1843 1841)
4(1741 1743 1845 1843)
4(1743 1745 1847 1845)
4(1745 1747 1849 1847)
4(1747 1749 1851 1849)
4(1749 1751 1853 1851)
4(1751 1753 1855 1853)
4(1753 1755 1857 1855)
4(1755 1757 1859 1857)
4(1757 1759 1861 1859)
4(1759 1761 1863 1861)
4(1761 1763 1865 1863)
4(1763 1765 1867 1865)
4(1765 1767 1869 1867)
4(1767 1769 1871 1869)
4(1769 1771 1873 1871)
4(1771 1773 1875 1873)
4(1773 1775 1877 1875)
4(1775 1777 1879 1877)
4(1777 1779 1881 1879)
4(1779 1781 1883 1881)
4(1781 1783 1885 1883)
4(1783 1785 1887 1885)
4(1785 1787 1889 1887)
4(1787 1789 1891 1889)
4(1789 1791 1893 1891)
4(1791 1793 1895 1893)
4(1793 1795 1897 1895)
4(1795 1797 1899 1897)
4(1797 1799 1901 1899)
4(1799 1801 1903 1901)
4(1801 1803 1905 1903)
4(1803 1805 1907 1905)
4(1805 1807 1909 1907)
4(1807 1809 1911 1909)
4(1809 1811 1913 1911)
4(1811 1813 1915 1913)
4(1813 1815 1917 1915)
4(1815 1817 1919 1917)
4(1817 1819 1921 1919)
4(1819 1821 1923 1921)
4(1821 1823 1925 1923)
4(1823 1825 1927 1925)
4(1825 1827 1929 1927)
4(1827 1829 1931 1929)
4(1829 1831 1933 1931)
4(1831 1833 1935 1933)
4(1833 1835 1937 1935)
4(1837 1839 1941 1939)
4(1839 1841 1943 1941)
4(1841 1843 1945 1943)
4(1843 1845 1947 1945)
4(1845 1847 1949 1947)
4(1847 1849 1951 1949)
4(1849 1851 1953 1951)
4(1851 1853 1955 1953)
4(1853 1855 1957 1955)
4(1855 1857 1959 1957)
4(1857 1859 1961 1959)
4(1859 1861 1963 1961)
4(1861 1863 1965 1963)
4(1863 1865 1967 1965)
4(1865 1867 1969 1967)
4(1867 1869 1971 1969)
4(1869 1871 1973 1971)
4(1871 1873 1975 1973)
4(1873 1875 1977 1975)
4(1875 1877 1979 1977)
4(1877 1879 1981 1979)
4(1879 1881 1983 1981)
4(1881 1883 1985 1983)
4(1883 1885 1987 1985)
4(1885 1887 1989 1987)
4(1887 1889 1991 1989)
4(1889 1891 1993 1991)
4(1891 1893 1995 1993)
4(1893 1895 1997 1995)
4(1895 1897 1999 1997)
4(1897 1899 2001 1999)
4(1899 1901 2003 2001)
4(1901 1903 2005 2003)
4(1903 1905 2007 2005)
4(1905 1907 2009 2007)
4(1907 1909 2011 2009)
4(1909 1911 2013 2011)
4(1911 1913 2015 2013)
4(1913 1915 2017 2015)
4(1915 1917 2019 2017)
4(1917 1919 2021 2019)
4(1919 1921 2023 2021)
4(1921 1923 2025 2023)
4(1923 1925 2027 2025)
4(1925 1927 2029 2027)
4(1927 1929 2031 2029)
4(1929 1931 2033 2031)
4(1931 1933 2035 2033)
4(1933 1935 2037 2035)
4(1935 1937 2039 2037)
4(1939 1941 2043 2041)
4(1941 1943 2045 2043)
4(1943 1945 2047 2045)
4(1945 1947 2049 2047)
4(1947 1949 2051 2049)
4(1949 1951 2053 2051)
4(1951 1953 2055 2053)
4(1953 1955 2057 2055)
4(1955 1957 2059 2057)
4(1957 1959 2061 2059)
4(1959 1961 2063 2061)
4(1961 1963 2065 2063)
4(1963 1965 2067 2065)
4(1965 1967 2069 2067)
4(1967 1969 2071 2069)
4(1969 1971 2073 2071)
4(1971 1973 2075 2073)
4(1973 1975 2077 2075)
4(1975 1977 2079 2077)
4(1977 1979 2081 2079)
4(1979 1981 2083 2081)
4(1981 1983 2085 2083)
4(1983 1985 2087 2085)
4(1985 1987 2089 2087)
4(1987 1989 2091 2089)
4(1989 1991 2093 2091)
4(1991 1993 2095 2093)
4(1993 1995 2097 2095)
4(1995 1997 2099 2097)
4(1997 1999 2101 2099)
4(1999 2001 2103 2101)
4(2001 2003 2105 2103)
4(2003 2005 2107 2105)
4(2005 2007 2109 2107)
4(2007 2009 2111 2109)
4(2009 2011 2113 2111)
4(2011 2013 2115 2113)
4(2013 2015 2117 2115)
4(2015 2017 2119 2117)
4(2017 2019 2121 2119)
4(2019 2021 2123 2121)
4(2021 2023 2125 2123)
4(2023 2025 2127 2125)
4(2025 2027 2129 2127)
4(2027 2029 2131 2129)
4(2029 2031 2133 2131)
4(2031 2033 2135 2133)
4(2033 2035 2137 2135)
4(2035 2037 2139 2137)
4(2037 2039 2141 2139)
4(2041 2043 2145 2143)
4(2043 2045 2147 2145)
4(2045 2047 2149 2147)
4(2047 2049 2151 2149)
4(2049 2051 2153 2151)
4(2051 2053 2155 2153)
4(2053 2055 2157 2155)
4(2055 2057 2159 2157)
4(2057 2059 2161 2159)
4(2059 2061 2163 2161)
4(2061 2063 2165 2163)
4(2063 2065 2167 2165)
4(2065 2067 2169 2167)
4(2067 2069 2171 2169)
4(2069 2071 2173 2171)
4(2071 2073 2175 2173)
4(2073 2075 2177 2175)
4(2075 2077 2179 2177)
4(2077 2079 2181 2179)
4(2079 2081 2183 2181)
4(2081 2083 2185 2183)
4(2083 2085 2187 2185)
4(2085 2087 2189 2187)
4(2087 2089 2191 2189)
4(2089 2091 2193 2191)
4(2091 2093 2195 2193)
4(2093 2095 2197 2195)
4(2095 2097 2199 2197)
4(2097 2099 2201 2199)
4(2099 2101 2203 2201)
4(2101 2103 2205 2203)
4(2103 2105 2207 2205)
4(2105 2107 2209 2207)
4(2107 2109 2211 2209)
4(2109 2111 2213 2211)
4(2111 2113 2215 2213)
4(2113 2115 2217 2215)
4(2115 2117 2219 2217)
4(2117 2119 2221 2219)
4(2119 2121 2223 2221)
4(2121 2123 2225 2223)
4(2123 2125 2227 2225)
4(2125 2127 2229 2227)
4(2127 2129 2231 2229)
4(2129 2131 2233 2231)
4(2131 2133 2235 2233)
4(2133 2135 2237 2235)
4(2135 2137 2239 2237)
4(2137 2139 2241 2239)
4(2139 2141 2243 2241)
4(2143 2145 2247 2245)
4(2145 2147 2249 2247)
4(2147 2149 2251 2249)
4(2149 2151 2253 2251)
4(2151 2153 2255 2253)
4(2153 2155 2257 2255)
4(2155 2157 2259 2257)
4(2157 2159 2261 2259)
4(2159 2161 2263 2261)
4(2161 2163 2265 2263)
4(2163 2165 2267 2265)
4(2165 2167 2269 2267)
4(2167 2169 2271 2269)
4(2169 2171 2273 2271)
4(2171 2173 2275 2273)
4(2173 2175 2277 2275)
4(2175 2177 2279 2277)
4(2177 2179 2281 2279)
4(2179 2181 2283 2281)
4(2181 2183 2285 2283)
4(2183 2185 2287 2285)
4(2185 2187 2289 2287)
4(2187 2189 2291 2289)
4(2189 2191 2293 2291)
4(2191 2193 2295 2293)
4(2193 2195 2297 2295)
4(2195 2197 2299 2297)
4(2197 2199 2301 2299)
4(2199 2201 2303 2301)
4(2201 2203 2305 2303)
4(2203 2205 2307 2305)
4(2205 2207 2309 2307)
4(2207 2209 2311 2309)
4(2209 2211 2313 2311)
4(2211 2213 2315 2313)
4(2213 2215 2317 2315)
4(2215 2217 2319 2317)
4(2217 2219 2321 2319)
4(2219 2221 2323 2321)
4(2221 2223 2325 2323)
4(2223 2225 2327 2325)
4(2225 2227 2329 2327)
4(2227 2229 2331 2329)
4(2229 2231 2333 2331)
4(2231 2233 2335 2333)
4(2233 2235 2337 2335)
4(2235 2237 2339 2337)
4(2237 2239 2341 2339)
4(2239 2241 2343 2341)
4(2241 2243 2345 2343)
4(2245 2247 2349 2347)
4(2247 2249 2351 2349)
4(2249 2251 2353 2351)
4(2251 2253 2355 2353)
4(2253 2255 2357 2355)
4(2255 2257 2359 2357)
4(2257 2259 2361 2359)
4(2259 2261 2363 2361)
4(2261 2263 2365 2363)
4(2263 2265 2367 2365)
4(2265 2267 2369 2367)
4(2267 2269 2371 2369)
4(2269 2271 2373 2371)
4(2271 2273 2375 2373)
4(2273 2275 2377 2375)
4(2275 2277 2379 2377)
4(2277 2279 2381 2379)
4(2279 2281 2383 2381)
4(2281 2283 2385 2383)
4(2283 2285 2387 2385)
4(2285 2287 2389 2387)
4(2287 2289 2391 2389)
4(2289 2291 2393 2391)
4(2291 2293 2395 2393)
4(2293 2295 2397 2395)
4(2295 2297 2399 2397)
4(2297 2299 2401 2399)
4(2299 2301 2403 2401)
4(2301 2303 2405 2403)
4(2303 2305 2407 2405)
4(2305 2307 2409 2407)
4(2307 2309 2411 2409)
4(2309 2311 2413 2411)
4(2311 2313 2415 2413)
4(2313 2315 2417 2415)
4(2315 2317 2419 2417)
4(2317 2319 2421 2419)
4(2319 2321 2423 2421)
4(2321 2323 2425 2423)
4(2323 2325 2427 2425)
4(2325 2327 2429 2427)
4(2327 2329 2431 2429)
4(2329 2331 2433 2431)
4(2331 2333 2435 2433)
4(2333 2335 2437 2435)
4(2335 2337 2439 2437)
4(2337 2339 2441 2439)
4(2339 2341 2443 2441)
4(2341 2343 2445 2443)
4(2343 2345 2447 2445)
4(2347 2349 2451 2449)
4(2349 2351 2453 2451)
4(2351 2353 2455 2453)
4(2353 2355 2457 2455)
4(2355 2357 2459 2457)
4(2357 2359 2461 2459)
4(2359 2361 2463 2461)
4(2361 2363 2465 2463)
4(2363 2365 2467 2465)
4(2365 2367 2469 2467)
4(2367 2369 2471 2469)
4(2369 2371 2473 2471)
4(2371 2373 2475 2473)
4(2373 2375 2477 2475)
4(2375 2377 2479 2477)
4(2377 2379 2481 2479)
4(2379 2381 2483 2481)
4(2381 2383 2485 2483)
4(2383 2385 2487 2485)
4(2385 2387 2489 2487)
4(2387 2389 2491 2489)
4(2389 2391 2493 2491)
4(2391 2393 2495 2493)
4(2393 2395 2497 2495)
4(2395 2397 2499 2497)
4(2397 2399 2501 2499)
4(2399 2401 2503 2501)
4(2401 2403 2505 2503)
4(2403 2405 2507 2505)
4(2405 2407 2509 2507)
4(2407 2409 2511 2509)
4(2409 2411 2513 2511)
4(2411 2413 2515 2513)
4(2413 2415 2517 2515)
4(2415 2417 2519 2517)
4(2417 2419 2521 2519)
4(2419 2421 2523 2521)
4(2421 2423 2525 2523)
4(2423 2425 2527 2525)
4(2425 2427 2529 2527)
4(2427 2429 2531 2529)
4(2429 2431 2533 2531)
4(2431 2433 2535 2533)
4(2433 2435 2537 2535)
4(2435 2437 2539 2537)
4(2437 2439 2541 2539)
4(2439 2441 2543 2541)
4(2441 2443 2545 2543)
4(2443 2445 2547 2545)
4(2445 2447 2549 2547)
4(2449 2451 2553 2551)
4(2451 2453 2555 2553)
4(2453 2455 2557 2555)
4(2455 2457 2559 2557)
4(2457 2459 2561 2559)
4(2459 2461 2563 2561)
4(2461 2463 2565 2563)
4(2463 2465 2567 2565)
4(2465 2467 2569 2567)
4(2467 2469 2571 2569)
4(2469 2471 2573 2571)
4(2471 2473 2575 2573)
4(2473 2475 2577 2575)
4(2475 2477 2579 2577)
4(2477 2479 2581 2579)
4(2479 2481 2583 2581)
4(2481 2483 2585 2583)
4(2483 2485 2587 2585)
4(2485 2487 2589 2587)
4(2487 2489 2591 2589)
4(2489 2491 2593 2591)
4(2491 2493 2595 2593)
4(2493 2495 2597 2595)
4(2495 2497 2599 2597)
4(2497 2499 2601 2599)
4(2499 2501 2603 2601)
4(2501 2503 2605 2603)
4(2503 2505 2607 2605)
4(2505 2507 2609 2607)
4(2507 2509 2611 2609)
4(2509 2511 2613 2611)
4(2511 2513 2615 2613)
4(2513 2515 2617 2615)
4(2515 2517 2619 2617)
4(2517 2519 2621 2619)
4(2519 2521 2623 2621)
4(2521 2523 2625 2623)
4(2523 2525 2627 2625)
4(2525 2527 2629 2627)
4(2527 2529 2631 2629)
4(2529 2531 2633 2631)
4(2531 2533 2635 2633)
4(2533 2535 2637 2635)
4(2535 2537 2639 2637)
4(2537 2539 2641 2639)
4(2539 2541 2643 2641)
4(2541 2543 2645 2643)
4(2543 2545 2647 2645)
4(2545 2547 2649 2647)
4(2547 2549 2651 2649)
4(2551 2553 2655 2653)
4(2553 2555 2657 2655)
4(2555 2557 2659 2657)
4(2557 2559 2661 2659)
4(2559 2561 2663 2661)
4(2561 2563 2665 2663)
4(2563 2565 2667 2665)
4(2565 2567 2669 2667)
4(2567 2569 2671 2669)
4(2569 2571 2673 2671)
4(2571 2573 2675 2673)
4(2573 2575 2677 2675)
4(2575 2577 2679 2677)
4(2577 2579 2681 2679)
4(2579 2581 2683 2681)
4(2581 2583 2685 2683)
4(2583 2585 2687 2685)
4(2585 2587 2689 2687)
4(2587 2589 2691 2689)
4(2589 2591 2693 2691)
4(2591 2593 2695 2693)
4(2593 2595 2697 2695)
4(2595 2597 2699 2697)
4(2597 2599 2701 2699)
4(2599 2601 2703 2701)
4(2601 2603 2705 2703)
4(2603 2605 2707 2705)
4(2605 2607 2709 2707)
4(2607 2609 2711 2709)
4(2609 2611 2713 2711)
4(2611 2613 2715 2713)
4(2613 2615 2717 2715)
4(2615 2617 2719 2717)
4(2617 2619 2721 2719)
4(2619 2621 2723 2721)
4(2621 2623 2725 2723)
4(2623 2625 2727 2725)
4(2625 2627 2729 2727)
4(2627 2629 2731 2729)
4(2629 2631 2733 2731)
4(2631 2633 2735 2733)
4(2633 2635 2737 2735)
4(2635 2637 2739 2737)
4(2637 2639 2741 2739)
4(2639 2641 2743 2741)
4(2641 2643 2745 2743)
4(2643 2645 2747 2745)
4(2645 2647 2749 2747)
4(2647 2649 2751 2749)
4(2649 2651 2753 2751)
4(2653 2655 2757 2755)
4(2655 2657 2759 2757)
4(2657 2659 2761 2759)
4(2659 2661 2763 2761)
4(2661 2663 2765 2763)
4(2663 2665 2767 2765)
4(2665 2667 2769 2767)
4(2667 2669 2771 2769)
4(2669 2671 2773 2771)
4(2671 2673 2775 2773)
4(2673 2675 2777 2775)
4(2675 2677 2779 2777)
4(2677 2679 2781 2779)
4(2679 2681 2783 2781)
4(2681 2683 2785 2783)
4(2683 2685 2787 2785)
4(2685 2687 2789 2787)
4(2687 2689 2791 2789)
4(2689 2691 2793 2791)
4(2691 2693 2795 2793)
4(2693 2695 2797 2795)
4(2695 2697 2799 2797)
4(2697 2699 2801 2799)
4(2699 2701 2803 2801)
4(2701 2703 2805 2803)
4(2703 2705 2807 2805)
4(2705 2707 2809 2807)
4(2707 2709 2811 2809)
4(2709 2711 2813 2811)
4(2711 2713 2815 2813)
4(2713 2715 2817 2815)
4(2715 2717 2819 2817)
4(2717 2719 2821 2819)
4(2719 2721 2823 2821)
4(2721 2723 2825 2823)
4(2723 2725 2827 2825)
4(2725 2727 2829 2827)
4(2727 2729 2831 2829)
4(2729 2731 2833 2831)
4(2731 2733 2835 2833)
4(2733 2735 2837 2835)
4(2735 2737 2839 2837)
4(2737 2739 2841 2839)
4(2739 2741 2843 2841)
4(2741 2743 2845 2843)
4(2743 2745 2847 2845)
4(2745 2747 2849 2847)
4(2747 2749 2851 2849)
4(2749 2751 2853 2851)
4(2751 2753 2855 2853)
4(2755 2757 2859 2857)
4(2757 2759 2861 2859)
4(2759 2761 2863 2861)
4(2761 2763 2865 2863)
4(2763 2765 2867 2865)
4(2765 2767 2869 2867)
4(2767 2769 2871 2869)
4(2769 2771 2873 2871)
4(2771 2773 2875 2873)
4(2773 2775 2877 2875)
4(2775 2777 2879 2877)
4(2777 2779 2881 2879)
4(2779 2781 2883 2881)
4(2781 2783 2885 2883)
4(2783 2785 2887 2885)
4(2785 2787 2889 2887)
4(2787 2789 2891 2889)
4(2789 2791 2893 2891)
4(2791 2793 2895 2893)
4(2793 2795 2897 2895)
4(2795 2797 2899 2897)
4(2797 2799 2901 2899)
4(2799 2801 2903 2901)
4(2801 2803 2905 2903)
4(2803 2805 2907 2905)
4(2805 2807 2909 2907)
4(2807 2809 2911 2909)
4(2809 2811 2913 2911)
4(2811 2813 2915 2913)
4(2813 2815 2917 2915)
4(2815 2817 2919 2917)
4(2817 2819 2921 2919)
4(2819 2821 2923 2921)
4(2821 2823 2925 2923)
4(2823 2825 2927 2925)
4(2825 2827 2929 2927)
4(2827 2829 2931 2929)
4(2829 2831 2933 2931)
4(2831 2833 2935 2933)
4(2833 2835 2937 2935)
4(2835 2837 2939 2937)
4(2837 2839 2941 2939)
4(2839 2841 2943 2941)
4(2841 2843 2945 2943)
4(2843 2845 2947 2945)
4(2845 2847 2949 2947)
4(2847 2849 2951 2949)
4(2849 2851 2953 2951)
4(2851 2853 2955 2953)
4(2853 2855 2957 2955)
4(2857 2859 2961 2959)
4(2859 2861 2963 2961)
4(2861 2863 2965 2963)
4(2863 2865 2967 2965)
4(2865 2867 2969 2967)
4(2867 2869 2971 2969)
4(2869 2871 2973 2971)
4(2871 2873 2975 2973)
4(2873 2875 2977 2975)
4(2875 2877 2979 2977)
4(2877 2879 2981 2979)
4(2879 2881 2983 2981)
4(2881 2883 2985 2983)
4(2883 2885 2987 2985)
4(2885 2887 2989 2987)
4(2887 2889 2991 2989)
4(2889 2891 2993 2991)
4(2891 2893 2995 2993)
4(2893 2895 2997 2995)
4(2895 2897 2999 2997)
4(2897 2899 3001 2999)
4(2899 2901 3003 3001)
4(2901 2903 3005 3003)
4(2903 2905 3007 3005)
4(2905 2907 3009 3007)
4(2907 2909 3011 3009)
4(2909 2911 3013 3011)
4(2911 2913 3015 3013)
4(2913 2915 3017 3015)
4(2915 2917 3019 3017)
4(2917 2919 3021 3019)
4(2919 2921 3023 3021)
4(2921 2923 3025 3023)
4(2923 2925 3027 3025)
4(2925 2927 3029 3027)
4(2927 2929 3031 3029)
4(2929 2931 3033 3031)
4(2931 2933 3035 3033)
4(2933 2935 3037 3035)
4(2935 2937 3039 3037)
4(2937 2939 3041 3039)
4(2939 2941 3043 3041)
4(2941 2943 3045 3043)
4(2943 2945 3047 3045)
4(2945 2947 3049 3047)
4(2947 2949 3051 3049)
4(2949 2951 3053 3051)
4(2951 2953 3055 3053)
4(2953 2955 3057 3055)
4(2955 2957 3059 3057)
4(2959 2961 3063 3061)
4(2961 2963 3065 3063)
4(2963 2965 3067 3065)
4(2965 2967 3069 3067)
4(2967 2969 3071 3069)
4(2969 2971 3073 3071)
4(2971 2973 3075 3073)
4(2973 2975 3077 3075)
4(2975 2977 3079 3077)
4(2977 2979 3081 3079)
4(2979 2981 3083 3081)
4(2981 2983 3085 3083)
4(2983 2985 3087 3085)
4(2985 2987 3089 3087)
4(2987 2989 3091 3089)
4(2989 2991 3093 3091)
4(2991 2993 3095 3093)
4(2993 2995 3097 3095)
4(2995 2997 3099 3097)
4(2997 2999 3101 3099)
4(2999 3001 3103 3101)
4(3001 3003 3105 3103)
4(3003 3005 3107 3105)
4(3005 3007 3109 3107)
4(3007 3009 3111 3109)
4(3009 3011 3113 3111)
4(3011 3013 3115 3113)
4(3013 3015 3117 3115)
4(3015 3017 3119 3117)
4(3017 3019 3121 3119)
4(3019 3021 3123 3121)
4(3021 3023 3125 3123)
4(3023 3025 3127 3125)
4(3025 3027 3129 3127)
4(3027 3029 3131 3129)
4(3029 3031 3133 3131)
4(3031 3033 3135 3133)
4(3033 3035 3137 3135)
4(3035 3037 3139 3137)
4(3037 3039 3141 3139)
4(3039 3041 3143 3141)
4(3041 3043 3145 3143)
4(3043 3045 3147 3145)
4(3045 3047 3149 3147)
4(3047 3049 3151 3149)
4(3049 3051 3153 3151)
4(3051 3053 3155 3153)
4(3053 3055 3157 3155)
4(3055 3057 3159 3157)
4(3057 3059 3161 3159)
4(3061 3063 3165 3163)
4(3063 3065 3167 3165)
4(3065 3067 3169 3167)
4(3067 3069 3171 3169)
4(3069 3071 3173 3171)
4(3071 3073 3175 3173)
4(3073 3075 3177 3175)
4(3075 3077 3179 3177)
4(3077 3079 3181 3179)
4(3079 3081 3183 3181)
4(3081 3083 3185 3183)
4(3083 3085 3187 3185)
4(3085 3087 3189 3187)
4(3087 3089 3191 3189)
4(3089 3091 3193 3191)
4(3091 3093 3195 3193)
4(3093 3095 3197 3195)
4(3095 3097 3199 3197)
4(3097 3099 3201 3199)
4(3099 3101 3203 3201)
4(3101 3103 3205 3203)
4(3103 3105 3207 3205)
4(3105 3107 3209 3207)
4(3107 3109 3211 3209)
4(3109 3111 3213 3211)
4(3111 3113 3215 3213)
4(3113 3115 3217 3215)
4(3115 3117 3219 3217)
4(3117 3119 3221 3219)
4(3119 3121 3223 3221)
4(3121 3123 3225 3223)
4(3123 3125 3227 3225)
4(3125 3127 3229 3227)
4(3127 3129 3231 3229)
4(3129 3131 3233 3231)
4(3131 3133 3235 3233)
4(3133 3135 3237 3235)
4(3135 3137 3239 3237)
4(3137 3139 3241 3239)
4(3139 3141 3243 3241)
4(3141 3143 3245 3243)
4(3143 3145 3247 3245)
4(3145 3147 3249 3247)
4(3147 3149 3251 3249)
4(3149 3151 3253 3251)
4(3151 3153 3255 3253)
4(3153 3155 3257 3255)
4(3155 3157 3259 3257)
4(3157 3159 3261 3259)
4(3159 3161 3263 3261)
4(3163 3165 3267 3265)
4(3165 3167 3269 3267)
4(3167 3169 3271 3269)
4(3169 3171 3273 3271)
4(3171 3173 3275 3273)
4(3173 3175 3277 3275)
4(3175 3177 3279 3277)
4(3177 3179 3281 3279)
4(3179 3181 3283 3281)
4(3181 3183 3285 3283)
4(3183 3185 3287 3285)
4(3185 3187 3289 3287)
4(3187 3189 3291 3289)
4(3189 3191 3293 3291)
4(3191 3193 3295 3293)
4(3193 3195 3297 3295)
4(3195 3197 3299 3297)
4(3197 3199 3301 3299)
4(3199 3201 3303 3301)
4(3201 3203 3305 3303)
4(3203 3205 3307 3305)
4(3205 3207 3309 3307)
4(3207 3209 3311 3309)
4(3209 3211 3313 3311)
4(3211 3213 3315 3313)
4(3213 3215 3317 3315)
4(3215 3217 3319 3317)
4(3217 3219 3321 3319)
4(3219 3221 3323 3321)
4(3221 3223 3325 3323)
4(3223 3225 3327 3325)
4(3225 3227 3329 3327)
4(3227 3229 3331 3329)
4(3229 3231 3333 3331)
4(3231 3233 3335 3333)
4(3233 3235 3337 3335)
4(3235 3237 3339 3337)
4(3237 3239 3341 3339)
4(3239 3241 3343 3341)
4(3241 3243 3345 3343)
4(3243 3245 3347 3345)
4(3245 3247 3349 3347)
4(3247 3249 3351 3349)
4(3249 3251 3353 3351)
4(3251 3253 3355 3353)
4(3253 3255 3357 3355)
4(3255 3257 3359 3357)
4(3257 3259 3361 3359)
4(3259 3261 3363 3361)
4(3261 3263 3365 3363)
4(3265 3267 3369 3367)
4(3267 3269 3371 3369)
4(3269 3271 3373 3371)
4(3271 3273 3375 3373)
4(3273 3275 3377 3375)
4(3275 3277 3379 3377)
4(3277 3279 3381 3379)
4(3279 3281 3383 3381)
4(3281 3283 3385 3383)
4(3283 3285 3387 3385)
4(3285 3287 3389 3387)
4(3287 3289 3391 3389)
4(3289 3291 3393 3391)
4(3291 3293 3395 3393)
4(3293 3295 3397 3395)
4(3295 3297 3399 3397)
4(3297 3299 3401 3399)
4(3299 3301 3403 3401)
4(3301 3303 3405 3403)
4(3303 3305 3407 3405)
4(3305 3307 3409 3407)
4(3307 3309 3411 3409)
4(3309 3311 3413 3411)
4(3311 3313 3415 3413)
4(3313 3315 3417 3415)
4(3315 3317 3419 3417)
4(3317 3319 3421 3419)
4(3319 3321 3423 3421)
4(3321 3323 3425 3423)
4(3323 3325 3427 3425)
4(3325 3327 3429 3427)
4(3327 3329 3431 3429)
4(3329 3331 3433 3431)
4(3331 3333 3435 3433)
4(3333 3335 3437 3435)
4(3335 3337 3439 3437)
4(3337 3339 3441 3439)
4(3339 3341 3443 3441)
4(3341 3343 3445 3443)
4(3343 3345 3447 3445)
4(3345 3347 3449 3447)
4(3347 3349 3451 3449)
4(3349 3351 3453 3451)
4(3351 3353 3455 3453)
4(3353 3355 3457 3455)
4(3355 3357 3459 3457)
4(3357 3359 3461 3459)
4(3359 3361 3463 3461)
4(3361 3363 3465 3463)
4(3363 3365 3467 3465)
4(3367 3369 3471 3469)
4(3369 3371 3473 3471)
4(3371 3373 3475 3473)
4(3373 3375 3477 3475)
4(3375 3377 3479 3477)
4(3377 3379 3481 3479)
4(3379 3381 3483 3481)
4(3381 3383 3485 3483)
4(3383 3385 3487 3485)
4(3385 3387 3489 3487)
4(3387 3389 3491 3489)
4(3389 3391 3493 3491)
4(3391 3393 3495 3493)
4(3393 3395 3497 3495)
4(3395 3397 3499 3497)
4(3397 3399 3501 3499)
4(3399 3401 3503 3501)
4(3401 3403 3505 3503)
4(3403 3405 3507 3505)
4(3405 3407 3509 3507)
4(3407 3409 3511 3509)
4(3409 3411 3513 3511)
4(3411 3413 3515 3513)
4(3413 3415 3517 3515)
4(3415 3417 3519 3517)
4(3417 3419 3521 3519)
4(3419 3421 3523 3521)
4(3421 3423 3525 3523)
4(3423 3425 3527 3525)
4(3425 3427 3529 3527)
4(3427 3429 3531 3529)
4(3429 3431 3533 3531)
4(3431 3433 3535 3533)
4(3433 3435 3537 3535)
4(3435 3437 3539 3537)
4(3437 3439 3541 3539)
4(3439 3441 3543 3541)
4(3441 3443 3545 3543)
4(3443 3445 3547 3545)
4(3445 3447 3549 3547)
4(3447 3449 3551 3549)
4(3449 3451 3553 3551)
4(3451 3453 3555 3553)
4(3453 3455 3557 3555)
4(3455 3457 3559 3557)
4(3457 3459 3561 3559)
4(3459 3461 3563 3561)
4(3461 3463 3565 3563)
4(3463 3465 3567 3565)
4(3465 3467 3569 3567)
4(3469 3471 3573 3571)
4(3471 3473 3575 3573)
4(3473 3475 3577 3575)
4(3475 3477 3579 3577)
4(3477 3479 3581 3579)
4(3479 3481 3583 3581)
4(3481 3483 3585 3583)
4(3483 3485 3587 3585)
4(3485 3487 3589 3587)
4(3487 3489 3591 3589)
4(3489 3491 3593 3591)
4(3491 3493 3595 3593)
4(3493 3495 3597 3595)
4(3495 3497 3599 3597)
4(3497 3499 3601 3599)
4(3499 3501 3603 3601)
4(3501 3503 3605 3603)
4(3503 3505 3607 3605)
4(3505 3507 3609 3607)
4(3507 3509 3611 3609)
4(3509 3511 3613 3611)
4(3511 3513 3615 3613)
4(3513 3515 3617 3615)
4(3515 3517 3619 3617)
4(3517 3519 3621 3619)
4(3519 3521 3623 3621)
4(3521 3523 3625 3623)
4(3523 3525 3627 3625)
4(3525 3527 3629 3627)
4(3527 3529 3631 3629)
4(3529 3531 3633 3631)
4(3531 3533 3635 3633)
4(3533 3535 3637 3635)
4(3535 3537 3639 3637)
4(3537 3539 3641 3639)
4(3539 3541 3643 3641)
4(3541 3543 3645 3643)
4(3543 3545 3647 3645)
4(3545 3547 3649 3647)
4(3547 3549 3651 3649)
4(3549 3551 3653 3651)
4(3551 3553 3655 3653)
4(3553 3555 3657 3655)
4(3555 3557 3659 3657)
4(3557 3559 3661 3659)
4(3559 3561 3663 3661)
4(3561 3563 3665 3663)
4(3563 3565 3667 3665)
4(3565 3567 3669 3667)
4(3567 3569 3671 3669)
4(3571 3573 3675 3673)
4(3573 3575 3677 3675)
4(3575 3577 3679 3677)
4(3577 3579 3681 3679)
4(3579 3581 3683 3681)
4(3581 3583 3685 3683)
4(3583 3585 3687 3685)
4(3585 3587 3689 3687)
4(3587 3589 3691 3689)
4(3589 3591 3693 3691)
4(3591 3593 3695 3693)
4(3593 3595 3697 3695)
4(3595 3597 3699 3697)
4(3597 3599 3701 3699)
4(3599 3601 3703 3701)
4(3601 3603 3705 3703)
4(3603 3605 3707 3705)
4(3605 3607 3709 3707)
4(3607 3609 3711 3709)
4(3609 3611 3713 3711)
4(3611 3613 3715 3713)
4(3613 3615 3717 3715)
4(3615 3617 3719 3717)
4(3617 3619 3721 3719)
4(3619 3621 3723 3721)
4(3621 3623 3725 3723)
4(3623 3625 3727 3725)
4(3625 3627 3729 3727)
4(3627 3629 3731 3729)
4(3629 3631 3733 3731)
4(3631 3633 3735 3733)
4(3633 3635 3737 3735)
4(3635 3637 3739 3737)
4(3637 3639 3741 3739)
4(3639 3641 3743 3741)
4(3641 3643 3745 3743)
4(3643 3645 3747 3745)
4(3645 3647 3749 3747)
4(3647 3649 3751 3749)
4(3649 3651 3753 3751)
4(3651 3653 3755 3753)
4(3653 3655 3757 3755)
4(3655 3657 3759 3757)
4(3657 3659 3761 3759)
4(3659 3661 3763 3761)
4(3661 3663 3765 3763)
4(3663 3665 3767 3765)
4(3665 3667 3769 3767)
4(3667 3669 3771 3769)
4(3669 3671 3773 3771)
4(3673 3675 3777 3775)
4(3675 3677 3779 3777)
4(3677 3679 3781 3779)
4(3679 3681 3783 3781)
4(3681 3683 3785 3783)
4(3683 3685 3787 3785)
4(3685 3687 3789 3787)
4(3687 3689 3791 3789)
4(3689 3691 3793 3791)
4(3691 3693 3795 3793)
4(3693 3695 3797 3795)
4(3695 3697 3799 3797)
4(3697 3699 3801 3799)
4(3699 3701 3803 3801)
4(3701 3703 3805 3803)
4(3703 3705 3807 3805)
4(3705 3707 3809 3807)
4(3707 3709 3811 3809)
4(3709 3711 3813 3811)
4(3711 3713 3815 3813)
4(3713 3715 3817 3815)
4(3715 3717 3819 3817)
4(3717 3719 3821 3819)
4(3719 3721 3823 3821)
4(3721 3723 3825 3823)
4(3723 3725 3827 3825)
4(3725 3727 3829 3827)
4(3727 3729 3831 3829)
4(3729 3731 3833 3831)
4(3731 3733 3835 3833)
4(3733 3735 3837 3835)
4(3735 3737 3839 3837)
4(3737 3739 3841 3839)
4(3739 3741 3843 3841)
4(3741 3743 3845 3843)
4(3743 3745 3847 3845)
4(3745 3747 3849 3847)
4(3747 3749 3851 3849)
4(3749 3751 3853 3851)
4(3751 3753 3855 3853)
4(3753 3755 3857 3855)
4(3755 3757 3859 3857)
4(3757 3759 3861 3859)
4(3759 3761 3863 3861)
4(3761 3763 3865 3863)
4(3763 3765 3867 3865)
4(3765 3767 3869 3867)
4(3767 3769 3871 3869)
4(3769 3771 3873 3871)
4(3771 3773 3875 3873)
4(3775 3777 3879 3877)
4(3777 3779 3881 3879)
4(3779 3781 3883 3881)
4(3781 3783 3885 3883)
4(3783 3785 3887 3885)
4(3785 3787 3889 3887)
4(3787 3789 3891 3889)
4(3789 3791 3893 3891)
4(3791 3793 3895 3893)
4(3793 3795 3897 3895)
4(3795 3797 3899 3897)
4(3797 3799 3901 3899)
4(3799 3801 3903 3901)
4(3801 3803 3905 3903)
4(3803 3805 3907 3905)
4(3805 3807 3909 3907)
4(3807 3809 3911 3909)
4(3809 3811 3913 3911)
4(3811 3813 3915 3913)
4(3813 3815 3917 3915)
4(3815 3817 3919 3917)
4(3817 3819 3921 3919)
4(3819 3821 3923 3921)
4(3821 3823 3925 3923)
4(3823 3825 3927 3925)
4(3825 3827 3929 3927)
4(3827 3829 3931 3929)
4(3829 3831 3933 3931)
4(3831 3833 3935 3933)
4(3833 3835 3937 3935)
4(3835 3837 3939 3937)
4(3837 3839 3941 3939)
4(3839 3841 3943 3941)
4(3841 3843 3945 3943)
4(3843 3845 3947 3945)
4(3845 3847 3949 3947)
4(3847 3849 3951 3949)
4(3849 3851 3953 3951)
4(3851 3853 3955 3953)
4(3853 3855 3957 3955)
4(3855 3857 3959 3957)
4(3857 3859 3961 3959)
4(3859 3861 3963 3961)
4(3861 3863 3965 3963)
4(3863 3865 3967 3965)
4(3865 3867 3969 3967)
4(3867 3869 3971 3969)
4(3869 3871 3973 3971)
4(3871 3873 3975 3973)
4(3873 3875 3977 3975)
4(3877 3879 3981 3979)
4(3879 3881 3983 3981)
4(3881 3883 3985 3983)
4(3883 3885 3987 3985)
4(3885 3887 3989 3987)
4(3887 3889 3991 3989)
4(3889 3891 3993 3991)
4(3891 3893 3995 3993)
4(3893 3895 3997 3995)
4(3895 3897 3999 3997)
4(3897 3899 4001 3999)
4(3899 3901 4003 4001)
4(3901 3903 4005 4003)
4(3903 3905 4007 4005)
4(3905 3907 4009 4007)
4(3907 3909 4011 4009)
4(3909 3911 4013 4011)
4(3911 3913 4015 4013)
4(3913 3915 4017 4015)
4(3915 3917 4019 4017)
4(3917 3919 4021 4019)
4(3919 3921 4023 4021)
4(3921 3923 4025 4023)
4(3923 3925 4027 4025)
4(3925 3927 4029 4027)
4(3927 3929 4031 4029)
4(3929 3931 4033 4031)
4(3931 3933 4035 4033)
4(3933 3935 4037 4035)
4(3935 3937 4039 4037)
4(3937 3939 4041 4039)
4(3939 3941 4043 4041)
4(3941 3943 4045 4043)
4(3943 3945 4047 4045)
4(3945 3947 4049 4047)
4(3947 3949 4051 4049)
4(3949 3951 4053 4051)
4(3951 3953 4055 4053)
4(3953 3955 4057 4055)
4(3955 3957 4059 4057)
4(3957 3959 4061 4059)
4(3959 3961 4063 4061)
4(3961 3963 4065 4063)
4(3963 3965 4067 4065)
4(3965 3967 4069 4067)
4(3967 3969 4071 4069)
4(3969 3971 4073 4071)
4(3971 3973 4075 4073)
4(3973 3975 4077 4075)
4(3975 3977 4079 4077)
4(3979 3981 4083 4081)
4(3981 3983 4085 4083)
4(3983 3985 4087 4085)
4(3985 3987 4089 4087)
4(3987 3989 4091 4089)
4(3989 3991 4093 4091)
4(3991 3993 4095 4093)
4(3993 3995 4097 4095)
4(3995 3997 4099 4097)
4(3997 3999 4101 4099)
4(3999 4001 4103 4101)
4(4001 4003 4105 4103)
4(4003 4005 4107 4105)
4(4005 4007 4109 4107)
4(4007 4009 4111 4109)
4(4009 4011 4113 4111)
4(4011 4013 4115 4113)
4(4013 4015 4117 4115)
4(4015 4017 4119 4117)
4(4017 4019 4121 4119)
4(4019 4021 4123 4121)
4(4021 4023 4125 4123)
4(4023 4025 4127 4125)
4(4025 4027 4129 4127)
4(4027 4029 4131 4129)
4(4029 4031 4133 4131)
4(4031 4033 4135 4133)
4(4033 4035 4137 4135)
4(4035 4037 4139 4137)
4(4037 4039 4141 4139)
4(4039 4041 4143 4141)
4(4041 4043 4145 4143)
4(4043 4045 4147 4145)
4(4045 4047 4149 4147)
4(4047 4049 4151 4149)
4(4049 4051 4153 4151)
4(4051 4053 4155 4153)
4(4053 4055 4157 4155)
4(4055 4057 4159 4157)
4(4057 4059 4161 4159)
4(4059 4061 4163 4161)
4(4061 4063 4165 4163)
4(4063 4065 4167 4165)
4(4065 4067 4169 4167)
4(4067 4069 4171 4169)
4(4069 4071 4173 4171)
4(4071 4073 4175 4173)
4(4073 4075 4177 4175)
4(4075 4077 4179 4177)
4(4077 4079 4181 4179)
4(4081 4083 4185 4183)
4(4083 4085 4187 4185)
4(4085 4087 4189 4187)
4(4087 4089 4191 4189)
4(4089 4091 4193 4191)
4(4091 4093 4195 4193)
4(4093 4095 4197 4195)
4(4095 4097 4199 4197)
4(4097 4099 4201 4199)
4(4099 4101 4203 4201)
4(4101 4103 4205 4203)
4(4103 4105 4207 4205)
4(4105 4107 4209 4207)
4(4107 4109 4211 4209)
4(4109 4111 4213 4211)
4(4111 4113 4215 4213)
4(4113 4115 4217 4215)
4(4115 4117 4219 4217)
4(4117 4119 4221 4219)
4(4119 4121 4223 4221)
4(4121 4123 4225 4223)
4(4123 4125 4227 4225)
4(4125 4127 4229 4227)
4(4127 4129 4231 4229)
4(4129 4131 4233 4231)
4(4131 4133 4235 4233)
4(4133 4135 4237 4235)
4(4135 4137 4239 4237)
4(4137 4139 4241 4239)
4(4139 4141 4243 4241)
4(4141 4143 4245 4243)
4(4143 4145 4247 4245)
4(4145 4147 4249 4247)
4(4147 4149 4251 4249)
4(4149 4151 4253 4251)
4(4151 4153 4255 4253)
4(4153 4155 4257 4255)
4(4155 4157 4259 4257)
4(4157 4159 4261 4259)
4(4159 4161 4263 4261)
4(4161 4163 4265 4263)
4(4163 4165 4267 4265)
4(4165 4167 4269 4267)
4(4167 4169 4271 4269)
4(4169 4171 4273 4271)
4(4171 4173 4275 4273)
4(4173 4175 4277 4275)
4(4175 4177 4279 4277)
4(4177 4179 4281 4279)
4(4179 4181 4283 4281)
4(4183 4185 4287 4285)
4(4185 4187 4289 4287)
4(4187 4189 4291 4289)
4(4189 4191 4293 4291)
4(4191 4193 4295 4293)
4(4193 4195 4297 4295)
4(4195 4197 4299 4297)
4(4197 4199 4301 4299)
4(4199 4201 4303 4301)
4(4201 4203 4305 4303)
4(4203 4205 4307 4305)
4(4205 4207 4309 4307)
4(4207 4209 4311 4309)
4(4209 4211 4313 4311)
4(4211 4213 4315 4313)
4(4213 4215 4317 4315)
4(4215 4217 4319 4317)
4(4217 4219 4321 4319)
4(4219 4221 4323 4321)
4(4221 4223 4325 4323)
4(4223 4225 4327 4325)
4(4225 4227 4329 4327)
4(4227 4229 4331 4329)
4(4229 4231 4333 4331)
4(4231 4233 4335 4333)
4(4233 4235 4337 4335)
4(4235 4237 4339 4337)
4(4237 4239 4341 4339)
4(4239 4241 4343 4341)
4(4241 4243 4345 4343)
4(4243 4245 4347 4345)
4(4245 4247 4349 4347)
4(4247 4249 4351 4349)
4(4249 4251 4353 4351)
4(4251 4253 4355 4353)
4(4253 4255 4357 4355)
4(4255 4257 4359 4357)
4(4257 4259 4361 4359)
4(4259 4261 4363 4361)
4(4261 4263 4365 4363)
4(4263 4265 4367 4365)
4(4265 4267 4369 4367)
4(4267 4269 4371 4369)
4(4269 4271 4373 4371)
4(4271 4273 4375 4373)
4(4273 4275 4377 4375)
4(4275 4277 4379 4377)
4(4277 4279 4381 4379)
4(4279 4281 4383 4381)
4(4281 4283 4385 4383)
4(4285 4287 4389 4387)
4(4287 4289 4391 4389)
4(4289 4291 4393 4391)
4(4291 4293 4395 4393)
4(4293 4295 4397 4395)
4(4295 4297 4399 4397)
4(4297 4299 4401 4399)
4(4299 4301 4403 4401)
4(4301 4303 4405 4403)
4(4303 4305 4407 4405)
4(4305 4307 4409 4407)
4(4307 4309 4411 4409)
4(4309 4311 4413 4411)
4(4311 4313 4415 4413)
4(4313 4315 4417 4415)
4(4315 4317 4419 4417)
4(4317 4319 4421 4419)
4(4319 4321 4423 4421)
4(4321 4323 4425 4423)
4(4323 4325 4427 4425)
4(4325 4327 4429 4427)
4(4327 4329 4431 4429)
4(4329 4331 4433 4431)
4(4331 4333 4435 4433)
4(4333 4335 4437 4435)
4(4335 4337 4439 4437)
4(4337 4339 4441 4439)
4(4339 4341 4443 4441)
4(4341 4343 4445 4443)
4(4343 4345 4447 4445)
4(4345 4347 4449 4447)
4(4347 4349 4451 4449)
4(4349 4351 4453 4451)
4(4351 4353 4455 4453)
4(4353 4355 4457 4455)
4(4355 4357 4459 4457)
4(4357 4359 4461 4459)
4(4359 4361 4463 4461)
4(4361 4363 4465 4463)
4(4363 4365 4467 4465)
4(4365 4367 4469 4467)
4(4367 4369 4471 4469)
4(4369 4371 4473 4471)
4(4371 4373 4475 4473)
4(4373 4375 4477 4475)
4(4375 4377 4479 4477)
4(4377 4379 4481 4479)
4(4379 4381 4483 4481)
4(4381 4383 4485 4483)
4(4383 4385 4487 4485)
4(4387 4389 4491 4489)
4(4389 4391 4493 4491)
4(4391 4393 4495 4493)
4(4393 4395 4497 4495)
4(4395 4397 4499 4497)
4(4397 4399 4501 4499)
4(4399 4401 4503 4501)
4(4401 4403 4505 4503)
4(4403 4405 4507 4505)
4(4405 4407 4509 4507)
4(4407 4409 4511 4509)
4(4409 4411 4513 4511)
4(4411 4413 4515 4513)
4(4413 4415 4517 4515)
4(4415 4417 4519 4517)
4(4417 4419 4521 4519)
4(4419 4421 4523 4521)
4(4421 4423 4525 4523)
4(4423 4425 4527 4525)
4(4425 4427 4529 4527)
4(4427 4429 4531 4529)
4(4429 4431 4533 4531)
4(4431 4433 4535 4533)
4(4433 4435 4537 4535)
4(4435 4437 4539 4537)
4(4437 4439 4541 4539)
4(4439 4441 4543 4541)
4(4441 4443 4545 4543)
4(4443 4445 4547 4545)
4(4445 4447 4549 4547)
4(4447 4449 4551 4549)
4(4449 4451 4553 4551)
4(4451 4453 4555 4553)
4(4453 4455 4557 4555)
4(4455 4457 4559 4557)
4(4457 4459 4561 4559)
4(4459 4461 4563 4561)
4(4461 4463 4565 4563)
4(4463 4465 4567 4565)
4(4465 4467 4569 4567)
4(4467 4469 4571 4569)
4(4469 4471 4573 4571)
4(4471 4473 4575 4573)
4(4473 4475 4577 4575)
4(4475 4477 4579 4577)
4(4477 4479 4581 4579)
4(4479 4481 4583 4581)
4(4481 4483 4585 4583)
4(4483 4485 4587 4585)
4(4485 4487 4589 4587)
4(4489 4491 4593 4591)
4(4491 4493 4595 4593)
4(4493 4495 4597 4595)
4(4495 4497 4599 4597)
4(4497 4499 4601 4599)
4(4499 4501 4603 4601)
4(4501 4503 4605 4603)
4(4503 4505 4607 4605)
4(4505 4507 4609 4607)
4(4507 4509 4611 4609)
4(4509 4511 4613 4611)
4(4511 4513 4615 4613)
4(4513 4515 4617 4615)
4(4515 4517 4619 4617)
4(4517 4519 4621 4619)
4(4519 4521 4623 4621)
4(4521 4523 4625 4623)
4(4523 4525 4627 4625)
4(4525 4527 4629 4627)
4(4527 4529 4631 4629)
4(4529 4531 4633 4631)
4(4531 4533 4635 4633)
4(4533 4535 4637 4635)
4(4535 4537 4639 4637)
4(4537 4539 4641 4639)
4(4539 4541 4643 4641)
4(4541 4543 4645 4643)
4(4543 4545 4647 4645)
4(4545 4547 4649 4647)
4(4547 4549 4651 4649)
4(4549 4551 4653 4651)
4(4551 4553 4655 4653)
4(4553 4555 4657 4655)
4(4555 4557 4659 4657)
4(4557 4559 4661 4659)
4(4559 4561 4663 4661)
4(4561 4563 4665 4663)
4(4563 4565 4667 4665)
4(4565 4567 4669 4667)
4(4567 4569 4671 4669)
4(4569 4571 4673 4671)
4(4571 4573 4675 4673)
4(4573 4575 4677 4675)
4(4575 4577 4679 4677)
4(4577 4579 4681 4679)
4(4579 4581 4683 4681)
4(4581 4583 4685 4683)
4(4583 4585 4687 4685)
4(4585 4587 4689 4687)
4(4587 4589 4691 4689)
4(4591 4593 4695 4693)
4(4593 4595 4697 4695)
4(4595 4597 4699 4697)
4(4597 4599 4701 4699)
4(4599 4601 4703 4701)
4(4601 4603 4705 4703)
4(4603 4605 4707 4705)
4(4605 4607 4709 4707)
4(4607 4609 4711 4709)
4(4609 4611 4713 4711)
4(4611 4613 4715 4713)
4(4613 4615 4717 4715)
4(4615 4617 4719 4717)
4(4617 4619 4721 4719)
4(4619 4621 4723 4721)
4(4621 4623 4725 4723)
4(4623 4625 4727 4725)
4(4625 4627 4729 4727)
4(4627 4629 4731 4729)
4(4629 4631 4733 4731)
4(4631 4633 4735 4733)
4(4633 4635 4737 4735)
4(4635 4637 4739 4737)
4(4637 4639 4741 4739)
4(4639 4641 4743 4741)
4(4641 4643 4745 4743)
4(4643 4645 4747 4745)
4(4645 4647 4749 4747)
4(4647 4649 4751 4749)
4(4649 4651 4753 4751)
4(4651 4653 4755 4753)
4(4653 4655 4757 4755)
4(4655 4657 4759 4757)
4(4657 4659 4761 4759)
4(4659 4661 4763 4761)
4(4661 4663 4765 4763)
4(4663 4665 4767 4765)
4(4665 4667 4769 4767)
4(4667 4669 4771 4769)
4(4669 4671 4773 4771)
4(4671 4673 4775 4773)
4(4673 4675 4777 4775)
4(4675 4677 4779 4777)
4(4677 4679 4781 4779)
4(4679 4681 4783 4781)
4(4681 4683 4785 4783)
4(4683 4685 4787 4785)
4(4685 4687 4789 4787)
4(4687 4689 4791 4789)
4(4689 4691 4793 4791)
4(4693 4695 4797 4795)
4(4695 4697 4799 4797)
4(4697 4699 4801 4799)
4(4699 4701 4803 4801)
4(4701 4703 4805 4803)
4(4703 4705 4807 4805)
4(4705 4707 4809 4807)
4(4707 4709 4811 4809)
4(4709 4711 4813 4811)
4(4711 4713 4815 4813)
4(4713 4715 4817 4815)
4(4715 4717 4819 4817)
4(4717 4719 4821 4819)
4(4719 4721 4823 4821)
4(4721 4723 4825 4823)
4(4723 4725 4827 4825)
4(4725 4727 4829 4827)
4(4727 4729 4831 4829)
4(4729 4731 4833 4831)
4(4731 4733 4835 4833)
4(4733 4735 4837 4835)
4(4735 4737 4839 4837)
4(4737 4739 4841 4839)
4(4739 4741 4843 4841)
4(4741 4743 4845 4843)
4(4743 4745 4847 4845)
4(4745 4747 4849 4847)
4(4747 4749 4851 4849)
4(4749 4751 4853 4851)
4(4751 4753 4855 4853)
4(4753 4755 4857 4855)
4(4755 4757 4859 4857)
4(4757 4759 4861 4859)
4(4759 4761 4863 4861)
4(4761 4763 4865 4863)
4(4763 4765 4867 4865)
4(4765 4767 4869 4867)
4(4767 4769 4871 4869)
4(4769 4771 4873 4871)
4(4771 4773 4875 4873)
4(4773 4775 4877 4875)
4(4775 4777 4879 4877)
4(4777 4779 4881 4879)
4(4779 4781 4883 4881)
4(4781 4783 4885 4883)
4(4783 4785 4887 4885)
4(4785 4787 4889 4887)
4(4787 4789 4891 4889)
4(4789 4791 4893 4891)
4(4791 4793 4895 4893)
4(4795 4797 4899 4897)
4(4797 4799 4901 4899)
4(4799 4801 4903 4901)
4(4801 4803 4905 4903)
4(4803 4805 4907 4905)
4(4805 4807 4909 4907)
4(4807 4809 4911 4909)
4(4809 4811 4913 4911)
4(4811 4813 4915 4913)
4(4813 4815 4917 4915)
4(4815 4817 4919 4917)
4(4817 4819 4921 4919)
4(4819 4821 4923 4921)
4(4821 4823 4925 4923)
4(4823 4825 4927 4925)
4(4825 4827 4929 4927)
4(4827 4829 4931 4929)
4(4829 4831 4933 4931)
4(4831 4833 4935 4933)
4(4833 4835 4937 4935)
4(4835 4837 4939 4937)
4(4837 4839 4941 4939)
4(4839 4841 4943 4941)
4(4841 4843 4945 4943)
4(4843 4845 4947 4945)
4(4845 4847 4949 4947)
4(4847 4849 4951 4949)
4(4849 4851 4953 4951)
4(4851 4853 4955 4953)
4(4853 4855 4957 4955)
4(4855 4857 4959 4957)
4(4857 4859 4961 4959)
4(4859 4861 4963 4961)
4(4861 4863 4965 4963)
4(4863 4865 4967 4965)
4(4865 4867 4969 4967)
4(4867 4869 4971 4969)
4(4869 4871 4973 4971)
4(4871 4873 4975 4973)
4(4873 4875 4977 4975)
4(4875 4877 4979 4977)
4(4877 4879 4981 4979)
4(4879 4881 4983 4981)
4(4881 4883 4985 4983)
4(4883 4885 4987 4985)
4(4885 4887 4989 4987)
4(4887 4889 4991 4989)
4(4889 4891 4993 4991)
4(4891 4893 4995 4993)
4(4893 4895 4997 4995)
4(4897 4899 5001 4999)
4(4899 4901 5003 5001)
4(4901 4903 5005 5003)
4(4903 4905 5007 5005)
4(4905 4907 5009 5007)
4(4907 4909 5011 5009)
4(4909 4911 5013 5011)
4(4911 4913 5015 5013)
4(4913 4915 5017 5015)
4(4915 4917 5019 5017)
4(4917 4919 5021 5019)
4(4919 4921 5023 5021)
4(4921 4923 5025 5023)
4(4923 4925 5027 5025)
4(4925 4927 5029 5027)
4(4927 4929 5031 5029)
4(4929 4931 5033 5031)
4(4931 4933 5035 5033)
4(4933 4935 5037 5035)
4(4935 4937 5039 5037)
4(4937 4939 5041 5039)
4(4939 4941 5043 5041)
4(4941 4943 5045 5043)
4(4943 4945 5047 5045)
4(4945 4947 5049 5047)
4(4947 4949 5051 5049)
4(4949 4951 5053 5051)
4(4951 4953 5055 5053)
4(4953 4955 5057 5055)
4(4955 4957 5059 5057)
4(4957 4959 5061 5059)
4(4959 4961 5063 5061)
4(4961 4963 5065 5063)
4(4963 4965 5067 5065)
4(4965 4967 5069 5067)
4(4967 4969 5071 5069)
4(4969 4971 5073 5071)
4(4971 4973 5075 5073)
4(4973 4975 5077 5075)
4(4975 4977 5079 5077)
4(4977 4979 5081 5079)
4(4979 4981 5083 5081)
4(4981 4983 5085 5083)
4(4983 4985 5087 5085)
4(4985 4987 5089 5087)
4(4987 4989 5091 5089)
4(4989 4991 5093 5091)
4(4991 4993 5095 5093)
4(4993 4995 5097 5095)
4(4995 4997 5099 5097)
4(4999 5001 5103 5101)
4(5001 5003 5105 5103)
4(5003 5005 5107 5105)
4(5005 5007 5109 5107)
4(5007 5009 5111 5109)
4(5009 5011 5113 5111)
4(5011 5013 5115 5113)
4(5013 5015 5117 5115)
4(5015 5017 5119 5117)
4(5017 5019 5121 5119)
4(5019 5021 5123 5121)
4(5021 5023 5125 5123)
4(5023 5025 5127 5125)
4(5025 5027 5129 5127)
4(5027 5029 5131 5129)
4(5029 5031 5133 5131)
4(5031 5033 5135 5133)
4(5033 5035 5137 5135)
4(5035 5037 5139 5137)
4(5037 5039 5141 5139)
4(5039 5041 5143 5141)
4(5041 5043 5145 5143)
4(5043 5045 5147 5145)
4(5045 5047 5149 5147)
4(5047 5049 5151 5149)
4(5049 5051 5153 5151)
4(5051 5053 5155 5153)
4(5053 5055 5157 5155)
4(5055 5057 5159 5157)
4(5057 5059 5161 5159)
4(5059 5061 5163 5161)
4(5061 5063 5165 5163)
4(5063 5065 5167 5165)
4(5065 5067 5169 5167)
4(5067 5069 5171 5169)
4(5069 5071 5173 5171)
4(5071 5073 5175 5173)
4(5073 5075 5177 5175)
4(5075 5077 5179 5177)
4(5077 5079 5181 5179)
4(5079 5081 5183 5181)
4(5081 5083 5185 5183)
4(5083 5085 5187 5185)
4(5085 5087 5189 5187)
4(5087 5089 5191 5189)
4(5089 5091 5193 5191)
4(5091 5093 5195 5193)
4(5093 5095 5197 5195)
4(5095 5097 5199 5197)
4(5097 5099 5201 5199)
4(5101 5103 5205 5203)
4(5103 5105 5207 5205)
4(5105 5107 5209 5207)
4(5107 5109 5211 5209)
4(5109 5111 5213 5211)
4(5111 5113 5215 5213)
4(5113 5115 5217 5215)
4(5115 5117 5219 5217)
4(5117 5119 5221 5219)
4(5119 5121 5223 5221)
4(5121 5123 5225 5223)
4(5123 5125 5227 5225)
4(5125 5127 5229 5227)
4(5127 5129 5231 5229)
4(5129 5131 5233 5231)
4(5131 5133 5235 5233)
4(5133 5135 5237 5235)
4(5135 5137 5239 5237)
4(5137 5139 5241 5239)
4(5139 5141 5243 5241)
4(5141 5143 5245 5243)
4(5143 5145 5247 5245)
4(5145 5147 5249 5247)
4(5147 5149 5251 5249)
4(5149 5151 5253 5251)
4(5151 5153 5255 5253)
4(5153 5155 5257 5255)
4(5155 5157 5259 5257)
4(5157 5159 5261 5259)
4(5159 5161 5263 5261)
4(5161 5163 5265 5263)
4(5163 5165 5267 5265)
4(5165 5167 5269 5267)
4(5167 5169 5271 5269)
4(5169 5171 5273 5271)
4(5171 5173 5275 5273)
4(5173 5175 5277 5275)
4(5175 5177 5279 5277)
4(5177 5179 5281 5279)
4(5179 5181 5283 5281)
4(5181 5183 5285 5283)
4(5183 5185 5287 5285)
4(5185 5187 5289 5287)
4(5187 5189 5291 5289)
4(5189 5191 5293 5291)
4(5191 5193 5295 5293)
4(5193 5195 5297 5295)
4(5195 5197 5299 5297)
4(5197 5199 5301 5299)
4(5199 5201 5303 5301)
4(5203 5205 5307 5305)
4(5205 5207 5309 5307)
4(5207 5209 5311 5309)
4(5209 5211 5313 5311)
4(5211 5213 5315 5313)
4(5213 5215 5317 5315)
4(5215 5217 5319 5317)
4(5217 5219 5321 5319)
4(5219 5221 5323 5321)
4(5221 5223 5325 5323)
4(5223 5225 5327 5325)
4(5225 5227 5329 5327)
4(5227 5229 5331 5329)
4(5229 5231 5333 5331)
4(5231 5233 5335 5333)
4(5233 5235 5337 5335)
4(5235 5237 5339 5337)
4(5237 5239 5341 5339)
4(5239 5241 5343 5341)
4(5241 5243 5345 5343)
4(5243 5245 5347 5345)
4(5245 5247 5349 5347)
4(5247 5249 5351 5349)
4(5249 5251 5353 5351)
4(5251 5253 5355 5353)
4(5253 5255 5357 5355)
4(5255 5257 5359 5357)
4(5257 5259 5361 5359)
4(5259 5261 5363 5361)
4(5261 5263 5365 5363)
4(5263 5265 5367 5365)
4(5265 5267 5369 5367)
4(5267 5269 5371 5369)
4(5269 5271 5373 5371)
4(5271 5273 5375 5373)
4(5273 5275 5377 5375)
4(5275 5277 5379 5377)
4(5277 5279 5381 5379)
4(5279 5281 5383 5381)
4(5281 5283 5385 5383)
4(5283 5285 5387 5385)
4(5285 5287 5389 5387)
4(5287 5289 5391 5389)
4(5289 5291 5393 5391)
4(5291 5293 5395 5393)
4(5293 5295 5397 5395)
4(5295 5297 5399 5397)
4(5297 5299 5401 5399)
4(5299 5301 5403 5401)
4(5301 5303 5405 5403)
4(5305 5307 5409 5407)
4(5307 5309 5411 5409)
4(5309 5311 5413 5411)
4(5311 5313 5415 5413)
4(5313 5315 5417 5415)
4(5315 5317 5419 5417)
4(5317 5319 5421 5419)
4(5319 5321 5423 5421)
4(5321 5323 5425 5423)
4(5323 5325 5427 5425)
4(5325 5327 5429 5427)
4(5327 5329 5431 5429)
4(5329 5331 5433 5431)
4(5331 5333 5435 5433)
4(5333 5335 5437 5435)
4(5335 5337 5439 5437)
4(5337 5339 5441 5439)
4(5339 5341 5443 5441)
4(5341 5343 5445 5443)
4(5343 5345 5447 5445)
4(5345 5347 5449 5447)
4(5347 5349 5451 5449)
4(5349 5351 5453 5451)
4(5351 5353 5455 5453)
4(5353 5355 5457 5455)
4(5355 5357 5459 5457)
4(5357 5359 5461 5459)
4(5359 5361 5463 5461)
4(5361 5363 5465 5463)
4(5363 5365 5467 5465)
4(5365 5367 5469 5467)
4(5367 5369 5471 5469)
4(5369 5371 5473 5471)
4(5371 5373 5475 5473)
4(5373 5375 5477 5475)
4(5375 5377 5479 5477)
4(5377 5379 5481 5479)
4(5379 5381 5483 5481)
4(5381 5383 5485 5483)
4(5383 5385 5487 5485)
4(5385 5387 5489 5487)
4(5387 5389 5491 5489)
4(5389 5391 5493 5491)
4(5391 5393 5495 5493)
4(5393 5395 5497 5495)
4(5395 5397 5499 5497)
4(5397 5399 5501 5499)
4(5399 5401 5503 5501)
4(5401 5403 5505 5503)
4(5403 5405 5507 5505)
4(5407 5409 5511 5509)
4(5409 5411 5513 5511)
4(5411 5413 5515 5513)
4(5413 5415 5517 5515)
4(5415 5417 5519 5517)
4(5417 5419 5521 5519)
4(5419 5421 5523 5521)
4(5421 5423 5525 5523)
4(5423 5425 5527 5525)
4(5425 5427 5529 5527)
4(5427 5429 5531 5529)
4(5429 5431 5533 5531)
4(5431 5433 5535 5533)
4(5433 5435 5537 5535)
4(5435 5437 5539 5537)
4(5437 5439 5541 5539)
4(5439 5441 5543 5541)
4(5441 5443 5545 5543)
4(5443 5445 5547 5545)
4(5445 5447 5549 5547)
4(5447 5449 5551 5549)
4(5449 5451 5553 5551)
4(5451 5453 5555 5553)
4(5453 5455 5557 5555)
4(5455 5457 5559 5557)
4(5457 5459 5561 5559)
4(5459 5461 5563 5561)
4(5461 5463 5565 5563)
4(5463 5465 5567 5565)
4(5465 5467 5569 5567)
4(5467 5469 5571 5569)
4(5469 5471 5573 5571)
4(5471 5473 5575 5573)
4(5473 5475 5577 5575)
4(5475 5477 5579 5577)
4(5477 5479 5581 5579)
4(5479 5481 5583 5581)
4(5481 5483 5585 5583)
4(5483 5485 5587 5585)
4(5485 5487 5589 5587)
4(5487 5489 5591 5589)
4(5489 5491 5593 5591)
4(5491 5493 5595 5593)
4(5493 5495 5597 5595)
4(5495 5497 5599 5597)
4(5497 5499 5601 5599)
4(5499 5501 5603 5601)
4(5501 5503 5605 5603)
4(5503 5505 5607 5605)
4(5505 5507 5609 5607)
4(5509 5511 5613 5611)
4(5511 5513 5615 5613)
4(5513 5515 5617 5615)
4(5515 5517 5619 5617)
4(5517 5519 5621 5619)
4(5519 5521 5623 5621)
4(5521 5523 5625 5623)
4(5523 5525 5627 5625)
4(5525 5527 5629 5627)
4(5527 5529 5631 5629)
4(5529 5531 5633 5631)
4(5531 5533 5635 5633)
4(5533 5535 5637 5635)
4(5535 5537 5639 5637)
4(5537 5539 5641 5639)
4(5539 5541 5643 5641)
4(5541 5543 5645 5643)
4(5543 5545 5647 5645)
4(5545 5547 5649 5647)
4(5547 5549 5651 5649)
4(5549 5551 5653 5651)
4(5551 5553 5655 5653)
4(5553 5555 5657 5655)
4(5555 5557 5659 5657)
4(5557 5559 5661 5659)
4(5559 5561 5663 5661)
4(5561 5563 5665 5663)
4(5563 5565 5667 5665)
4(5565 5567 5669 5667)
4(5567 5569 5671 5669)
4(5569 5571 5673 5671)
4(5571 5573 5675 5673)
4(5573 5575 5677 5675)
4(5575 5577 5679 5677)
4(5577 5579 5681 5679)
4(5579 5581 5683 5681)
4(5581 5583 5685 5683)
4(5583 5585 5687 5685)
4(5585 5587 5689 5687)
4(5587 5589 5691 5689)
4(5589 5591 5693 5691)
4(5591 5593 5695 5693)
4(5593 5595 5697 5695)
4(5595 5597 5699 5697)
4(5597 5599 5701 5699)
4(5599 5601 5703 5701)
4(5601 5603 5705 5703)
4(5603 5605 5707 5705)
4(5605 5607 5709 5707)
4(5607 5609 5711 5709)
4(5611 5613 5715 5713)
4(5613 5615 5717 5715)
4(5615 5617 5719 5717)
4(5617 5619 5721 5719)
4(5619 5621 5723 5721)
4(5621 5623 5725 5723)
4(5623 5625 5727 5725)
4(5625 5627 5729 5727)
4(5627 5629 5731 5729)
4(5629 5631 5733 5731)
4(5631 5633 5735 5733)
4(5633 5635 5737 5735)
4(5635 5637 5739 5737)
4(5637 5639 5741 5739)
4(5639 5641 5743 5741)
4(5641 5643 5745 5743)
4(5643 5645 5747 5745)
4(5645 5647 5749 5747)
4(5647 5649 5751 5749)
4(5649 5651 5753 5751)
4(5651 5653 5755 5753)
4(5653 5655 5757 5755)
4(5655 5657 5759 5757)
4(5657 5659 5761 5759)
4(5659 5661 5763 5761)
4(5661 5663 5765 5763)
4(5663 5665 5767 5765)
4(5665 5667 5769 5767)
4(5667 5669 5771 5769)
4(5669 5671 5773 5771)
4(5671 5673 5775 5773)
4(5673 5675 5777 5775)
4(5675 5677 5779 5777)
4(5677 5679 5781 5779)
4(5679 5681 5783 5781)
4(5681 5683 5785 5783)
4(5683 5685 5787 5785)
4(5685 5687 5789 5787)
4(5687 5689 5791 5789)
4(5689 5691 5793 5791)
4(5691 5693 5795 5793)
4(5693 5695 5797 5795)
4(5695 5697 5799 5797)
4(5697 5699 5801 5799)
4(5699 5701 5803 5801)
4(5701 5703 5805 5803)
4(5703 5705 5807 5805)
4(5705 5707 5809 5807)
4(5707 5709 5811 5809)
4(5709 5711 5813 5811)
4(5713 5715 5817 5815)
4(5715 5717 5819 5817)
4(5717 5719 5821 5819)
4(5719 5721 5823 5821)
4(5721 5723 5825 5823)
4(5723 5725 5827 5825)
4(5725 5727 5829 5827)
4(5727 5729 5831 5829)
4(5729 5731 5833 5831)
4(5731 5733 5835 5833)
4(5733 5735 5837 5835)
4(5735 5737 5839 5837)
4(5737 5739 5841 5839)
4(5739 5741 5843 5841)
4(5741 5743 5845 5843)
4(5743 5745 5847 5845)
4(5745 5747 5849 5847)
4(5747 5749 5851 5849)
4(5749 5751 5853 5851)
4(5751 5753 5855 5853)
4(5753 5755 5857 5855)
4(5755 5757 5859 5857)
4(5757 5759 5861 5859)
4(5759 5761 5863 5861)
4(5761 5763 5865 5863)
4(5763 5765 5867 5865)
4(5765 5767 5869 5867)
4(5767 5769 5871 5869)
4(5769 5771 5873 5871)
4(5771 5773 5875 5873)
4(5773 5775 5877 5875)
4(5775 5777 5879 5877)
4(5777 5779 5881 5879)
4(5779 5781 5883 5881)
4(5781 5783 5885 5883)
4(5783 5785 5887 5885)
4(5785 5787 5889 5887)
4(5787 5789 5891 5889)
4(5789 5791 5893 5891)
4(5791 5793 5895 5893)
4(5793 5795 5897 5895)
4(5795 5797 5899 5897)
4(5797 5799 5901 5899)
4(5799 5801 5903 5901)
4(5801 5803 5905 5903)
4(5803 5805 5907 5905)
4(5805 5807 5909 5907)
4(5807 5809 5911 5909)
4(5809 5811 5913 5911)
4(5811 5813 5915 5913)
4(5815 5817 5919 5917)
4(5817 5819 5921 5919)
4(5819 5821 5923 5921)
4(5821 5823 5925 5923)
4(5823 5825 5927 5925)
4(5825 5827 5929 5927)
4(5827 5829 5931 5929)
4(5829 5831 5933 5931)
4(5831 5833 5935 5933)
4(5833 5835 5937 5935)
4(5835 5837 5939 5937)
4(5837 5839 5941 5939)
4(5839 5841 5943 5941)
4(5841 5843 5945 5943)
4(5843 5845 5947 5945)
4(5845 5847 5949 5947)
4(5847 5849 5951 5949)
4(5849 5851 5953 5951)
4(5851 5853 5955 5953)
4(5853 5855 5957 5955)
4(5855 5857 5959 5957)
4(5857 5859 5961 5959)
4(5859 5861 5963 5961)
4(5861 5863 5965 5963)
4(5863 5865 5967 5965)
4(5865 5867 5969 5967)
4(5867 5869 5971 5969)
4(5869 5871 5973 5971)
4(5871 5873 5975 5973)
4(5873 5875 5977 5975)
4(5875 5877 5979 5977)
4(5877 5879 5981 5979)
4(5879 5881 5983 5981)
4(5881 5883 5985 5983)
4(5883 5885 5987 5985)
4(5885 5887 5989 5987)
4(5887 5889 5991 5989)
4(5889 5891 5993 5991)
4(5891 5893 5995 5993)
4(5893 5895 5997 5995)
4(5895 5897 5999 5997)
4(5897 5899 6001 5999)
4(5899 5901 6003 6001)
4(5901 5903 6005 6003)
4(5903 5905 6007 6005)
4(5905 5907 6009 6007)
4(5907 5909 6011 6009)
4(5909 5911 6013 6011)
4(5911 5913 6015 6013)
4(5913 5915 6017 6015)
4(5917 5919 6021 6019)
4(5919 5921 6023 6021)
4(5921 5923 6025 6023)
4(5923 5925 6027 6025)
4(5925 5927 6029 6027)
4(5927 5929 6031 6029)
4(5929 5931 6033 6031)
4(5931 5933 6035 6033)
4(5933 5935 6037 6035)
4(5935 5937 6039 6037)
4(5937 5939 6041 6039)
4(5939 5941 6043 6041)
4(5941 5943 6045 6043)
4(5943 5945 6047 6045)
4(5945 5947 6049 6047)
4(5947 5949 6051 6049)
4(5949 5951 6053 6051)
4(5951 5953 6055 6053)
4(5953 5955 6057 6055)
4(5955 5957 6059 6057)
4(5957 5959 6061 6059)
4(5959 5961 6063 6061)
4(5961 5963 6065 6063)
4(5963 5965 6067 6065)
4(5965 5967 6069 6067)
4(5967 5969 6071 6069)
4(5969 5971 6073 6071)
4(5971 5973 6075 6073)
4(5973 5975 6077 6075)
4(5975 5977 6079 6077)
4(5977 5979 6081 6079)
4(5979 5981 6083 6081)
4(5981 5983 6085 6083)
4(5983 5985 6087 6085)
4(5985 5987 6089 6087)
4(5987 5989 6091 6089)
4(5989 5991 6093 6091)
4(5991 5993 6095 6093)
4(5993 5995 6097 6095)
4(5995 5997 6099 6097)
4(5997 5999 6101 6099)
4(5999 6001 6103 6101)
4(6001 6003 6105 6103)
4(6003 6005 6107 6105)
4(6005 6007 6109 6107)
4(6007 6009 6111 6109)
4(6009 6011 6113 6111)
4(6011 6013 6115 6113)
4(6013 6015 6117 6115)
4(6015 6017 6119 6117)
4(6019 6021 6123 6121)
4(6021 6023 6125 6123)
4(6023 6025 6127 6125)
4(6025 6027 6129 6127)
4(6027 6029 6131 6129)
4(6029 6031 6133 6131)
4(6031 6033 6135 6133)
4(6033 6035 6137 6135)
4(6035 6037 6139 6137)
4(6037 6039 6141 6139)
4(6039 6041 6143 6141)
4(6041 6043 6145 6143)
4(6043 6045 6147 6145)
4(6045 6047 6149 6147)
4(6047 6049 6151 6149)
4(6049 6051 6153 6151)
4(6051 6053 6155 6153)
4(6053 6055 6157 6155)
4(6055 6057 6159 6157)
4(6057 6059 6161 6159)
4(6059 6061 6163 6161)
4(6061 6063 6165 6163)
4(6063 6065 6167 6165)
4(6065 6067 6169 6167)
4(6067 6069 6171 6169)
4(6069 6071 6173 6171)
4(6071 6073 6175 6173)
4(6073 6075 6177 6175)
4(6075 6077 6179 6177)
4(6077 6079 6181 6179)
4(6079 6081 6183 6181)
4(6081 6083 6185 6183)
4(6083 6085 6187 6185)
4(6085 6087 6189 6187)
4(6087 6089 6191 6189)
4(6089 6091 6193 6191)
4(6091 6093 6195 6193)
4(6093 6095 6197 6195)
4(6095 6097 6199 6197)
4(6097 6099 6201 6199)
4(6099 6101 6203 6201)
4(6101 6103 6205 6203)
4(6103 6105 6207 6205)
4(6105 6107 6209 6207)
4(6107 6109 6211 6209)
4(6109 6111 6213 6211)
4(6111 6113 6215 6213)
4(6113 6115 6217 6215)
4(6115 6117 6219 6217)
4(6117 6119 6221 6219)
4(6121 6123 6225 6223)
4(6123 6125 6227 6225)
4(6125 6127 6229 6227)
4(6127 6129 6231 6229)
4(6129 6131 6233 6231)
4(6131 6133 6235 6233)
4(6133 6135 6237 6235)
4(6135 6137 6239 6237)
4(6137 6139 6241 6239)
4(6139 6141 6243 6241)
4(6141 6143 6245 6243)
4(6143 6145 6247 6245)
4(6145 6147 6249 6247)
4(6147 6149 6251 6249)
4(6149 6151 6253 6251)
4(6151 6153 6255 6253)
4(6153 6155 6257 6255)
4(6155 6157 6259 6257)
4(6157 6159 6261 6259)
4(6159 6161 6263 6261)
4(6161 6163 6265 6263)
4(6163 6165 6267 6265)
4(6165 6167 6269 6267)
4(6167 6169 6271 6269)
4(6169 6171 6273 6271)
4(6171 6173 6275 6273)
4(6173 6175 6277 6275)
4(6175 6177 6279 6277)
4(6177 6179 6281 6279)
4(6179 6181 6283 6281)
4(6181 6183 6285 6283)
4(6183 6185 6287 6285)
4(6185 6187 6289 6287)
4(6187 6189 6291 6289)
4(6189 6191 6293 6291)
4(6191 6193 6295 6293)
4(6193 6195 6297 6295)
4(6195 6197 6299 6297)
4(6197 6199 6301 6299)
4(6199 6201 6303 6301)
4(6201 6203 6305 6303)
4(6203 6205 6307 6305)
4(6205 6207 6309 6307)
4(6207 6209 6311 6309)
4(6209 6211 6313 6311)
4(6211 6213 6315 6313)
4(6213 6215 6317 6315)
4(6215 6217 6319 6317)
4(6217 6219 6321 6319)
4(6219 6221 6323 6321)
4(6223 6225 6327 6325)
4(6225 6227 6329 6327)
4(6227 6229 6331 6329)
4(6229 6231 6333 6331)
4(6231 6233 6335 6333)
4(6233 6235 6337 6335)
4(6235 6237 6339 6337)
4(6237 6239 6341 6339)
4(6239 6241 6343 6341)
4(6241 6243 6345 6343)
4(6243 6245 6347 6345)
4(6245 6247 6349 6347)
4(6247 6249 6351 6349)
4(6249 6251 6353 6351)
4(6251 6253 6355 6353)
4(6253 6255 6357 6355)
4(6255 6257 6359 6357)
4(6257 6259 6361 6359)
4(6259 6261 6363 6361)
4(6261 6263 6365 6363)
4(6263 6265 6367 6365)
4(6265 6267 6369 6367)
4(6267 6269 6371 6369)
4(6269 6271 6373 6371)
4(6271 6273 6375 6373)
4(6273 6275 6377 6375)
4(6275 6277 6379 6377)
4(6277 6279 6381 6379)
4(6279 6281 6383 6381)
4(6281 6283 6385 6383)
4(6283 6285 6387 6385)
4(6285 6287 6389 6387)
4(6287 6289 6391 6389)
4(6289 6291 6393 6391)
4(6291 6293 6395 6393)
4(6293 6295 6397 6395)
4(6295 6297 6399 6397)
4(6297 6299 6401 6399)
4(6299 6301 6403 6401)
4(6301 6303 6405 6403)
4(6303 6305 6407 6405)
4(6305 6307 6409 6407)
4(6307 6309 6411 6409)
4(6309 6311 6413 6411)
4(6311 6313 6415 6413)
4(6313 6315 6417 6415)
4(6315 6317 6419 6417)
4(6317 6319 6421 6419)
4(6319 6321 6423 6421)
4(6321 6323 6425 6423)
4(6325 6327 6429 6427)
4(6327 6329 6431 6429)
4(6329 6331 6433 6431)
4(6331 6333 6435 6433)
4(6333 6335 6437 6435)
4(6335 6337 6439 6437)
4(6337 6339 6441 6439)
4(6339 6341 6443 6441)
4(6341 6343 6445 6443)
4(6343 6345 6447 6445)
4(6345 6347 6449 6447)
4(6347 6349 6451 6449)
4(6349 6351 6453 6451)
4(6351 6353 6455 6453)
4(6353 6355 6457 6455)
4(6355 6357 6459 6457)
4(6357 6359 6461 6459)
4(6359 6361 6463 6461)
4(6361 6363 6465 6463)
4(6363 6365 6467 6465)
4(6365 6367 6469 6467)
4(6367 6369 6471 6469)
4(6369 6371 6473 6471)
4(6371 6373 6475 6473)
4(6373 6375 6477 6475)
4(6375 6377 6479 6477)
4(6377 6379 6481 6479)
4(6379 6381 6483 6481)
4(6381 6383 6485 6483)
4(6383 6385 6487 6485)
4(6385 6387 6489 6487)
4(6387 6389 6491 6489)
4(6389 6391 6493 6491)
4(6391 6393 6495 6493)
4(6393 6395 6497 6495)
4(6395 6397 6499 6497)
4(6397 6399 6501 6499)
4(6399 6401 6503 6501)
4(6401 6403 6505 6503)
4(6403 6405 6507 6505)
4(6405 6407 6509 6507)
4(6407 6409 6511 6509)
4(6409 6411 6513 6511)
4(6411 6413 6515 6513)
4(6413 6415 6517 6515)
4(6415 6417 6519 6517)
4(6417 6419 6521 6519)
4(6419 6421 6523 6521)
4(6421 6423 6525 6523)
4(6423 6425 6527 6525)
4(6427 6429 6531 6529)
4(6429 6431 6533 6531)
4(6431 6433 6535 6533)
4(6433 6435 6537 6535)
4(6435 6437 6539 6537)
4(6437 6439 6541 6539)
4(6439 6441 6543 6541)
4(6441 6443 6545 6543)
4(6443 6445 6547 6545)
4(6445 6447 6549 6547)
4(6447 6449 6551 6549)
4(6449 6451 6553 6551)
4(6451 6453 6555 6553)
4(6453 6455 6557 6555)
4(6455 6457 6559 6557)
4(6457 6459 6561 6559)
4(6459 6461 6563 6561)
4(6461 6463 6565 6563)
4(6463 6465 6567 6565)
4(6465 6467 6569 6567)
4(6467 6469 6571 6569)
4(6469 6471 6573 6571)
4(6471 6473 6575 6573)
4(6473 6475 6577 6575)
4(6475 6477 6579 6577)
4(6477 6479 6581 6579)
4(6479 6481 6583 6581)
4(6481 6483 6585 6583)
4(6483 6485 6587 6585)
4(6485 6487 6589 6587)
4(6487 6489 6591 6589)
4(6489 6491 6593 6591)
4(6491 6493 6595 6593)
4(6493 6495 6597 6595)
4(6495 6497 6599 6597)
4(6497 6499 6601 6599)
4(6499 6501 6603 6601)
4(6501 6503 6605 6603)
4(6503 6505 6607 6605)
4(6505 6507 6609 6607)
4(6507 6509 6611 6609)
4(6509 6511 6613 6611)
4(6511 6513 6615 6613)
4(6513 6515 6617 6615)
4(6515 6517 6619 6617)
4(6517 6519 6621 6619)
4(6519 6521 6623 6621)
4(6521 6523 6625 6623)
4(6523 6525 6627 6625)
4(6525 6527 6629 6627)
4(6529 6531 6633 6631)
4(6531 6533 6635 6633)
4(6533 6535 6637 6635)
4(6535 6537 6639 6637)
4(6537 6539 6641 6639)
4(6539 6541 6643 6641)
4(6541 6543 6645 6643)
4(6543 6545 6647 6645)
4(6545 6547 6649 6647)
4(6547 6549 6651 6649)
4(6549 6551 6653 6651)
4(6551 6553 6655 6653)
4(6553 6555 6657 6655)
4(6555 6557 6659 6657)
4(6557 6559 6661 6659)
4(6559 6561 6663 6661)
4(6561 6563 6665 6663)
4(6563 6565 6667 6665)
4(6565 6567 6669 6667)
4(6567 6569 6671 6669)
4(6569 6571 6673 6671)
4(6571 6573 6675 6673)
4(6573 6575 6677 6675)
4(6575 6577 6679 6677)
4(6577 6579 6681 6679)
4(6579 6581 6683 6681)
4(6581 6583 6685 6683)
4(6583 6585 6687 6685)
4(6585 6587 6689 6687)
4(6587 6589 6691 6689)
4(6589 6591 6693 6691)
4(6591 6593 6695 6693)
4(6593 6595 6697 6695)
4(6595 6597 6699 6697)
4(6597 6599 6701 6699)
4(6599 6601 6703 6701)
4(6601 6603 6705 6703)
4(6603 6605 6707 6705)
4(6605 6607 6709 6707)
4(6607 6609 6711 6709)
4(6609 6611 6713 6711)
4(6611 6613 6715 6713)
4(6613 6615 6717 6715)
4(6615 6617 6719 6717)
4(6617 6619 6721 6719)
4(6619 6621 6723 6721)
4(6621 6623 6725 6723)
4(6623 6625 6727 6725)
4(6625 6627 6729 6727)
4(6627 6629 6731 6729)
4(6631 6633 6735 6733)
4(6633 6635 6737 6735)
4(6635 6637 6739 6737)
4(6637 6639 6741 6739)
4(6639 6641 6743 6741)
4(6641 6643 6745 6743)
4(6643 6645 6747 6745)
4(6645 6647 6749 6747)
4(6647 6649 6751 6749)
4(6649 6651 6753 6751)
4(6651 6653 6755 6753)
4(6653 6655 6757 6755)
4(6655 6657 6759 6757)
4(6657 6659 6761 6759)
4(6659 6661 6763 6761)
4(6661 6663 6765 6763)
4(6663 6665 6767 6765)
4(6665 6667 6769 6767)
4(6667 6669 6771 6769)
4(6669 6671 6773 6771)
4(6671 6673 6775 6773)
4(6673 6675 6777 6775)
4(6675 6677 6779 6777)
4(6677 6679 6781 6779)
4(6679 6681 6783 6781)
4(6681 6683 6785 6783)
4(6683 6685 6787 6785)
4(6685 6687 6789 6787)
4(6687 6689 6791 6789)
4(6689 6691 6793 6791)
4(6691 6693 6795 6793)
4(6693 6695 6797 6795)
4(6695 6697 6799 6797)
4(6697 6699 6801 6799)
4(6699 6701 6803 6801)
4(6701 6703 6805 6803)
4(6703 6705 6807 6805)
4(6705 6707 6809 6807)
4(6707 6709 6811 6809)
4(6709 6711 6813 6811)
4(6711 6713 6815 6813)
4(6713 6715 6817 6815)
4(6715 6717 6819 6817)
4(6717 6719 6821 6819)
4(6719 6721 6823 6821)
4(6721 6723 6825 6823)
4(6723 6725 6827 6825)
4(6725 6727 6829 6827)
4(6727 6729 6831 6829)
4(6729 6731 6833 6831)
4(6733 6735 6837 6835)
4(6735 6737 6839 6837)
4(6737 6739 6841 6839)
4(6739 6741 6843 6841)
4(6741 6743 6845 6843)
4(6743 6745 6847 6845)
4(6745 6747 6849 6847)
4(6747 6749 6851 6849)
4(6749 6751 6853 6851)
4(6751 6753 6855 6853)
4(6753 6755 6857 6855)
4(6755 6757 6859 6857)
4(6757 6759 6861 6859)
4(6759 6761 6863 6861)
4(6761 6763 6865 6863)
4(6763 6765 6867 6865)
4(6765 6767 6869 6867)
4(6767 6769 6871 6869)
4(6769 6771 6873 6871)
4(6771 6773 6875 6873)
4(6773 6775 6877 6875)
4(6775 6777 6879 6877)
4(6777 6779 6881 6879)
4(6779 6781 6883 6881)
4(6781 6783 6885 6883)
4(6783 6785 6887 6885)
4(6785 6787 6889 6887)
4(6787 6789 6891 6889)
4(6789 6791 6893 6891)
4(6791 6793 6895 6893)
4(6793 6795 6897 6895)
4(6795 6797 6899 6897)
4(6797 6799 6901 6899)
4(6799 6801 6903 6901)
4(6801 6803 6905 6903)
4(6803 6805 6907 6905)
4(6805 6807 6909 6907)
4(6807 6809 6911 6909)
4(6809 6811 6913 6911)
4(6811 6813 6915 6913)
4(6813 6815 6917 6915)
4(6815 6817 6919 6917)
4(6817 6819 6921 6919)
4(6819 6821 6923 6921)
4(6821 6823 6925 6923)
4(6823 6825 6927 6925)
4(6825 6827 6929 6927)
4(6827 6829 6931 6929)
4(6829 6831 6933 6931)
4(6831 6833 6935 6933)
4(6835 6837 6939 6937)
4(6837 6839 6941 6939)
4(6839 6841 6943 6941)
4(6841 6843 6945 6943)
4(6843 6845 6947 6945)
4(6845 6847 6949 6947)
4(6847 6849 6951 6949)
4(6849 6851 6953 6951)
4(6851 6853 6955 6953)
4(6853 6855 6957 6955)
4(6855 6857 6959 6957)
4(6857 6859 6961 6959)
4(6859 6861 6963 6961)
4(6861 6863 6965 6963)
4(6863 6865 6967 6965)
4(6865 6867 6969 6967)
4(6867 6869 6971 6969)
4(6869 6871 6973 6971)
4(6871 6873 6975 6973)
4(6873 6875 6977 6975)
4(6875 6877 6979 6977)
4(6877 6879 6981 6979)
4(6879 6881 6983 6981)
4(6881 6883 6985 6983)
4(6883 6885 6987 6985)
4(6885 6887 6989 6987)
4(6887 6889 6991 6989)
4(6889 6891 6993 6991)
4(6891 6893 6995 6993)
4(6893 6895 6997 6995)
4(6895 6897 6999 6997)
4(6897 6899 7001 6999)
4(6899 6901 7003 7001)
4(6901 6903 7005 7003)
4(6903 6905 7007 7005)
4(6905 6907 7009 7007)
4(6907 6909 7011 7009)
4(6909 6911 7013 7011)
4(6911 6913 7015 7013)
4(6913 6915 7017 7015)
4(6915 6917 7019 7017)
4(6917 6919 7021 7019)
4(6919 6921 7023 7021)
4(6921 6923 7025 7023)
4(6923 6925 7027 7025)
4(6925 6927 7029 7027)
4(6927 6929 7031 7029)
4(6929 6931 7033 7031)
4(6931 6933 7035 7033)
4(6933 6935 7037 7035)
4(6937 6939 7041 7039)
4(6939 6941 7043 7041)
4(6941 6943 7045 7043)
4(6943 6945 7047 7045)
4(6945 6947 7049 7047)
4(6947 6949 7051 7049)
4(6949 6951 7053 7051)
4(6951 6953 7055 7053)
4(6953 6955 7057 7055)
4(6955 6957 7059 7057)
4(6957 6959 7061 7059)
4(6959 6961 7063 7061)
4(6961 6963 7065 7063)
4(6963 6965 7067 7065)
4(6965 6967 7069 7067)
4(6967 6969 7071 7069)
4(6969 6971 7073 7071)
4(6971 6973 7075 7073)
4(6973 6975 7077 7075)
4(6975 6977 7079 7077)
4(6977 6979 7081 7079)
4(6979 6981 7083 7081)
4(6981 6983 7085 7083)
4(6983 6985 7087 7085)
4(6985 6987 7089 7087)
4(6987 6989 7091 7089)
4(6989 6991 7093 7091)
4(6991 6993 7095 7093)
4(6993 6995 7097 7095)
4(6995 6997 7099 7097)
4(6997 6999 7101 7099)
4(6999 7001 7103 7101)
4(7001 7003 7105 7103)
4(7003 7005 7107 7105)
4(7005 7007 7109 7107)
4(7007 7009 7111 7109)
4(7009 7011 7113 7111)
4(7011 7013 7115 7113)
4(7013 7015 7117 7115)
4(7015 7017 7119 7117)
4(7017 7019 7121 7119)
4(7019 7021 7123 7121)
4(7021 7023 7125 7123)
4(7023 7025 7127 7125)
4(7025 7027 7129 7127)
4(7027 7029 7131 7129)
4(7029 7031 7133 7131)
4(7031 7033 7135 7133)
4(7033 7035 7137 7135)
4(7035 7037 7139 7137)
4(7039 7041 7143 7141)
4(7041 7043 7145 7143)
4(7043 7045 7147 7145)
4(7045 7047 7149 7147)
4(7047 7049 7151 7149)
4(7049 7051 7153 7151)
4(7051 7053 7155 7153)
4(7053 7055 7157 7155)
4(7055 7057 7159 7157)
4(7057 7059 7161 7159)
4(7059 7061 7163 7161)
4(7061 7063 7165 7163)
4(7063 7065 7167 7165)
4(7065 7067 7169 7167)
4(7067 7069 7171 7169)
4(7069 7071 7173 7171)
4(7071 7073 7175 7173)
4(7073 7075 7177 7175)
4(7075 7077 7179 7177)
4(7077 7079 7181 7179)
4(7079 7081 7183 7181)
4(7081 7083 7185 7183)
4(7083 7085 7187 7185)
4(7085 7087 7189 7187)
4(7087 7089 7191 7189)
4(7089 7091 7193 7191)
4(7091 7093 7195 7193)
4(7093 7095 7197 7195)
4(7095 7097 7199 7197)
4(7097 7099 7201 7199)
4(7099 7101 7203 7201)
4(7101 7103 7205 7203)
4(7103 7105 7207 7205)
4(7105 7107 7209 7207)
4(7107 7109 7211 7209)
4(7109 7111 7213 7211)
4(7111 7113 7215 7213)
4(7113 7115 7217 7215)
4(7115 7117 7219 7217)
4(7117 7119 7221 7219)
4(7119 7121 7223 7221)
4(7121 7123 7225 7223)
4(7123 7125 7227 7225)
4(7125 7127 7229 7227)
4(7127 7129 7231 7229)
4(7129 7131 7233 7231)
4(7131 7133 7235 7233)
4(7133 7135 7237 7235)
4(7135 7137 7239 7237)
4(7137 7139 7241 7239)
4(7141 7143 7245 7243)
4(7143 7145 7247 7245)
4(7145 7147 7249 7247)
4(7147 7149 7251 7249)
4(7149 7151 7253 7251)
4(7151 7153 7255 7253)
4(7153 7155 7257 7255)
4(7155 7157 7259 7257)
4(7157 7159 7261 7259)
4(7159 7161 7263 7261)
4(7161 7163 7265 7263)
4(7163 7165 7267 7265)
4(7165 7167 7269 7267)
4(7167 7169 7271 7269)
4(7169 7171 7273 7271)
4(7171 7173 7275 7273)
4(7173 7175 7277 7275)
4(7175 7177 7279 7277)
4(7177 7179 7281 7279)
4(7179 7181 7283 7281)
4(7181 7183 7285 7283)
4(7183 7185 7287 7285)
4(7185 7187 7289 7287)
4(7187 7189 7291 7289)
4(7189 7191 7293 7291)
4(7191 7193 7295 7293)
4(7193 7195 7297 7295)
4(7195 7197 7299 7297)
4(7197 7199 7301 7299)
4(7199 7201 7303 7301)
4(7201 7203 7305 7303)
4(7203 7205 7307 7305)
4(7205 7207 7309 7307)
4(7207 7209 7311 7309)
4(7209 7211 7313 7311)
4(7211 7213 7315 7313)
4(7213 7215 7317 7315)
4(7215 7217 7319 7317)
4(7217 7219 7321 7319)
4(7219 7221 7323 7321)
4(7221 7223 7325 7323)
4(7223 7225 7327 7325)
4(7225 7227 7329 7327)
4(7227 7229 7331 7329)
4(7229 7231 7333 7331)
4(7231 7233 7335 7333)
4(7233 7235 7337 7335)
4(7235 7237 7339 7337)
4(7237 7239 7341 7339)
4(7239 7241 7343 7341)
4(7243 7245 7347 7345)
4(7245 7247 7349 7347)
4(7247 7249 7351 7349)
4(7249 7251 7353 7351)
4(7251 7253 7355 7353)
4(7253 7255 7357 7355)
4(7255 7257 7359 7357)
4(7257 7259 7361 7359)
4(7259 7261 7363 7361)
4(7261 7263 7365 7363)
4(7263 7265 7367 7365)
4(7265 7267 7369 7367)
4(7267 7269 7371 7369)
4(7269 7271 7373 7371)
4(7271 7273 7375 7373)
4(7273 7275 7377 7375)
4(7275 7277 7379 7377)
4(7277 7279 7381 7379)
4(7279 7281 7383 7381)
4(7281 7283 7385 7383)
4(7283 7285 7387 7385)
4(7285 7287 7389 7387)
4(7287 7289 7391 7389)
4(7289 7291 7393 7391)
4(7291 7293 7395 7393)
4(7293 7295 7397 7395)
4(7295 7297 7399 7397)
4(7297 7299 7401 7399)
4(7299 7301 7403 7401)
4(7301 7303 7405 7403)
4(7303 7305 7407 7405)
4(7305 7307 7409 7407)
4(7307 7309 7411 7409)
4(7309 7311 7413 7411)
4(7311 7313 7415 7413)
4(7313 7315 7417 7415)
4(7315 7317 7419 7417)
4(7317 7319 7421 7419)
4(7319 7321 7423 7421)
4(7321 7323 7425 7423)
4(7323 7325 7427 7425)
4(7325 7327 7429 7427)
4(7327 7329 7431 7429)
4(7329 7331 7433 7431)
4(7331 7333 7435 7433)
4(7333 7335 7437 7435)
4(7335 7337 7439 7437)
4(7337 7339 7441 7439)
4(7339 7341 7443 7441)
4(7341 7343 7445 7443)
4(7345 7347 7449 7447)
4(7347 7349 7451 7449)
4(7349 7351 7453 7451)
4(7351 7353 7455 7453)
4(7353 7355 7457 7455)
4(7355 7357 7459 7457)
4(7357 7359 7461 7459)
4(7359 7361 7463 7461)
4(7361 7363 7465 7463)
4(7363 7365 7467 7465)
4(7365 7367 7469 7467)
4(7367 7369 7471 7469)
4(7369 7371 7473 7471)
4(7371 7373 7475 7473)
4(7373 7375 7477 7475)
4(7375 7377 7479 7477)
4(7377 7379 7481 7479)
4(7379 7381 7483 7481)
4(7381 7383 7485 7483)
4(7383 7385 7487 7485)
4(7385 7387 7489 7487)
4(7387 7389 7491 7489)
4(7389 7391 7493 7491)
4(7391 7393 7495 7493)
4(7393 7395 7497 7495)
4(7395 7397 7499 7497)
4(7397 7399 7501 7499)
4(7399 7401 7503 7501)
4(7401 7403 7505 7503)
4(7403 7405 7507 7505)
4(7405 7407 7509 7507)
4(7407 7409 7511 7509)
4(7409 7411 7513 7511)
4(7411 7413 7515 7513)
4(7413 7415 7517 7515)
4(7415 7417 7519 7517)
4(7417 7419 7521 7519)
4(7419 7421 7523 7521)
4(7421 7423 7525 7523)
4(7423 7425 7527 7525)
4(7425 7427 7529 7527)
4(7427 7429 7531 7529)
4(7429 7431 7533 7531)
4(7431 7433 7535 7533)
4(7433 7435 7537 7535)
4(7435 7437 7539 7537)
4(7437 7439 7541 7539)
4(7439 7441 7543 7541)
4(7441 7443 7545 7543)
4(7443 7445 7547 7545)
4(7447 7449 7551 7549)
4(7449 7451 7553 7551)
4(7451 7453 7555 7553)
4(7453 7455 7557 7555)
4(7455 7457 7559 7557)
4(7457 7459 7561 7559)
4(7459 7461 7563 7561)
4(7461 7463 7565 7563)
4(7463 7465 7567 7565)
4(7465 7467 7569 7567)
4(7467 7469 7571 7569)
4(7469 7471 7573 7571)
4(7471 7473 7575 7573)
4(7473 7475 7577 7575)
4(7475 7477 7579 7577)
4(7477 7479 7581 7579)
4(7479 7481 7583 7581)
4(7481 7483 7585 7583)
4(7483 7485 7587 7585)
4(7485 7487 7589 7587)
4(7487 7489 7591 7589)
4(7489 7491 7593 7591)
4(7491 7493 7595 7593)
4(7493 7495 7597 7595)
4(7495 7497 7599 7597)
4(7497 7499 7601 7599)
4(7499 7501 7603 7601)
4(7501 7503 7605 7603)
4(7503 7505 7607 7605)
4(7505 7507 7609 7607)
4(7507 7509 7611 7609)
4(7509 7511 7613 7611)
4(7511 7513 7615 7613)
4(7513 7515 7617 7615)
4(7515 7517 7619 7617)
4(7517 7519 7621 7619)
4(7519 7521 7623 7621)
4(7521 7523 7625 7623)
4(7523 7525 7627 7625)
4(7525 7527 7629 7627)
4(7527 7529 7631 7629)
4(7529 7531 7633 7631)
4(7531 7533 7635 7633)
4(7533 7535 7637 7635)
4(7535 7537 7639 7637)
4(7537 7539 7641 7639)
4(7539 7541 7643 7641)
4(7541 7543 7645 7643)
4(7543 7545 7647 7645)
4(7545 7547 7649 7647)
4(7549 7551 7653 7651)
4(7551 7553 7655 7653)
4(7553 7555 7657 7655)
4(7555 7557 7659 7657)
4(7557 7559 7661 7659)
4(7559 7561 7663 7661)
4(7561 7563 7665 7663)
4(7563 7565 7667 7665)
4(7565 7567 7669 7667)
4(7567 7569 7671 7669)
4(7569 7571 7673 7671)
4(7571 7573 7675 7673)
4(7573 7575 7677 7675)
4(7575 7577 7679 7677)
4(7577 7579 7681 7679)
4(7579 7581 7683 7681)
4(7581 7583 7685 7683)
4(7583 7585 7687 7685)
4(7585 7587 7689 7687)
4(7587 7589 7691 7689)
4(7589 7591 7693 7691)
4(7591 7593 7695 7693)
4(7593 7595 7697 7695)
4(7595 7597 7699 7697)
4(7597 7599 7701 7699)
4(7599 7601 7703 7701)
4(7601 7603 7705 7703)
4(7603 7605 7707 7705)
4(7605 7607 7709 7707)
4(7607 7609 7711 7709)
4(7609 7611 7713 7711)
4(7611 7613 7715 7713)
4(7613 7615 7717 7715)
4(7615 7617 7719 7717)
4(7617 7619 7721 7719)
4(7619 7621 7723 7721)
4(7621 7623 7725 7723)
4(7623 7625 7727 7725)
4(7625 7627 7729 7727)
4(7627 7629 7731 7729)
4(7629 7631 7733 7731)
4(7631 7633 7735 7733)
4(7633 7635 7737 7735)
4(7635 7637 7739 7737)
4(7637 7639 7741 7739)
4(7639 7641 7743 7741)
4(7641 7643 7745 7743)
4(7643 7645 7747 7745)
4(7645 7647 7749 7747)
4(7647 7649 7751 7749)
4(7651 7653 7755 7753)
4(7653 7655 7757 7755)
4(7655 7657 7759 7757)
4(7657 7659 7761 7759)
4(7659 7661 7763 7761)
4(7661 7663 7765 7763)
4(7663 7665 7767 7765)
4(7665 7667 7769 7767)
4(7667 7669 7771 7769)
4(7669 7671 7773 7771)
4(7671 7673 7775 7773)
4(7673 7675 7777 7775)
4(7675 7677 7779 7777)
4(7677 7679 7781 7779)
4(7679 7681 7783 7781)
4(7681 7683 7785 7783)
4(7683 7685 7787 7785)
4(7685 7687 7789 7787)
4(7687 7689 7791 7789)
4(7689 7691 7793 7791)
4(7691 7693 7795 7793)
4(7693 7695 7797 7795)
4(7695 7697 7799 7797)
4(7697 7699 7801 7799)
4(7699 7701 7803 7801)
4(7701 7703 7805 7803)
4(7703 7705 7807 7805)
4(7705 7707 7809 7807)
4(7707 7709 7811 7809)
4(7709 7711 7813 7811)
4(7711 7713 7815 7813)
4(7713 7715 7817 7815)
4(7715 7717 7819 7817)
4(7717 7719 7821 7819)
4(7719 7721 7823 7821)
4(7721 7723 7825 7823)
4(7723 7725 7827 7825)
4(7725 7727 7829 7827)
4(7727 7729 7831 7829)
4(7729 7731 7833 7831)
4(7731 7733 7835 7833)
4(7733 7735 7837 7835)
4(7735 7737 7839 7837)
4(7737 7739 7841 7839)
4(7739 7741 7843 7841)
4(7741 7743 7845 7843)
4(7743 7745 7847 7845)
4(7745 7747 7849 7847)
4(7747 7749 7851 7849)
4(7749 7751 7853 7851)
4(7753 7755 7857 7855)
4(7755 7757 7859 7857)
4(7757 7759 7861 7859)
4(7759 7761 7863 7861)
4(7761 7763 7865 7863)
4(7763 7765 7867 7865)
4(7765 7767 7869 7867)
4(7767 7769 7871 7869)
4(7769 7771 7873 7871)
4(7771 7773 7875 7873)
4(7773 7775 7877 7875)
4(7775 7777 7879 7877)
4(7777 7779 7881 7879)
4(7779 7781 7883 7881)
4(7781 7783 7885 7883)
4(7783 7785 7887 7885)
4(7785 7787 7889 7887)
4(7787 7789 7891 7889)
4(7789 7791 7893 7891)
4(7791 7793 7895 7893)
4(7793 7795 7897 7895)
4(7795 7797 7899 7897)
4(7797 7799 7901 7899)
4(7799 7801 7903 7901)
4(7801 7803 7905 7903)
4(7803 7805 7907 7905)
4(7805 7807 7909 7907)
4(7807 7809 7911 7909)
4(7809 7811 7913 7911)
4(7811 7813 7915 7913)
4(7813 7815 7917 7915)
4(7815 7817 7919 7917)
4(7817 7819 7921 7919)
4(7819 7821 7923 7921)
4(7821 7823 7925 7923)
4(7823 7825 7927 7925)
4(7825 7827 7929 7927)
4(7827 7829 7931 7929)
4(7829 7831 7933 7931)
4(7831 7833 7935 7933)
4(7833 7835 7937 7935)
4(7835 7837 7939 7937)
4(7837 7839 7941 7939)
4(7839 7841 7943 7941)
4(7841 7843 7945 7943)
4(7843 7845 7947 7945)
4(7845 7847 7949 7947)
4(7847 7849 7951 7949)
4(7849 7851 7953 7951)
4(7851 7853 7955 7953)
4(7855 7857 7959 7957)
4(7857 7859 7961 7959)
4(7859 7861 7963 7961)
4(7861 7863 7965 7963)
4(7863 7865 7967 7965)
4(7865 7867 7969 7967)
4(7867 7869 7971 7969)
4(7869 7871 7973 7971)
4(7871 7873 7975 7973)
4(7873 7875 7977 7975)
4(7875 7877 7979 7977)
4(7877 7879 7981 7979)
4(7879 7881 7983 7981)
4(7881 7883 7985 7983)
4(7883 7885 7987 7985)
4(7885 7887 7989 7987)
4(7887 7889 7991 7989)
4(7889 7891 7993 7991)
4(7891 7893 7995 7993)
4(7893 7895 7997 7995)
4(7895 7897 7999 7997)
4(7897 7899 8001 7999)
4(7899 7901 8003 8001)
4(7901 7903 8005 8003)
4(7903 7905 8007 8005)
4(7905 7907 8009 8007)
4(7907 7909 8011 8009)
4(7909 7911 8013 8011)
4(7911 7913 8015 8013)
4(7913 7915 8017 8015)
4(7915 7917 8019 8017)
4(7917 7919 8021 8019)
4(7919 7921 8023 8021)
4(7921 7923 8025 8023)
4(7923 7925 8027 8025)
4(7925 7927 8029 8027)
4(7927 7929 8031 8029)
4(7929 7931 8033 8031)
4(7931 7933 8035 8033)
4(7933 7935 8037 8035)
4(7935 7937 8039 8037)
4(7937 7939 8041 8039)
4(7939 7941 8043 8041)
4(7941 7943 8045 8043)
4(7943 7945 8047 8045)
4(7945 7947 8049 8047)
4(7947 7949 8051 8049)
4(7949 7951 8053 8051)
4(7951 7953 8055 8053)
4(7953 7955 8057 8055)
4(7957 7959 8061 8059)
4(7959 7961 8063 8061)
4(7961 7963 8065 8063)
4(7963 7965 8067 8065)
4(7965 7967 8069 8067)
4(7967 7969 8071 8069)
4(7969 7971 8073 8071)
4(7971 7973 8075 8073)
4(7973 7975 8077 8075)
4(7975 7977 8079 8077)
4(7977 7979 8081 8079)
4(7979 7981 8083 8081)
4(7981 7983 8085 8083)
4(7983 7985 8087 8085)
4(7985 7987 8089 8087)
4(7987 7989 8091 8089)
4(7989 7991 8093 8091)
4(7991 7993 8095 8093)
4(7993 7995 8097 8095)
4(7995 7997 8099 8097)
4(7997 7999 8101 8099)
4(7999 8001 8103 8101)
4(8001 8003 8105 8103)
4(8003 8005 8107 8105)
4(8005 8007 8109 8107)
4(8007 8009 8111 8109)
4(8009 8011 8113 8111)
4(8011 8013 8115 8113)
4(8013 8015 8117 8115)
4(8015 8017 8119 8117)
4(8017 8019 8121 8119)
4(8019 8021 8123 8121)
4(8021 8023 8125 8123)
4(8023 8025 8127 8125)
4(8025 8027 8129 8127)
4(8027 8029 8131 8129)
4(8029 8031 8133 8131)
4(8031 8033 8135 8133)
4(8033 8035 8137 8135)
4(8035 8037 8139 8137)
4(8037 8039 8141 8139)
4(8039 8041 8143 8141)
4(8041 8043 8145 8143)
4(8043 8045 8147 8145)
4(8045 8047 8149 8147)
4(8047 8049 8151 8149)
4(8049 8051 8153 8151)
4(8051 8053 8155 8153)
4(8053 8055 8157 8155)
4(8055 8057 8159 8157)
4(8059 8061 8163 8161)
4(8061 8063 8165 8163)
4(8063 8065 8167 8165)
4(8065 8067 8169 8167)
4(8067 8069 8171 8169)
4(8069 8071 8173 8171)
4(8071 8073 8175 8173)
4(8073 8075 8177 8175)
4(8075 8077 8179 8177)
4(8077 8079 8181 8179)
4(8079 8081 8183 8181)
4(8081 8083 8185 8183)
4(8083 8085 8187 8185)
4(8085 8087 8189 8187)
4(8087 8089 8191 8189)
4(8089 8091 8193 8191)
4(8091 8093 8195 8193)
4(8093 8095 8197 8195)
4(8095 8097 8199 8197)
4(8097 8099 8201 8199)
4(8099 8101 8203 8201)
4(8101 8103 8205 8203)
4(8103 8105 8207 8205)
4(8105 8107 8209 8207)
4(8107 8109 8211 8209)
4(8109 8111 8213 8211)
4(8111 8113 8215 8213)
4(8113 8115 8217 8215)
4(8115 8117 8219 8217)
4(8117 8119 8221 8219)
4(8119 8121 8223 8221)
4(8121 8123 8225 8223)
4(8123 8125 8227 8225)
4(8125 8127 8229 8227)
4(8127 8129 8231 8229)
4(8129 8131 8233 8231)
4(8131 8133 8235 8233)
4(8133 8135 8237 8235)
4(8135 8137 8239 8237)
4(8137 8139 8241 8239)
4(8139 8141 8243 8241)
4(8141 8143 8245 8243)
4(8143 8145 8247 8245)
4(8145 8147 8249 8247)
4(8147 8149 8251 8249)
4(8149 8151 8253 8251)
4(8151 8153 8255 8253)
4(8153 8155 8257 8255)
4(8155 8157 8259 8257)
4(8157 8159 8261 8259)
4(8161 8163 8265 8263)
4(8163 8165 8267 8265)
4(8165 8167 8269 8267)
4(8167 8169 8271 8269)
4(8169 8171 8273 8271)
4(8171 8173 8275 8273)
4(8173 8175 8277 8275)
4(8175 8177 8279 8277)
4(8177 8179 8281 8279)
4(8179 8181 8283 8281)
4(8181 8183 8285 8283)
4(8183 8185 8287 8285)
4(8185 8187 8289 8287)
4(8187 8189 8291 8289)
4(8189 8191 8293 8291)
4(8191 8193 8295 8293)
4(8193 8195 8297 8295)
4(8195 8197 8299 8297)
4(8197 8199 8301 8299)
4(8199 8201 8303 8301)
4(8201 8203 8305 8303)
4(8203 8205 8307 8305)
4(8205 8207 8309 8307)
4(8207 8209 8311 8309)
4(8209 8211 8313 8311)
4(8211 8213 8315 8313)
4(8213 8215 8317 8315)
4(8215 8217 8319 8317)
4(8217 8219 8321 8319)
4(8219 8221 8323 8321)
4(8221 8223 8325 8323)
4(8223 8225 8327 8325)
4(8225 8227 8329 8327)
4(8227 8229 8331 8329)
4(8229 8231 8333 8331)
4(8231 8233 8335 8333)
4(8233 8235 8337 8335)
4(8235 8237 8339 8337)
4(8237 8239 8341 8339)
4(8239 8241 8343 8341)
4(8241 8243 8345 8343)
4(8243 8245 8347 8345)
4(8245 8247 8349 8347)
4(8247 8249 8351 8349)
4(8249 8251 8353 8351)
4(8251 8253 8355 8353)
4(8253 8255 8357 8355)
4(8255 8257 8359 8357)
4(8257 8259 8361 8359)
4(8259 8261 8363 8361)
4(8263 8265 8367 8365)
4(8265 8267 8369 8367)
4(8267 8269 8371 8369)
4(8269 8271 8373 8371)
4(8271 8273 8375 8373)
4(8273 8275 8377 8375)
4(8275 8277 8379 8377)
4(8277 8279 8381 8379)
4(8279 8281 8383 8381)
4(8281 8283 8385 8383)
4(8283 8285 8387 8385)
4(8285 8287 8389 8387)
4(8287 8289 8391 8389)
4(8289 8291 8393 8391)
4(8291 8293 8395 8393)
4(8293 8295 8397 8395)
4(8295 8297 8399 8397)
4(8297 8299 8401 8399)
4(8299 8301 8403 8401)
4(8301 8303 8405 8403)
4(8303 8305 8407 8405)
4(8305 8307 8409 8407)
4(8307 8309 8411 8409)
4(8309 8311 8413 8411)
4(8311 8313 8415 8413)
4(8313 8315 8417 8415)
4(8315 8317 8419 8417)
4(8317 8319 8421 8419)
4(8319 8321 8423 8421)
4(8321 8323 8425 8423)
4(8323 8325 8427 8425)
4(8325 8327 8429 8427)
4(8327 8329 8431 8429)
4(8329 8331 8433 8431)
4(8331 8333 8435 8433)
4(8333 8335 8437 8435)
4(8335 8337 8439 8437)
4(8337 8339 8441 8439)
4(8339 8341 8443 8441)
4(8341 8343 8445 8443)
4(8343 8345 8447 8445)
4(8345 8347 8449 8447)
4(8347 8349 8451 8449)
4(8349 8351 8453 8451)
4(8351 8353 8455 8453)
4(8353 8355 8457 8455)
4(8355 8357 8459 8457)
4(8357 8359 8461 8459)
4(8359 8361 8463 8461)
4(8361 8363 8465 8463)
4(8365 8367 8469 8467)
4(8367 8369 8471 8469)
4(8369 8371 8473 8471)
4(8371 8373 8475 8473)
4(8373 8375 8477 8475)
4(8375 8377 8479 8477)
4(8377 8379 8481 8479)
4(8379 8381 8483 8481)
4(8381 8383 8485 8483)
4(8383 8385 8487 8485)
4(8385 8387 8489 8487)
4(8387 8389 8491 8489)
4(8389 8391 8493 8491)
4(8391 8393 8495 8493)
4(8393 8395 8497 8495)
4(8395 8397 8499 8497)
4(8397 8399 8501 8499)
4(8399 8401 8503 8501)
4(8401 8403 8505 8503)
4(8403 8405 8507 8505)
4(8405 8407 8509 8507)
4(8407 8409 8511 8509)
4(8409 8411 8513 8511)
4(8411 8413 8515 8513)
4(8413 8415 8517 8515)
4(8415 8417 8519 8517)
4(8417 8419 8521 8519)
4(8419 8421 8523 8521)
4(8421 8423 8525 8523)
4(8423 8425 8527 8525)
4(8425 8427 8529 8527)
4(8427 8429 8531 8529)
4(8429 8431 8533 8531)
4(8431 8433 8535 8533)
4(8433 8435 8537 8535)
4(8435 8437 8539 8537)
4(8437 8439 8541 8539)
4(8439 8441 8543 8541)
4(8441 8443 8545 8543)
4(8443 8445 8547 8545)
4(8445 8447 8549 8547)
4(8447 8449 8551 8549)
4(8449 8451 8553 8551)
4(8451 8453 8555 8553)
4(8453 8455 8557 8555)
4(8455 8457 8559 8557)
4(8457 8459 8561 8559)
4(8459 8461 8563 8561)
4(8461 8463 8565 8563)
4(8463 8465 8567 8565)
4(8467 8469 8571 8569)
4(8469 8471 8573 8571)
4(8471 8473 8575 8573)
4(8473 8475 8577 8575)
4(8475 8477 8579 8577)
4(8477 8479 8581 8579)
4(8479 8481 8583 8581)
4(8481 8483 8585 8583)
4(8483 8485 8587 8585)
4(8485 8487 8589 8587)
4(8487 8489 8591 8589)
4(8489 8491 8593 8591)
4(8491 8493 8595 8593)
4(8493 8495 8597 8595)
4(8495 8497 8599 8597)
4(8497 8499 8601 8599)
4(8499 8501 8603 8601)
4(8501 8503 8605 8603)
4(8503 8505 8607 8605)
4(8505 8507 8609 8607)
4(8507 8509 8611 8609)
4(8509 8511 8613 8611)
4(8511 8513 8615 8613)
4(8513 8515 8617 8615)
4(8515 8517 8619 8617)
4(8517 8519 8621 8619)
4(8519 8521 8623 8621)
4(8521 8523 8625 8623)
4(8523 8525 8627 8625)
4(8525 8527 8629 8627)
4(8527 8529 8631 8629)
4(8529 8531 8633 8631)
4(8531 8533 8635 8633)
4(8533 8535 8637 8635)
4(8535 8537 8639 8637)
4(8537 8539 8641 8639)
4(8539 8541 8643 8641)
4(8541 8543 8645 8643)
4(8543 8545 8647 8645)
4(8545 8547 8649 8647)
4(8547 8549 8651 8649)
4(8549 8551 8653 8651)
4(8551 8553 8655 8653)
4(8553 8555 8657 8655)
4(8555 8557 8659 8657)
4(8557 8559 8661 8659)
4(8559 8561 8663 8661)
4(8561 8563 8665 8663)
4(8563 8565 8667 8665)
4(8565 8567 8669 8667)
4(8569 8571 8673 8671)
4(8571 8573 8675 8673)
4(8573 8575 8677 8675)
4(8575 8577 8679 8677)
4(8577 8579 8681 8679)
4(8579 8581 8683 8681)
4(8581 8583 8685 8683)
4(8583 8585 8687 8685)
4(8585 8587 8689 8687)
4(8587 8589 8691 8689)
4(8589 8591 8693 8691)
4(8591 8593 8695 8693)
4(8593 8595 8697 8695)
4(8595 8597 8699 8697)
4(8597 8599 8701 8699)
4(8599 8601 8703 8701)
4(8601 8603 8705 8703)
4(8603 8605 8707 8705)
4(8605 8607 8709 8707)
4(8607 8609 8711 8709)
4(8609 8611 8713 8711)
4(8611 8613 8715 8713)
4(8613 8615 8717 8715)
4(8615 8617 8719 8717)
4(8617 8619 8721 8719)
4(8619 8621 8723 8721)
4(8621 8623 8725 8723)
4(8623 8625 8727 8725)
4(8625 8627 8729 8727)
4(8627 8629 8731 8729)
4(8629 8631 8733 8731)
4(8631 8633 8735 8733)
4(8633 8635 8737 8735)
4(8635 8637 8739 8737)
4(8637 8639 8741 8739)
4(8639 8641 8743 8741)
4(8641 8643 8745 8743)
4(8643 8645 8747 8745)
4(8645 8647 8749 8747)
4(8647 8649 8751 8749)
4(8649 8651 8753 8751)
4(8651 8653 8755 8753)
4(8653 8655 8757 8755)
4(8655 8657 8759 8757)
4(8657 8659 8761 8759)
4(8659 8661 8763 8761)
4(8661 8663 8765 8763)
4(8663 8665 8767 8765)
4(8665 8667 8769 8767)
4(8667 8669 8771 8769)
4(8671 8673 8775 8773)
4(8673 8675 8777 8775)
4(8675 8677 8779 8777)
4(8677 8679 8781 8779)
4(8679 8681 8783 8781)
4(8681 8683 8785 8783)
4(8683 8685 8787 8785)
4(8685 8687 8789 8787)
4(8687 8689 8791 8789)
4(8689 8691 8793 8791)
4(8691 8693 8795 8793)
4(8693 8695 8797 8795)
4(8695 8697 8799 8797)
4(8697 8699 8801 8799)
4(8699 8701 8803 8801)
4(8701 8703 8805 8803)
4(8703 8705 8807 8805)
4(8705 8707 8809 8807)
4(8707 8709 8811 8809)
4(8709 8711 8813 8811)
4(8711 8713 8815 8813)
4(8713 8715 8817 8815)
4(8715 8717 8819 8817)
4(8717 8719 8821 8819)
4(8719 8721 8823 8821)
4(8721 8723 8825 8823)
4(8723 8725 8827 8825)
4(8725 8727 8829 8827)
4(8727 8729 8831 8829)
4(8729 8731 8833 8831)
4(8731 8733 8835 8833)
4(8733 8735 8837 8835)
4(8735 8737 8839 8837)
4(8737 8739 8841 8839)
4(8739 8741 8843 8841)
4(8741 8743 8845 8843)
4(8743 8745 8847 8845)
4(8745 8747 8849 8847)
4(8747 8749 8851 8849)
4(8749 8751 8853 8851)
4(8751 8753 8855 8853)
4(8753 8755 8857 8855)
4(8755 8757 8859 8857)
4(8757 8759 8861 8859)
4(8759 8761 8863 8861)
4(8761 8763 8865 8863)
4(8763 8765 8867 8865)
4(8765 8767 8869 8867)
4(8767 8769 8871 8869)
4(8769 8771 8873 8871)
4(8773 8775 8877 8875)
4(8775 8777 8879 8877)
4(8777 8779 8881 8879)
4(8779 8781 8883 8881)
4(8781 8783 8885 8883)
4(8783 8785 8887 8885)
4(8785 8787 8889 8887)
4(8787 8789 8891 8889)
4(8789 8791 8893 8891)
4(8791 8793 8895 8893)
4(8793 8795 8897 8895)
4(8795 8797 8899 8897)
4(8797 8799 8901 8899)
4(8799 8801 8903 8901)
4(8801 8803 8905 8903)
4(8803 8805 8907 8905)
4(8805 8807 8909 8907)
4(8807 8809 8911 8909)
4(8809 8811 8913 8911)
4(8811 8813 8915 8913)
4(8813 8815 8917 8915)
4(8815 8817 8919 8917)
4(8817 8819 8921 8919)
4(8819 8821 8923 8921)
4(8821 8823 8925 8923)
4(8823 8825 8927 8925)
4(8825 8827 8929 8927)
4(8827 8829 8931 8929)
4(8829 8831 8933 8931)
4(8831 8833 8935 8933)
4(8833 8835 8937 8935)
4(8835 8837 8939 8937)
4(8837 8839 8941 8939)
4(8839 8841 8943 8941)
4(8841 8843 8945 8943)
4(8843 8845 8947 8945)
4(8845 8847 8949 8947)
4(8847 8849 8951 8949)
4(8849 8851 8953 8951)
4(8851 8853 8955 8953)
4(8853 8855 8957 8955)
4(8855 8857 8959 8957)
4(8857 8859 8961 8959)
4(8859 8861 8963 8961)
4(8861 8863 8965 8963)
4(8863 8865 8967 8965)
4(8865 8867 8969 8967)
4(8867 8869 8971 8969)
4(8869 8871 8973 8971)
4(8871 8873 8975 8973)
4(8875 8877 8979 8977)
4(8877 8879 8981 8979)
4(8879 8881 8983 8981)
4(8881 8883 8985 8983)
4(8883 8885 8987 8985)
4(8885 8887 8989 8987)
4(8887 8889 8991 8989)
4(8889 8891 8993 8991)
4(8891 8893 8995 8993)
4(8893 8895 8997 8995)
4(8895 8897 8999 8997)
4(8897 8899 9001 8999)
4(8899 8901 9003 9001)
4(8901 8903 9005 9003)
4(8903 8905 9007 9005)
4(8905 8907 9009 9007)
4(8907 8909 9011 9009)
4(8909 8911 9013 9011)
4(8911 8913 9015 9013)
4(8913 8915 9017 9015)
4(8915 8917 9019 9017)
4(8917 8919 9021 9019)
4(8919 8921 9023 9021)
4(8921 8923 9025 9023)
4(8923 8925 9027 9025)
4(8925 8927 9029 9027)
4(8927 8929 9031 9029)
4(8929 8931 9033 9031)
4(8931 8933 9035 9033)
4(8933 8935 9037 9035)
4(8935 8937 9039 9037)
4(8937 8939 9041 9039)
4(8939 8941 9043 9041)
4(8941 8943 9045 9043)
4(8943 8945 9047 9045)
4(8945 8947 9049 9047)
4(8947 8949 9051 9049)
4(8949 8951 9053 9051)
4(8951 8953 9055 9053)
4(8953 8955 9057 9055)
4(8955 8957 9059 9057)
4(8957 8959 9061 9059)
4(8959 8961 9063 9061)
4(8961 8963 9065 9063)
4(8963 8965 9067 9065)
4(8965 8967 9069 9067)
4(8967 8969 9071 9069)
4(8969 8971 9073 9071)
4(8971 8973 9075 9073)
4(8973 8975 9077 9075)
4(8977 8979 9081 9079)
4(8979 8981 9083 9081)
4(8981 8983 9085 9083)
4(8983 8985 9087 9085)
4(8985 8987 9089 9087)
4(8987 8989 9091 9089)
4(8989 8991 9093 9091)
4(8991 8993 9095 9093)
4(8993 8995 9097 9095)
4(8995 8997 9099 9097)
4(8997 8999 9101 9099)
4(8999 9001 9103 9101)
4(9001 9003 9105 9103)
4(9003 9005 9107 9105)
4(9005 9007 9109 9107)
4(9007 9009 9111 9109)
4(9009 9011 9113 9111)
4(9011 9013 9115 9113)
4(9013 9015 9117 9115)
4(9015 9017 9119 9117)
4(9017 9019 9121 9119)
4(9019 9021 9123 9121)
4(9021 9023 9125 9123)
4(9023 9025 9127 9125)
4(9025 9027 9129 9127)
4(9027 9029 9131 9129)
4(9029 9031 9133 9131)
4(9031 9033 9135 9133)
4(9033 9035 9137 9135)
4(9035 9037 9139 9137)
4(9037 9039 9141 9139)
4(9039 9041 9143 9141)
4(9041 9043 9145 9143)
4(9043 9045 9147 9145)
4(9045 9047 9149 9147)
4(9047 9049 9151 9149)
4(9049 9051 9153 9151)
4(9051 9053 9155 9153)
4(9053 9055 9157 9155)
4(9055 9057 9159 9157)
4(9057 9059 9161 9159)
4(9059 9061 9163 9161)
4(9061 9063 9165 9163)
4(9063 9065 9167 9165)
4(9065 9067 9169 9167)
4(9067 9069 9171 9169)
4(9069 9071 9173 9171)
4(9071 9073 9175 9173)
4(9073 9075 9177 9175)
4(9075 9077 9179 9177)
4(9079 9081 9183 9181)
4(9081 9083 9185 9183)
4(9083 9085 9187 9185)
4(9085 9087 9189 9187)
4(9087 9089 9191 9189)
4(9089 9091 9193 9191)
4(9091 9093 9195 9193)
4(9093 9095 9197 9195)
4(9095 9097 9199 9197)
4(9097 9099 9201 9199)
4(9099 9101 9203 9201)
4(9101 9103 9205 9203)
4(9103 9105 9207 9205)
4(9105 9107 9209 9207)
4(9107 9109 9211 9209)
4(9109 9111 9213 9211)
4(9111 9113 9215 9213)
4(9113 9115 9217 9215)
4(9115 9117 9219 9217)
4(9117 9119 9221 9219)
4(9119 9121 9223 9221)
4(9121 9123 9225 9223)
4(9123 9125 9227 9225)
4(9125 9127 9229 9227)
4(9127 9129 9231 9229)
4(9129 9131 9233 9231)
4(9131 9133 9235 9233)
4(9133 9135 9237 9235)
4(9135 9137 9239 9237)
4(9137 9139 9241 9239)
4(9139 9141 9243 9241)
4(9141 9143 9245 9243)
4(9143 9145 9247 9245)
4(9145 9147 9249 9247)
4(9147 9149 9251 9249)
4(9149 9151 9253 9251)
4(9151 9153 9255 9253)
4(9153 9155 9257 9255)
4(9155 9157 9259 9257)
4(9157 9159 9261 9259)
4(9159 9161 9263 9261)
4(9161 9163 9265 9263)
4(9163 9165 9267 9265)
4(9165 9167 9269 9267)
4(9167 9169 9271 9269)
4(9169 9171 9273 9271)
4(9171 9173 9275 9273)
4(9173 9175 9277 9275)
4(9175 9177 9279 9277)
4(9177 9179 9281 9279)
4(9181 9183 9285 9283)
4(9183 9185 9287 9285)
4(9185 9187 9289 9287)
4(9187 9189 9291 9289)
4(9189 9191 9293 9291)
4(9191 9193 9295 9293)
4(9193 9195 9297 9295)
4(9195 9197 9299 9297)
4(9197 9199 9301 9299)
4(9199 9201 9303 9301)
4(9201 9203 9305 9303)
4(9203 9205 9307 9305)
4(9205 9207 9309 9307)
4(9207 9209 9311 9309)
4(9209 9211 9313 9311)
4(9211 9213 9315 9313)
4(9213 9215 9317 9315)
4(9215 9217 9319 9317)
4(9217 9219 9321 9319)
4(9219 9221 9323 9321)
4(9221 9223 9325 9323)
4(9223 9225 9327 9325)
4(9225 9227 9329 9327)
4(9227 9229 9331 9329)
4(9229 9231 9333 9331)
4(9231 9233 9335 9333)
4(9233 9235 9337 9335)
4(9235 9237 9339 9337)
4(9237 9239 9341 9339)
4(9239 9241 9343 9341)
4(9241 9243 9345 9343)
4(9243 9245 9347 9345)
4(9245 9247 9349 9347)
4(9247 9249 9351 9349)
4(9249 9251 9353 9351)
4(9251 9253 9355 9353)
4(9253 9255 9357 9355)
4(9255 9257 9359 9357)
4(9257 9259 9361 9359)
4(9259 9261 9363 9361)
4(9261 9263 9365 9363)
4(9263 9265 9367 9365)
4(9265 9267 9369 9367)
4(9267 9269 9371 9369)
4(9269 9271 9373 9371)
4(9271 9273 9375 9373)
4(9273 9275 9377 9375)
4(9275 9277 9379 9377)
4(9277 9279 9381 9379)
4(9279 9281 9383 9381)
4(9283 9285 9387 9385)
4(9285 9287 9389 9387)
4(9287 9289 9391 9389)
4(9289 9291 9393 9391)
4(9291 9293 9395 9393)
4(9293 9295 9397 9395)
4(9295 9297 9399 9397)
4(9297 9299 9401 9399)
4(9299 9301 9403 9401)
4(9301 9303 9405 9403)
4(9303 9305 9407 9405)
4(9305 9307 9409 9407)
4(9307 9309 9411 9409)
4(9309 9311 9413 9411)
4(9311 9313 9415 9413)
4(9313 9315 9417 9415)
4(9315 9317 9419 9417)
4(9317 9319 9421 9419)
4(9319 9321 9423 9421)
4(9321 9323 9425 9423)
4(9323 9325 9427 9425)
4(9325 9327 9429 9427)
4(9327 9329 9431 9429)
4(9329 9331 9433 9431)
4(9331 9333 9435 9433)
4(9333 9335 9437 9435)
4(9335 9337 9439 9437)
4(9337 9339 9441 9439)
4(9339 9341 9443 9441)
4(9341 9343 9445 9443)
4(9343 9345 9447 9445)
4(9345 9347 9449 9447)
4(9347 9349 9451 9449)
4(9349 9351 9453 9451)
4(9351 9353 9455 9453)
4(9353 9355 9457 9455)
4(9355 9357 9459 9457)
4(9357 9359 9461 9459)
4(9359 9361 9463 9461)
4(9361 9363 9465 9463)
4(9363 9365 9467 9465)
4(9365 9367 9469 9467)
4(9367 9369 9471 9469)
4(9369 9371 9473 9471)
4(9371 9373 9475 9473)
4(9373 9375 9477 9475)
4(9375 9377 9479 9477)
4(9377 9379 9481 9479)
4(9379 9381 9483 9481)
4(9381 9383 9485 9483)
4(9385 9387 9489 9487)
4(9387 9389 9491 9489)
4(9389 9391 9493 9491)
4(9391 9393 9495 9493)
4(9393 9395 9497 9495)
4(9395 9397 9499 9497)
4(9397 9399 9501 9499)
4(9399 9401 9503 9501)
4(9401 9403 9505 9503)
4(9403 9405 9507 9505)
4(9405 9407 9509 9507)
4(9407 9409 9511 9509)
4(9409 9411 9513 9511)
4(9411 9413 9515 9513)
4(9413 9415 9517 9515)
4(9415 9417 9519 9517)
4(9417 9419 9521 9519)
4(9419 9421 9523 9521)
4(9421 9423 9525 9523)
4(9423 9425 9527 9525)
4(9425 9427 9529 9527)
4(9427 9429 9531 9529)
4(9429 9431 9533 9531)
4(9431 9433 9535 9533)
4(9433 9435 9537 9535)
4(9435 9437 9539 9537)
4(9437 9439 9541 9539)
4(9439 9441 9543 9541)
4(9441 9443 9545 9543)
4(9443 9445 9547 9545)
4(9445 9447 9549 9547)
4(9447 9449 9551 9549)
4(9449 9451 9553 9551)
4(9451 9453 9555 9553)
4(9453 9455 9557 9555)
4(9455 9457 9559 9557)
4(9457 9459 9561 9559)
4(9459 9461 9563 9561)
4(9461 9463 9565 9563)
4(9463 9465 9567 9565)
4(9465 9467 9569 9567)
4(9467 9469 9571 9569)
4(9469 9471 9573 9571)
4(9471 9473 9575 9573)
4(9473 9475 9577 9575)
4(9475 9477 9579 9577)
4(9477 9479 9581 9579)
4(9479 9481 9583 9581)
4(9481 9483 9585 9583)
4(9483 9485 9587 9585)
4(9487 9489 9591 9589)
4(9489 9491 9593 9591)
4(9491 9493 9595 9593)
4(9493 9495 9597 9595)
4(9495 9497 9599 9597)
4(9497 9499 9601 9599)
4(9499 9501 9603 9601)
4(9501 9503 9605 9603)
4(9503 9505 9607 9605)
4(9505 9507 9609 9607)
4(9507 9509 9611 9609)
4(9509 9511 9613 9611)
4(9511 9513 9615 9613)
4(9513 9515 9617 9615)
4(9515 9517 9619 9617)
4(9517 9519 9621 9619)
4(9519 9521 9623 9621)
4(9521 9523 9625 9623)
4(9523 9525 9627 9625)
4(9525 9527 9629 9627)
4(9527 9529 9631 9629)
4(9529 9531 9633 9631)
4(9531 9533 9635 9633)
4(9533 9535 9637 9635)
4(9535 9537 9639 9637)
4(9537 9539 9641 9639)
4(9539 9541 9643 9641)
4(9541 9543 9645 9643)
4(9543 9545 9647 9645)
4(9545 9547 9649 9647)
4(9547 9549 9651 9649)
4(9549 9551 9653 9651)
4(9551 9553 9655 9653)
4(9553 9555 9657 9655)
4(9555 9557 9659 9657)
4(9557 9559 9661 9659)
4(9559 9561 9663 9661)
4(9561 9563 9665 9663)
4(9563 9565 9667 9665)
4(9565 9567 9669 9667)
4(9567 9569 9671 9669)
4(9569 9571 9673 9671)
4(9571 9573 9675 9673)
4(9573 9575 9677 9675)
4(9575 9577 9679 9677)
4(9577 9579 9681 9679)
4(9579 9581 9683 9681)
4(9581 9583 9685 9683)
4(9583 9585 9687 9685)
4(9585 9587 9689 9687)
4(9589 9591 9693 9691)
4(9591 9593 9695 9693)
4(9593 9595 9697 9695)
4(9595 9597 9699 9697)
4(9597 9599 9701 9699)
4(9599 9601 9703 9701)
4(9601 9603 9705 9703)
4(9603 9605 9707 9705)
4(9605 9607 9709 9707)
4(9607 9609 9711 9709)
4(9609 9611 9713 9711)
4(9611 9613 9715 9713)
4(9613 9615 9717 9715)
4(9615 9617 9719 9717)
4(9617 9619 9721 9719)
4(9619 9621 9723 9721)
4(9621 9623 9725 9723)
4(9623 9625 9727 9725)
4(9625 9627 9729 9727)
4(9627 9629 9731 9729)
4(9629 9631 9733 9731)
4(9631 9633 9735 9733)
4(9633 9635 9737 9735)
4(9635 9637 9739 9737)
4(9637 9639 9741 9739)
4(9639 9641 9743 9741)
4(9641 9643 9745 9743)
4(9643 9645 9747 9745)
4(9645 9647 9749 9747)
4(9647 9649 9751 9749)
4(9649 9651 9753 9751)
4(9651 9653 9755 9753)
4(9653 9655 9757 9755)
4(9655 9657 9759 9757)
4(9657 9659 9761 9759)
4(9659 9661 9763 9761)
4(9661 9663 9765 9763)
4(9663 9665 9767 9765)
4(9665 9667 9769 9767)
4(9667 9669 9771 9769)
4(9669 9671 9773 9771)
4(9671 9673 9775 9773)
4(9673 9675 9777 9775)
4(9675 9677 9779 9777)
4(9677 9679 9781 9779)
4(9679 9681 9783 9781)
4(9681 9683 9785 9783)
4(9683 9685 9787 9785)
4(9685 9687 9789 9787)
4(9687 9689 9791 9789)
4(9691 9693 9795 9793)
4(9693 9695 9797 9795)
4(9695 9697 9799 9797)
4(9697 9699 9801 9799)
4(9699 9701 9803 9801)
4(9701 9703 9805 9803)
4(9703 9705 9807 9805)
4(9705 9707 9809 9807)
4(9707 9709 9811 9809)
4(9709 9711 9813 9811)
4(9711 9713 9815 9813)
4(9713 9715 9817 9815)
4(9715 9717 9819 9817)
4(9717 9719 9821 9819)
4(9719 9721 9823 9821)
4(9721 9723 9825 9823)
4(9723 9725 9827 9825)
4(9725 9727 9829 9827)
4(9727 9729 9831 9829)
4(9729 9731 9833 9831)
4(9731 9733 9835 9833)
4(9733 9735 9837 9835)
4(9735 9737 9839 9837)
4(9737 9739 9841 9839)
4(9739 9741 9843 9841)
4(9741 9743 9845 9843)
4(9743 9745 9847 9845)
4(9745 9747 9849 9847)
4(9747 9749 9851 9849)
4(9749 9751 9853 9851)
4(9751 9753 9855 9853)
4(9753 9755 9857 9855)
4(9755 9757 9859 9857)
4(9757 9759 9861 9859)
4(9759 9761 9863 9861)
4(9761 9763 9865 9863)
4(9763 9765 9867 9865)
4(9765 9767 9869 9867)
4(9767 9769 9871 9869)
4(9769 9771 9873 9871)
4(9771 9773 9875 9873)
4(9773 9775 9877 9875)
4(9775 9777 9879 9877)
4(9777 9779 9881 9879)
4(9779 9781 9883 9881)
4(9781 9783 9885 9883)
4(9783 9785 9887 9885)
4(9785 9787 9889 9887)
4(9787 9789 9891 9889)
4(9789 9791 9893 9891)
4(9793 9795 9897 9895)
4(9795 9797 9899 9897)
4(9797 9799 9901 9899)
4(9799 9801 9903 9901)
4(9801 9803 9905 9903)
4(9803 9805 9907 9905)
4(9805 9807 9909 9907)
4(9807 9809 9911 9909)
4(9809 9811 9913 9911)
4(9811 9813 9915 9913)
4(9813 9815 9917 9915)
4(9815 9817 9919 9917)
4(9817 9819 9921 9919)
4(9819 9821 9923 9921)
4(9821 9823 9925 9923)
4(9823 9825 9927 9925)
4(9825 9827 9929 9927)
4(9827 9829 9931 9929)
4(9829 9831 9933 9931)
4(9831 9833 9935 9933)
4(9833 9835 9937 9935)
4(9835 9837 9939 9937)
4(9837 9839 9941 9939)
4(9839 9841 9943 9941)
4(9841 9843 9945 9943)
4(9843 9845 9947 9945)
4(9845 9847 9949 9947)
4(9847 9849 9951 9949)
4(9849 9851 9953 9951)
4(9851 9853 9955 9953)
4(9853 9855 9957 9955)
4(9855 9857 9959 9957)
4(9857 9859 9961 9959)
4(9859 9861 9963 9961)
4(9861 9863 9965 9963)
4(9863 9865 9967 9965)
4(9865 9867 9969 9967)
4(9867 9869 9971 9969)
4(9869 9871 9973 9971)
4(9871 9873 9975 9973)
4(9873 9875 9977 9975)
4(9875 9877 9979 9977)
4(9877 9879 9981 9979)
4(9879 9881 9983 9981)
4(9881 9883 9985 9983)
4(9883 9885 9987 9985)
4(9885 9887 9989 9987)
4(9887 9889 9991 9989)
4(9889 9891 9993 9991)
4(9891 9893 9995 9993)
4(9895 9897 9999 9997)
4(9897 9899 10001 9999)
4(9899 9901 10003 10001)
4(9901 9903 10005 10003)
4(9903 9905 10007 10005)
4(9905 9907 10009 10007)
4(9907 9909 10011 10009)
4(9909 9911 10013 10011)
4(9911 9913 10015 10013)
4(9913 9915 10017 10015)
4(9915 9917 10019 10017)
4(9917 9919 10021 10019)
4(9919 9921 10023 10021)
4(9921 9923 10025 10023)
4(9923 9925 10027 10025)
4(9925 9927 10029 10027)
4(9927 9929 10031 10029)
4(9929 9931 10033 10031)
4(9931 9933 10035 10033)
4(9933 9935 10037 10035)
4(9935 9937 10039 10037)
4(9937 9939 10041 10039)
4(9939 9941 10043 10041)
4(9941 9943 10045 10043)
4(9943 9945 10047 10045)
4(9945 9947 10049 10047)
4(9947 9949 10051 10049)
4(9949 9951 10053 10051)
4(9951 9953 10055 10053)
4(9953 9955 10057 10055)
4(9955 9957 10059 10057)
4(9957 9959 10061 10059)
4(9959 9961 10063 10061)
4(9961 9963 10065 10063)
4(9963 9965 10067 10065)
4(9965 9967 10069 10067)
4(9967 9969 10071 10069)
4(9969 9971 10073 10071)
4(9971 9973 10075 10073)
4(9973 9975 10077 10075)
4(9975 9977 10079 10077)
4(9977 9979 10081 10079)
4(9979 9981 10083 10081)
4(9981 9983 10085 10083)
4(9983 9985 10087 10085)
4(9985 9987 10089 10087)
4(9987 9989 10091 10089)
4(9989 9991 10093 10091)
4(9991 9993 10095 10093)
4(9993 9995 10097 10095)
4(9997 9999 10101 10099)
4(9999 10001 10103 10101)
4(10001 10003 10105 10103)
4(10003 10005 10107 10105)
4(10005 10007 10109 10107)
4(10007 10009 10111 10109)
4(10009 10011 10113 10111)
4(10011 10013 10115 10113)
4(10013 10015 10117 10115)
4(10015 10017 10119 10117)
4(10017 10019 10121 10119)
4(10019 10021 10123 10121)
4(10021 10023 10125 10123)
4(10023 10025 10127 10125)
4(10025 10027 10129 10127)
4(10027 10029 10131 10129)
4(10029 10031 10133 10131)
4(10031 10033 10135 10133)
4(10033 10035 10137 10135)
4(10035 10037 10139 10137)
4(10037 10039 10141 10139)
4(10039 10041 10143 10141)
4(10041 10043 10145 10143)
4(10043 10045 10147 10145)
4(10045 10047 10149 10147)
4(10047 10049 10151 10149)
4(10049 10051 10153 10151)
4(10051 10053 10155 10153)
4(10053 10055 10157 10155)
4(10055 10057 10159 10157)
4(10057 10059 10161 10159)
4(10059 10061 10163 10161)
4(10061 10063 10165 10163)
4(10063 10065 10167 10165)
4(10065 10067 10169 10167)
4(10067 10069 10171 10169)
4(10069 10071 10173 10171)
4(10071 10073 10175 10173)
4(10073 10075 10177 10175)
4(10075 10077 10179 10177)
4(10077 10079 10181 10179)
4(10079 10081 10183 10181)
4(10081 10083 10185 10183)
4(10083 10085 10187 10185)
4(10085 10087 10189 10187)
4(10087 10089 10191 10189)
4(10089 10091 10193 10191)
4(10091 10093 10195 10193)
4(10093 10095 10197 10195)
4(10095 10097 10199 10197)
4(10099 10101 10203 10201)
4(10101 10103 10205 10203)
4(10103 10105 10207 10205)
4(10105 10107 10209 10207)
4(10107 10109 10211 10209)
4(10109 10111 10213 10211)
4(10111 10113 10215 10213)
4(10113 10115 10217 10215)
4(10115 10117 10219 10217)
4(10117 10119 10221 10219)
4(10119 10121 10223 10221)
4(10121 10123 10225 10223)
4(10123 10125 10227 10225)
4(10125 10127 10229 10227)
4(10127 10129 10231 10229)
4(10129 10131 10233 10231)
4(10131 10133 10235 10233)
4(10133 10135 10237 10235)
4(10135 10137 10239 10237)
4(10137 10139 10241 10239)
4(10139 10141 10243 10241)
4(10141 10143 10245 10243)
4(10143 10145 10247 10245)
4(10145 10147 10249 10247)
4(10147 10149 10251 10249)
4(10149 10151 10253 10251)
4(10151 10153 10255 10253)
4(10153 10155 10257 10255)
4(10155 10157 10259 10257)
4(10157 10159 10261 10259)
4(10159 10161 10263 10261)
4(10161 10163 10265 10263)
4(10163 10165 10267 10265)
4(10165 10167 10269 10267)
4(10167 10169 10271 10269)
4(10169 10171 10273 10271)
4(10171 10173 10275 10273)
4(10173 10175 10277 10275)
4(10175 10177 10279 10277)
4(10177 10179 10281 10279)
4(10179 10181 10283 10281)
4(10181 10183 10285 10283)
4(10183 10185 10287 10285)
4(10185 10187 10289 10287)
4(10187 10189 10291 10289)
4(10189 10191 10293 10291)
4(10191 10193 10295 10293)
4(10193 10195 10297 10295)
4(10195 10197 10299 10297)
4(10197 10199 10301 10299)
4(10201 10203 10305 10303)
4(10203 10205 10307 10305)
4(10205 10207 10309 10307)
4(10207 10209 10311 10309)
4(10209 10211 10313 10311)
4(10211 10213 10315 10313)
4(10213 10215 10317 10315)
4(10215 10217 10319 10317)
4(10217 10219 10321 10319)
4(10219 10221 10323 10321)
4(10221 10223 10325 10323)
4(10223 10225 10327 10325)
4(10225 10227 10329 10327)
4(10227 10229 10331 10329)
4(10229 10231 10333 10331)
4(10231 10233 10335 10333)
4(10233 10235 10337 10335)
4(10235 10237 10339 10337)
4(10237 10239 10341 10339)
4(10239 10241 10343 10341)
4(10241 10243 10345 10343)
4(10243 10245 10347 10345)
4(10245 10247 10349 10347)
4(10247 10249 10351 10349)
4(10249 10251 10353 10351)
4(10251 10253 10355 10353)
4(10253 10255 10357 10355)
4(10255 10257 10359 10357)
4(10257 10259 10361 10359)
4(10259 10261 10363 10361)
4(10261 10263 10365 10363)
4(10263 10265 10367 10365)
4(10265 10267 10369 10367)
4(10267 10269 10371 10369)
4(10269 10271 10373 10371)
4(10271 10273 10375 10373)
4(10273 10275 10377 10375)
4(10275 10277 10379 10377)
4(10277 10279 10381 10379)
4(10279 10281 10383 10381)
4(10281 10283 10385 10383)
4(10283 10285 10387 10385)
4(10285 10287 10389 10387)
4(10287 10289 10391 10389)
4(10289 10291 10393 10391)
4(10291 10293 10395 10393)
4(10293 10295 10397 10395)
4(10295 10297 10399 10397)
4(10297 10299 10401 10399)
4(10299 10301 10403 10401)
4(10303 10305 10407 10405)
4(10305 10307 10409 10407)
4(10307 10309 10411 10409)
4(10309 10311 10413 10411)
4(10311 10313 10415 10413)
4(10313 10315 10417 10415)
4(10315 10317 10419 10417)
4(10317 10319 10421 10419)
4(10319 10321 10423 10421)
4(10321 10323 10425 10423)
4(10323 10325 10427 10425)
4(10325 10327 10429 10427)
4(10327 10329 10431 10429)
4(10329 10331 10433 10431)
4(10331 10333 10435 10433)
4(10333 10335 10437 10435)
4(10335 10337 10439 10437)
4(10337 10339 10441 10439)
4(10339 10341 10443 10441)
4(10341 10343 10445 10443)
4(10343 10345 10447 10445)
4(10345 10347 10449 10447)
4(10347 10349 10451 10449)
4(10349 10351 10453 10451)
4(10351 10353 10455 10453)
4(10353 10355 10457 10455)
4(10355 10357 10459 10457)
4(10357 10359 10461 10459)
4(10359 10361 10463 10461)
4(10361 10363 10465 10463)
4(10363 10365 10467 10465)
4(10365 10367 10469 10467)
4(10367 10369 10471 10469)
4(10369 10371 10473 10471)
4(10371 10373 10475 10473)
4(10373 10375 10477 10475)
4(10375 10377 10479 10477)
4(10377 10379 10481 10479)
4(10379 10381 10483 10481)
4(10381 10383 10485 10483)
4(10383 10385 10487 10485)
4(10385 10387 10489 10487)
4(10387 10389 10491 10489)
4(10389 10391 10493 10491)
4(10391 10393 10495 10493)
4(10393 10395 10497 10495)
4(10395 10397 10499 10497)
4(10397 10399 10501 10499)
4(10399 10401 10503 10501)
4(10401 10403 10505 10503)
4(10405 10407 10509 10507)
4(10407 10409 10511 10509)
4(10409 10411 10513 10511)
4(10411 10413 10515 10513)
4(10413 10415 10517 10515)
4(10415 10417 10519 10517)
4(10417 10419 10521 10519)
4(10419 10421 10523 10521)
4(10421 10423 10525 10523)
4(10423 10425 10527 10525)
4(10425 10427 10529 10527)
4(10427 10429 10531 10529)
4(10429 10431 10533 10531)
4(10431 10433 10535 10533)
4(10433 10435 10537 10535)
4(10435 10437 10539 10537)
4(10437 10439 10541 10539)
4(10439 10441 10543 10541)
4(10441 10443 10545 10543)
4(10443 10445 10547 10545)
4(10445 10447 10549 10547)
4(10447 10449 10551 10549)
4(10449 10451 10553 10551)
4(10451 10453 10555 10553)
4(10453 10455 10557 10555)
4(10455 10457 10559 10557)
4(10457 10459 10561 10559)
4(10459 10461 10563 10561)
4(10461 10463 10565 10563)
4(10463 10465 10567 10565)
4(10465 10467 10569 10567)
4(10467 10469 10571 10569)
4(10469 10471 10573 10571)
4(10471 10473 10575 10573)
4(10473 10475 10577 10575)
4(10475 10477 10579 10577)
4(10477 10479 10581 10579)
4(10479 10481 10583 10581)
4(10481 10483 10585 10583)
4(10483 10485 10587 10585)
4(10485 10487 10589 10587)
4(10487 10489 10591 10589)
4(10489 10491 10593 10591)
4(10491 10493 10595 10593)
4(10493 10495 10597 10595)
4(10495 10497 10599 10597)
4(10497 10499 10601 10599)
4(10499 10501 10603 10601)
4(10501 10503 10605 10603)
4(10503 10505 10607 10605)
4(10507 10509 10611 10609)
4(10509 10511 10613 10611)
4(10511 10513 10615 10613)
4(10513 10515 10617 10615)
4(10515 10517 10619 10617)
4(10517 10519 10621 10619)
4(10519 10521 10623 10621)
4(10521 10523 10625 10623)
4(10523 10525 10627 10625)
4(10525 10527 10629 10627)
4(10527 10529 10631 10629)
4(10529 10531 10633 10631)
4(10531 10533 10635 10633)
4(10533 10535 10637 10635)
4(10535 10537 10639 10637)
4(10537 10539 10641 10639)
4(10539 10541 10643 10641)
4(10541 10543 10645 10643)
4(10543 10545 10647 10645)
4(10545 10547 10649 10647)
4(10547 10549 10651 10649)
4(10549 10551 10653 10651)
4(10551 10553 10655 10653)
4(10553 10555 10657 10655)
4(10555 10557 10659 10657)
4(10557 10559 10661 10659)
4(10559 10561 10663 10661)
4(10561 10563 10665 10663)
4(10563 10565 10667 10665)
4(10565 10567 10669 10667)
4(10567 10569 10671 10669)
4(10569 10571 10673 10671)
4(10571 10573 10675 10673)
4(10573 10575 10677 10675)
4(10575 10577 10679 10677)
4(10577 10579 10681 10679)
4(10579 10581 10683 10681)
4(10581 10583 10685 10683)
4(10583 10585 10687 10685)
4(10585 10587 10689 10687)
4(10587 10589 10691 10689)
4(10589 10591 10693 10691)
4(10591 10593 10695 10693)
4(10593 10595 10697 10695)
4(10595 10597 10699 10697)
4(10597 10599 10701 10699)
4(10599 10601 10703 10701)
4(10601 10603 10705 10703)
4(10603 10605 10707 10705)
4(10605 10607 10709 10707)
4(10609 10611 10713 10711)
4(10611 10613 10715 10713)
4(10613 10615 10717 10715)
4(10615 10617 10719 10717)
4(10617 10619 10721 10719)
4(10619 10621 10723 10721)
4(10621 10623 10725 10723)
4(10623 10625 10727 10725)
4(10625 10627 10729 10727)
4(10627 10629 10731 10729)
4(10629 10631 10733 10731)
4(10631 10633 10735 10733)
4(10633 10635 10737 10735)
4(10635 10637 10739 10737)
4(10637 10639 10741 10739)
4(10639 10641 10743 10741)
4(10641 10643 10745 10743)
4(10643 10645 10747 10745)
4(10645 10647 10749 10747)
4(10647 10649 10751 10749)
4(10649 10651 10753 10751)
4(10651 10653 10755 10753)
4(10653 10655 10757 10755)
4(10655 10657 10759 10757)
4(10657 10659 10761 10759)
4(10659 10661 10763 10761)
4(10661 10663 10765 10763)
4(10663 10665 10767 10765)
4(10665 10667 10769 10767)
4(10667 10669 10771 10769)
4(10669 10671 10773 10771)
4(10671 10673 10775 10773)
4(10673 10675 10777 10775)
4(10675 10677 10779 10777)
4(10677 10679 10781 10779)
4(10679 10681 10783 10781)
4(10681 10683 10785 10783)
4(10683 10685 10787 10785)
4(10685 10687 10789 10787)
4(10687 10689 10791 10789)
4(10689 10691 10793 10791)
4(10691 10693 10795 10793)
4(10693 10695 10797 10795)
4(10695 10697 10799 10797)
4(10697 10699 10801 10799)
4(10699 10701 10803 10801)
4(10701 10703 10805 10803)
4(10703 10705 10807 10805)
4(10705 10707 10809 10807)
4(10707 10709 10811 10809)
4(10711 10713 10815 10813)
4(10713 10715 10817 10815)
4(10715 10717 10819 10817)
4(10717 10719 10821 10819)
4(10719 10721 10823 10821)
4(10721 10723 10825 10823)
4(10723 10725 10827 10825)
4(10725 10727 10829 10827)
4(10727 10729 10831 10829)
4(10729 10731 10833 10831)
4(10731 10733 10835 10833)
4(10733 10735 10837 10835)
4(10735 10737 10839 10837)
4(10737 10739 10841 10839)
4(10739 10741 10843 10841)
4(10741 10743 10845 10843)
4(10743 10745 10847 10845)
4(10745 10747 10849 10847)
4(10747 10749 10851 10849)
4(10749 10751 10853 10851)
4(10751 10753 10855 10853)
4(10753 10755 10857 10855)
4(10755 10757 10859 10857)
4(10757 10759 10861 10859)
4(10759 10761 10863 10861)
4(10761 10763 10865 10863)
4(10763 10765 10867 10865)
4(10765 10767 10869 10867)
4(10767 10769 10871 10869)
4(10769 10771 10873 10871)
4(10771 10773 10875 10873)
4(10773 10775 10877 10875)
4(10775 10777 10879 10877)
4(10777 10779 10881 10879)
4(10779 10781 10883 10881)
4(10781 10783 10885 10883)
4(10783 10785 10887 10885)
4(10785 10787 10889 10887)
4(10787 10789 10891 10889)
4(10789 10791 10893 10891)
4(10791 10793 10895 10893)
4(10793 10795 10897 10895)
4(10795 10797 10899 10897)
4(10797 10799 10901 10899)
4(10799 10801 10903 10901)
4(10801 10803 10905 10903)
4(10803 10805 10907 10905)
4(10805 10807 10909 10907)
4(10807 10809 10911 10909)
4(10809 10811 10913 10911)
4(10813 10815 10917 10915)
4(10815 10817 10919 10917)
4(10817 10819 10921 10919)
4(10819 10821 10923 10921)
4(10821 10823 10925 10923)
4(10823 10825 10927 10925)
4(10825 10827 10929 10927)
4(10827 10829 10931 10929)
4(10829 10831 10933 10931)
4(10831 10833 10935 10933)
4(10833 10835 10937 10935)
4(10835 10837 10939 10937)
4(10837 10839 10941 10939)
4(10839 10841 10943 10941)
4(10841 10843 10945 10943)
4(10843 10845 10947 10945)
4(10845 10847 10949 10947)
4(10847 10849 10951 10949)
4(10849 10851 10953 10951)
4(10851 10853 10955 10953)
4(10853 10855 10957 10955)
4(10855 10857 10959 10957)
4(10857 10859 10961 10959)
4(10859 10861 10963 10961)
4(10861 10863 10965 10963)
4(10863 10865 10967 10965)
4(10865 10867 10969 10967)
4(10867 10869 10971 10969)
4(10869 10871 10973 10971)
4(10871 10873 10975 10973)
4(10873 10875 10977 10975)
4(10875 10877 10979 10977)
4(10877 10879 10981 10979)
4(10879 10881 10983 10981)
4(10881 10883 10985 10983)
4(10883 10885 10987 10985)
4(10885 10887 10989 10987)
4(10887 10889 10991 10989)
4(10889 10891 10993 10991)
4(10891 10893 10995 10993)
4(10893 10895 10997 10995)
4(10895 10897 10999 10997)
4(10897 10899 11001 10999)
4(10899 10901 11003 11001)
4(10901 10903 11005 11003)
4(10903 10905 11007 11005)
4(10905 10907 11009 11007)
4(10907 10909 11011 11009)
4(10909 10911 11013 11011)
4(10911 10913 11015 11013)
4(10915 10917 11019 11017)
4(10917 10919 11021 11019)
4(10919 10921 11023 11021)
4(10921 10923 11025 11023)
4(10923 10925 11027 11025)
4(10925 10927 11029 11027)
4(10927 10929 11031 11029)
4(10929 10931 11033 11031)
4(10931 10933 11035 11033)
4(10933 10935 11037 11035)
4(10935 10937 11039 11037)
4(10937 10939 11041 11039)
4(10939 10941 11043 11041)
4(10941 10943 11045 11043)
4(10943 10945 11047 11045)
4(10945 10947 11049 11047)
4(10947 10949 11051 11049)
4(10949 10951 11053 11051)
4(10951 10953 11055 11053)
4(10953 10955 11057 11055)
4(10955 10957 11059 11057)
4(10957 10959 11061 11059)
4(10959 10961 11063 11061)
4(10961 10963 11065 11063)
4(10963 10965 11067 11065)
4(10965 10967 11069 11067)
4(10967 10969 11071 11069)
4(10969 10971 11073 11071)
4(10971 10973 11075 11073)
4(10973 10975 11077 11075)
4(10975 10977 11079 11077)
4(10977 10979 11081 11079)
4(10979 10981 11083 11081)
4(10981 10983 11085 11083)
4(10983 10985 11087 11085)
4(10985 10987 11089 11087)
4(10987 10989 11091 11089)
4(10989 10991 11093 11091)
4(10991 10993 11095 11093)
4(10993 10995 11097 11095)
4(10995 10997 11099 11097)
4(10997 10999 11101 11099)
4(10999 11001 11103 11101)
4(11001 11003 11105 11103)
4(11003 11005 11107 11105)
4(11005 11007 11109 11107)
4(11007 11009 11111 11109)
4(11009 11011 11113 11111)
4(11011 11013 11115 11113)
4(11013 11015 11117 11115)
4(11017 11019 11121 11119)
4(11019 11021 11123 11121)
4(11021 11023 11125 11123)
4(11023 11025 11127 11125)
4(11025 11027 11129 11127)
4(11027 11029 11131 11129)
4(11029 11031 11133 11131)
4(11031 11033 11135 11133)
4(11033 11035 11137 11135)
4(11035 11037 11139 11137)
4(11037 11039 11141 11139)
4(11039 11041 11143 11141)
4(11041 11043 11145 11143)
4(11043 11045 11147 11145)
4(11045 11047 11149 11147)
4(11047 11049 11151 11149)
4(11049 11051 11153 11151)
4(11051 11053 11155 11153)
4(11053 11055 11157 11155)
4(11055 11057 11159 11157)
4(11057 11059 11161 11159)
4(11059 11061 11163 11161)
4(11061 11063 11165 11163)
4(11063 11065 11167 11165)
4(11065 11067 11169 11167)
4(11067 11069 11171 11169)
4(11069 11071 11173 11171)
4(11071 11073 11175 11173)
4(11073 11075 11177 11175)
4(11075 11077 11179 11177)
4(11077 11079 11181 11179)
4(11079 11081 11183 11181)
4(11081 11083 11185 11183)
4(11083 11085 11187 11185)
4(11085 11087 11189 11187)
4(11087 11089 11191 11189)
4(11089 11091 11193 11191)
4(11091 11093 11195 11193)
4(11093 11095 11197 11195)
4(11095 11097 11199 11197)
4(11097 11099 11201 11199)
4(11099 11101 11203 11201)
4(11101 11103 11205 11203)
4(11103 11105 11207 11205)
4(11105 11107 11209 11207)
4(11107 11109 11211 11209)
4(11109 11111 11213 11211)
4(11111 11113 11215 11213)
4(11113 11115 11217 11215)
4(11115 11117 11219 11217)
4(11119 11121 11223 11221)
4(11121 11123 11225 11223)
4(11123 11125 11227 11225)
4(11125 11127 11229 11227)
4(11127 11129 11231 11229)
4(11129 11131 11233 11231)
4(11131 11133 11235 11233)
4(11133 11135 11237 11235)
4(11135 11137 11239 11237)
4(11137 11139 11241 11239)
4(11139 11141 11243 11241)
4(11141 11143 11245 11243)
4(11143 11145 11247 11245)
4(11145 11147 11249 11247)
4(11147 11149 11251 11249)
4(11149 11151 11253 11251)
4(11151 11153 11255 11253)
4(11153 11155 11257 11255)
4(11155 11157 11259 11257)
4(11157 11159 11261 11259)
4(11159 11161 11263 11261)
4(11161 11163 11265 11263)
4(11163 11165 11267 11265)
4(11165 11167 11269 11267)
4(11167 11169 11271 11269)
4(11169 11171 11273 11271)
4(11171 11173 11275 11273)
4(11173 11175 11277 11275)
4(11175 11177 11279 11277)
4(11177 11179 11281 11279)
4(11179 11181 11283 11281)
4(11181 11183 11285 11283)
4(11183 11185 11287 11285)
4(11185 11187 11289 11287)
4(11187 11189 11291 11289)
4(11189 11191 11293 11291)
4(11191 11193 11295 11293)
4(11193 11195 11297 11295)
4(11195 11197 11299 11297)
4(11197 11199 11301 11299)
4(11199 11201 11303 11301)
4(11201 11203 11305 11303)
4(11203 11205 11307 11305)
4(11205 11207 11309 11307)
4(11207 11209 11311 11309)
4(11209 11211 11313 11311)
4(11211 11213 11315 11313)
4(11213 11215 11317 11315)
4(11215 11217 11319 11317)
4(11217 11219 11321 11319)
4(11221 11223 11325 11323)
4(11223 11225 11327 11325)
4(11225 11227 11329 11327)
4(11227 11229 11331 11329)
4(11229 11231 11333 11331)
4(11231 11233 11335 11333)
4(11233 11235 11337 11335)
4(11235 11237 11339 11337)
4(11237 11239 11341 11339)
4(11239 11241 11343 11341)
4(11241 11243 11345 11343)
4(11243 11245 11347 11345)
4(11245 11247 11349 11347)
4(11247 11249 11351 11349)
4(11249 11251 11353 11351)
4(11251 11253 11355 11353)
4(11253 11255 11357 11355)
4(11255 11257 11359 11357)
4(11257 11259 11361 11359)
4(11259 11261 11363 11361)
4(11261 11263 11365 11363)
4(11263 11265 11367 11365)
4(11265 11267 11369 11367)
4(11267 11269 11371 11369)
4(11269 11271 11373 11371)
4(11271 11273 11375 11373)
4(11273 11275 11377 11375)
4(11275 11277 11379 11377)
4(11277 11279 11381 11379)
4(11279 11281 11383 11381)
4(11281 11283 11385 11383)
4(11283 11285 11387 11385)
4(11285 11287 11389 11387)
4(11287 11289 11391 11389)
4(11289 11291 11393 11391)
4(11291 11293 11395 11393)
4(11293 11295 11397 11395)
4(11295 11297 11399 11397)
4(11297 11299 11401 11399)
4(11299 11301 11403 11401)
4(11301 11303 11405 11403)
4(11303 11305 11407 11405)
4(11305 11307 11409 11407)
4(11307 11309 11411 11409)
4(11309 11311 11413 11411)
4(11311 11313 11415 11413)
4(11313 11315 11417 11415)
4(11315 11317 11419 11417)
4(11317 11319 11421 11419)
4(11319 11321 11423 11421)
4(11323 11325 11427 11425)
4(11325 11327 11429 11427)
4(11327 11329 11431 11429)
4(11329 11331 11433 11431)
4(11331 11333 11435 11433)
4(11333 11335 11437 11435)
4(11335 11337 11439 11437)
4(11337 11339 11441 11439)
4(11339 11341 11443 11441)
4(11341 11343 11445 11443)
4(11343 11345 11447 11445)
4(11345 11347 11449 11447)
4(11347 11349 11451 11449)
4(11349 11351 11453 11451)
4(11351 11353 11455 11453)
4(11353 11355 11457 11455)
4(11355 11357 11459 11457)
4(11357 11359 11461 11459)
4(11359 11361 11463 11461)
4(11361 11363 11465 11463)
4(11363 11365 11467 11465)
4(11365 11367 11469 11467)
4(11367 11369 11471 11469)
4(11369 11371 11473 11471)
4(11371 11373 11475 11473)
4(11373 11375 11477 11475)
4(11375 11377 11479 11477)
4(11377 11379 11481 11479)
4(11379 11381 11483 11481)
4(11381 11383 11485 11483)
4(11383 11385 11487 11485)
4(11385 11387 11489 11487)
4(11387 11389 11491 11489)
4(11389 11391 11493 11491)
4(11391 11393 11495 11493)
4(11393 11395 11497 11495)
4(11395 11397 11499 11497)
4(11397 11399 11501 11499)
4(11399 11401 11503 11501)
4(11401 11403 11505 11503)
4(11403 11405 11507 11505)
4(11405 11407 11509 11507)
4(11407 11409 11511 11509)
4(11409 11411 11513 11511)
4(11411 11413 11515 11513)
4(11413 11415 11517 11515)
4(11415 11417 11519 11517)
4(11417 11419 11521 11519)
4(11419 11421 11523 11521)
4(11421 11423 11525 11523)
4(11425 11427 11529 11527)
4(11427 11429 11531 11529)
4(11429 11431 11533 11531)
4(11431 11433 11535 11533)
4(11433 11435 11537 11535)
4(11435 11437 11539 11537)
4(11437 11439 11541 11539)
4(11439 11441 11543 11541)
4(11441 11443 11545 11543)
4(11443 11445 11547 11545)
4(11445 11447 11549 11547)
4(11447 11449 11551 11549)
4(11449 11451 11553 11551)
4(11451 11453 11555 11553)
4(11453 11455 11557 11555)
4(11455 11457 11559 11557)
4(11457 11459 11561 11559)
4(11459 11461 11563 11561)
4(11461 11463 11565 11563)
4(11463 11465 11567 11565)
4(11465 11467 11569 11567)
4(11467 11469 11571 11569)
4(11469 11471 11573 11571)
4(11471 11473 11575 11573)
4(11473 11475 11577 11575)
4(11475 11477 11579 11577)
4(11477 11479 11581 11579)
4(11479 11481 11583 11581)
4(11481 11483 11585 11583)
4(11483 11485 11587 11585)
4(11485 11487 11589 11587)
4(11487 11489 11591 11589)
4(11489 11491 11593 11591)
4(11491 11493 11595 11593)
4(11493 11495 11597 11595)
4(11495 11497 11599 11597)
4(11497 11499 11601 11599)
4(11499 11501 11603 11601)
4(11501 11503 11605 11603)
4(11503 11505 11607 11605)
4(11505 11507 11609 11607)
4(11507 11509 11611 11609)
4(11509 11511 11613 11611)
4(11511 11513 11615 11613)
4(11513 11515 11617 11615)
4(11515 11517 11619 11617)
4(11517 11519 11621 11619)
4(11519 11521 11623 11621)
4(11521 11523 11625 11623)
4(11523 11525 11627 11625)
4(11527 11529 11631 11629)
4(11529 11531 11633 11631)
4(11531 11533 11635 11633)
4(11533 11535 11637 11635)
4(11535 11537 11639 11637)
4(11537 11539 11641 11639)
4(11539 11541 11643 11641)
4(11541 11543 11645 11643)
4(11543 11545 11647 11645)
4(11545 11547 11649 11647)
4(11547 11549 11651 11649)
4(11549 11551 11653 11651)
4(11551 11553 11655 11653)
4(11553 11555 11657 11655)
4(11555 11557 11659 11657)
4(11557 11559 11661 11659)
4(11559 11561 11663 11661)
4(11561 11563 11665 11663)
4(11563 11565 11667 11665)
4(11565 11567 11669 11667)
4(11567 11569 11671 11669)
4(11569 11571 11673 11671)
4(11571 11573 11675 11673)
4(11573 11575 11677 11675)
4(11575 11577 11679 11677)
4(11577 11579 11681 11679)
4(11579 11581 11683 11681)
4(11581 11583 11685 11683)
4(11583 11585 11687 11685)
4(11585 11587 11689 11687)
4(11587 11589 11691 11689)
4(11589 11591 11693 11691)
4(11591 11593 11695 11693)
4(11593 11595 11697 11695)
4(11595 11597 11699 11697)
4(11597 11599 11701 11699)
4(11599 11601 11703 11701)
4(11601 11603 11705 11703)
4(11603 11605 11707 11705)
4(11605 11607 11709 11707)
4(11607 11609 11711 11709)
4(11609 11611 11713 11711)
4(11611 11613 11715 11713)
4(11613 11615 11717 11715)
4(11615 11617 11719 11717)
4(11617 11619 11721 11719)
4(11619 11621 11723 11721)
4(11621 11623 11725 11723)
4(11623 11625 11727 11725)
4(11625 11627 11729 11727)
4(11629 11631 11733 11731)
4(11631 11633 11735 11733)
4(11633 11635 11737 11735)
4(11635 11637 11739 11737)
4(11637 11639 11741 11739)
4(11639 11641 11743 11741)
4(11641 11643 11745 11743)
4(11643 11645 11747 11745)
4(11645 11647 11749 11747)
4(11647 11649 11751 11749)
4(11649 11651 11753 11751)
4(11651 11653 11755 11753)
4(11653 11655 11757 11755)
4(11655 11657 11759 11757)
4(11657 11659 11761 11759)
4(11659 11661 11763 11761)
4(11661 11663 11765 11763)
4(11663 11665 11767 11765)
4(11665 11667 11769 11767)
4(11667 11669 11771 11769)
4(11669 11671 11773 11771)
4(11671 11673 11775 11773)
4(11673 11675 11777 11775)
4(11675 11677 11779 11777)
4(11677 11679 11781 11779)
4(11679 11681 11783 11781)
4(11681 11683 11785 11783)
4(11683 11685 11787 11785)
4(11685 11687 11789 11787)
4(11687 11689 11791 11789)
4(11689 11691 11793 11791)
4(11691 11693 11795 11793)
4(11693 11695 11797 11795)
4(11695 11697 11799 11797)
4(11697 11699 11801 11799)
4(11699 11701 11803 11801)
4(11701 11703 11805 11803)
4(11703 11705 11807 11805)
4(11705 11707 11809 11807)
4(11707 11709 11811 11809)
4(11709 11711 11813 11811)
4(11711 11713 11815 11813)
4(11713 11715 11817 11815)
4(11715 11717 11819 11817)
4(11717 11719 11821 11819)
4(11719 11721 11823 11821)
4(11721 11723 11825 11823)
4(11723 11725 11827 11825)
4(11725 11727 11829 11827)
4(11727 11729 11831 11829)
4(11731 11733 11835 11833)
4(11733 11735 11837 11835)
4(11735 11737 11839 11837)
4(11737 11739 11841 11839)
4(11739 11741 11843 11841)
4(11741 11743 11845 11843)
4(11743 11745 11847 11845)
4(11745 11747 11849 11847)
4(11747 11749 11851 11849)
4(11749 11751 11853 11851)
4(11751 11753 11855 11853)
4(11753 11755 11857 11855)
4(11755 11757 11859 11857)
4(11757 11759 11861 11859)
4(11759 11761 11863 11861)
4(11761 11763 11865 11863)
4(11763 11765 11867 11865)
4(11765 11767 11869 11867)
4(11767 11769 11871 11869)
4(11769 11771 11873 11871)
4(11771 11773 11875 11873)
4(11773 11775 11877 11875)
4(11775 11777 11879 11877)
4(11777 11779 11881 11879)
4(11779 11781 11883 11881)
4(11781 11783 11885 11883)
4(11783 11785 11887 11885)
4(11785 11787 11889 11887)
4(11787 11789 11891 11889)
4(11789 11791 11893 11891)
4(11791 11793 11895 11893)
4(11793 11795 11897 11895)
4(11795 11797 11899 11897)
4(11797 11799 11901 11899)
4(11799 11801 11903 11901)
4(11801 11803 11905 11903)
4(11803 11805 11907 11905)
4(11805 11807 11909 11907)
4(11807 11809 11911 11909)
4(11809 11811 11913 11911)
4(11811 11813 11915 11913)
4(11813 11815 11917 11915)
4(11815 11817 11919 11917)
4(11817 11819 11921 11919)
4(11819 11821 11923 11921)
4(11821 11823 11925 11923)
4(11823 11825 11927 11925)
4(11825 11827 11929 11927)
4(11827 11829 11931 11929)
4(11829 11831 11933 11931)
4(11833 11835 11937 11935)
4(11835 11837 11939 11937)
4(11837 11839 11941 11939)
4(11839 11841 11943 11941)
4(11841 11843 11945 11943)
4(11843 11845 11947 11945)
4(11845 11847 11949 11947)
4(11847 11849 11951 11949)
4(11849 11851 11953 11951)
4(11851 11853 11955 11953)
4(11853 11855 11957 11955)
4(11855 11857 11959 11957)
4(11857 11859 11961 11959)
4(11859 11861 11963 11961)
4(11861 11863 11965 11963)
4(11863 11865 11967 11965)
4(11865 11867 11969 11967)
4(11867 11869 11971 11969)
4(11869 11871 11973 11971)
4(11871 11873 11975 11973)
4(11873 11875 11977 11975)
4(11875 11877 11979 11977)
4(11877 11879 11981 11979)
4(11879 11881 11983 11981)
4(11881 11883 11985 11983)
4(11883 11885 11987 11985)
4(11885 11887 11989 11987)
4(11887 11889 11991 11989)
4(11889 11891 11993 11991)
4(11891 11893 11995 11993)
4(11893 11895 11997 11995)
4(11895 11897 11999 11997)
4(11897 11899 12001 11999)
4(11899 11901 12003 12001)
4(11901 11903 12005 12003)
4(11903 11905 12007 12005)
4(11905 11907 12009 12007)
4(11907 11909 12011 12009)
4(11909 11911 12013 12011)
4(11911 11913 12015 12013)
4(11913 11915 12017 12015)
4(11915 11917 12019 12017)
4(11917 11919 12021 12019)
4(11919 11921 12023 12021)
4(11921 11923 12025 12023)
4(11923 11925 12027 12025)
4(11925 11927 12029 12027)
4(11927 11929 12031 12029)
4(11929 11931 12033 12031)
4(11931 11933 12035 12033)
4(11935 11937 12039 12037)
4(11937 11939 12041 12039)
4(11939 11941 12043 12041)
4(11941 11943 12045 12043)
4(11943 11945 12047 12045)
4(11945 11947 12049 12047)
4(11947 11949 12051 12049)
4(11949 11951 12053 12051)
4(11951 11953 12055 12053)
4(11953 11955 12057 12055)
4(11955 11957 12059 12057)
4(11957 11959 12061 12059)
4(11959 11961 12063 12061)
4(11961 11963 12065 12063)
4(11963 11965 12067 12065)
4(11965 11967 12069 12067)
4(11967 11969 12071 12069)
4(11969 11971 12073 12071)
4(11971 11973 12075 12073)
4(11973 11975 12077 12075)
4(11975 11977 12079 12077)
4(11977 11979 12081 12079)
4(11979 11981 12083 12081)
4(11981 11983 12085 12083)
4(11983 11985 12087 12085)
4(11985 11987 12089 12087)
4(11987 11989 12091 12089)
4(11989 11991 12093 12091)
4(11991 11993 12095 12093)
4(11993 11995 12097 12095)
4(11995 11997 12099 12097)
4(11997 11999 12101 12099)
4(11999 12001 12103 12101)
4(12001 12003 12105 12103)
4(12003 12005 12107 12105)
4(12005 12007 12109 12107)
4(12007 12009 12111 12109)
4(12009 12011 12113 12111)
4(12011 12013 12115 12113)
4(12013 12015 12117 12115)
4(12015 12017 12119 12117)
4(12017 12019 12121 12119)
4(12019 12021 12123 12121)
4(12021 12023 12125 12123)
4(12023 12025 12127 12125)
4(12025 12027 12129 12127)
4(12027 12029 12131 12129)
4(12029 12031 12133 12131)
4(12031 12033 12135 12133)
4(12033 12035 12137 12135)
4(12037 12039 12141 12139)
4(12039 12041 12143 12141)
4(12041 12043 12145 12143)
4(12043 12045 12147 12145)
4(12045 12047 12149 12147)
4(12047 12049 12151 12149)
4(12049 12051 12153 12151)
4(12051 12053 12155 12153)
4(12053 12055 12157 12155)
4(12055 12057 12159 12157)
4(12057 12059 12161 12159)
4(12059 12061 12163 12161)
4(12061 12063 12165 12163)
4(12063 12065 12167 12165)
4(12065 12067 12169 12167)
4(12067 12069 12171 12169)
4(12069 12071 12173 12171)
4(12071 12073 12175 12173)
4(12073 12075 12177 12175)
4(12075 12077 12179 12177)
4(12077 12079 12181 12179)
4(12079 12081 12183 12181)
4(12081 12083 12185 12183)
4(12083 12085 12187 12185)
4(12085 12087 12189 12187)
4(12087 12089 12191 12189)
4(12089 12091 12193 12191)
4(12091 12093 12195 12193)
4(12093 12095 12197 12195)
4(12095 12097 12199 12197)
4(12097 12099 12201 12199)
4(12099 12101 12203 12201)
4(12101 12103 12205 12203)
4(12103 12105 12207 12205)
4(12105 12107 12209 12207)
4(12107 12109 12211 12209)
4(12109 12111 12213 12211)
4(12111 12113 12215 12213)
4(12113 12115 12217 12215)
4(12115 12117 12219 12217)
4(12117 12119 12221 12219)
4(12119 12121 12223 12221)
4(12121 12123 12225 12223)
4(12123 12125 12227 12225)
4(12125 12127 12229 12227)
4(12127 12129 12231 12229)
4(12129 12131 12233 12231)
4(12131 12133 12235 12233)
4(12133 12135 12237 12235)
4(12135 12137 12239 12237)
4(12139 12141 12243 12241)
4(12141 12143 12245 12243)
4(12143 12145 12247 12245)
4(12145 12147 12249 12247)
4(12147 12149 12251 12249)
4(12149 12151 12253 12251)
4(12151 12153 12255 12253)
4(12153 12155 12257 12255)
4(12155 12157 12259 12257)
4(12157 12159 12261 12259)
4(12159 12161 12263 12261)
4(12161 12163 12265 12263)
4(12163 12165 12267 12265)
4(12165 12167 12269 12267)
4(12167 12169 12271 12269)
4(12169 12171 12273 12271)
4(12171 12173 12275 12273)
4(12173 12175 12277 12275)
4(12175 12177 12279 12277)
4(12177 12179 12281 12279)
4(12179 12181 12283 12281)
4(12181 12183 12285 12283)
4(12183 12185 12287 12285)
4(12185 12187 12289 12287)
4(12187 12189 12291 12289)
4(12189 12191 12293 12291)
4(12191 12193 12295 12293)
4(12193 12195 12297 12295)
4(12195 12197 12299 12297)
4(12197 12199 12301 12299)
4(12199 12201 12303 12301)
4(12201 12203 12305 12303)
4(12203 12205 12307 12305)
4(12205 12207 12309 12307)
4(12207 12209 12311 12309)
4(12209 12211 12313 12311)
4(12211 12213 12315 12313)
4(12213 12215 12317 12315)
4(12215 12217 12319 12317)
4(12217 12219 12321 12319)
4(12219 12221 12323 12321)
4(12221 12223 12325 12323)
4(12223 12225 12327 12325)
4(12225 12227 12329 12327)
4(12227 12229 12331 12329)
4(12229 12231 12333 12331)
4(12231 12233 12335 12333)
4(12233 12235 12337 12335)
4(12235 12237 12339 12337)
4(12237 12239 12341 12339)
4(12241 12243 12345 12343)
4(12243 12245 12347 12345)
4(12245 12247 12349 12347)
4(12247 12249 12351 12349)
4(12249 12251 12353 12351)
4(12251 12253 12355 12353)
4(12253 12255 12357 12355)
4(12255 12257 12359 12357)
4(12257 12259 12361 12359)
4(12259 12261 12363 12361)
4(12261 12263 12365 12363)
4(12263 12265 12367 12365)
4(12265 12267 12369 12367)
4(12267 12269 12371 12369)
4(12269 12271 12373 12371)
4(12271 12273 12375 12373)
4(12273 12275 12377 12375)
4(12275 12277 12379 12377)
4(12277 12279 12381 12379)
4(12279 12281 12383 12381)
4(12281 12283 12385 12383)
4(12283 12285 12387 12385)
4(12285 12287 12389 12387)
4(12287 12289 12391 12389)
4(12289 12291 12393 12391)
4(12291 12293 12395 12393)
4(12293 12295 12397 12395)
4(12295 12297 12399 12397)
4(12297 12299 12401 12399)
4(12299 12301 12403 12401)
4(12301 12303 12405 12403)
4(12303 12305 12407 12405)
4(12305 12307 12409 12407)
4(12307 12309 12411 12409)
4(12309 12311 12413 12411)
4(12311 12313 12415 12413)
4(12313 12315 12417 12415)
4(12315 12317 12419 12417)
4(12317 12319 12421 12419)
4(12319 12321 12423 12421)
4(12321 12323 12425 12423)
4(12323 12325 12427 12425)
4(12325 12327 12429 12427)
4(12327 12329 12431 12429)
4(12329 12331 12433 12431)
4(12331 12333 12435 12433)
4(12333 12335 12437 12435)
4(12335 12337 12439 12437)
4(12337 12339 12441 12439)
4(12339 12341 12443 12441)
4(12343 12345 12447 12445)
4(12345 12347 12449 12447)
4(12347 12349 12451 12449)
4(12349 12351 12453 12451)
4(12351 12353 12455 12453)
4(12353 12355 12457 12455)
4(12355 12357 12459 12457)
4(12357 12359 12461 12459)
4(12359 12361 12463 12461)
4(12361 12363 12465 12463)
4(12363 12365 12467 12465)
4(12365 12367 12469 12467)
4(12367 12369 12471 12469)
4(12369 12371 12473 12471)
4(12371 12373 12475 12473)
4(12373 12375 12477 12475)
4(12375 12377 12479 12477)
4(12377 12379 12481 12479)
4(12379 12381 12483 12481)
4(12381 12383 12485 12483)
4(12383 12385 12487 12485)
4(12385 12387 12489 12487)
4(12387 12389 12491 12489)
4(12389 12391 12493 12491)
4(12391 12393 12495 12493)
4(12393 12395 12497 12495)
4(12395 12397 12499 12497)
4(12397 12399 12501 12499)
4(12399 12401 12503 12501)
4(12401 12403 12505 12503)
4(12403 12405 12507 12505)
4(12405 12407 12509 12507)
4(12407 12409 12511 12509)
4(12409 12411 12513 12511)
4(12411 12413 12515 12513)
4(12413 12415 12517 12515)
4(12415 12417 12519 12517)
4(12417 12419 12521 12519)
4(12419 12421 12523 12521)
4(12421 12423 12525 12523)
4(12423 12425 12527 12525)
4(12425 12427 12529 12527)
4(12427 12429 12531 12529)
4(12429 12431 12533 12531)
4(12431 12433 12535 12533)
4(12433 12435 12537 12535)
4(12435 12437 12539 12537)
4(12437 12439 12541 12539)
4(12439 12441 12543 12541)
4(12441 12443 12545 12543)
4(12445 12447 12549 12547)
4(12447 12449 12551 12549)
4(12449 12451 12553 12551)
4(12451 12453 12555 12553)
4(12453 12455 12557 12555)
4(12455 12457 12559 12557)
4(12457 12459 12561 12559)
4(12459 12461 12563 12561)
4(12461 12463 12565 12563)
4(12463 12465 12567 12565)
4(12465 12467 12569 12567)
4(12467 12469 12571 12569)
4(12469 12471 12573 12571)
4(12471 12473 12575 12573)
4(12473 12475 12577 12575)
4(12475 12477 12579 12577)
4(12477 12479 12581 12579)
4(12479 12481 12583 12581)
4(12481 12483 12585 12583)
4(12483 12485 12587 12585)
4(12485 12487 12589 12587)
4(12487 12489 12591 12589)
4(12489 12491 12593 12591)
4(12491 12493 12595 12593)
4(12493 12495 12597 12595)
4(12495 12497 12599 12597)
4(12497 12499 12601 12599)
4(12499 12501 12603 12601)
4(12501 12503 12605 12603)
4(12503 12505 12607 12605)
4(12505 12507 12609 12607)
4(12507 12509 12611 12609)
4(12509 12511 12613 12611)
4(12511 12513 12615 12613)
4(12513 12515 12617 12615)
4(12515 12517 12619 12617)
4(12517 12519 12621 12619)
4(12519 12521 12623 12621)
4(12521 12523 12625 12623)
4(12523 12525 12627 12625)
4(12525 12527 12629 12627)
4(12527 12529 12631 12629)
4(12529 12531 12633 12631)
4(12531 12533 12635 12633)
4(12533 12535 12637 12635)
4(12535 12537 12639 12637)
4(12537 12539 12641 12639)
4(12539 12541 12643 12641)
4(12541 12543 12645 12643)
4(12543 12545 12647 12645)
4(12547 12549 12651 12649)
4(12549 12551 12653 12651)
4(12551 12553 12655 12653)
4(12553 12555 12657 12655)
4(12555 12557 12659 12657)
4(12557 12559 12661 12659)
4(12559 12561 12663 12661)
4(12561 12563 12665 12663)
4(12563 12565 12667 12665)
4(12565 12567 12669 12667)
4(12567 12569 12671 12669)
4(12569 12571 12673 12671)
4(12571 12573 12675 12673)
4(12573 12575 12677 12675)
4(12575 12577 12679 12677)
4(12577 12579 12681 12679)
4(12579 12581 12683 12681)
4(12581 12583 12685 12683)
4(12583 12585 12687 12685)
4(12585 12587 12689 12687)
4(12587 12589 12691 12689)
4(12589 12591 12693 12691)
4(12591 12593 12695 12693)
4(12593 12595 12697 12695)
4(12595 12597 12699 12697)
4(12597 12599 12701 12699)
4(12599 12601 12703 12701)
4(12601 12603 12705 12703)
4(12603 12605 12707 12705)
4(12605 12607 12709 12707)
4(12607 12609 12711 12709)
4(12609 12611 12713 12711)
4(12611 12613 12715 12713)
4(12613 12615 12717 12715)
4(12615 12617 12719 12717)
4(12617 12619 12721 12719)
4(12619 12621 12723 12721)
4(12621 12623 12725 12723)
4(12623 12625 12727 12725)
4(12625 12627 12729 12727)
4(12627 12629 12731 12729)
4(12629 12631 12733 12731)
4(12631 12633 12735 12733)
4(12633 12635 12737 12735)
4(12635 12637 12739 12737)
4(12637 12639 12741 12739)
4(12639 12641 12743 12741)
4(12641 12643 12745 12743)
4(12643 12645 12747 12745)
4(12645 12647 12749 12747)
4(12649 12651 12753 12751)
4(12651 12653 12755 12753)
4(12653 12655 12757 12755)
4(12655 12657 12759 12757)
4(12657 12659 12761 12759)
4(12659 12661 12763 12761)
4(12661 12663 12765 12763)
4(12663 12665 12767 12765)
4(12665 12667 12769 12767)
4(12667 12669 12771 12769)
4(12669 12671 12773 12771)
4(12671 12673 12775 12773)
4(12673 12675 12777 12775)
4(12675 12677 12779 12777)
4(12677 12679 12781 12779)
4(12679 12681 12783 12781)
4(12681 12683 12785 12783)
4(12683 12685 12787 12785)
4(12685 12687 12789 12787)
4(12687 12689 12791 12789)
4(12689 12691 12793 12791)
4(12691 12693 12795 12793)
4(12693 12695 12797 12795)
4(12695 12697 12799 12797)
4(12697 12699 12801 12799)
4(12699 12701 12803 12801)
4(12701 12703 12805 12803)
4(12703 12705 12807 12805)
4(12705 12707 12809 12807)
4(12707 12709 12811 12809)
4(12709 12711 12813 12811)
4(12711 12713 12815 12813)
4(12713 12715 12817 12815)
4(12715 12717 12819 12817)
4(12717 12719 12821 12819)
4(12719 12721 12823 12821)
4(12721 12723 12825 12823)
4(12723 12725 12827 12825)
4(12725 12727 12829 12827)
4(12727 12729 12831 12829)
4(12729 12731 12833 12831)
4(12731 12733 12835 12833)
4(12733 12735 12837 12835)
4(12735 12737 12839 12837)
4(12737 12739 12841 12839)
4(12739 12741 12843 12841)
4(12741 12743 12845 12843)
4(12743 12745 12847 12845)
4(12745 12747 12849 12847)
4(12747 12749 12851 12849)
4(12751 12753 12855 12853)
4(12753 12755 12857 12855)
4(12755 12757 12859 12857)
4(12757 12759 12861 12859)
4(12759 12761 12863 12861)
4(12761 12763 12865 12863)
4(12763 12765 12867 12865)
4(12765 12767 12869 12867)
4(12767 12769 12871 12869)
4(12769 12771 12873 12871)
4(12771 12773 12875 12873)
4(12773 12775 12877 12875)
4(12775 12777 12879 12877)
4(12777 12779 12881 12879)
4(12779 12781 12883 12881)
4(12781 12783 12885 12883)
4(12783 12785 12887 12885)
4(12785 12787 12889 12887)
4(12787 12789 12891 12889)
4(12789 12791 12893 12891)
4(12791 12793 12895 12893)
4(12793 12795 12897 12895)
4(12795 12797 12899 12897)
4(12797 12799 12901 12899)
4(12799 12801 12903 12901)
4(12801 12803 12905 12903)
4(12803 12805 12907 12905)
4(12805 12807 12909 12907)
4(12807 12809 12911 12909)
4(12809 12811 12913 12911)
4(12811 12813 12915 12913)
4(12813 12815 12917 12915)
4(12815 12817 12919 12917)
4(12817 12819 12921 12919)
4(12819 12821 12923 12921)
4(12821 12823 12925 12923)
4(12823 12825 12927 12925)
4(12825 12827 12929 12927)
4(12827 12829 12931 12929)
4(12829 12831 12933 12931)
4(12831 12833 12935 12933)
4(12833 12835 12937 12935)
4(12835 12837 12939 12937)
4(12837 12839 12941 12939)
4(12839 12841 12943 12941)
4(12841 12843 12945 12943)
4(12843 12845 12947 12945)
4(12845 12847 12949 12947)
4(12847 12849 12951 12949)
4(12849 12851 12953 12951)
4(12853 12855 12957 12955)
4(12855 12857 12959 12957)
4(12857 12859 12961 12959)
4(12859 12861 12963 12961)
4(12861 12863 12965 12963)
4(12863 12865 12967 12965)
4(12865 12867 12969 12967)
4(12867 12869 12971 12969)
4(12869 12871 12973 12971)
4(12871 12873 12975 12973)
4(12873 12875 12977 12975)
4(12875 12877 12979 12977)
4(12877 12879 12981 12979)
4(12879 12881 12983 12981)
4(12881 12883 12985 12983)
4(12883 12885 12987 12985)
4(12885 12887 12989 12987)
4(12887 12889 12991 12989)
4(12889 12891 12993 12991)
4(12891 12893 12995 12993)
4(12893 12895 12997 12995)
4(12895 12897 12999 12997)
4(12897 12899 13001 12999)
4(12899 12901 13003 13001)
4(12901 12903 13005 13003)
4(12903 12905 13007 13005)
4(12905 12907 13009 13007)
4(12907 12909 13011 13009)
4(12909 12911 13013 13011)
4(12911 12913 13015 13013)
4(12913 12915 13017 13015)
4(12915 12917 13019 13017)
4(12917 12919 13021 13019)
4(12919 12921 13023 13021)
4(12921 12923 13025 13023)
4(12923 12925 13027 13025)
4(12925 12927 13029 13027)
4(12927 12929 13031 13029)
4(12929 12931 13033 13031)
4(12931 12933 13035 13033)
4(12933 12935 13037 13035)
4(12935 12937 13039 13037)
4(12937 12939 13041 13039)
4(12939 12941 13043 13041)
4(12941 12943 13045 13043)
4(12943 12945 13047 13045)
4(12945 12947 13049 13047)
4(12947 12949 13051 13049)
4(12949 12951 13053 13051)
4(12951 12953 13055 13053)
4(12955 12957 13059 13057)
4(12957 12959 13061 13059)
4(12959 12961 13063 13061)
4(12961 12963 13065 13063)
4(12963 12965 13067 13065)
4(12965 12967 13069 13067)
4(12967 12969 13071 13069)
4(12969 12971 13073 13071)
4(12971 12973 13075 13073)
4(12973 12975 13077 13075)
4(12975 12977 13079 13077)
4(12977 12979 13081 13079)
4(12979 12981 13083 13081)
4(12981 12983 13085 13083)
4(12983 12985 13087 13085)
4(12985 12987 13089 13087)
4(12987 12989 13091 13089)
4(12989 12991 13093 13091)
4(12991 12993 13095 13093)
4(12993 12995 13097 13095)
4(12995 12997 13099 13097)
4(12997 12999 13101 13099)
4(12999 13001 13103 13101)
4(13001 13003 13105 13103)
4(13003 13005 13107 13105)
4(13005 13007 13109 13107)
4(13007 13009 13111 13109)
4(13009 13011 13113 13111)
4(13011 13013 13115 13113)
4(13013 13015 13117 13115)
4(13015 13017 13119 13117)
4(13017 13019 13121 13119)
4(13019 13021 13123 13121)
4(13021 13023 13125 13123)
4(13023 13025 13127 13125)
4(13025 13027 13129 13127)
4(13027 13029 13131 13129)
4(13029 13031 13133 13131)
4(13031 13033 13135 13133)
4(13033 13035 13137 13135)
4(13035 13037 13139 13137)
4(13037 13039 13141 13139)
4(13039 13041 13143 13141)
4(13041 13043 13145 13143)
4(13043 13045 13147 13145)
4(13045 13047 13149 13147)
4(13047 13049 13151 13149)
4(13049 13051 13153 13151)
4(13051 13053 13155 13153)
4(13053 13055 13157 13155)
4(13057 13059 13161 13159)
4(13059 13061 13163 13161)
4(13061 13063 13165 13163)
4(13063 13065 13167 13165)
4(13065 13067 13169 13167)
4(13067 13069 13171 13169)
4(13069 13071 13173 13171)
4(13071 13073 13175 13173)
4(13073 13075 13177 13175)
4(13075 13077 13179 13177)
4(13077 13079 13181 13179)
4(13079 13081 13183 13181)
4(13081 13083 13185 13183)
4(13083 13085 13187 13185)
4(13085 13087 13189 13187)
4(13087 13089 13191 13189)
4(13089 13091 13193 13191)
4(13091 13093 13195 13193)
4(13093 13095 13197 13195)
4(13095 13097 13199 13197)
4(13097 13099 13201 13199)
4(13099 13101 13203 13201)
4(13101 13103 13205 13203)
4(13103 13105 13207 13205)
4(13105 13107 13209 13207)
4(13107 13109 13211 13209)
4(13109 13111 13213 13211)
4(13111 13113 13215 13213)
4(13113 13115 13217 13215)
4(13115 13117 13219 13217)
4(13117 13119 13221 13219)
4(13119 13121 13223 13221)
4(13121 13123 13225 13223)
4(13123 13125 13227 13225)
4(13125 13127 13229 13227)
4(13127 13129 13231 13229)
4(13129 13131 13233 13231)
4(13131 13133 13235 13233)
4(13133 13135 13237 13235)
4(13135 13137 13239 13237)
4(13137 13139 13241 13239)
4(13139 13141 13243 13241)
4(13141 13143 13245 13243)
4(13143 13145 13247 13245)
4(13145 13147 13249 13247)
4(13147 13149 13251 13249)
4(13149 13151 13253 13251)
4(13151 13153 13255 13253)
4(13153 13155 13257 13255)
4(13155 13157 13259 13257)
4(13159 13161 13263 13261)
4(13161 13163 13265 13263)
4(13163 13165 13267 13265)
4(13165 13167 13269 13267)
4(13167 13169 13271 13269)
4(13169 13171 13273 13271)
4(13171 13173 13275 13273)
4(13173 13175 13277 13275)
4(13175 13177 13279 13277)
4(13177 13179 13281 13279)
4(13179 13181 13283 13281)
4(13181 13183 13285 13283)
4(13183 13185 13287 13285)
4(13185 13187 13289 13287)
4(13187 13189 13291 13289)
4(13189 13191 13293 13291)
4(13191 13193 13295 13293)
4(13193 13195 13297 13295)
4(13195 13197 13299 13297)
4(13197 13199 13301 13299)
4(13199 13201 13303 13301)
4(13201 13203 13305 13303)
4(13203 13205 13307 13305)
4(13205 13207 13309 13307)
4(13207 13209 13311 13309)
4(13209 13211 13313 13311)
4(13211 13213 13315 13313)
4(13213 13215 13317 13315)
4(13215 13217 13319 13317)
4(13217 13219 13321 13319)
4(13219 13221 13323 13321)
4(13221 13223 13325 13323)
4(13223 13225 13327 13325)
4(13225 13227 13329 13327)
4(13227 13229 13331 13329)
4(13229 13231 13333 13331)
4(13231 13233 13335 13333)
4(13233 13235 13337 13335)
4(13235 13237 13339 13337)
4(13237 13239 13341 13339)
4(13239 13241 13343 13341)
4(13241 13243 13345 13343)
4(13243 13245 13347 13345)
4(13245 13247 13349 13347)
4(13247 13249 13351 13349)
4(13249 13251 13353 13351)
4(13251 13253 13355 13353)
4(13253 13255 13357 13355)
4(13255 13257 13359 13357)
4(13257 13259 13361 13359)
4(13261 13263 13365 13363)
4(13263 13265 13367 13365)
4(13265 13267 13369 13367)
4(13267 13269 13371 13369)
4(13269 13271 13373 13371)
4(13271 13273 13375 13373)
4(13273 13275 13377 13375)
4(13275 13277 13379 13377)
4(13277 13279 13381 13379)
4(13279 13281 13383 13381)
4(13281 13283 13385 13383)
4(13283 13285 13387 13385)
4(13285 13287 13389 13387)
4(13287 13289 13391 13389)
4(13289 13291 13393 13391)
4(13291 13293 13395 13393)
4(13293 13295 13397 13395)
4(13295 13297 13399 13397)
4(13297 13299 13401 13399)
4(13299 13301 13403 13401)
4(13301 13303 13405 13403)
4(13303 13305 13407 13405)
4(13305 13307 13409 13407)
4(13307 13309 13411 13409)
4(13309 13311 13413 13411)
4(13311 13313 13415 13413)
4(13313 13315 13417 13415)
4(13315 13317 13419 13417)
4(13317 13319 13421 13419)
4(13319 13321 13423 13421)
4(13321 13323 13425 13423)
4(13323 13325 13427 13425)
4(13325 13327 13429 13427)
4(13327 13329 13431 13429)
4(13329 13331 13433 13431)
4(13331 13333 13435 13433)
4(13333 13335 13437 13435)
4(13335 13337 13439 13437)
4(13337 13339 13441 13439)
4(13339 13341 13443 13441)
4(13341 13343 13445 13443)
4(13343 13345 13447 13445)
4(13345 13347 13449 13447)
4(13347 13349 13451 13449)
4(13349 13351 13453 13451)
4(13351 13353 13455 13453)
4(13353 13355 13457 13455)
4(13355 13357 13459 13457)
4(13357 13359 13461 13459)
4(13359 13361 13463 13461)
4(13363 13365 13467 13465)
4(13365 13367 13469 13467)
4(13367 13369 13471 13469)
4(13369 13371 13473 13471)
4(13371 13373 13475 13473)
4(13373 13375 13477 13475)
4(13375 13377 13479 13477)
4(13377 13379 13481 13479)
4(13379 13381 13483 13481)
4(13381 13383 13485 13483)
4(13383 13385 13487 13485)
4(13385 13387 13489 13487)
4(13387 13389 13491 13489)
4(13389 13391 13493 13491)
4(13391 13393 13495 13493)
4(13393 13395 13497 13495)
4(13395 13397 13499 13497)
4(13397 13399 13501 13499)
4(13399 13401 13503 13501)
4(13401 13403 13505 13503)
4(13403 13405 13507 13505)
4(13405 13407 13509 13507)
4(13407 13409 13511 13509)
4(13409 13411 13513 13511)
4(13411 13413 13515 13513)
4(13413 13415 13517 13515)
4(13415 13417 13519 13517)
4(13417 13419 13521 13519)
4(13419 13421 13523 13521)
4(13421 13423 13525 13523)
4(13423 13425 13527 13525)
4(13425 13427 13529 13527)
4(13427 13429 13531 13529)
4(13429 13431 13533 13531)
4(13431 13433 13535 13533)
4(13433 13435 13537 13535)
4(13435 13437 13539 13537)
4(13437 13439 13541 13539)
4(13439 13441 13543 13541)
4(13441 13443 13545 13543)
4(13443 13445 13547 13545)
4(13445 13447 13549 13547)
4(13447 13449 13551 13549)
4(13449 13451 13553 13551)
4(13451 13453 13555 13553)
4(13453 13455 13557 13555)
4(13455 13457 13559 13557)
4(13457 13459 13561 13559)
4(13459 13461 13563 13561)
4(13461 13463 13565 13563)
4(13465 13467 13569 13567)
4(13467 13469 13571 13569)
4(13469 13471 13573 13571)
4(13471 13473 13575 13573)
4(13473 13475 13577 13575)
4(13475 13477 13579 13577)
4(13477 13479 13581 13579)
4(13479 13481 13583 13581)
4(13481 13483 13585 13583)
4(13483 13485 13587 13585)
4(13485 13487 13589 13587)
4(13487 13489 13591 13589)
4(13489 13491 13593 13591)
4(13491 13493 13595 13593)
4(13493 13495 13597 13595)
4(13495 13497 13599 13597)
4(13497 13499 13601 13599)
4(13499 13501 13603 13601)
4(13501 13503 13605 13603)
4(13503 13505 13607 13605)
4(13505 13507 13609 13607)
4(13507 13509 13611 13609)
4(13509 13511 13613 13611)
4(13511 13513 13615 13613)
4(13513 13515 13617 13615)
4(13515 13517 13619 13617)
4(13517 13519 13621 13619)
4(13519 13521 13623 13621)
4(13521 13523 13625 13623)
4(13523 13525 13627 13625)
4(13525 13527 13629 13627)
4(13527 13529 13631 13629)
4(13529 13531 13633 13631)
4(13531 13533 13635 13633)
4(13533 13535 13637 13635)
4(13535 13537 13639 13637)
4(13537 13539 13641 13639)
4(13539 13541 13643 13641)
4(13541 13543 13645 13643)
4(13543 13545 13647 13645)
4(13545 13547 13649 13647)
4(13547 13549 13651 13649)
4(13549 13551 13653 13651)
4(13551 13553 13655 13653)
4(13553 13555 13657 13655)
4(13555 13557 13659 13657)
4(13557 13559 13661 13659)
4(13559 13561 13663 13661)
4(13561 13563 13665 13663)
4(13563 13565 13667 13665)
4(13567 13569 13671 13669)
4(13569 13571 13673 13671)
4(13571 13573 13675 13673)
4(13573 13575 13677 13675)
4(13575 13577 13679 13677)
4(13577 13579 13681 13679)
4(13579 13581 13683 13681)
4(13581 13583 13685 13683)
4(13583 13585 13687 13685)
4(13585 13587 13689 13687)
4(13587 13589 13691 13689)
4(13589 13591 13693 13691)
4(13591 13593 13695 13693)
4(13593 13595 13697 13695)
4(13595 13597 13699 13697)
4(13597 13599 13701 13699)
4(13599 13601 13703 13701)
4(13601 13603 13705 13703)
4(13603 13605 13707 13705)
4(13605 13607 13709 13707)
4(13607 13609 13711 13709)
4(13609 13611 13713 13711)
4(13611 13613 13715 13713)
4(13613 13615 13717 13715)
4(13615 13617 13719 13717)
4(13617 13619 13721 13719)
4(13619 13621 13723 13721)
4(13621 13623 13725 13723)
4(13623 13625 13727 13725)
4(13625 13627 13729 13727)
4(13627 13629 13731 13729)
4(13629 13631 13733 13731)
4(13631 13633 13735 13733)
4(13633 13635 13737 13735)
4(13635 13637 13739 13737)
4(13637 13639 13741 13739)
4(13639 13641 13743 13741)
4(13641 13643 13745 13743)
4(13643 13645 13747 13745)
4(13645 13647 13749 13747)
4(13647 13649 13751 13749)
4(13649 13651 13753 13751)
4(13651 13653 13755 13753)
4(13653 13655 13757 13755)
4(13655 13657 13759 13757)
4(13657 13659 13761 13759)
4(13659 13661 13763 13761)
4(13661 13663 13765 13763)
4(13663 13665 13767 13765)
4(13665 13667 13769 13767)
4(13669 13671 13773 13771)
4(13671 13673 13775 13773)
4(13673 13675 13777 13775)
4(13675 13677 13779 13777)
4(13677 13679 13781 13779)
4(13679 13681 13783 13781)
4(13681 13683 13785 13783)
4(13683 13685 13787 13785)
4(13685 13687 13789 13787)
4(13687 13689 13791 13789)
4(13689 13691 13793 13791)
4(13691 13693 13795 13793)
4(13693 13695 13797 13795)
4(13695 13697 13799 13797)
4(13697 13699 13801 13799)
4(13699 13701 13803 13801)
4(13701 13703 13805 13803)
4(13703 13705 13807 13805)
4(13705 13707 13809 13807)
4(13707 13709 13811 13809)
4(13709 13711 13813 13811)
4(13711 13713 13815 13813)
4(13713 13715 13817 13815)
4(13715 13717 13819 13817)
4(13717 13719 13821 13819)
4(13719 13721 13823 13821)
4(13721 13723 13825 13823)
4(13723 13725 13827 13825)
4(13725 13727 13829 13827)
4(13727 13729 13831 13829)
4(13729 13731 13833 13831)
4(13731 13733 13835 13833)
4(13733 13735 13837 13835)
4(13735 13737 13839 13837)
4(13737 13739 13841 13839)
4(13739 13741 13843 13841)
4(13741 13743 13845 13843)
4(13743 13745 13847 13845)
4(13745 13747 13849 13847)
4(13747 13749 13851 13849)
4(13749 13751 13853 13851)
4(13751 13753 13855 13853)
4(13753 13755 13857 13855)
4(13755 13757 13859 13857)
4(13757 13759 13861 13859)
4(13759 13761 13863 13861)
4(13761 13763 13865 13863)
4(13763 13765 13867 13865)
4(13765 13767 13869 13867)
4(13767 13769 13871 13869)
4(13771 13773 13875 13873)
4(13773 13775 13877 13875)
4(13775 13777 13879 13877)
4(13777 13779 13881 13879)
4(13779 13781 13883 13881)
4(13781 13783 13885 13883)
4(13783 13785 13887 13885)
4(13785 13787 13889 13887)
4(13787 13789 13891 13889)
4(13789 13791 13893 13891)
4(13791 13793 13895 13893)
4(13793 13795 13897 13895)
4(13795 13797 13899 13897)
4(13797 13799 13901 13899)
4(13799 13801 13903 13901)
4(13801 13803 13905 13903)
4(13803 13805 13907 13905)
4(13805 13807 13909 13907)
4(13807 13809 13911 13909)
4(13809 13811 13913 13911)
4(13811 13813 13915 13913)
4(13813 13815 13917 13915)
4(13815 13817 13919 13917)
4(13817 13819 13921 13919)
4(13819 13821 13923 13921)
4(13821 13823 13925 13923)
4(13823 13825 13927 13925)
4(13825 13827 13929 13927)
4(13827 13829 13931 13929)
4(13829 13831 13933 13931)
4(13831 13833 13935 13933)
4(13833 13835 13937 13935)
4(13835 13837 13939 13937)
4(13837 13839 13941 13939)
4(13839 13841 13943 13941)
4(13841 13843 13945 13943)
4(13843 13845 13947 13945)
4(13845 13847 13949 13947)
4(13847 13849 13951 13949)
4(13849 13851 13953 13951)
4(13851 13853 13955 13953)
4(13853 13855 13957 13955)
4(13855 13857 13959 13957)
4(13857 13859 13961 13959)
4(13859 13861 13963 13961)
4(13861 13863 13965 13963)
4(13863 13865 13967 13965)
4(13865 13867 13969 13967)
4(13867 13869 13971 13969)
4(13869 13871 13973 13971)
4(13873 13875 13977 13975)
4(13875 13877 13979 13977)
4(13877 13879 13981 13979)
4(13879 13881 13983 13981)
4(13881 13883 13985 13983)
4(13883 13885 13987 13985)
4(13885 13887 13989 13987)
4(13887 13889 13991 13989)
4(13889 13891 13993 13991)
4(13891 13893 13995 13993)
4(13893 13895 13997 13995)
4(13895 13897 13999 13997)
4(13897 13899 14001 13999)
4(13899 13901 14003 14001)
4(13901 13903 14005 14003)
4(13903 13905 14007 14005)
4(13905 13907 14009 14007)
4(13907 13909 14011 14009)
4(13909 13911 14013 14011)
4(13911 13913 14015 14013)
4(13913 13915 14017 14015)
4(13915 13917 14019 14017)
4(13917 13919 14021 14019)
4(13919 13921 14023 14021)
4(13921 13923 14025 14023)
4(13923 13925 14027 14025)
4(13925 13927 14029 14027)
4(13927 13929 14031 14029)
4(13929 13931 14033 14031)
4(13931 13933 14035 14033)
4(13933 13935 14037 14035)
4(13935 13937 14039 14037)
4(13937 13939 14041 14039)
4(13939 13941 14043 14041)
4(13941 13943 14045 14043)
4(13943 13945 14047 14045)
4(13945 13947 14049 14047)
4(13947 13949 14051 14049)
4(13949 13951 14053 14051)
4(13951 13953 14055 14053)
4(13953 13955 14057 14055)
4(13955 13957 14059 14057)
4(13957 13959 14061 14059)
4(13959 13961 14063 14061)
4(13961 13963 14065 14063)
4(13963 13965 14067 14065)
4(13965 13967 14069 14067)
4(13967 13969 14071 14069)
4(13969 13971 14073 14071)
4(13971 13973 14075 14073)
4(13975 13977 14079 14077)
4(13977 13979 14081 14079)
4(13979 13981 14083 14081)
4(13981 13983 14085 14083)
4(13983 13985 14087 14085)
4(13985 13987 14089 14087)
4(13987 13989 14091 14089)
4(13989 13991 14093 14091)
4(13991 13993 14095 14093)
4(13993 13995 14097 14095)
4(13995 13997 14099 14097)
4(13997 13999 14101 14099)
4(13999 14001 14103 14101)
4(14001 14003 14105 14103)
4(14003 14005 14107 14105)
4(14005 14007 14109 14107)
4(14007 14009 14111 14109)
4(14009 14011 14113 14111)
4(14011 14013 14115 14113)
4(14013 14015 14117 14115)
4(14015 14017 14119 14117)
4(14017 14019 14121 14119)
4(14019 14021 14123 14121)
4(14021 14023 14125 14123)
4(14023 14025 14127 14125)
4(14025 14027 14129 14127)
4(14027 14029 14131 14129)
4(14029 14031 14133 14131)
4(14031 14033 14135 14133)
4(14033 14035 14137 14135)
4(14035 14037 14139 14137)
4(14037 14039 14141 14139)
4(14039 14041 14143 14141)
4(14041 14043 14145 14143)
4(14043 14045 14147 14145)
4(14045 14047 14149 14147)
4(14047 14049 14151 14149)
4(14049 14051 14153 14151)
4(14051 14053 14155 14153)
4(14053 14055 14157 14155)
4(14055 14057 14159 14157)
4(14057 14059 14161 14159)
4(14059 14061 14163 14161)
4(14061 14063 14165 14163)
4(14063 14065 14167 14165)
4(14065 14067 14169 14167)
4(14067 14069 14171 14169)
4(14069 14071 14173 14171)
4(14071 14073 14175 14173)
4(14073 14075 14177 14175)
4(14077 14079 14181 14179)
4(14079 14081 14183 14181)
4(14081 14083 14185 14183)
4(14083 14085 14187 14185)
4(14085 14087 14189 14187)
4(14087 14089 14191 14189)
4(14089 14091 14193 14191)
4(14091 14093 14195 14193)
4(14093 14095 14197 14195)
4(14095 14097 14199 14197)
4(14097 14099 14201 14199)
4(14099 14101 14203 14201)
4(14101 14103 14205 14203)
4(14103 14105 14207 14205)
4(14105 14107 14209 14207)
4(14107 14109 14211 14209)
4(14109 14111 14213 14211)
4(14111 14113 14215 14213)
4(14113 14115 14217 14215)
4(14115 14117 14219 14217)
4(14117 14119 14221 14219)
4(14119 14121 14223 14221)
4(14121 14123 14225 14223)
4(14123 14125 14227 14225)
4(14125 14127 14229 14227)
4(14127 14129 14231 14229)
4(14129 14131 14233 14231)
4(14131 14133 14235 14233)
4(14133 14135 14237 14235)
4(14135 14137 14239 14237)
4(14137 14139 14241 14239)
4(14139 14141 14243 14241)
4(14141 14143 14245 14243)
4(14143 14145 14247 14245)
4(14145 14147 14249 14247)
4(14147 14149 14251 14249)
4(14149 14151 14253 14251)
4(14151 14153 14255 14253)
4(14153 14155 14257 14255)
4(14155 14157 14259 14257)
4(14157 14159 14261 14259)
4(14159 14161 14263 14261)
4(14161 14163 14265 14263)
4(14163 14165 14267 14265)
4(14165 14167 14269 14267)
4(14167 14169 14271 14269)
4(14169 14171 14273 14271)
4(14171 14173 14275 14273)
4(14173 14175 14277 14275)
4(14175 14177 14279 14277)
4(14179 14181 14283 14281)
4(14181 14183 14285 14283)
4(14183 14185 14287 14285)
4(14185 14187 14289 14287)
4(14187 14189 14291 14289)
4(14189 14191 14293 14291)
4(14191 14193 14295 14293)
4(14193 14195 14297 14295)
4(14195 14197 14299 14297)
4(14197 14199 14301 14299)
4(14199 14201 14303 14301)
4(14201 14203 14305 14303)
4(14203 14205 14307 14305)
4(14205 14207 14309 14307)
4(14207 14209 14311 14309)
4(14209 14211 14313 14311)
4(14211 14213 14315 14313)
4(14213 14215 14317 14315)
4(14215 14217 14319 14317)
4(14217 14219 14321 14319)
4(14219 14221 14323 14321)
4(14221 14223 14325 14323)
4(14223 14225 14327 14325)
4(14225 14227 14329 14327)
4(14227 14229 14331 14329)
4(14229 14231 14333 14331)
4(14231 14233 14335 14333)
4(14233 14235 14337 14335)
4(14235 14237 14339 14337)
4(14237 14239 14341 14339)
4(14239 14241 14343 14341)
4(14241 14243 14345 14343)
4(14243 14245 14347 14345)
4(14245 14247 14349 14347)
4(14247 14249 14351 14349)
4(14249 14251 14353 14351)
4(14251 14253 14355 14353)
4(14253 14255 14357 14355)
4(14255 14257 14359 14357)
4(14257 14259 14361 14359)
4(14259 14261 14363 14361)
4(14261 14263 14365 14363)
4(14263 14265 14367 14365)
4(14265 14267 14369 14367)
4(14267 14269 14371 14369)
4(14269 14271 14373 14371)
4(14271 14273 14375 14373)
4(14273 14275 14377 14375)
4(14275 14277 14379 14377)
4(14277 14279 14381 14379)
4(14281 14283 14385 14383)
4(14283 14285 14387 14385)
4(14285 14287 14389 14387)
4(14287 14289 14391 14389)
4(14289 14291 14393 14391)
4(14291 14293 14395 14393)
4(14293 14295 14397 14395)
4(14295 14297 14399 14397)
4(14297 14299 14401 14399)
4(14299 14301 14403 14401)
4(14301 14303 14405 14403)
4(14303 14305 14407 14405)
4(14305 14307 14409 14407)
4(14307 14309 14411 14409)
4(14309 14311 14413 14411)
4(14311 14313 14415 14413)
4(14313 14315 14417 14415)
4(14315 14317 14419 14417)
4(14317 14319 14421 14419)
4(14319 14321 14423 14421)
4(14321 14323 14425 14423)
4(14323 14325 14427 14425)
4(14325 14327 14429 14427)
4(14327 14329 14431 14429)
4(14329 14331 14433 14431)
4(14331 14333 14435 14433)
4(14333 14335 14437 14435)
4(14335 14337 14439 14437)
4(14337 14339 14441 14439)
4(14339 14341 14443 14441)
4(14341 14343 14445 14443)
4(14343 14345 14447 14445)
4(14345 14347 14449 14447)
4(14347 14349 14451 14449)
4(14349 14351 14453 14451)
4(14351 14353 14455 14453)
4(14353 14355 14457 14455)
4(14355 14357 14459 14457)
4(14357 14359 14461 14459)
4(14359 14361 14463 14461)
4(14361 14363 14465 14463)
4(14363 14365 14467 14465)
4(14365 14367 14469 14467)
4(14367 14369 14471 14469)
4(14369 14371 14473 14471)
4(14371 14373 14475 14473)
4(14373 14375 14477 14475)
4(14375 14377 14479 14477)
4(14377 14379 14481 14479)
4(14379 14381 14483 14481)
4(14383 14385 14487 14485)
4(14385 14387 14489 14487)
4(14387 14389 14491 14489)
4(14389 14391 14493 14491)
4(14391 14393 14495 14493)
4(14393 14395 14497 14495)
4(14395 14397 14499 14497)
4(14397 14399 14501 14499)
4(14399 14401 14503 14501)
4(14401 14403 14505 14503)
4(14403 14405 14507 14505)
4(14405 14407 14509 14507)
4(14407 14409 14511 14509)
4(14409 14411 14513 14511)
4(14411 14413 14515 14513)
4(14413 14415 14517 14515)
4(14415 14417 14519 14517)
4(14417 14419 14521 14519)
4(14419 14421 14523 14521)
4(14421 14423 14525 14523)
4(14423 14425 14527 14525)
4(14425 14427 14529 14527)
4(14427 14429 14531 14529)
4(14429 14431 14533 14531)
4(14431 14433 14535 14533)
4(14433 14435 14537 14535)
4(14435 14437 14539 14537)
4(14437 14439 14541 14539)
4(14439 14441 14543 14541)
4(14441 14443 14545 14543)
4(14443 14445 14547 14545)
4(14445 14447 14549 14547)
4(14447 14449 14551 14549)
4(14449 14451 14553 14551)
4(14451 14453 14555 14553)
4(14453 14455 14557 14555)
4(14455 14457 14559 14557)
4(14457 14459 14561 14559)
4(14459 14461 14563 14561)
4(14461 14463 14565 14563)
4(14463 14465 14567 14565)
4(14465 14467 14569 14567)
4(14467 14469 14571 14569)
4(14469 14471 14573 14571)
4(14471 14473 14575 14573)
4(14473 14475 14577 14575)
4(14475 14477 14579 14577)
4(14477 14479 14581 14579)
4(14479 14481 14583 14581)
4(14481 14483 14585 14583)
4(14485 14487 14589 14587)
4(14487 14489 14591 14589)
4(14489 14491 14593 14591)
4(14491 14493 14595 14593)
4(14493 14495 14597 14595)
4(14495 14497 14599 14597)
4(14497 14499 14601 14599)
4(14499 14501 14603 14601)
4(14501 14503 14605 14603)
4(14503 14505 14607 14605)
4(14505 14507 14609 14607)
4(14507 14509 14611 14609)
4(14509 14511 14613 14611)
4(14511 14513 14615 14613)
4(14513 14515 14617 14615)
4(14515 14517 14619 14617)
4(14517 14519 14621 14619)
4(14519 14521 14623 14621)
4(14521 14523 14625 14623)
4(14523 14525 14627 14625)
4(14525 14527 14629 14627)
4(14527 14529 14631 14629)
4(14529 14531 14633 14631)
4(14531 14533 14635 14633)
4(14533 14535 14637 14635)
4(14535 14537 14639 14637)
4(14537 14539 14641 14639)
4(14539 14541 14643 14641)
4(14541 14543 14645 14643)
4(14543 14545 14647 14645)
4(14545 14547 14649 14647)
4(14547 14549 14651 14649)
4(14549 14551 14653 14651)
4(14551 14553 14655 14653)
4(14553 14555 14657 14655)
4(14555 14557 14659 14657)
4(14557 14559 14661 14659)
4(14559 14561 14663 14661)
4(14561 14563 14665 14663)
4(14563 14565 14667 14665)
4(14565 14567 14669 14667)
4(14567 14569 14671 14669)
4(14569 14571 14673 14671)
4(14571 14573 14675 14673)
4(14573 14575 14677 14675)
4(14575 14577 14679 14677)
4(14577 14579 14681 14679)
4(14579 14581 14683 14681)
4(14581 14583 14685 14683)
4(14583 14585 14687 14685)
4(14587 14589 14691 14689)
4(14589 14591 14693 14691)
4(14591 14593 14695 14693)
4(14593 14595 14697 14695)
4(14595 14597 14699 14697)
4(14597 14599 14701 14699)
4(14599 14601 14703 14701)
4(14601 14603 14705 14703)
4(14603 14605 14707 14705)
4(14605 14607 14709 14707)
4(14607 14609 14711 14709)
4(14609 14611 14713 14711)
4(14611 14613 14715 14713)
4(14613 14615 14717 14715)
4(14615 14617 14719 14717)
4(14617 14619 14721 14719)
4(14619 14621 14723 14721)
4(14621 14623 14725 14723)
4(14623 14625 14727 14725)
4(14625 14627 14729 14727)
4(14627 14629 14731 14729)
4(14629 14631 14733 14731)
4(14631 14633 14735 14733)
4(14633 14635 14737 14735)
4(14635 14637 14739 14737)
4(14637 14639 14741 14739)
4(14639 14641 14743 14741)
4(14641 14643 14745 14743)
4(14643 14645 14747 14745)
4(14645 14647 14749 14747)
4(14647 14649 14751 14749)
4(14649 14651 14753 14751)
4(14651 14653 14755 14753)
4(14653 14655 14757 14755)
4(14655 14657 14759 14757)
4(14657 14659 14761 14759)
4(14659 14661 14763 14761)
4(14661 14663 14765 14763)
4(14663 14665 14767 14765)
4(14665 14667 14769 14767)
4(14667 14669 14771 14769)
4(14669 14671 14773 14771)
4(14671 14673 14775 14773)
4(14673 14675 14777 14775)
4(14675 14677 14779 14777)
4(14677 14679 14781 14779)
4(14679 14681 14783 14781)
4(14681 14683 14785 14783)
4(14683 14685 14787 14785)
4(14685 14687 14789 14787)
4(14689 14691 14793 14791)
4(14691 14693 14795 14793)
4(14693 14695 14797 14795)
4(14695 14697 14799 14797)
4(14697 14699 14801 14799)
4(14699 14701 14803 14801)
4(14701 14703 14805 14803)
4(14703 14705 14807 14805)
4(14705 14707 14809 14807)
4(14707 14709 14811 14809)
4(14709 14711 14813 14811)
4(14711 14713 14815 14813)
4(14713 14715 14817 14815)
4(14715 14717 14819 14817)
4(14717 14719 14821 14819)
4(14719 14721 14823 14821)
4(14721 14723 14825 14823)
4(14723 14725 14827 14825)
4(14725 14727 14829 14827)
4(14727 14729 14831 14829)
4(14729 14731 14833 14831)
4(14731 14733 14835 14833)
4(14733 14735 14837 14835)
4(14735 14737 14839 14837)
4(14737 14739 14841 14839)
4(14739 14741 14843 14841)
4(14741 14743 14845 14843)
4(14743 14745 14847 14845)
4(14745 14747 14849 14847)
4(14747 14749 14851 14849)
4(14749 14751 14853 14851)
4(14751 14753 14855 14853)
4(14753 14755 14857 14855)
4(14755 14757 14859 14857)
4(14757 14759 14861 14859)
4(14759 14761 14863 14861)
4(14761 14763 14865 14863)
4(14763 14765 14867 14865)
4(14765 14767 14869 14867)
4(14767 14769 14871 14869)
4(14769 14771 14873 14871)
4(14771 14773 14875 14873)
4(14773 14775 14877 14875)
4(14775 14777 14879 14877)
4(14777 14779 14881 14879)
4(14779 14781 14883 14881)
4(14781 14783 14885 14883)
4(14783 14785 14887 14885)
4(14785 14787 14889 14887)
4(14787 14789 14891 14889)
4(14791 14793 14895 14893)
4(14793 14795 14897 14895)
4(14795 14797 14899 14897)
4(14797 14799 14901 14899)
4(14799 14801 14903 14901)
4(14801 14803 14905 14903)
4(14803 14805 14907 14905)
4(14805 14807 14909 14907)
4(14807 14809 14911 14909)
4(14809 14811 14913 14911)
4(14811 14813 14915 14913)
4(14813 14815 14917 14915)
4(14815 14817 14919 14917)
4(14817 14819 14921 14919)
4(14819 14821 14923 14921)
4(14821 14823 14925 14923)
4(14823 14825 14927 14925)
4(14825 14827 14929 14927)
4(14827 14829 14931 14929)
4(14829 14831 14933 14931)
4(14831 14833 14935 14933)
4(14833 14835 14937 14935)
4(14835 14837 14939 14937)
4(14837 14839 14941 14939)
4(14839 14841 14943 14941)
4(14841 14843 14945 14943)
4(14843 14845 14947 14945)
4(14845 14847 14949 14947)
4(14847 14849 14951 14949)
4(14849 14851 14953 14951)
4(14851 14853 14955 14953)
4(14853 14855 14957 14955)
4(14855 14857 14959 14957)
4(14857 14859 14961 14959)
4(14859 14861 14963 14961)
4(14861 14863 14965 14963)
4(14863 14865 14967 14965)
4(14865 14867 14969 14967)
4(14867 14869 14971 14969)
4(14869 14871 14973 14971)
4(14871 14873 14975 14973)
4(14873 14875 14977 14975)
4(14875 14877 14979 14977)
4(14877 14879 14981 14979)
4(14879 14881 14983 14981)
4(14881 14883 14985 14983)
4(14883 14885 14987 14985)
4(14885 14887 14989 14987)
4(14887 14889 14991 14989)
4(14889 14891 14993 14991)
4(14893 14895 14997 14995)
4(14895 14897 14999 14997)
4(14897 14899 15001 14999)
4(14899 14901 15003 15001)
4(14901 14903 15005 15003)
4(14903 14905 15007 15005)
4(14905 14907 15009 15007)
4(14907 14909 15011 15009)
4(14909 14911 15013 15011)
4(14911 14913 15015 15013)
4(14913 14915 15017 15015)
4(14915 14917 15019 15017)
4(14917 14919 15021 15019)
4(14919 14921 15023 15021)
4(14921 14923 15025 15023)
4(14923 14925 15027 15025)
4(14925 14927 15029 15027)
4(14927 14929 15031 15029)
4(14929 14931 15033 15031)
4(14931 14933 15035 15033)
4(14933 14935 15037 15035)
4(14935 14937 15039 15037)
4(14937 14939 15041 15039)
4(14939 14941 15043 15041)
4(14941 14943 15045 15043)
4(14943 14945 15047 15045)
4(14945 14947 15049 15047)
4(14947 14949 15051 15049)
4(14949 14951 15053 15051)
4(14951 14953 15055 15053)
4(14953 14955 15057 15055)
4(14955 14957 15059 15057)
4(14957 14959 15061 15059)
4(14959 14961 15063 15061)
4(14961 14963 15065 15063)
4(14963 14965 15067 15065)
4(14965 14967 15069 15067)
4(14967 14969 15071 15069)
4(14969 14971 15073 15071)
4(14971 14973 15075 15073)
4(14973 14975 15077 15075)
4(14975 14977 15079 15077)
4(14977 14979 15081 15079)
4(14979 14981 15083 15081)
4(14981 14983 15085 15083)
4(14983 14985 15087 15085)
4(14985 14987 15089 15087)
4(14987 14989 15091 15089)
4(14989 14991 15093 15091)
4(14991 14993 15095 15093)
4(14995 14997 15099 15097)
4(14997 14999 15101 15099)
4(14999 15001 15103 15101)
4(15001 15003 15105 15103)
4(15003 15005 15107 15105)
4(15005 15007 15109 15107)
4(15007 15009 15111 15109)
4(15009 15011 15113 15111)
4(15011 15013 15115 15113)
4(15013 15015 15117 15115)
4(15015 15017 15119 15117)
4(15017 15019 15121 15119)
4(15019 15021 15123 15121)
4(15021 15023 15125 15123)
4(15023 15025 15127 15125)
4(15025 15027 15129 15127)
4(15027 15029 15131 15129)
4(15029 15031 15133 15131)
4(15031 15033 15135 15133)
4(15033 15035 15137 15135)
4(15035 15037 15139 15137)
4(15037 15039 15141 15139)
4(15039 15041 15143 15141)
4(15041 15043 15145 15143)
4(15043 15045 15147 15145)
4(15045 15047 15149 15147)
4(15047 15049 15151 15149)
4(15049 15051 15153 15151)
4(15051 15053 15155 15153)
4(15053 15055 15157 15155)
4(15055 15057 15159 15157)
4(15057 15059 15161 15159)
4(15059 15061 15163 15161)
4(15061 15063 15165 15163)
4(15063 15065 15167 15165)
4(15065 15067 15169 15167)
4(15067 15069 15171 15169)
4(15069 15071 15173 15171)
4(15071 15073 15175 15173)
4(15073 15075 15177 15175)
4(15075 15077 15179 15177)
4(15077 15079 15181 15179)
4(15079 15081 15183 15181)
4(15081 15083 15185 15183)
4(15083 15085 15187 15185)
4(15085 15087 15189 15187)
4(15087 15089 15191 15189)
4(15089 15091 15193 15191)
4(15091 15093 15195 15193)
4(15093 15095 15197 15195)
4(15097 15099 15201 15199)
4(15099 15101 15203 15201)
4(15101 15103 15205 15203)
4(15103 15105 15207 15205)
4(15105 15107 15209 15207)
4(15107 15109 15211 15209)
4(15109 15111 15213 15211)
4(15111 15113 15215 15213)
4(15113 15115 15217 15215)
4(15115 15117 15219 15217)
4(15117 15119 15221 15219)
4(15119 15121 15223 15221)
4(15121 15123 15225 15223)
4(15123 15125 15227 15225)
4(15125 15127 15229 15227)
4(15127 15129 15231 15229)
4(15129 15131 15233 15231)
4(15131 15133 15235 15233)
4(15133 15135 15237 15235)
4(15135 15137 15239 15237)
4(15137 15139 15241 15239)
4(15139 15141 15243 15241)
4(15141 15143 15245 15243)
4(15143 15145 15247 15245)
4(15145 15147 15249 15247)
4(15147 15149 15251 15249)
4(15149 15151 15253 15251)
4(15151 15153 15255 15253)
4(15153 15155 15257 15255)
4(15155 15157 15259 15257)
4(15157 15159 15261 15259)
4(15159 15161 15263 15261)
4(15161 15163 15265 15263)
4(15163 15165 15267 15265)
4(15165 15167 15269 15267)
4(15167 15169 15271 15269)
4(15169 15171 15273 15271)
4(15171 15173 15275 15273)
4(15173 15175 15277 15275)
4(15175 15177 15279 15277)
4(15177 15179 15281 15279)
4(15179 15181 15283 15281)
4(15181 15183 15285 15283)
4(15183 15185 15287 15285)
4(15185 15187 15289 15287)
4(15187 15189 15291 15289)
4(15189 15191 15293 15291)
4(15191 15193 15295 15293)
4(15193 15195 15297 15295)
4(15195 15197 15299 15297)
4(15199 15201 15303 15301)
4(15201 15203 15305 15303)
4(15203 15205 15307 15305)
4(15205 15207 15309 15307)
4(15207 15209 15311 15309)
4(15209 15211 15313 15311)
4(15211 15213 15315 15313)
4(15213 15215 15317 15315)
4(15215 15217 15319 15317)
4(15217 15219 15321 15319)
4(15219 15221 15323 15321)
4(15221 15223 15325 15323)
4(15223 15225 15327 15325)
4(15225 15227 15329 15327)
4(15227 15229 15331 15329)
4(15229 15231 15333 15331)
4(15231 15233 15335 15333)
4(15233 15235 15337 15335)
4(15235 15237 15339 15337)
4(15237 15239 15341 15339)
4(15239 15241 15343 15341)
4(15241 15243 15345 15343)
4(15243 15245 15347 15345)
4(15245 15247 15349 15347)
4(15247 15249 15351 15349)
4(15249 15251 15353 15351)
4(15251 15253 15355 15353)
4(15253 15255 15357 15355)
4(15255 15257 15359 15357)
4(15257 15259 15361 15359)
4(15259 15261 15363 15361)
4(15261 15263 15365 15363)
4(15263 15265 15367 15365)
4(15265 15267 15369 15367)
4(15267 15269 15371 15369)
4(15269 15271 15373 15371)
4(15271 15273 15375 15373)
4(15273 15275 15377 15375)
4(15275 15277 15379 15377)
4(15277 15279 15381 15379)
4(15279 15281 15383 15381)
4(15281 15283 15385 15383)
4(15283 15285 15387 15385)
4(15285 15287 15389 15387)
4(15287 15289 15391 15389)
4(15289 15291 15393 15391)
4(15291 15293 15395 15393)
4(15293 15295 15397 15395)
4(15295 15297 15399 15397)
4(15297 15299 15401 15399)
4(0 102 104 2)
4(2 104 106 4)
4(4 106 108 6)
4(6 108 110 8)
4(8 110 112 10)
4(10 112 114 12)
4(12 114 116 14)
4(14 116 118 16)
4(16 118 120 18)
4(18 120 122 20)
4(20 122 124 22)
4(22 124 126 24)
4(24 126 128 26)
4(26 128 130 28)
4(28 130 132 30)
4(30 132 134 32)
4(32 134 136 34)
4(34 136 138 36)
4(36 138 140 38)
4(38 140 142 40)
4(40 142 144 42)
4(42 144 146 44)
4(44 146 148 46)
4(46 148 150 48)
4(48 150 152 50)
4(50 152 154 52)
4(52 154 156 54)
4(54 156 158 56)
4(56 158 160 58)
4(58 160 162 60)
4(60 162 164 62)
4(62 164 166 64)
4(64 166 168 66)
4(66 168 170 68)
4(68 170 172 70)
4(70 172 174 72)
4(72 174 176 74)
4(74 176 178 76)
4(76 178 180 78)
4(78 180 182 80)
4(80 182 184 82)
4(82 184 186 84)
4(84 186 188 86)
4(86 188 190 88)
4(88 190 192 90)
4(90 192 194 92)
4(92 194 196 94)
4(94 196 198 96)
4(96 198 200 98)
4(98 200 202 100)
4(102 204 206 104)
4(104 206 208 106)
4(106 208 210 108)
4(108 210 212 110)
4(110 212 214 112)
4(112 214 216 114)
4(114 216 218 116)
4(116 218 220 118)
4(118 220 222 120)
4(120 222 224 122)
4(122 224 226 124)
4(124 226 228 126)
4(126 228 230 128)
4(128 230 232 130)
4(130 232 234 132)
4(132 234 236 134)
4(134 236 238 136)
4(136 238 240 138)
4(138 240 242 140)
4(140 242 244 142)
4(142 244 246 144)
4(144 246 248 146)
4(146 248 250 148)
4(148 250 252 150)
4(150 252 254 152)
4(152 254 256 154)
4(154 256 258 156)
4(156 258 260 158)
4(158 260 262 160)
4(160 262 264 162)
4(162 264 266 164)
4(164 266 268 166)
4(166 268 270 168)
4(168 270 272 170)
4(170 272 274 172)
4(172 274 276 174)
4(174 276 278 176)
4(176 278 280 178)
4(178 280 282 180)
4(180 282 284 182)
4(182 284 286 184)
4(184 286 288 186)
4(186 288 290 188)
4(188 290 292 190)
4(190 292 294 192)
4(192 294 296 194)
4(194 296 298 196)
4(196 298 300 198)
4(198 300 302 200)
4(200 302 304 202)
4(204 306 308 206)
4(206 308 310 208)
4(208 310 312 210)
4(210 312 314 212)
4(212 314 316 214)
4(214 316 318 216)
4(216 318 320 218)
4(218 320 322 220)
4(220 322 324 222)
4(222 324 326 224)
4(224 326 328 226)
4(226 328 330 228)
4(228 330 332 230)
4(230 332 334 232)
4(232 334 336 234)
4(234 336 338 236)
4(236 338 340 238)
4(238 340 342 240)
4(240 342 344 242)
4(242 344 346 244)
4(244 346 348 246)
4(246 348 350 248)
4(248 350 352 250)
4(250 352 354 252)
4(252 354 356 254)
4(254 356 358 256)
4(256 358 360 258)
4(258 360 362 260)
4(260 362 364 262)
4(262 364 366 264)
4(264 366 368 266)
4(266 368 370 268)
4(268 370 372 270)
4(270 372 374 272)
4(272 374 376 274)
4(274 376 378 276)
4(276 378 380 278)
4(278 380 382 280)
4(280 382 384 282)
4(282 384 386 284)
4(284 386 388 286)
4(286 388 390 288)
4(288 390 392 290)
4(290 392 394 292)
4(292 394 396 294)
4(294 396 398 296)
4(296 398 400 298)
4(298 400 402 300)
4(300 402 404 302)
4(302 404 406 304)
4(306 408 410 308)
4(308 410 412 310)
4(310 412 414 312)
4(312 414 416 314)
4(314 416 418 316)
4(316 418 420 318)
4(318 420 422 320)
4(320 422 424 322)
4(322 424 426 324)
4(324 426 428 326)
4(326 428 430 328)
4(328 430 432 330)
4(330 432 434 332)
4(332 434 436 334)
4(334 436 438 336)
4(336 438 440 338)
4(338 440 442 340)
4(340 442 444 342)
4(342 444 446 344)
4(344 446 448 346)
4(346 448 450 348)
4(348 450 452 350)
4(350 452 454 352)
4(352 454 456 354)
4(354 456 458 356)
4(356 458 460 358)
4(358 460 462 360)
4(360 462 464 362)
4(362 464 466 364)
4(364 466 468 366)
4(366 468 470 368)
4(368 470 472 370)
4(370 472 474 372)
4(372 474 476 374)
4(374 476 478 376)
4(376 478 480 378)
4(378 480 482 380)
4(380 482 484 382)
4(382 484 486 384)
4(384 486 488 386)
4(386 488 490 388)
4(388 490 492 390)
4(390 492 494 392)
4(392 494 496 394)
4(394 496 498 396)
4(396 498 500 398)
4(398 500 502 400)
4(400 502 504 402)
4(402 504 506 404)
4(404 506 508 406)
4(408 510 512 410)
4(410 512 514 412)
4(412 514 516 414)
4(414 516 518 416)
4(416 518 520 418)
4(418 520 522 420)
4(420 522 524 422)
4(422 524 526 424)
4(424 526 528 426)
4(426 528 530 428)
4(428 530 532 430)
4(430 532 534 432)
4(432 534 536 434)
4(434 536 538 436)
4(436 538 540 438)
4(438 540 542 440)
4(440 542 544 442)
4(442 544 546 444)
4(444 546 548 446)
4(446 548 550 448)
4(448 550 552 450)
4(450 552 554 452)
4(452 554 556 454)
4(454 556 558 456)
4(456 558 560 458)
4(458 560 562 460)
4(460 562 564 462)
4(462 564 566 464)
4(464 566 568 466)
4(466 568 570 468)
4(468 570 572 470)
4(470 572 574 472)
4(472 574 576 474)
4(474 576 578 476)
4(476 578 580 478)
4(478 580 582 480)
4(480 582 584 482)
4(482 584 586 484)
4(484 586 588 486)
4(486 588 590 488)
4(488 590 592 490)
4(490 592 594 492)
4(492 594 596 494)
4(494 596 598 496)
4(496 598 600 498)
4(498 600 602 500)
4(500 602 604 502)
4(502 604 606 504)
4(504 606 608 506)
4(506 608 610 508)
4(510 612 614 512)
4(512 614 616 514)
4(514 616 618 516)
4(516 618 620 518)
4(518 620 622 520)
4(520 622 624 522)
4(522 624 626 524)
4(524 626 628 526)
4(526 628 630 528)
4(528 630 632 530)
4(530 632 634 532)
4(532 634 636 534)
4(534 636 638 536)
4(536 638 640 538)
4(538 640 642 540)
4(540 642 644 542)
4(542 644 646 544)
4(544 646 648 546)
4(546 648 650 548)
4(548 650 652 550)
4(550 652 654 552)
4(552 654 656 554)
4(554 656 658 556)
4(556 658 660 558)
4(558 660 662 560)
4(560 662 664 562)
4(562 664 666 564)
4(564 666 668 566)
4(566 668 670 568)
4(568 670 672 570)
4(570 672 674 572)
4(572 674 676 574)
4(574 676 678 576)
4(576 678 680 578)
4(578 680 682 580)
4(580 682 684 582)
4(582 684 686 584)
4(584 686 688 586)
4(586 688 690 588)
4(588 690 692 590)
4(590 692 694 592)
4(592 694 696 594)
4(594 696 698 596)
4(596 698 700 598)
4(598 700 702 600)
4(600 702 704 602)
4(602 704 706 604)
4(604 706 708 606)
4(606 708 710 608)
4(608 710 712 610)
4(612 714 716 614)
4(614 716 718 616)
4(616 718 720 618)
4(618 720 722 620)
4(620 722 724 622)
4(622 724 726 624)
4(624 726 728 626)
4(626 728 730 628)
4(628 730 732 630)
4(630 732 734 632)
4(632 734 736 634)
4(634 736 738 636)
4(636 738 740 638)
4(638 740 742 640)
4(640 742 744 642)
4(642 744 746 644)
4(644 746 748 646)
4(646 748 750 648)
4(648 750 752 650)
4(650 752 754 652)
4(652 754 756 654)
4(654 756 758 656)
4(656 758 760 658)
4(658 760 762 660)
4(660 762 764 662)
4(662 764 766 664)
4(664 766 768 666)
4(666 768 770 668)
4(668 770 772 670)
4(670 772 774 672)
4(672 774 776 674)
4(674 776 778 676)
4(676 778 780 678)
4(678 780 782 680)
4(680 782 784 682)
4(682 784 786 684)
4(684 786 788 686)
4(686 788 790 688)
4(688 790 792 690)
4(690 792 794 692)
4(692 794 796 694)
4(694 796 798 696)
4(696 798 800 698)
4(698 800 802 700)
4(700 802 804 702)
4(702 804 806 704)
4(704 806 808 706)
4(706 808 810 708)
4(708 810 812 710)
4(710 812 814 712)
4(714 816 818 716)
4(716 818 820 718)
4(718 820 822 720)
4(720 822 824 722)
4(722 824 826 724)
4(724 826 828 726)
4(726 828 830 728)
4(728 830 832 730)
4(730 832 834 732)
4(732 834 836 734)
4(734 836 838 736)
4(736 838 840 738)
4(738 840 842 740)
4(740 842 844 742)
4(742 844 846 744)
4(744 846 848 746)
4(746 848 850 748)
4(748 850 852 750)
4(750 852 854 752)
4(752 854 856 754)
4(754 856 858 756)
4(756 858 860 758)
4(758 860 862 760)
4(760 862 864 762)
4(762 864 866 764)
4(764 866 868 766)
4(766 868 870 768)
4(768 870 872 770)
4(770 872 874 772)
4(772 874 876 774)
4(774 876 878 776)
4(776 878 880 778)
4(778 880 882 780)
4(780 882 884 782)
4(782 884 886 784)
4(784 886 888 786)
4(786 888 890 788)
4(788 890 892 790)
4(790 892 894 792)
4(792 894 896 794)
4(794 896 898 796)
4(796 898 900 798)
4(798 900 902 800)
4(800 902 904 802)
4(802 904 906 804)
4(804 906 908 806)
4(806 908 910 808)
4(808 910 912 810)
4(810 912 914 812)
4(812 914 916 814)
4(816 918 920 818)
4(818 920 922 820)
4(820 922 924 822)
4(822 924 926 824)
4(824 926 928 826)
4(826 928 930 828)
4(828 930 932 830)
4(830 932 934 832)
4(832 934 936 834)
4(834 936 938 836)
4(836 938 940 838)
4(838 940 942 840)
4(840 942 944 842)
4(842 944 946 844)
4(844 946 948 846)
4(846 948 950 848)
4(848 950 952 850)
4(850 952 954 852)
4(852 954 956 854)
4(854 956 958 856)
4(856 958 960 858)
4(858 960 962 860)
4(860 962 964 862)
4(862 964 966 864)
4(864 966 968 866)
4(866 968 970 868)
4(868 970 972 870)
4(870 972 974 872)
4(872 974 976 874)
4(874 976 978 876)
4(876 978 980 878)
4(878 980 982 880)
4(880 982 984 882)
4(882 984 986 884)
4(884 986 988 886)
4(886 988 990 888)
4(888 990 992 890)
4(890 992 994 892)
4(892 994 996 894)
4(894 996 998 896)
4(896 998 1000 898)
4(898 1000 1002 900)
4(900 1002 1004 902)
4(902 1004 1006 904)
4(904 1006 1008 906)
4(906 1008 1010 908)
4(908 1010 1012 910)
4(910 1012 1014 912)
4(912 1014 1016 914)
4(914 1016 1018 916)
4(918 1020 1022 920)
4(920 1022 1024 922)
4(922 1024 1026 924)
4(924 1026 1028 926)
4(926 1028 1030 928)
4(928 1030 1032 930)
4(930 1032 1034 932)
4(932 1034 1036 934)
4(934 1036 1038 936)
4(936 1038 1040 938)
4(938 1040 1042 940)
4(940 1042 1044 942)
4(942 1044 1046 944)
4(944 1046 1048 946)
4(946 1048 1050 948)
4(948 1050 1052 950)
4(950 1052 1054 952)
4(952 1054 1056 954)
4(954 1056 1058 956)
4(956 1058 1060 958)
4(958 1060 1062 960)
4(960 1062 1064 962)
4(962 1064 1066 964)
4(964 1066 1068 966)
4(966 1068 1070 968)
4(968 1070 1072 970)
4(970 1072 1074 972)
4(972 1074 1076 974)
4(974 1076 1078 976)
4(976 1078 1080 978)
4(978 1080 1082 980)
4(980 1082 1084 982)
4(982 1084 1086 984)
4(984 1086 1088 986)
4(986 1088 1090 988)
4(988 1090 1092 990)
4(990 1092 1094 992)
4(992 1094 1096 994)
4(994 1096 1098 996)
4(996 1098 1100 998)
4(998 1100 1102 1000)
4(1000 1102 1104 1002)
4(1002 1104 1106 1004)
4(1004 1106 1108 1006)
4(1006 1108 1110 1008)
4(1008 1110 1112 1010)
4(1010 1112 1114 1012)
4(1012 1114 1116 1014)
4(1014 1116 1118 1016)
4(1016 1118 1120 1018)
4(1020 1122 1124 1022)
4(1022 1124 1126 1024)
4(1024 1126 1128 1026)
4(1026 1128 1130 1028)
4(1028 1130 1132 1030)
4(1030 1132 1134 1032)
4(1032 1134 1136 1034)
4(1034 1136 1138 1036)
4(1036 1138 1140 1038)
4(1038 1140 1142 1040)
4(1040 1142 1144 1042)
4(1042 1144 1146 1044)
4(1044 1146 1148 1046)
4(1046 1148 1150 1048)
4(1048 1150 1152 1050)
4(1050 1152 1154 1052)
4(1052 1154 1156 1054)
4(1054 1156 1158 1056)
4(1056 1158 1160 1058)
4(1058 1160 1162 1060)
4(1060 1162 1164 1062)
4(1062 1164 1166 1064)
4(1064 1166 1168 1066)
4(1066 1168 1170 1068)
4(1068 1170 1172 1070)
4(1070 1172 1174 1072)
4(1072 1174 1176 1074)
4(1074 1176 1178 1076)
4(1076 1178 1180 1078)
4(1078 1180 1182 1080)
4(1080 1182 1184 1082)
4(1082 1184 1186 1084)
4(1084 1186 1188 1086)
4(1086 1188 1190 1088)
4(1088 1190 1192 1090)
4(1090 1192 1194 1092)
4(1092 1194 1196 1094)
4(1094 1196 1198 1096)
4(1096 1198 1200 1098)
4(1098 1200 1202 1100)
4(1100 1202 1204 1102)
4(1102 1204 1206 1104)
4(1104 1206 1208 1106)
4(1106 1208 1210 1108)
4(1108 1210 1212 1110)
4(1110 1212 1214 1112)
4(1112 1214 1216 1114)
4(1114 1216 1218 1116)
4(1116 1218 1220 1118)
4(1118 1220 1222 1120)
4(1122 1224 1226 1124)
4(1124 1226 1228 1126)
4(1126 1228 1230 1128)
4(1128 1230 1232 1130)
4(1130 1232 1234 1132)
4(1132 1234 1236 1134)
4(1134 1236 1238 1136)
4(1136 1238 1240 1138)
4(1138 1240 1242 1140)
4(1140 1242 1244 1142)
4(1142 1244 1246 1144)
4(1144 1246 1248 1146)
4(1146 1248 1250 1148)
4(1148 1250 1252 1150)
4(1150 1252 1254 1152)
4(1152 1254 1256 1154)
4(1154 1256 1258 1156)
4(1156 1258 1260 1158)
4(1158 1260 1262 1160)
4(1160 1262 1264 1162)
4(1162 1264 1266 1164)
4(1164 1266 1268 1166)
4(1166 1268 1270 1168)
4(1168 1270 1272 1170)
4(1170 1272 1274 1172)
4(1172 1274 1276 1174)
4(1174 1276 1278 1176)
4(1176 1278 1280 1178)
4(1178 1280 1282 1180)
4(1180 1282 1284 1182)
4(1182 1284 1286 1184)
4(1184 1286 1288 1186)
4(1186 1288 1290 1188)
4(1188 1290 1292 1190)
4(1190 1292 1294 1192)
4(1192 1294 1296 1194)
4(1194 1296 1298 1196)
4(1196 1298 1300 1198)
4(1198 1300 1302 1200)
4(1200 1302 1304 1202)
4(1202 1304 1306 1204)
4(1204 1306 1308 1206)
4(1206 1308 1310 1208)
4(1208 1310 1312 1210)
4(1210 1312 1314 1212)
4(1212 1314 1316 1214)
4(1214 1316 1318 1216)
4(1216 1318 1320 1218)
4(1218 1320 1322 1220)
4(1220 1322 1324 1222)
4(1224 1326 1328 1226)
4(1226 1328 1330 1228)
4(1228 1330 1332 1230)
4(1230 1332 1334 1232)
4(1232 1334 1336 1234)
4(1234 1336 1338 1236)
4(1236 1338 1340 1238)
4(1238 1340 1342 1240)
4(1240 1342 1344 1242)
4(1242 1344 1346 1244)
4(1244 1346 1348 1246)
4(1246 1348 1350 1248)
4(1248 1350 1352 1250)
4(1250 1352 1354 1252)
4(1252 1354 1356 1254)
4(1254 1356 1358 1256)
4(1256 1358 1360 1258)
4(1258 1360 1362 1260)
4(1260 1362 1364 1262)
4(1262 1364 1366 1264)
4(1264 1366 1368 1266)
4(1266 1368 1370 1268)
4(1268 1370 1372 1270)
4(1270 1372 1374 1272)
4(1272 1374 1376 1274)
4(1274 1376 1378 1276)
4(1276 1378 1380 1278)
4(1278 1380 1382 1280)
4(1280 1382 1384 1282)
4(1282 1384 1386 1284)
4(1284 1386 1388 1286)
4(1286 1388 1390 1288)
4(1288 1390 1392 1290)
4(1290 1392 1394 1292)
4(1292 1394 1396 1294)
4(1294 1396 1398 1296)
4(1296 1398 1400 1298)
4(1298 1400 1402 1300)
4(1300 1402 1404 1302)
4(1302 1404 1406 1304)
4(1304 1406 1408 1306)
4(1306 1408 1410 1308)
4(1308 1410 1412 1310)
4(1310 1412 1414 1312)
4(1312 1414 1416 1314)
4(1314 1416 1418 1316)
4(1316 1418 1420 1318)
4(1318 1420 1422 1320)
4(1320 1422 1424 1322)
4(1322 1424 1426 1324)
4(1326 1428 1430 1328)
4(1328 1430 1432 1330)
4(1330 1432 1434 1332)
4(1332 1434 1436 1334)
4(1334 1436 1438 1336)
4(1336 1438 1440 1338)
4(1338 1440 1442 1340)
4(1340 1442 1444 1342)
4(1342 1444 1446 1344)
4(1344 1446 1448 1346)
4(1346 1448 1450 1348)
4(1348 1450 1452 1350)
4(1350 1452 1454 1352)
4(1352 1454 1456 1354)
4(1354 1456 1458 1356)
4(1356 1458 1460 1358)
4(1358 1460 1462 1360)
4(1360 1462 1464 1362)
4(1362 1464 1466 1364)
4(1364 1466 1468 1366)
4(1366 1468 1470 1368)
4(1368 1470 1472 1370)
4(1370 1472 1474 1372)
4(1372 1474 1476 1374)
4(1374 1476 1478 1376)
4(1376 1478 1480 1378)
4(1378 1480 1482 1380)
4(1380 1482 1484 1382)
4(1382 1484 1486 1384)
4(1384 1486 1488 1386)
4(1386 1488 1490 1388)
4(1388 1490 1492 1390)
4(1390 1492 1494 1392)
4(1392 1494 1496 1394)
4(1394 1496 1498 1396)
4(1396 1498 1500 1398)
4(1398 1500 1502 1400)
4(1400 1502 1504 1402)
4(1402 1504 1506 1404)
4(1404 1506 1508 1406)
4(1406 1508 1510 1408)
4(1408 1510 1512 1410)
4(1410 1512 1514 1412)
4(1412 1514 1516 1414)
4(1414 1516 1518 1416)
4(1416 1518 1520 1418)
4(1418 1520 1522 1420)
4(1420 1522 1524 1422)
4(1422 1524 1526 1424)
4(1424 1526 1528 1426)
4(1428 1530 1532 1430)
4(1430 1532 1534 1432)
4(1432 1534 1536 1434)
4(1434 1536 1538 1436)
4(1436 1538 1540 1438)
4(1438 1540 1542 1440)
4(1440 1542 1544 1442)
4(1442 1544 1546 1444)
4(1444 1546 1548 1446)
4(1446 1548 1550 1448)
4(1448 1550 1552 1450)
4(1450 1552 1554 1452)
4(1452 1554 1556 1454)
4(1454 1556 1558 1456)
4(1456 1558 1560 1458)
4(1458 1560 1562 1460)
4(1460 1562 1564 1462)
4(1462 1564 1566 1464)
4(1464 1566 1568 1466)
4(1466 1568 1570 1468)
4(1468 1570 1572 1470)
4(1470 1572 1574 1472)
4(1472 1574 1576 1474)
4(1474 1576 1578 1476)
4(1476 1578 1580 1478)
4(1478 1580 1582 1480)
4(1480 1582 1584 1482)
4(1482 1584 1586 1484)
4(1484 1586 1588 1486)
4(1486 1588 1590 1488)
4(1488 1590 1592 1490)
4(1490 1592 1594 1492)
4(1492 1594 1596 1494)
4(1494 1596 1598 1496)
4(1496 1598 1600 1498)
4(1498 1600 1602 1500)
4(1500 1602 1604 1502)
4(1502 1604 1606 1504)
4(1504 1606 1608 1506)
4(1506 1608 1610 1508)
4(1508 1610 1612 1510)
4(1510 1612 1614 1512)
4(1512 1614 1616 1514)
4(1514 1616 1618 1516)
4(1516 1618 1620 1518)
4(1518 1620 1622 1520)
4(1520 1622 1624 1522)
4(1522 1624 1626 1524)
4(1524 1626 1628 1526)
4(1526 1628 1630 1528)
4(1530 1632 1634 1532)
4(1532 1634 1636 1534)
4(1534 1636 1638 1536)
4(1536 1638 1640 1538)
4(1538 1640 1642 1540)
4(1540 1642 1644 1542)
4(1542 1644 1646 1544)
4(1544 1646 1648 1546)
4(1546 1648 1650 1548)
4(1548 1650 1652 1550)
4(1550 1652 1654 1552)
4(1552 1654 1656 1554)
4(1554 1656 1658 1556)
4(1556 1658 1660 1558)
4(1558 1660 1662 1560)
4(1560 1662 1664 1562)
4(1562 1664 1666 1564)
4(1564 1666 1668 1566)
4(1566 1668 1670 1568)
4(1568 1670 1672 1570)
4(1570 1672 1674 1572)
4(1572 1674 1676 1574)
4(1574 1676 1678 1576)
4(1576 1678 1680 1578)
4(1578 1680 1682 1580)
4(1580 1682 1684 1582)
4(1582 1684 1686 1584)
4(1584 1686 1688 1586)
4(1586 1688 1690 1588)
4(1588 1690 1692 1590)
4(1590 1692 1694 1592)
4(1592 1694 1696 1594)
4(1594 1696 1698 1596)
4(1596 1698 1700 1598)
4(1598 1700 1702 1600)
4(1600 1702 1704 1602)
4(1602 1704 1706 1604)
4(1604 1706 1708 1606)
4(1606 1708 1710 1608)
4(1608 1710 1712 1610)
4(1610 1712 1714 1612)
4(1612 1714 1716 1614)
4(1614 1716 1718 1616)
4(1616 1718 1720 1618)
4(1618 1720 1722 1620)
4(1620 1722 1724 1622)
4(1622 1724 1726 1624)
4(1624 1726 1728 1626)
4(1626 1728 1730 1628)
4(1628 1730 1732 1630)
4(1632 1734 1736 1634)
4(1634 1736 1738 1636)
4(1636 1738 1740 1638)
4(1638 1740 1742 1640)
4(1640 1742 1744 1642)
4(1642 1744 1746 1644)
4(1644 1746 1748 1646)
4(1646 1748 1750 1648)
4(1648 1750 1752 1650)
4(1650 1752 1754 1652)
4(1652 1754 1756 1654)
4(1654 1756 1758 1656)
4(1656 1758 1760 1658)
4(1658 1760 1762 1660)
4(1660 1762 1764 1662)
4(1662 1764 1766 1664)
4(1664 1766 1768 1666)
4(1666 1768 1770 1668)
4(1668 1770 1772 1670)
4(1670 1772 1774 1672)
4(1672 1774 1776 1674)
4(1674 1776 1778 1676)
4(1676 1778 1780 1678)
4(1678 1780 1782 1680)
4(1680 1782 1784 1682)
4(1682 1784 1786 1684)
4(1684 1786 1788 1686)
4(1686 1788 1790 1688)
4(1688 1790 1792 1690)
4(1690 1792 1794 1692)
4(1692 1794 1796 1694)
4(1694 1796 1798 1696)
4(1696 1798 1800 1698)
4(1698 1800 1802 1700)
4(1700 1802 1804 1702)
4(1702 1804 1806 1704)
4(1704 1806 1808 1706)
4(1706 1808 1810 1708)
4(1708 1810 1812 1710)
4(1710 1812 1814 1712)
4(1712 1814 1816 1714)
4(1714 1816 1818 1716)
4(1716 1818 1820 1718)
4(1718 1820 1822 1720)
4(1720 1822 1824 1722)
4(1722 1824 1826 1724)
4(1724 1826 1828 1726)
4(1726 1828 1830 1728)
4(1728 1830 1832 1730)
4(1730 1832 1834 1732)
4(1734 1836 1838 1736)
4(1736 1838 1840 1738)
4(1738 1840 1842 1740)
4(1740 1842 1844 1742)
4(1742 1844 1846 1744)
4(1744 1846 1848 1746)
4(1746 1848 1850 1748)
4(1748 1850 1852 1750)
4(1750 1852 1854 1752)
4(1752 1854 1856 1754)
4(1754 1856 1858 1756)
4(1756 1858 1860 1758)
4(1758 1860 1862 1760)
4(1760 1862 1864 1762)
4(1762 1864 1866 1764)
4(1764 1866 1868 1766)
4(1766 1868 1870 1768)
4(1768 1870 1872 1770)
4(1770 1872 1874 1772)
4(1772 1874 1876 1774)
4(1774 1876 1878 1776)
4(1776 1878 1880 1778)
4(1778 1880 1882 1780)
4(1780 1882 1884 1782)
4(1782 1884 1886 1784)
4(1784 1886 1888 1786)
4(1786 1888 1890 1788)
4(1788 1890 1892 1790)
4(1790 1892 1894 1792)
4(1792 1894 1896 1794)
4(1794 1896 1898 1796)
4(1796 1898 1900 1798)
4(1798 1900 1902 1800)
4(1800 1902 1904 1802)
4(1802 1904 1906 1804)
4(1804 1906 1908 1806)
4(1806 1908 1910 1808)
4(1808 1910 1912 1810)
4(1810 1912 1914 1812)
4(1812 1914 1916 1814)
4(1814 1916 1918 1816)
4(1816 1918 1920 1818)
4(1818 1920 1922 1820)
4(1820 1922 1924 1822)
4(1822 1924 1926 1824)
4(1824 1926 1928 1826)
4(1826 1928 1930 1828)
4(1828 1930 1932 1830)
4(1830 1932 1934 1832)
4(1832 1934 1936 1834)
4(1836 1938 1940 1838)
4(1838 1940 1942 1840)
4(1840 1942 1944 1842)
4(1842 1944 1946 1844)
4(1844 1946 1948 1846)
4(1846 1948 1950 1848)
4(1848 1950 1952 1850)
4(1850 1952 1954 1852)
4(1852 1954 1956 1854)
4(1854 1956 1958 1856)
4(1856 1958 1960 1858)
4(1858 1960 1962 1860)
4(1860 1962 1964 1862)
4(1862 1964 1966 1864)
4(1864 1966 1968 1866)
4(1866 1968 1970 1868)
4(1868 1970 1972 1870)
4(1870 1972 1974 1872)
4(1872 1974 1976 1874)
4(1874 1976 1978 1876)
4(1876 1978 1980 1878)
4(1878 1980 1982 1880)
4(1880 1982 1984 1882)
4(1882 1984 1986 1884)
4(1884 1986 1988 1886)
4(1886 1988 1990 1888)
4(1888 1990 1992 1890)
4(1890 1992 1994 1892)
4(1892 1994 1996 1894)
4(1894 1996 1998 1896)
4(1896 1998 2000 1898)
4(1898 2000 2002 1900)
4(1900 2002 2004 1902)
4(1902 2004 2006 1904)
4(1904 2006 2008 1906)
4(1906 2008 2010 1908)
4(1908 2010 2012 1910)
4(1910 2012 2014 1912)
4(1912 2014 2016 1914)
4(1914 2016 2018 1916)
4(1916 2018 2020 1918)
4(1918 2020 2022 1920)
4(1920 2022 2024 1922)
4(1922 2024 2026 1924)
4(1924 2026 2028 1926)
4(1926 2028 2030 1928)
4(1928 2030 2032 1930)
4(1930 2032 2034 1932)
4(1932 2034 2036 1934)
4(1934 2036 2038 1936)
4(1938 2040 2042 1940)
4(1940 2042 2044 1942)
4(1942 2044 2046 1944)
4(1944 2046 2048 1946)
4(1946 2048 2050 1948)
4(1948 2050 2052 1950)
4(1950 2052 2054 1952)
4(1952 2054 2056 1954)
4(1954 2056 2058 1956)
4(1956 2058 2060 1958)
4(1958 2060 2062 1960)
4(1960 2062 2064 1962)
4(1962 2064 2066 1964)
4(1964 2066 2068 1966)
4(1966 2068 2070 1968)
4(1968 2070 2072 1970)
4(1970 2072 2074 1972)
4(1972 2074 2076 1974)
4(1974 2076 2078 1976)
4(1976 2078 2080 1978)
4(1978 2080 2082 1980)
4(1980 2082 2084 1982)
4(1982 2084 2086 1984)
4(1984 2086 2088 1986)
4(1986 2088 2090 1988)
4(1988 2090 2092 1990)
4(1990 2092 2094 1992)
4(1992 2094 2096 1994)
4(1994 2096 2098 1996)
4(1996 2098 2100 1998)
4(1998 2100 2102 2000)
4(2000 2102 2104 2002)
4(2002 2104 2106 2004)
4(2004 2106 2108 2006)
4(2006 2108 2110 2008)
4(2008 2110 2112 2010)
4(2010 2112 2114 2012)
4(2012 2114 2116 2014)
4(2014 2116 2118 2016)
4(2016 2118 2120 2018)
4(2018 2120 2122 2020)
4(2020 2122 2124 2022)
4(2022 2124 2126 2024)
4(2024 2126 2128 2026)
4(2026 2128 2130 2028)
4(2028 2130 2132 2030)
4(2030 2132 2134 2032)
4(2032 2134 2136 2034)
4(2034 2136 2138 2036)
4(2036 2138 2140 2038)
4(2040 2142 2144 2042)
4(2042 2144 2146 2044)
4(2044 2146 2148 2046)
4(2046 2148 2150 2048)
4(2048 2150 2152 2050)
4(2050 2152 2154 2052)
4(2052 2154 2156 2054)
4(2054 2156 2158 2056)
4(2056 2158 2160 2058)
4(2058 2160 2162 2060)
4(2060 2162 2164 2062)
4(2062 2164 2166 2064)
4(2064 2166 2168 2066)
4(2066 2168 2170 2068)
4(2068 2170 2172 2070)
4(2070 2172 2174 2072)
4(2072 2174 2176 2074)
4(2074 2176 2178 2076)
4(2076 2178 2180 2078)
4(2078 2180 2182 2080)
4(2080 2182 2184 2082)
4(2082 2184 2186 2084)
4(2084 2186 2188 2086)
4(2086 2188 2190 2088)
4(2088 2190 2192 2090)
4(2090 2192 2194 2092)
4(2092 2194 2196 2094)
4(2094 2196 2198 2096)
4(2096 2198 2200 2098)
4(2098 2200 2202 2100)
4(2100 2202 2204 2102)
4(2102 2204 2206 2104)
4(2104 2206 2208 2106)
4(2106 2208 2210 2108)
4(2108 2210 2212 2110)
4(2110 2212 2214 2112)
4(2112 2214 2216 2114)
4(2114 2216 2218 2116)
4(2116 2218 2220 2118)
4(2118 2220 2222 2120)
4(2120 2222 2224 2122)
4(2122 2224 2226 2124)
4(2124 2226 2228 2126)
4(2126 2228 2230 2128)
4(2128 2230 2232 2130)
4(2130 2232 2234 2132)
4(2132 2234 2236 2134)
4(2134 2236 2238 2136)
4(2136 2238 2240 2138)
4(2138 2240 2242 2140)
4(2142 2244 2246 2144)
4(2144 2246 2248 2146)
4(2146 2248 2250 2148)
4(2148 2250 2252 2150)
4(2150 2252 2254 2152)
4(2152 2254 2256 2154)
4(2154 2256 2258 2156)
4(2156 2258 2260 2158)
4(2158 2260 2262 2160)
4(2160 2262 2264 2162)
4(2162 2264 2266 2164)
4(2164 2266 2268 2166)
4(2166 2268 2270 2168)
4(2168 2270 2272 2170)
4(2170 2272 2274 2172)
4(2172 2274 2276 2174)
4(2174 2276 2278 2176)
4(2176 2278 2280 2178)
4(2178 2280 2282 2180)
4(2180 2282 2284 2182)
4(2182 2284 2286 2184)
4(2184 2286 2288 2186)
4(2186 2288 2290 2188)
4(2188 2290 2292 2190)
4(2190 2292 2294 2192)
4(2192 2294 2296 2194)
4(2194 2296 2298 2196)
4(2196 2298 2300 2198)
4(2198 2300 2302 2200)
4(2200 2302 2304 2202)
4(2202 2304 2306 2204)
4(2204 2306 2308 2206)
4(2206 2308 2310 2208)
4(2208 2310 2312 2210)
4(2210 2312 2314 2212)
4(2212 2314 2316 2214)
4(2214 2316 2318 2216)
4(2216 2318 2320 2218)
4(2218 2320 2322 2220)
4(2220 2322 2324 2222)
4(2222 2324 2326 2224)
4(2224 2326 2328 2226)
4(2226 2328 2330 2228)
4(2228 2330 2332 2230)
4(2230 2332 2334 2232)
4(2232 2334 2336 2234)
4(2234 2336 2338 2236)
4(2236 2338 2340 2238)
4(2238 2340 2342 2240)
4(2240 2342 2344 2242)
4(2244 2346 2348 2246)
4(2246 2348 2350 2248)
4(2248 2350 2352 2250)
4(2250 2352 2354 2252)
4(2252 2354 2356 2254)
4(2254 2356 2358 2256)
4(2256 2358 2360 2258)
4(2258 2360 2362 2260)
4(2260 2362 2364 2262)
4(2262 2364 2366 2264)
4(2264 2366 2368 2266)
4(2266 2368 2370 2268)
4(2268 2370 2372 2270)
4(2270 2372 2374 2272)
4(2272 2374 2376 2274)
4(2274 2376 2378 2276)
4(2276 2378 2380 2278)
4(2278 2380 2382 2280)
4(2280 2382 2384 2282)
4(2282 2384 2386 2284)
4(2284 2386 2388 2286)
4(2286 2388 2390 2288)
4(2288 2390 2392 2290)
4(2290 2392 2394 2292)
4(2292 2394 2396 2294)
4(2294 2396 2398 2296)
4(2296 2398 2400 2298)
4(2298 2400 2402 2300)
4(2300 2402 2404 2302)
4(2302 2404 2406 2304)
4(2304 2406 2408 2306)
4(2306 2408 2410 2308)
4(2308 2410 2412 2310)
4(2310 2412 2414 2312)
4(2312 2414 2416 2314)
4(2314 2416 2418 2316)
4(2316 2418 2420 2318)
4(2318 2420 2422 2320)
4(2320 2422 2424 2322)
4(2322 2424 2426 2324)
4(2324 2426 2428 2326)
4(2326 2428 2430 2328)
4(2328 2430 2432 2330)
4(2330 2432 2434 2332)
4(2332 2434 2436 2334)
4(2334 2436 2438 2336)
4(2336 2438 2440 2338)
4(2338 2440 2442 2340)
4(2340 2442 2444 2342)
4(2342 2444 2446 2344)
4(2346 2448 2450 2348)
4(2348 2450 2452 2350)
4(2350 2452 2454 2352)
4(2352 2454 2456 2354)
4(2354 2456 2458 2356)
4(2356 2458 2460 2358)
4(2358 2460 2462 2360)
4(2360 2462 2464 2362)
4(2362 2464 2466 2364)
4(2364 2466 2468 2366)
4(2366 2468 2470 2368)
4(2368 2470 2472 2370)
4(2370 2472 2474 2372)
4(2372 2474 2476 2374)
4(2374 2476 2478 2376)
4(2376 2478 2480 2378)
4(2378 2480 2482 2380)
4(2380 2482 2484 2382)
4(2382 2484 2486 2384)
4(2384 2486 2488 2386)
4(2386 2488 2490 2388)
4(2388 2490 2492 2390)
4(2390 2492 2494 2392)
4(2392 2494 2496 2394)
4(2394 2496 2498 2396)
4(2396 2498 2500 2398)
4(2398 2500 2502 2400)
4(2400 2502 2504 2402)
4(2402 2504 2506 2404)
4(2404 2506 2508 2406)
4(2406 2508 2510 2408)
4(2408 2510 2512 2410)
4(2410 2512 2514 2412)
4(2412 2514 2516 2414)
4(2414 2516 2518 2416)
4(2416 2518 2520 2418)
4(2418 2520 2522 2420)
4(2420 2522 2524 2422)
4(2422 2524 2526 2424)
4(2424 2526 2528 2426)
4(2426 2528 2530 2428)
4(2428 2530 2532 2430)
4(2430 2532 2534 2432)
4(2432 2534 2536 2434)
4(2434 2536 2538 2436)
4(2436 2538 2540 2438)
4(2438 2540 2542 2440)
4(2440 2542 2544 2442)
4(2442 2544 2546 2444)
4(2444 2546 2548 2446)
4(2448 2550 2552 2450)
4(2450 2552 2554 2452)
4(2452 2554 2556 2454)
4(2454 2556 2558 2456)
4(2456 2558 2560 2458)
4(2458 2560 2562 2460)
4(2460 2562 2564 2462)
4(2462 2564 2566 2464)
4(2464 2566 2568 2466)
4(2466 2568 2570 2468)
4(2468 2570 2572 2470)
4(2470 2572 2574 2472)
4(2472 2574 2576 2474)
4(2474 2576 2578 2476)
4(2476 2578 2580 2478)
4(2478 2580 2582 2480)
4(2480 2582 2584 2482)
4(2482 2584 2586 2484)
4(2484 2586 2588 2486)
4(2486 2588 2590 2488)
4(2488 2590 2592 2490)
4(2490 2592 2594 2492)
4(2492 2594 2596 2494)
4(2494 2596 2598 2496)
4(2496 2598 2600 2498)
4(2498 2600 2602 2500)
4(2500 2602 2604 2502)
4(2502 2604 2606 2504)
4(2504 2606 2608 2506)
4(2506 2608 2610 2508)
4(2508 2610 2612 2510)
4(2510 2612 2614 2512)
4(2512 2614 2616 2514)
4(2514 2616 2618 2516)
4(2516 2618 2620 2518)
4(2518 2620 2622 2520)
4(2520 2622 2624 2522)
4(2522 2624 2626 2524)
4(2524 2626 2628 2526)
4(2526 2628 2630 2528)
4(2528 2630 2632 2530)
4(2530 2632 2634 2532)
4(2532 2634 2636 2534)
4(2534 2636 2638 2536)
4(2536 2638 2640 2538)
4(2538 2640 2642 2540)
4(2540 2642 2644 2542)
4(2542 2644 2646 2544)
4(2544 2646 2648 2546)
4(2546 2648 2650 2548)
4(2550 2652 2654 2552)
4(2552 2654 2656 2554)
4(2554 2656 2658 2556)
4(2556 2658 2660 2558)
4(2558 2660 2662 2560)
4(2560 2662 2664 2562)
4(2562 2664 2666 2564)
4(2564 2666 2668 2566)
4(2566 2668 2670 2568)
4(2568 2670 2672 2570)
4(2570 2672 2674 2572)
4(2572 2674 2676 2574)
4(2574 2676 2678 2576)
4(2576 2678 2680 2578)
4(2578 2680 2682 2580)
4(2580 2682 2684 2582)
4(2582 2684 2686 2584)
4(2584 2686 2688 2586)
4(2586 2688 2690 2588)
4(2588 2690 2692 2590)
4(2590 2692 2694 2592)
4(2592 2694 2696 2594)
4(2594 2696 2698 2596)
4(2596 2698 2700 2598)
4(2598 2700 2702 2600)
4(2600 2702 2704 2602)
4(2602 2704 2706 2604)
4(2604 2706 2708 2606)
4(2606 2708 2710 2608)
4(2608 2710 2712 2610)
4(2610 2712 2714 2612)
4(2612 2714 2716 2614)
4(2614 2716 2718 2616)
4(2616 2718 2720 2618)
4(2618 2720 2722 2620)
4(2620 2722 2724 2622)
4(2622 2724 2726 2624)
4(2624 2726 2728 2626)
4(2626 2728 2730 2628)
4(2628 2730 2732 2630)
4(2630 2732 2734 2632)
4(2632 2734 2736 2634)
4(2634 2736 2738 2636)
4(2636 2738 2740 2638)
4(2638 2740 2742 2640)
4(2640 2742 2744 2642)
4(2642 2744 2746 2644)
4(2644 2746 2748 2646)
4(2646 2748 2750 2648)
4(2648 2750 2752 2650)
4(2652 2754 2756 2654)
4(2654 2756 2758 2656)
4(2656 2758 2760 2658)
4(2658 2760 2762 2660)
4(2660 2762 2764 2662)
4(2662 2764 2766 2664)
4(2664 2766 2768 2666)
4(2666 2768 2770 2668)
4(2668 2770 2772 2670)
4(2670 2772 2774 2672)
4(2672 2774 2776 2674)
4(2674 2776 2778 2676)
4(2676 2778 2780 2678)
4(2678 2780 2782 2680)
4(2680 2782 2784 2682)
4(2682 2784 2786 2684)
4(2684 2786 2788 2686)
4(2686 2788 2790 2688)
4(2688 2790 2792 2690)
4(2690 2792 2794 2692)
4(2692 2794 2796 2694)
4(2694 2796 2798 2696)
4(2696 2798 2800 2698)
4(2698 2800 2802 2700)
4(2700 2802 2804 2702)
4(2702 2804 2806 2704)
4(2704 2806 2808 2706)
4(2706 2808 2810 2708)
4(2708 2810 2812 2710)
4(2710 2812 2814 2712)
4(2712 2814 2816 2714)
4(2714 2816 2818 2716)
4(2716 2818 2820 2718)
4(2718 2820 2822 2720)
4(2720 2822 2824 2722)
4(2722 2824 2826 2724)
4(2724 2826 2828 2726)
4(2726 2828 2830 2728)
4(2728 2830 2832 2730)
4(2730 2832 2834 2732)
4(2732 2834 2836 2734)
4(2734 2836 2838 2736)
4(2736 2838 2840 2738)
4(2738 2840 2842 2740)
4(2740 2842 2844 2742)
4(2742 2844 2846 2744)
4(2744 2846 2848 2746)
4(2746 2848 2850 2748)
4(2748 2850 2852 2750)
4(2750 2852 2854 2752)
4(2754 2856 2858 2756)
4(2756 2858 2860 2758)
4(2758 2860 2862 2760)
4(2760 2862 2864 2762)
4(2762 2864 2866 2764)
4(2764 2866 2868 2766)
4(2766 2868 2870 2768)
4(2768 2870 2872 2770)
4(2770 2872 2874 2772)
4(2772 2874 2876 2774)
4(2774 2876 2878 2776)
4(2776 2878 2880 2778)
4(2778 2880 2882 2780)
4(2780 2882 2884 2782)
4(2782 2884 2886 2784)
4(2784 2886 2888 2786)
4(2786 2888 2890 2788)
4(2788 2890 2892 2790)
4(2790 2892 2894 2792)
4(2792 2894 2896 2794)
4(2794 2896 2898 2796)
4(2796 2898 2900 2798)
4(2798 2900 2902 2800)
4(2800 2902 2904 2802)
4(2802 2904 2906 2804)
4(2804 2906 2908 2806)
4(2806 2908 2910 2808)
4(2808 2910 2912 2810)
4(2810 2912 2914 2812)
4(2812 2914 2916 2814)
4(2814 2916 2918 2816)
4(2816 2918 2920 2818)
4(2818 2920 2922 2820)
4(2820 2922 2924 2822)
4(2822 2924 2926 2824)
4(2824 2926 2928 2826)
4(2826 2928 2930 2828)
4(2828 2930 2932 2830)
4(2830 2932 2934 2832)
4(2832 2934 2936 2834)
4(2834 2936 2938 2836)
4(2836 2938 2940 2838)
4(2838 2940 2942 2840)
4(2840 2942 2944 2842)
4(2842 2944 2946 2844)
4(2844 2946 2948 2846)
4(2846 2948 2950 2848)
4(2848 2950 2952 2850)
4(2850 2952 2954 2852)
4(2852 2954 2956 2854)
4(2856 2958 2960 2858)
4(2858 2960 2962 2860)
4(2860 2962 2964 2862)
4(2862 2964 2966 2864)
4(2864 2966 2968 2866)
4(2866 2968 2970 2868)
4(2868 2970 2972 2870)
4(2870 2972 2974 2872)
4(2872 2974 2976 2874)
4(2874 2976 2978 2876)
4(2876 2978 2980 2878)
4(2878 2980 2982 2880)
4(2880 2982 2984 2882)
4(2882 2984 2986 2884)
4(2884 2986 2988 2886)
4(2886 2988 2990 2888)
4(2888 2990 2992 2890)
4(2890 2992 2994 2892)
4(2892 2994 2996 2894)
4(2894 2996 2998 2896)
4(2896 2998 3000 2898)
4(2898 3000 3002 2900)
4(2900 3002 3004 2902)
4(2902 3004 3006 2904)
4(2904 3006 3008 2906)
4(2906 3008 3010 2908)
4(2908 3010 3012 2910)
4(2910 3012 3014 2912)
4(2912 3014 3016 2914)
4(2914 3016 3018 2916)
4(2916 3018 3020 2918)
4(2918 3020 3022 2920)
4(2920 3022 3024 2922)
4(2922 3024 3026 2924)
4(2924 3026 3028 2926)
4(2926 3028 3030 2928)
4(2928 3030 3032 2930)
4(2930 3032 3034 2932)
4(2932 3034 3036 2934)
4(2934 3036 3038 2936)
4(2936 3038 3040 2938)
4(2938 3040 3042 2940)
4(2940 3042 3044 2942)
4(2942 3044 3046 2944)
4(2944 3046 3048 2946)
4(2946 3048 3050 2948)
4(2948 3050 3052 2950)
4(2950 3052 3054 2952)
4(2952 3054 3056 2954)
4(2954 3056 3058 2956)
4(2958 3060 3062 2960)
4(2960 3062 3064 2962)
4(2962 3064 3066 2964)
4(2964 3066 3068 2966)
4(2966 3068 3070 2968)
4(2968 3070 3072 2970)
4(2970 3072 3074 2972)
4(2972 3074 3076 2974)
4(2974 3076 3078 2976)
4(2976 3078 3080 2978)
4(2978 3080 3082 2980)
4(2980 3082 3084 2982)
4(2982 3084 3086 2984)
4(2984 3086 3088 2986)
4(2986 3088 3090 2988)
4(2988 3090 3092 2990)
4(2990 3092 3094 2992)
4(2992 3094 3096 2994)
4(2994 3096 3098 2996)
4(2996 3098 3100 2998)
4(2998 3100 3102 3000)
4(3000 3102 3104 3002)
4(3002 3104 3106 3004)
4(3004 3106 3108 3006)
4(3006 3108 3110 3008)
4(3008 3110 3112 3010)
4(3010 3112 3114 3012)
4(3012 3114 3116 3014)
4(3014 3116 3118 3016)
4(3016 3118 3120 3018)
4(3018 3120 3122 3020)
4(3020 3122 3124 3022)
4(3022 3124 3126 3024)
4(3024 3126 3128 3026)
4(3026 3128 3130 3028)
4(3028 3130 3132 3030)
4(3030 3132 3134 3032)
4(3032 3134 3136 3034)
4(3034 3136 3138 3036)
4(3036 3138 3140 3038)
4(3038 3140 3142 3040)
4(3040 3142 3144 3042)
4(3042 3144 3146 3044)
4(3044 3146 3148 3046)
4(3046 3148 3150 3048)
4(3048 3150 3152 3050)
4(3050 3152 3154 3052)
4(3052 3154 3156 3054)
4(3054 3156 3158 3056)
4(3056 3158 3160 3058)
4(3060 3162 3164 3062)
4(3062 3164 3166 3064)
4(3064 3166 3168 3066)
4(3066 3168 3170 3068)
4(3068 3170 3172 3070)
4(3070 3172 3174 3072)
4(3072 3174 3176 3074)
4(3074 3176 3178 3076)
4(3076 3178 3180 3078)
4(3078 3180 3182 3080)
4(3080 3182 3184 3082)
4(3082 3184 3186 3084)
4(3084 3186 3188 3086)
4(3086 3188 3190 3088)
4(3088 3190 3192 3090)
4(3090 3192 3194 3092)
4(3092 3194 3196 3094)
4(3094 3196 3198 3096)
4(3096 3198 3200 3098)
4(3098 3200 3202 3100)
4(3100 3202 3204 3102)
4(3102 3204 3206 3104)
4(3104 3206 3208 3106)
4(3106 3208 3210 3108)
4(3108 3210 3212 3110)
4(3110 3212 3214 3112)
4(3112 3214 3216 3114)
4(3114 3216 3218 3116)
4(3116 3218 3220 3118)
4(3118 3220 3222 3120)
4(3120 3222 3224 3122)
4(3122 3224 3226 3124)
4(3124 3226 3228 3126)
4(3126 3228 3230 3128)
4(3128 3230 3232 3130)
4(3130 3232 3234 3132)
4(3132 3234 3236 3134)
4(3134 3236 3238 3136)
4(3136 3238 3240 3138)
4(3138 3240 3242 3140)
4(3140 3242 3244 3142)
4(3142 3244 3246 3144)
4(3144 3246 3248 3146)
4(3146 3248 3250 3148)
4(3148 3250 3252 3150)
4(3150 3252 3254 3152)
4(3152 3254 3256 3154)
4(3154 3256 3258 3156)
4(3156 3258 3260 3158)
4(3158 3260 3262 3160)
4(3162 3264 3266 3164)
4(3164 3266 3268 3166)
4(3166 3268 3270 3168)
4(3168 3270 3272 3170)
4(3170 3272 3274 3172)
4(3172 3274 3276 3174)
4(3174 3276 3278 3176)
4(3176 3278 3280 3178)
4(3178 3280 3282 3180)
4(3180 3282 3284 3182)
4(3182 3284 3286 3184)
4(3184 3286 3288 3186)
4(3186 3288 3290 3188)
4(3188 3290 3292 3190)
4(3190 3292 3294 3192)
4(3192 3294 3296 3194)
4(3194 3296 3298 3196)
4(3196 3298 3300 3198)
4(3198 3300 3302 3200)
4(3200 3302 3304 3202)
4(3202 3304 3306 3204)
4(3204 3306 3308 3206)
4(3206 3308 3310 3208)
4(3208 3310 3312 3210)
4(3210 3312 3314 3212)
4(3212 3314 3316 3214)
4(3214 3316 3318 3216)
4(3216 3318 3320 3218)
4(3218 3320 3322 3220)
4(3220 3322 3324 3222)
4(3222 3324 3326 3224)
4(3224 3326 3328 3226)
4(3226 3328 3330 3228)
4(3228 3330 3332 3230)
4(3230 3332 3334 3232)
4(3232 3334 3336 3234)
4(3234 3336 3338 3236)
4(3236 3338 3340 3238)
4(3238 3340 3342 3240)
4(3240 3342 3344 3242)
4(3242 3344 3346 3244)
4(3244 3346 3348 3246)
4(3246 3348 3350 3248)
4(3248 3350 3352 3250)
4(3250 3352 3354 3252)
4(3252 3354 3356 3254)
4(3254 3356 3358 3256)
4(3256 3358 3360 3258)
4(3258 3360 3362 3260)
4(3260 3362 3364 3262)
4(3264 3366 3368 3266)
4(3266 3368 3370 3268)
4(3268 3370 3372 3270)
4(3270 3372 3374 3272)
4(3272 3374 3376 3274)
4(3274 3376 3378 3276)
4(3276 3378 3380 3278)
4(3278 3380 3382 3280)
4(3280 3382 3384 3282)
4(3282 3384 3386 3284)
4(3284 3386 3388 3286)
4(3286 3388 3390 3288)
4(3288 3390 3392 3290)
4(3290 3392 3394 3292)
4(3292 3394 3396 3294)
4(3294 3396 3398 3296)
4(3296 3398 3400 3298)
4(3298 3400 3402 3300)
4(3300 3402 3404 3302)
4(3302 3404 3406 3304)
4(3304 3406 3408 3306)
4(3306 3408 3410 3308)
4(3308 3410 3412 3310)
4(3310 3412 3414 3312)
4(3312 3414 3416 3314)
4(3314 3416 3418 3316)
4(3316 3418 3420 3318)
4(3318 3420 3422 3320)
4(3320 3422 3424 3322)
4(3322 3424 3426 3324)
4(3324 3426 3428 3326)
4(3326 3428 3430 3328)
4(3328 3430 3432 3330)
4(3330 3432 3434 3332)
4(3332 3434 3436 3334)
4(3334 3436 3438 3336)
4(3336 3438 3440 3338)
4(3338 3440 3442 3340)
4(3340 3442 3444 3342)
4(3342 3444 3446 3344)
4(3344 3446 3448 3346)
4(3346 3448 3450 3348)
4(3348 3450 3452 3350)
4(3350 3452 3454 3352)
4(3352 3454 3456 3354)
4(3354 3456 3458 3356)
4(3356 3458 3460 3358)
4(3358 3460 3462 3360)
4(3360 3462 3464 3362)
4(3362 3464 3466 3364)
4(3366 3468 3470 3368)
4(3368 3470 3472 3370)
4(3370 3472 3474 3372)
4(3372 3474 3476 3374)
4(3374 3476 3478 3376)
4(3376 3478 3480 3378)
4(3378 3480 3482 3380)
4(3380 3482 3484 3382)
4(3382 3484 3486 3384)
4(3384 3486 3488 3386)
4(3386 3488 3490 3388)
4(3388 3490 3492 3390)
4(3390 3492 3494 3392)
4(3392 3494 3496 3394)
4(3394 3496 3498 3396)
4(3396 3498 3500 3398)
4(3398 3500 3502 3400)
4(3400 3502 3504 3402)
4(3402 3504 3506 3404)
4(3404 3506 3508 3406)
4(3406 3508 3510 3408)
4(3408 3510 3512 3410)
4(3410 3512 3514 3412)
4(3412 3514 3516 3414)
4(3414 3516 3518 3416)
4(3416 3518 3520 3418)
4(3418 3520 3522 3420)
4(3420 3522 3524 3422)
4(3422 3524 3526 3424)
4(3424 3526 3528 3426)
4(3426 3528 3530 3428)
4(3428 3530 3532 3430)
4(3430 3532 3534 3432)
4(3432 3534 3536 3434)
4(3434 3536 3538 3436)
4(3436 3538 3540 3438)
4(3438 3540 3542 3440)
4(3440 3542 3544 3442)
4(3442 3544 3546 3444)
4(3444 3546 3548 3446)
4(3446 3548 3550 3448)
4(3448 3550 3552 3450)
4(3450 3552 3554 3452)
4(3452 3554 3556 3454)
4(3454 3556 3558 3456)
4(3456 3558 3560 3458)
4(3458 3560 3562 3460)
4(3460 3562 3564 3462)
4(3462 3564 3566 3464)
4(3464 3566 3568 3466)
4(3468 3570 3572 3470)
4(3470 3572 3574 3472)
4(3472 3574 3576 3474)
4(3474 3576 3578 3476)
4(3476 3578 3580 3478)
4(3478 3580 3582 3480)
4(3480 3582 3584 3482)
4(3482 3584 3586 3484)
4(3484 3586 3588 3486)
4(3486 3588 3590 3488)
4(3488 3590 3592 3490)
4(3490 3592 3594 3492)
4(3492 3594 3596 3494)
4(3494 3596 3598 3496)
4(3496 3598 3600 3498)
4(3498 3600 3602 3500)
4(3500 3602 3604 3502)
4(3502 3604 3606 3504)
4(3504 3606 3608 3506)
4(3506 3608 3610 3508)
4(3508 3610 3612 3510)
4(3510 3612 3614 3512)
4(3512 3614 3616 3514)
4(3514 3616 3618 3516)
4(3516 3618 3620 3518)
4(3518 3620 3622 3520)
4(3520 3622 3624 3522)
4(3522 3624 3626 3524)
4(3524 3626 3628 3526)
4(3526 3628 3630 3528)
4(3528 3630 3632 3530)
4(3530 3632 3634 3532)
4(3532 3634 3636 3534)
4(3534 3636 3638 3536)
4(3536 3638 3640 3538)
4(3538 3640 3642 3540)
4(3540 3642 3644 3542)
4(3542 3644 3646 3544)
4(3544 3646 3648 3546)
4(3546 3648 3650 3548)
4(3548 3650 3652 3550)
4(3550 3652 3654 3552)
4(3552 3654 3656 3554)
4(3554 3656 3658 3556)
4(3556 3658 3660 3558)
4(3558 3660 3662 3560)
4(3560 3662 3664 3562)
4(3562 3664 3666 3564)
4(3564 3666 3668 3566)
4(3566 3668 3670 3568)
4(3570 3672 3674 3572)
4(3572 3674 3676 3574)
4(3574 3676 3678 3576)
4(3576 3678 3680 3578)
4(3578 3680 3682 3580)
4(3580 3682 3684 3582)
4(3582 3684 3686 3584)
4(3584 3686 3688 3586)
4(3586 3688 3690 3588)
4(3588 3690 3692 3590)
4(3590 3692 3694 3592)
4(3592 3694 3696 3594)
4(3594 3696 3698 3596)
4(3596 3698 3700 3598)
4(3598 3700 3702 3600)
4(3600 3702 3704 3602)
4(3602 3704 3706 3604)
4(3604 3706 3708 3606)
4(3606 3708 3710 3608)
4(3608 3710 3712 3610)
4(3610 3712 3714 3612)
4(3612 3714 3716 3614)
4(3614 3716 3718 3616)
4(3616 3718 3720 3618)
4(3618 3720 3722 3620)
4(3620 3722 3724 3622)
4(3622 3724 3726 3624)
4(3624 3726 3728 3626)
4(3626 3728 3730 3628)
4(3628 3730 3732 3630)
4(3630 3732 3734 3632)
4(3632 3734 3736 3634)
4(3634 3736 3738 3636)
4(3636 3738 3740 3638)
4(3638 3740 3742 3640)
4(3640 3742 3744 3642)
4(3642 3744 3746 3644)
4(3644 3746 3748 3646)
4(3646 3748 3750 3648)
4(3648 3750 3752 3650)
4(3650 3752 3754 3652)
4(3652 3754 3756 3654)
4(3654 3756 3758 3656)
4(3656 3758 3760 3658)
4(3658 3760 3762 3660)
4(3660 3762 3764 3662)
4(3662 3764 3766 3664)
4(3664 3766 3768 3666)
4(3666 3768 3770 3668)
4(3668 3770 3772 3670)
4(3672 3774 3776 3674)
4(3674 3776 3778 3676)
4(3676 3778 3780 3678)
4(3678 3780 3782 3680)
4(3680 3782 3784 3682)
4(3682 3784 3786 3684)
4(3684 3786 3788 3686)
4(3686 3788 3790 3688)
4(3688 3790 3792 3690)
4(3690 3792 3794 3692)
4(3692 3794 3796 3694)
4(3694 3796 3798 3696)
4(3696 3798 3800 3698)
4(3698 3800 3802 3700)
4(3700 3802 3804 3702)
4(3702 3804 3806 3704)
4(3704 3806 3808 3706)
4(3706 3808 3810 3708)
4(3708 3810 3812 3710)
4(3710 3812 3814 3712)
4(3712 3814 3816 3714)
4(3714 3816 3818 3716)
4(3716 3818 3820 3718)
4(3718 3820 3822 3720)
4(3720 3822 3824 3722)
4(3722 3824 3826 3724)
4(3724 3826 3828 3726)
4(3726 3828 3830 3728)
4(3728 3830 3832 3730)
4(3730 3832 3834 3732)
4(3732 3834 3836 3734)
4(3734 3836 3838 3736)
4(3736 3838 3840 3738)
4(3738 3840 3842 3740)
4(3740 3842 3844 3742)
4(3742 3844 3846 3744)
4(3744 3846 3848 3746)
4(3746 3848 3850 3748)
4(3748 3850 3852 3750)
4(3750 3852 3854 3752)
4(3752 3854 3856 3754)
4(3754 3856 3858 3756)
4(3756 3858 3860 3758)
4(3758 3860 3862 3760)
4(3760 3862 3864 3762)
4(3762 3864 3866 3764)
4(3764 3866 3868 3766)
4(3766 3868 3870 3768)
4(3768 3870 3872 3770)
4(3770 3872 3874 3772)
4(3774 3876 3878 3776)
4(3776 3878 3880 3778)
4(3778 3880 3882 3780)
4(3780 3882 3884 3782)
4(3782 3884 3886 3784)
4(3784 3886 3888 3786)
4(3786 3888 3890 3788)
4(3788 3890 3892 3790)
4(3790 3892 3894 3792)
4(3792 3894 3896 3794)
4(3794 3896 3898 3796)
4(3796 3898 3900 3798)
4(3798 3900 3902 3800)
4(3800 3902 3904 3802)
4(3802 3904 3906 3804)
4(3804 3906 3908 3806)
4(3806 3908 3910 3808)
4(3808 3910 3912 3810)
4(3810 3912 3914 3812)
4(3812 3914 3916 3814)
4(3814 3916 3918 3816)
4(3816 3918 3920 3818)
4(3818 3920 3922 3820)
4(3820 3922 3924 3822)
4(3822 3924 3926 3824)
4(3824 3926 3928 3826)
4(3826 3928 3930 3828)
4(3828 3930 3932 3830)
4(3830 3932 3934 3832)
4(3832 3934 3936 3834)
4(3834 3936 3938 3836)
4(3836 3938 3940 3838)
4(3838 3940 3942 3840)
4(3840 3942 3944 3842)
4(3842 3944 3946 3844)
4(3844 3946 3948 3846)
4(3846 3948 3950 3848)
4(3848 3950 3952 3850)
4(3850 3952 3954 3852)
4(3852 3954 3956 3854)
4(3854 3956 3958 3856)
4(3856 3958 3960 3858)
4(3858 3960 3962 3860)
4(3860 3962 3964 3862)
4(3862 3964 3966 3864)
4(3864 3966 3968 3866)
4(3866 3968 3970 3868)
4(3868 3970 3972 3870)
4(3870 3972 3974 3872)
4(3872 3974 3976 3874)
4(3876 3978 3980 3878)
4(3878 3980 3982 3880)
4(3880 3982 3984 3882)
4(3882 3984 3986 3884)
4(3884 3986 3988 3886)
4(3886 3988 3990 3888)
4(3888 3990 3992 3890)
4(3890 3992 3994 3892)
4(3892 3994 3996 3894)
4(3894 3996 3998 3896)
4(3896 3998 4000 3898)
4(3898 4000 4002 3900)
4(3900 4002 4004 3902)
4(3902 4004 4006 3904)
4(3904 4006 4008 3906)
4(3906 4008 4010 3908)
4(3908 4010 4012 3910)
4(3910 4012 4014 3912)
4(3912 4014 4016 3914)
4(3914 4016 4018 3916)
4(3916 4018 4020 3918)
4(3918 4020 4022 3920)
4(3920 4022 4024 3922)
4(3922 4024 4026 3924)
4(3924 4026 4028 3926)
4(3926 4028 4030 3928)
4(3928 4030 4032 3930)
4(3930 4032 4034 3932)
4(3932 4034 4036 3934)
4(3934 4036 4038 3936)
4(3936 4038 4040 3938)
4(3938 4040 4042 3940)
4(3940 4042 4044 3942)
4(3942 4044 4046 3944)
4(3944 4046 4048 3946)
4(3946 4048 4050 3948)
4(3948 4050 4052 3950)
4(3950 4052 4054 3952)
4(3952 4054 4056 3954)
4(3954 4056 4058 3956)
4(3956 4058 4060 3958)
4(3958 4060 4062 3960)
4(3960 4062 4064 3962)
4(3962 4064 4066 3964)
4(3964 4066 4068 3966)
4(3966 4068 4070 3968)
4(3968 4070 4072 3970)
4(3970 4072 4074 3972)
4(3972 4074 4076 3974)
4(3974 4076 4078 3976)
4(3978 4080 4082 3980)
4(3980 4082 4084 3982)
4(3982 4084 4086 3984)
4(3984 4086 4088 3986)
4(3986 4088 4090 3988)
4(3988 4090 4092 3990)
4(3990 4092 4094 3992)
4(3992 4094 4096 3994)
4(3994 4096 4098 3996)
4(3996 4098 4100 3998)
4(3998 4100 4102 4000)
4(4000 4102 4104 4002)
4(4002 4104 4106 4004)
4(4004 4106 4108 4006)
4(4006 4108 4110 4008)
4(4008 4110 4112 4010)
4(4010 4112 4114 4012)
4(4012 4114 4116 4014)
4(4014 4116 4118 4016)
4(4016 4118 4120 4018)
4(4018 4120 4122 4020)
4(4020 4122 4124 4022)
4(4022 4124 4126 4024)
4(4024 4126 4128 4026)
4(4026 4128 4130 4028)
4(4028 4130 4132 4030)
4(4030 4132 4134 4032)
4(4032 4134 4136 4034)
4(4034 4136 4138 4036)
4(4036 4138 4140 4038)
4(4038 4140 4142 4040)
4(4040 4142 4144 4042)
4(4042 4144 4146 4044)
4(4044 4146 4148 4046)
4(4046 4148 4150 4048)
4(4048 4150 4152 4050)
4(4050 4152 4154 4052)
4(4052 4154 4156 4054)
4(4054 4156 4158 4056)
4(4056 4158 4160 4058)
4(4058 4160 4162 4060)
4(4060 4162 4164 4062)
4(4062 4164 4166 4064)
4(4064 4166 4168 4066)
4(4066 4168 4170 4068)
4(4068 4170 4172 4070)
4(4070 4172 4174 4072)
4(4072 4174 4176 4074)
4(4074 4176 4178 4076)
4(4076 4178 4180 4078)
4(4080 4182 4184 4082)
4(4082 4184 4186 4084)
4(4084 4186 4188 4086)
4(4086 4188 4190 4088)
4(4088 4190 4192 4090)
4(4090 4192 4194 4092)
4(4092 4194 4196 4094)
4(4094 4196 4198 4096)
4(4096 4198 4200 4098)
4(4098 4200 4202 4100)
4(4100 4202 4204 4102)
4(4102 4204 4206 4104)
4(4104 4206 4208 4106)
4(4106 4208 4210 4108)
4(4108 4210 4212 4110)
4(4110 4212 4214 4112)
4(4112 4214 4216 4114)
4(4114 4216 4218 4116)
4(4116 4218 4220 4118)
4(4118 4220 4222 4120)
4(4120 4222 4224 4122)
4(4122 4224 4226 4124)
4(4124 4226 4228 4126)
4(4126 4228 4230 4128)
4(4128 4230 4232 4130)
4(4130 4232 4234 4132)
4(4132 4234 4236 4134)
4(4134 4236 4238 4136)
4(4136 4238 4240 4138)
4(4138 4240 4242 4140)
4(4140 4242 4244 4142)
4(4142 4244 4246 4144)
4(4144 4246 4248 4146)
4(4146 4248 4250 4148)
4(4148 4250 4252 4150)
4(4150 4252 4254 4152)
4(4152 4254 4256 4154)
4(4154 4256 4258 4156)
4(4156 4258 4260 4158)
4(4158 4260 4262 4160)
4(4160 4262 4264 4162)
4(4162 4264 4266 4164)
4(4164 4266 4268 4166)
4(4166 4268 4270 4168)
4(4168 4270 4272 4170)
4(4170 4272 4274 4172)
4(4172 4274 4276 4174)
4(4174 4276 4278 4176)
4(4176 4278 4280 4178)
4(4178 4280 4282 4180)
4(4182 4284 4286 4184)
4(4184 4286 4288 4186)
4(4186 4288 4290 4188)
4(4188 4290 4292 4190)
4(4190 4292 4294 4192)
4(4192 4294 4296 4194)
4(4194 4296 4298 4196)
4(4196 4298 4300 4198)
4(4198 4300 4302 4200)
4(4200 4302 4304 4202)
4(4202 4304 4306 4204)
4(4204 4306 4308 4206)
4(4206 4308 4310 4208)
4(4208 4310 4312 4210)
4(4210 4312 4314 4212)
4(4212 4314 4316 4214)
4(4214 4316 4318 4216)
4(4216 4318 4320 4218)
4(4218 4320 4322 4220)
4(4220 4322 4324 4222)
4(4222 4324 4326 4224)
4(4224 4326 4328 4226)
4(4226 4328 4330 4228)
4(4228 4330 4332 4230)
4(4230 4332 4334 4232)
4(4232 4334 4336 4234)
4(4234 4336 4338 4236)
4(4236 4338 4340 4238)
4(4238 4340 4342 4240)
4(4240 4342 4344 4242)
4(4242 4344 4346 4244)
4(4244 4346 4348 4246)
4(4246 4348 4350 4248)
4(4248 4350 4352 4250)
4(4250 4352 4354 4252)
4(4252 4354 4356 4254)
4(4254 4356 4358 4256)
4(4256 4358 4360 4258)
4(4258 4360 4362 4260)
4(4260 4362 4364 4262)
4(4262 4364 4366 4264)
4(4264 4366 4368 4266)
4(4266 4368 4370 4268)
4(4268 4370 4372 4270)
4(4270 4372 4374 4272)
4(4272 4374 4376 4274)
4(4274 4376 4378 4276)
4(4276 4378 4380 4278)
4(4278 4380 4382 4280)
4(4280 4382 4384 4282)
4(4284 4386 4388 4286)
4(4286 4388 4390 4288)
4(4288 4390 4392 4290)
4(4290 4392 4394 4292)
4(4292 4394 4396 4294)
4(4294 4396 4398 4296)
4(4296 4398 4400 4298)
4(4298 4400 4402 4300)
4(4300 4402 4404 4302)
4(4302 4404 4406 4304)
4(4304 4406 4408 4306)
4(4306 4408 4410 4308)
4(4308 4410 4412 4310)
4(4310 4412 4414 4312)
4(4312 4414 4416 4314)
4(4314 4416 4418 4316)
4(4316 4418 4420 4318)
4(4318 4420 4422 4320)
4(4320 4422 4424 4322)
4(4322 4424 4426 4324)
4(4324 4426 4428 4326)
4(4326 4428 4430 4328)
4(4328 4430 4432 4330)
4(4330 4432 4434 4332)
4(4332 4434 4436 4334)
4(4334 4436 4438 4336)
4(4336 4438 4440 4338)
4(4338 4440 4442 4340)
4(4340 4442 4444 4342)
4(4342 4444 4446 4344)
4(4344 4446 4448 4346)
4(4346 4448 4450 4348)
4(4348 4450 4452 4350)
4(4350 4452 4454 4352)
4(4352 4454 4456 4354)
4(4354 4456 4458 4356)
4(4356 4458 4460 4358)
4(4358 4460 4462 4360)
4(4360 4462 4464 4362)
4(4362 4464 4466 4364)
4(4364 4466 4468 4366)
4(4366 4468 4470 4368)
4(4368 4470 4472 4370)
4(4370 4472 4474 4372)
4(4372 4474 4476 4374)
4(4374 4476 4478 4376)
4(4376 4478 4480 4378)
4(4378 4480 4482 4380)
4(4380 4482 4484 4382)
4(4382 4484 4486 4384)
4(4386 4488 4490 4388)
4(4388 4490 4492 4390)
4(4390 4492 4494 4392)
4(4392 4494 4496 4394)
4(4394 4496 4498 4396)
4(4396 4498 4500 4398)
4(4398 4500 4502 4400)
4(4400 4502 4504 4402)
4(4402 4504 4506 4404)
4(4404 4506 4508 4406)
4(4406 4508 4510 4408)
4(4408 4510 4512 4410)
4(4410 4512 4514 4412)
4(4412 4514 4516 4414)
4(4414 4516 4518 4416)
4(4416 4518 4520 4418)
4(4418 4520 4522 4420)
4(4420 4522 4524 4422)
4(4422 4524 4526 4424)
4(4424 4526 4528 4426)
4(4426 4528 4530 4428)
4(4428 4530 4532 4430)
4(4430 4532 4534 4432)
4(4432 4534 4536 4434)
4(4434 4536 4538 4436)
4(4436 4538 4540 4438)
4(4438 4540 4542 4440)
4(4440 4542 4544 4442)
4(4442 4544 4546 4444)
4(4444 4546 4548 4446)
4(4446 4548 4550 4448)
4(4448 4550 4552 4450)
4(4450 4552 4554 4452)
4(4452 4554 4556 4454)
4(4454 4556 4558 4456)
4(4456 4558 4560 4458)
4(4458 4560 4562 4460)
4(4460 4562 4564 4462)
4(4462 4564 4566 4464)
4(4464 4566 4568 4466)
4(4466 4568 4570 4468)
4(4468 4570 4572 4470)
4(4470 4572 4574 4472)
4(4472 4574 4576 4474)
4(4474 4576 4578 4476)
4(4476 4578 4580 4478)
4(4478 4580 4582 4480)
4(4480 4582 4584 4482)
4(4482 4584 4586 4484)
4(4484 4586 4588 4486)
4(4488 4590 4592 4490)
4(4490 4592 4594 4492)
4(4492 4594 4596 4494)
4(4494 4596 4598 4496)
4(4496 4598 4600 4498)
4(4498 4600 4602 4500)
4(4500 4602 4604 4502)
4(4502 4604 4606 4504)
4(4504 4606 4608 4506)
4(4506 4608 4610 4508)
4(4508 4610 4612 4510)
4(4510 4612 4614 4512)
4(4512 4614 4616 4514)
4(4514 4616 4618 4516)
4(4516 4618 4620 4518)
4(4518 4620 4622 4520)
4(4520 4622 4624 4522)
4(4522 4624 4626 4524)
4(4524 4626 4628 4526)
4(4526 4628 4630 4528)
4(4528 4630 4632 4530)
4(4530 4632 4634 4532)
4(4532 4634 4636 4534)
4(4534 4636 4638 4536)
4(4536 4638 4640 4538)
4(4538 4640 4642 4540)
4(4540 4642 4644 4542)
4(4542 4644 4646 4544)
4(4544 4646 4648 4546)
4(4546 4648 4650 4548)
4(4548 4650 4652 4550)
4(4550 4652 4654 4552)
4(4552 4654 4656 4554)
4(4554 4656 4658 4556)
4(4556 4658 4660 4558)
4(4558 4660 4662 4560)
4(4560 4662 4664 4562)
4(4562 4664 4666 4564)
4(4564 4666 4668 4566)
4(4566 4668 4670 4568)
4(4568 4670 4672 4570)
4(4570 4672 4674 4572)
4(4572 4674 4676 4574)
4(4574 4676 4678 4576)
4(4576 4678 4680 4578)
4(4578 4680 4682 4580)
4(4580 4682 4684 4582)
4(4582 4684 4686 4584)
4(4584 4686 4688 4586)
4(4586 4688 4690 4588)
4(4590 4692 4694 4592)
4(4592 4694 4696 4594)
4(4594 4696 4698 4596)
4(4596 4698 4700 4598)
4(4598 4700 4702 4600)
4(4600 4702 4704 4602)
4(4602 4704 4706 4604)
4(4604 4706 4708 4606)
4(4606 4708 4710 4608)
4(4608 4710 4712 4610)
4(4610 4712 4714 4612)
4(4612 4714 4716 4614)
4(4614 4716 4718 4616)
4(4616 4718 4720 4618)
4(4618 4720 4722 4620)
4(4620 4722 4724 4622)
4(4622 4724 4726 4624)
4(4624 4726 4728 4626)
4(4626 4728 4730 4628)
4(4628 4730 4732 4630)
4(4630 4732 4734 4632)
4(4632 4734 4736 4634)
4(4634 4736 4738 4636)
4(4636 4738 4740 4638)
4(4638 4740 4742 4640)
4(4640 4742 4744 4642)
4(4642 4744 4746 4644)
4(4644 4746 4748 4646)
4(4646 4748 4750 4648)
4(4648 4750 4752 4650)
4(4650 4752 4754 4652)
4(4652 4754 4756 4654)
4(4654 4756 4758 4656)
4(4656 4758 4760 4658)
4(4658 4760 4762 4660)
4(4660 4762 4764 4662)
4(4662 4764 4766 4664)
4(4664 4766 4768 4666)
4(4666 4768 4770 4668)
4(4668 4770 4772 4670)
4(4670 4772 4774 4672)
4(4672 4774 4776 4674)
4(4674 4776 4778 4676)
4(4676 4778 4780 4678)
4(4678 4780 4782 4680)
4(4680 4782 4784 4682)
4(4682 4784 4786 4684)
4(4684 4786 4788 4686)
4(4686 4788 4790 4688)
4(4688 4790 4792 4690)
4(4692 4794 4796 4694)
4(4694 4796 4798 4696)
4(4696 4798 4800 4698)
4(4698 4800 4802 4700)
4(4700 4802 4804 4702)
4(4702 4804 4806 4704)
4(4704 4806 4808 4706)
4(4706 4808 4810 4708)
4(4708 4810 4812 4710)
4(4710 4812 4814 4712)
4(4712 4814 4816 4714)
4(4714 4816 4818 4716)
4(4716 4818 4820 4718)
4(4718 4820 4822 4720)
4(4720 4822 4824 4722)
4(4722 4824 4826 4724)
4(4724 4826 4828 4726)
4(4726 4828 4830 4728)
4(4728 4830 4832 4730)
4(4730 4832 4834 4732)
4(4732 4834 4836 4734)
4(4734 4836 4838 4736)
4(4736 4838 4840 4738)
4(4738 4840 4842 4740)
4(4740 4842 4844 4742)
4(4742 4844 4846 4744)
4(4744 4846 4848 4746)
4(4746 4848 4850 4748)
4(4748 4850 4852 4750)
4(4750 4852 4854 4752)
4(4752 4854 4856 4754)
4(4754 4856 4858 4756)
4(4756 4858 4860 4758)
4(4758 4860 4862 4760)
4(4760 4862 4864 4762)
4(4762 4864 4866 4764)
4(4764 4866 4868 4766)
4(4766 4868 4870 4768)
4(4768 4870 4872 4770)
4(4770 4872 4874 4772)
4(4772 4874 4876 4774)
4(4774 4876 4878 4776)
4(4776 4878 4880 4778)
4(4778 4880 4882 4780)
4(4780 4882 4884 4782)
4(4782 4884 4886 4784)
4(4784 4886 4888 4786)
4(4786 4888 4890 4788)
4(4788 4890 4892 4790)
4(4790 4892 4894 4792)
4(4794 4896 4898 4796)
4(4796 4898 4900 4798)
4(4798 4900 4902 4800)
4(4800 4902 4904 4802)
4(4802 4904 4906 4804)
4(4804 4906 4908 4806)
4(4806 4908 4910 4808)
4(4808 4910 4912 4810)
4(4810 4912 4914 4812)
4(4812 4914 4916 4814)
4(4814 4916 4918 4816)
4(4816 4918 4920 4818)
4(4818 4920 4922 4820)
4(4820 4922 4924 4822)
4(4822 4924 4926 4824)
4(4824 4926 4928 4826)
4(4826 4928 4930 4828)
4(4828 4930 4932 4830)
4(4830 4932 4934 4832)
4(4832 4934 4936 4834)
4(4834 4936 4938 4836)
4(4836 4938 4940 4838)
4(4838 4940 4942 4840)
4(4840 4942 4944 4842)
4(4842 4944 4946 4844)
4(4844 4946 4948 4846)
4(4846 4948 4950 4848)
4(4848 4950 4952 4850)
4(4850 4952 4954 4852)
4(4852 4954 4956 4854)
4(4854 4956 4958 4856)
4(4856 4958 4960 4858)
4(4858 4960 4962 4860)
4(4860 4962 4964 4862)
4(4862 4964 4966 4864)
4(4864 4966 4968 4866)
4(4866 4968 4970 4868)
4(4868 4970 4972 4870)
4(4870 4972 4974 4872)
4(4872 4974 4976 4874)
4(4874 4976 4978 4876)
4(4876 4978 4980 4878)
4(4878 4980 4982 4880)
4(4880 4982 4984 4882)
4(4882 4984 4986 4884)
4(4884 4986 4988 4886)
4(4886 4988 4990 4888)
4(4888 4990 4992 4890)
4(4890 4992 4994 4892)
4(4892 4994 4996 4894)
4(4896 4998 5000 4898)
4(4898 5000 5002 4900)
4(4900 5002 5004 4902)
4(4902 5004 5006 4904)
4(4904 5006 5008 4906)
4(4906 5008 5010 4908)
4(4908 5010 5012 4910)
4(4910 5012 5014 4912)
4(4912 5014 5016 4914)
4(4914 5016 5018 4916)
4(4916 5018 5020 4918)
4(4918 5020 5022 4920)
4(4920 5022 5024 4922)
4(4922 5024 5026 4924)
4(4924 5026 5028 4926)
4(4926 5028 5030 4928)
4(4928 5030 5032 4930)
4(4930 5032 5034 4932)
4(4932 5034 5036 4934)
4(4934 5036 5038 4936)
4(4936 5038 5040 4938)
4(4938 5040 5042 4940)
4(4940 5042 5044 4942)
4(4942 5044 5046 4944)
4(4944 5046 5048 4946)
4(4946 5048 5050 4948)
4(4948 5050 5052 4950)
4(4950 5052 5054 4952)
4(4952 5054 5056 4954)
4(4954 5056 5058 4956)
4(4956 5058 5060 4958)
4(4958 5060 5062 4960)
4(4960 5062 5064 4962)
4(4962 5064 5066 4964)
4(4964 5066 5068 4966)
4(4966 5068 5070 4968)
4(4968 5070 5072 4970)
4(4970 5072 5074 4972)
4(4972 5074 5076 4974)
4(4974 5076 5078 4976)
4(4976 5078 5080 4978)
4(4978 5080 5082 4980)
4(4980 5082 5084 4982)
4(4982 5084 5086 4984)
4(4984 5086 5088 4986)
4(4986 5088 5090 4988)
4(4988 5090 5092 4990)
4(4990 5092 5094 4992)
4(4992 5094 5096 4994)
4(4994 5096 5098 4996)
4(4998 5100 5102 5000)
4(5000 5102 5104 5002)
4(5002 5104 5106 5004)
4(5004 5106 5108 5006)
4(5006 5108 5110 5008)
4(5008 5110 5112 5010)
4(5010 5112 5114 5012)
4(5012 5114 5116 5014)
4(5014 5116 5118 5016)
4(5016 5118 5120 5018)
4(5018 5120 5122 5020)
4(5020 5122 5124 5022)
4(5022 5124 5126 5024)
4(5024 5126 5128 5026)
4(5026 5128 5130 5028)
4(5028 5130 5132 5030)
4(5030 5132 5134 5032)
4(5032 5134 5136 5034)
4(5034 5136 5138 5036)
4(5036 5138 5140 5038)
4(5038 5140 5142 5040)
4(5040 5142 5144 5042)
4(5042 5144 5146 5044)
4(5044 5146 5148 5046)
4(5046 5148 5150 5048)
4(5048 5150 5152 5050)
4(5050 5152 5154 5052)
4(5052 5154 5156 5054)
4(5054 5156 5158 5056)
4(5056 5158 5160 5058)
4(5058 5160 5162 5060)
4(5060 5162 5164 5062)
4(5062 5164 5166 5064)
4(5064 5166 5168 5066)
4(5066 5168 5170 5068)
4(5068 5170 5172 5070)
4(5070 5172 5174 5072)
4(5072 5174 5176 5074)
4(5074 5176 5178 5076)
4(5076 5178 5180 5078)
4(5078 5180 5182 5080)
4(5080 5182 5184 5082)
4(5082 5184 5186 5084)
4(5084 5186 5188 5086)
4(5086 5188 5190 5088)
4(5088 5190 5192 5090)
4(5090 5192 5194 5092)
4(5092 5194 5196 5094)
4(5094 5196 5198 5096)
4(5096 5198 5200 5098)
4(5100 5202 5204 5102)
4(5102 5204 5206 5104)
4(5104 5206 5208 5106)
4(5106 5208 5210 5108)
4(5108 5210 5212 5110)
4(5110 5212 5214 5112)
4(5112 5214 5216 5114)
4(5114 5216 5218 5116)
4(5116 5218 5220 5118)
4(5118 5220 5222 5120)
4(5120 5222 5224 5122)
4(5122 5224 5226 5124)
4(5124 5226 5228 5126)
4(5126 5228 5230 5128)
4(5128 5230 5232 5130)
4(5130 5232 5234 5132)
4(5132 5234 5236 5134)
4(5134 5236 5238 5136)
4(5136 5238 5240 5138)
4(5138 5240 5242 5140)
4(5140 5242 5244 5142)
4(5142 5244 5246 5144)
4(5144 5246 5248 5146)
4(5146 5248 5250 5148)
4(5148 5250 5252 5150)
4(5150 5252 5254 5152)
4(5152 5254 5256 5154)
4(5154 5256 5258 5156)
4(5156 5258 5260 5158)
4(5158 5260 5262 5160)
4(5160 5262 5264 5162)
4(5162 5264 5266 5164)
4(5164 5266 5268 5166)
4(5166 5268 5270 5168)
4(5168 5270 5272 5170)
4(5170 5272 5274 5172)
4(5172 5274 5276 5174)
4(5174 5276 5278 5176)
4(5176 5278 5280 5178)
4(5178 5280 5282 5180)
4(5180 5282 5284 5182)
4(5182 5284 5286 5184)
4(5184 5286 5288 5186)
4(5186 5288 5290 5188)
4(5188 5290 5292 5190)
4(5190 5292 5294 5192)
4(5192 5294 5296 5194)
4(5194 5296 5298 5196)
4(5196 5298 5300 5198)
4(5198 5300 5302 5200)
4(5202 5304 5306 5204)
4(5204 5306 5308 5206)
4(5206 5308 5310 5208)
4(5208 5310 5312 5210)
4(5210 5312 5314 5212)
4(5212 5314 5316 5214)
4(5214 5316 5318 5216)
4(5216 5318 5320 5218)
4(5218 5320 5322 5220)
4(5220 5322 5324 5222)
4(5222 5324 5326 5224)
4(5224 5326 5328 5226)
4(5226 5328 5330 5228)
4(5228 5330 5332 5230)
4(5230 5332 5334 5232)
4(5232 5334 5336 5234)
4(5234 5336 5338 5236)
4(5236 5338 5340 5238)
4(5238 5340 5342 5240)
4(5240 5342 5344 5242)
4(5242 5344 5346 5244)
4(5244 5346 5348 5246)
4(5246 5348 5350 5248)
4(5248 5350 5352 5250)
4(5250 5352 5354 5252)
4(5252 5354 5356 5254)
4(5254 5356 5358 5256)
4(5256 5358 5360 5258)
4(5258 5360 5362 5260)
4(5260 5362 5364 5262)
4(5262 5364 5366 5264)
4(5264 5366 5368 5266)
4(5266 5368 5370 5268)
4(5268 5370 5372 5270)
4(5270 5372 5374 5272)
4(5272 5374 5376 5274)
4(5274 5376 5378 5276)
4(5276 5378 5380 5278)
4(5278 5380 5382 5280)
4(5280 5382 5384 5282)
4(5282 5384 5386 5284)
4(5284 5386 5388 5286)
4(5286 5388 5390 5288)
4(5288 5390 5392 5290)
4(5290 5392 5394 5292)
4(5292 5394 5396 5294)
4(5294 5396 5398 5296)
4(5296 5398 5400 5298)
4(5298 5400 5402 5300)
4(5300 5402 5404 5302)
4(5304 5406 5408 5306)
4(5306 5408 5410 5308)
4(5308 5410 5412 5310)
4(5310 5412 5414 5312)
4(5312 5414 5416 5314)
4(5314 5416 5418 5316)
4(5316 5418 5420 5318)
4(5318 5420 5422 5320)
4(5320 5422 5424 5322)
4(5322 5424 5426 5324)
4(5324 5426 5428 5326)
4(5326 5428 5430 5328)
4(5328 5430 5432 5330)
4(5330 5432 5434 5332)
4(5332 5434 5436 5334)
4(5334 5436 5438 5336)
4(5336 5438 5440 5338)
4(5338 5440 5442 5340)
4(5340 5442 5444 5342)
4(5342 5444 5446 5344)
4(5344 5446 5448 5346)
4(5346 5448 5450 5348)
4(5348 5450 5452 5350)
4(5350 5452 5454 5352)
4(5352 5454 5456 5354)
4(5354 5456 5458 5356)
4(5356 5458 5460 5358)
4(5358 5460 5462 5360)
4(5360 5462 5464 5362)
4(5362 5464 5466 5364)
4(5364 5466 5468 5366)
4(5366 5468 5470 5368)
4(5368 5470 5472 5370)
4(5370 5472 5474 5372)
4(5372 5474 5476 5374)
4(5374 5476 5478 5376)
4(5376 5478 5480 5378)
4(5378 5480 5482 5380)
4(5380 5482 5484 5382)
4(5382 5484 5486 5384)
4(5384 5486 5488 5386)
4(5386 5488 5490 5388)
4(5388 5490 5492 5390)
4(5390 5492 5494 5392)
4(5392 5494 5496 5394)
4(5394 5496 5498 5396)
4(5396 5498 5500 5398)
4(5398 5500 5502 5400)
4(5400 5502 5504 5402)
4(5402 5504 5506 5404)
4(5406 5508 5510 5408)
4(5408 5510 5512 5410)
4(5410 5512 5514 5412)
4(5412 5514 5516 5414)
4(5414 5516 5518 5416)
4(5416 5518 5520 5418)
4(5418 5520 5522 5420)
4(5420 5522 5524 5422)
4(5422 5524 5526 5424)
4(5424 5526 5528 5426)
4(5426 5528 5530 5428)
4(5428 5530 5532 5430)
4(5430 5532 5534 5432)
4(5432 5534 5536 5434)
4(5434 5536 5538 5436)
4(5436 5538 5540 5438)
4(5438 5540 5542 5440)
4(5440 5542 5544 5442)
4(5442 5544 5546 5444)
4(5444 5546 5548 5446)
4(5446 5548 5550 5448)
4(5448 5550 5552 5450)
4(5450 5552 5554 5452)
4(5452 5554 5556 5454)
4(5454 5556 5558 5456)
4(5456 5558 5560 5458)
4(5458 5560 5562 5460)
4(5460 5562 5564 5462)
4(5462 5564 5566 5464)
4(5464 5566 5568 5466)
4(5466 5568 5570 5468)
4(5468 5570 5572 5470)
4(5470 5572 5574 5472)
4(5472 5574 5576 5474)
4(5474 5576 5578 5476)
4(5476 5578 5580 5478)
4(5478 5580 5582 5480)
4(5480 5582 5584 5482)
4(5482 5584 5586 5484)
4(5484 5586 5588 5486)
4(5486 5588 5590 5488)
4(5488 5590 5592 5490)
4(5490 5592 5594 5492)
4(5492 5594 5596 5494)
4(5494 5596 5598 5496)
4(5496 5598 5600 5498)
4(5498 5600 5602 5500)
4(5500 5602 5604 5502)
4(5502 5604 5606 5504)
4(5504 5606 5608 5506)
4(5508 5610 5612 5510)
4(5510 5612 5614 5512)
4(5512 5614 5616 5514)
4(5514 5616 5618 5516)
4(5516 5618 5620 5518)
4(5518 5620 5622 5520)
4(5520 5622 5624 5522)
4(5522 5624 5626 5524)
4(5524 5626 5628 5526)
4(5526 5628 5630 5528)
4(5528 5630 5632 5530)
4(5530 5632 5634 5532)
4(5532 5634 5636 5534)
4(5534 5636 5638 5536)
4(5536 5638 5640 5538)
4(5538 5640 5642 5540)
4(5540 5642 5644 5542)
4(5542 5644 5646 5544)
4(5544 5646 5648 5546)
4(5546 5648 5650 5548)
4(5548 5650 5652 5550)
4(5550 5652 5654 5552)
4(5552 5654 5656 5554)
4(5554 5656 5658 5556)
4(5556 5658 5660 5558)
4(5558 5660 5662 5560)
4(5560 5662 5664 5562)
4(5562 5664 5666 5564)
4(5564 5666 5668 5566)
4(5566 5668 5670 5568)
4(5568 5670 5672 5570)
4(5570 5672 5674 5572)
4(5572 5674 5676 5574)
4(5574 5676 5678 5576)
4(5576 5678 5680 5578)
4(5578 5680 5682 5580)
4(5580 5682 5684 5582)
4(5582 5684 5686 5584)
4(5584 5686 5688 5586)
4(5586 5688 5690 5588)
4(5588 5690 5692 5590)
4(5590 5692 5694 5592)
4(5592 5694 5696 5594)
4(5594 5696 5698 5596)
4(5596 5698 5700 5598)
4(5598 5700 5702 5600)
4(5600 5702 5704 5602)
4(5602 5704 5706 5604)
4(5604 5706 5708 5606)
4(5606 5708 5710 5608)
4(5610 5712 5714 5612)
4(5612 5714 5716 5614)
4(5614 5716 5718 5616)
4(5616 5718 5720 5618)
4(5618 5720 5722 5620)
4(5620 5722 5724 5622)
4(5622 5724 5726 5624)
4(5624 5726 5728 5626)
4(5626 5728 5730 5628)
4(5628 5730 5732 5630)
4(5630 5732 5734 5632)
4(5632 5734 5736 5634)
4(5634 5736 5738 5636)
4(5636 5738 5740 5638)
4(5638 5740 5742 5640)
4(5640 5742 5744 5642)
4(5642 5744 5746 5644)
4(5644 5746 5748 5646)
4(5646 5748 5750 5648)
4(5648 5750 5752 5650)
4(5650 5752 5754 5652)
4(5652 5754 5756 5654)
4(5654 5756 5758 5656)
4(5656 5758 5760 5658)
4(5658 5760 5762 5660)
4(5660 5762 5764 5662)
4(5662 5764 5766 5664)
4(5664 5766 5768 5666)
4(5666 5768 5770 5668)
4(5668 5770 5772 5670)
4(5670 5772 5774 5672)
4(5672 5774 5776 5674)
4(5674 5776 5778 5676)
4(5676 5778 5780 5678)
4(5678 5780 5782 5680)
4(5680 5782 5784 5682)
4(5682 5784 5786 5684)
4(5684 5786 5788 5686)
4(5686 5788 5790 5688)
4(5688 5790 5792 5690)
4(5690 5792 5794 5692)
4(5692 5794 5796 5694)
4(5694 5796 5798 5696)
4(5696 5798 5800 5698)
4(5698 5800 5802 5700)
4(5700 5802 5804 5702)
4(5702 5804 5806 5704)
4(5704 5806 5808 5706)
4(5706 5808 5810 5708)
4(5708 5810 5812 5710)
4(5712 5814 5816 5714)
4(5714 5816 5818 5716)
4(5716 5818 5820 5718)
4(5718 5820 5822 5720)
4(5720 5822 5824 5722)
4(5722 5824 5826 5724)
4(5724 5826 5828 5726)
4(5726 5828 5830 5728)
4(5728 5830 5832 5730)
4(5730 5832 5834 5732)
4(5732 5834 5836 5734)
4(5734 5836 5838 5736)
4(5736 5838 5840 5738)
4(5738 5840 5842 5740)
4(5740 5842 5844 5742)
4(5742 5844 5846 5744)
4(5744 5846 5848 5746)
4(5746 5848 5850 5748)
4(5748 5850 5852 5750)
4(5750 5852 5854 5752)
4(5752 5854 5856 5754)
4(5754 5856 5858 5756)
4(5756 5858 5860 5758)
4(5758 5860 5862 5760)
4(5760 5862 5864 5762)
4(5762 5864 5866 5764)
4(5764 5866 5868 5766)
4(5766 5868 5870 5768)
4(5768 5870 5872 5770)
4(5770 5872 5874 5772)
4(5772 5874 5876 5774)
4(5774 5876 5878 5776)
4(5776 5878 5880 5778)
4(5778 5880 5882 5780)
4(5780 5882 5884 5782)
4(5782 5884 5886 5784)
4(5784 5886 5888 5786)
4(5786 5888 5890 5788)
4(5788 5890 5892 5790)
4(5790 5892 5894 5792)
4(5792 5894 5896 5794)
4(5794 5896 5898 5796)
4(5796 5898 5900 5798)
4(5798 5900 5902 5800)
4(5800 5902 5904 5802)
4(5802 5904 5906 5804)
4(5804 5906 5908 5806)
4(5806 5908 5910 5808)
4(5808 5910 5912 5810)
4(5810 5912 5914 5812)
4(5814 5916 5918 5816)
4(5816 5918 5920 5818)
4(5818 5920 5922 5820)
4(5820 5922 5924 5822)
4(5822 5924 5926 5824)
4(5824 5926 5928 5826)
4(5826 5928 5930 5828)
4(5828 5930 5932 5830)
4(5830 5932 5934 5832)
4(5832 5934 5936 5834)
4(5834 5936 5938 5836)
4(5836 5938 5940 5838)
4(5838 5940 5942 5840)
4(5840 5942 5944 5842)
4(5842 5944 5946 5844)
4(5844 5946 5948 5846)
4(5846 5948 5950 5848)
4(5848 5950 5952 5850)
4(5850 5952 5954 5852)
4(5852 5954 5956 5854)
4(5854 5956 5958 5856)
4(5856 5958 5960 5858)
4(5858 5960 5962 5860)
4(5860 5962 5964 5862)
4(5862 5964 5966 5864)
4(5864 5966 5968 5866)
4(5866 5968 5970 5868)
4(5868 5970 5972 5870)
4(5870 5972 5974 5872)
4(5872 5974 5976 5874)
4(5874 5976 5978 5876)
4(5876 5978 5980 5878)
4(5878 5980 5982 5880)
4(5880 5982 5984 5882)
4(5882 5984 5986 5884)
4(5884 5986 5988 5886)
4(5886 5988 5990 5888)
4(5888 5990 5992 5890)
4(5890 5992 5994 5892)
4(5892 5994 5996 5894)
4(5894 5996 5998 5896)
4(5896 5998 6000 5898)
4(5898 6000 6002 5900)
4(5900 6002 6004 5902)
4(5902 6004 6006 5904)
4(5904 6006 6008 5906)
4(5906 6008 6010 5908)
4(5908 6010 6012 5910)
4(5910 6012 6014 5912)
4(5912 6014 6016 5914)
4(5916 6018 6020 5918)
4(5918 6020 6022 5920)
4(5920 6022 6024 5922)
4(5922 6024 6026 5924)
4(5924 6026 6028 5926)
4(5926 6028 6030 5928)
4(5928 6030 6032 5930)
4(5930 6032 6034 5932)
4(5932 6034 6036 5934)
4(5934 6036 6038 5936)
4(5936 6038 6040 5938)
4(5938 6040 6042 5940)
4(5940 6042 6044 5942)
4(5942 6044 6046 5944)
4(5944 6046 6048 5946)
4(5946 6048 6050 5948)
4(5948 6050 6052 5950)
4(5950 6052 6054 5952)
4(5952 6054 6056 5954)
4(5954 6056 6058 5956)
4(5956 6058 6060 5958)
4(5958 6060 6062 5960)
4(5960 6062 6064 5962)
4(5962 6064 6066 5964)
4(5964 6066 6068 5966)
4(5966 6068 6070 5968)
4(5968 6070 6072 5970)
4(5970 6072 6074 5972)
4(5972 6074 6076 5974)
4(5974 6076 6078 5976)
4(5976 6078 6080 5978)
4(5978 6080 6082 5980)
4(5980 6082 6084 5982)
4(5982 6084 6086 5984)
4(5984 6086 6088 5986)
4(5986 6088 6090 5988)
4(5988 6090 6092 5990)
4(5990 6092 6094 5992)
4(5992 6094 6096 5994)
4(5994 6096 6098 5996)
4(5996 6098 6100 5998)
4(5998 6100 6102 6000)
4(6000 6102 6104 6002)
4(6002 6104 6106 6004)
4(6004 6106 6108 6006)
4(6006 6108 6110 6008)
4(6008 6110 6112 6010)
4(6010 6112 6114 6012)
4(6012 6114 6116 6014)
4(6014 6116 6118 6016)
4(6018 6120 6122 6020)
4(6020 6122 6124 6022)
4(6022 6124 6126 6024)
4(6024 6126 6128 6026)
4(6026 6128 6130 6028)
4(6028 6130 6132 6030)
4(6030 6132 6134 6032)
4(6032 6134 6136 6034)
4(6034 6136 6138 6036)
4(6036 6138 6140 6038)
4(6038 6140 6142 6040)
4(6040 6142 6144 6042)
4(6042 6144 6146 6044)
4(6044 6146 6148 6046)
4(6046 6148 6150 6048)
4(6048 6150 6152 6050)
4(6050 6152 6154 6052)
4(6052 6154 6156 6054)
4(6054 6156 6158 6056)
4(6056 6158 6160 6058)
4(6058 6160 6162 6060)
4(6060 6162 6164 6062)
4(6062 6164 6166 6064)
4(6064 6166 6168 6066)
4(6066 6168 6170 6068)
4(6068 6170 6172 6070)
4(6070 6172 6174 6072)
4(6072 6174 6176 6074)
4(6074 6176 6178 6076)
4(6076 6178 6180 6078)
4(6078 6180 6182 6080)
4(6080 6182 6184 6082)
4(6082 6184 6186 6084)
4(6084 6186 6188 6086)
4(6086 6188 6190 6088)
4(6088 6190 6192 6090)
4(6090 6192 6194 6092)
4(6092 6194 6196 6094)
4(6094 6196 6198 6096)
4(6096 6198 6200 6098)
4(6098 6200 6202 6100)
4(6100 6202 6204 6102)
4(6102 6204 6206 6104)
4(6104 6206 6208 6106)
4(6106 6208 6210 6108)
4(6108 6210 6212 6110)
4(6110 6212 6214 6112)
4(6112 6214 6216 6114)
4(6114 6216 6218 6116)
4(6116 6218 6220 6118)
4(6120 6222 6224 6122)
4(6122 6224 6226 6124)
4(6124 6226 6228 6126)
4(6126 6228 6230 6128)
4(6128 6230 6232 6130)
4(6130 6232 6234 6132)
4(6132 6234 6236 6134)
4(6134 6236 6238 6136)
4(6136 6238 6240 6138)
4(6138 6240 6242 6140)
4(6140 6242 6244 6142)
4(6142 6244 6246 6144)
4(6144 6246 6248 6146)
4(6146 6248 6250 6148)
4(6148 6250 6252 6150)
4(6150 6252 6254 6152)
4(6152 6254 6256 6154)
4(6154 6256 6258 6156)
4(6156 6258 6260 6158)
4(6158 6260 6262 6160)
4(6160 6262 6264 6162)
4(6162 6264 6266 6164)
4(6164 6266 6268 6166)
4(6166 6268 6270 6168)
4(6168 6270 6272 6170)
4(6170 6272 6274 6172)
4(6172 6274 6276 6174)
4(6174 6276 6278 6176)
4(6176 6278 6280 6178)
4(6178 6280 6282 6180)
4(6180 6282 6284 6182)
4(6182 6284 6286 6184)
4(6184 6286 6288 6186)
4(6186 6288 6290 6188)
4(6188 6290 6292 6190)
4(6190 6292 6294 6192)
4(6192 6294 6296 6194)
4(6194 6296 6298 6196)
4(6196 6298 6300 6198)
4(6198 6300 6302 6200)
4(6200 6302 6304 6202)
4(6202 6304 6306 6204)
4(6204 6306 6308 6206)
4(6206 6308 6310 6208)
4(6208 6310 6312 6210)
4(6210 6312 6314 6212)
4(6212 6314 6316 6214)
4(6214 6316 6318 6216)
4(6216 6318 6320 6218)
4(6218 6320 6322 6220)
4(6222 6324 6326 6224)
4(6224 6326 6328 6226)
4(6226 6328 6330 6228)
4(6228 6330 6332 6230)
4(6230 6332 6334 6232)
4(6232 6334 6336 6234)
4(6234 6336 6338 6236)
4(6236 6338 6340 6238)
4(6238 6340 6342 6240)
4(6240 6342 6344 6242)
4(6242 6344 6346 6244)
4(6244 6346 6348 6246)
4(6246 6348 6350 6248)
4(6248 6350 6352 6250)
4(6250 6352 6354 6252)
4(6252 6354 6356 6254)
4(6254 6356 6358 6256)
4(6256 6358 6360 6258)
4(6258 6360 6362 6260)
4(6260 6362 6364 6262)
4(6262 6364 6366 6264)
4(6264 6366 6368 6266)
4(6266 6368 6370 6268)
4(6268 6370 6372 6270)
4(6270 6372 6374 6272)
4(6272 6374 6376 6274)
4(6274 6376 6378 6276)
4(6276 6378 6380 6278)
4(6278 6380 6382 6280)
4(6280 6382 6384 6282)
4(6282 6384 6386 6284)
4(6284 6386 6388 6286)
4(6286 6388 6390 6288)
4(6288 6390 6392 6290)
4(6290 6392 6394 6292)
4(6292 6394 6396 6294)
4(6294 6396 6398 6296)
4(6296 6398 6400 6298)
4(6298 6400 6402 6300)
4(6300 6402 6404 6302)
4(6302 6404 6406 6304)
4(6304 6406 6408 6306)
4(6306 6408 6410 6308)
4(6308 6410 6412 6310)
4(6310 6412 6414 6312)
4(6312 6414 6416 6314)
4(6314 6416 6418 6316)
4(6316 6418 6420 6318)
4(6318 6420 6422 6320)
4(6320 6422 6424 6322)
4(6324 6426 6428 6326)
4(6326 6428 6430 6328)
4(6328 6430 6432 6330)
4(6330 6432 6434 6332)
4(6332 6434 6436 6334)
4(6334 6436 6438 6336)
4(6336 6438 6440 6338)
4(6338 6440 6442 6340)
4(6340 6442 6444 6342)
4(6342 6444 6446 6344)
4(6344 6446 6448 6346)
4(6346 6448 6450 6348)
4(6348 6450 6452 6350)
4(6350 6452 6454 6352)
4(6352 6454 6456 6354)
4(6354 6456 6458 6356)
4(6356 6458 6460 6358)
4(6358 6460 6462 6360)
4(6360 6462 6464 6362)
4(6362 6464 6466 6364)
4(6364 6466 6468 6366)
4(6366 6468 6470 6368)
4(6368 6470 6472 6370)
4(6370 6472 6474 6372)
4(6372 6474 6476 6374)
4(6374 6476 6478 6376)
4(6376 6478 6480 6378)
4(6378 6480 6482 6380)
4(6380 6482 6484 6382)
4(6382 6484 6486 6384)
4(6384 6486 6488 6386)
4(6386 6488 6490 6388)
4(6388 6490 6492 6390)
4(6390 6492 6494 6392)
4(6392 6494 6496 6394)
4(6394 6496 6498 6396)
4(6396 6498 6500 6398)
4(6398 6500 6502 6400)
4(6400 6502 6504 6402)
4(6402 6504 6506 6404)
4(6404 6506 6508 6406)
4(6406 6508 6510 6408)
4(6408 6510 6512 6410)
4(6410 6512 6514 6412)
4(6412 6514 6516 6414)
4(6414 6516 6518 6416)
4(6416 6518 6520 6418)
4(6418 6520 6522 6420)
4(6420 6522 6524 6422)
4(6422 6524 6526 6424)
4(6426 6528 6530 6428)
4(6428 6530 6532 6430)
4(6430 6532 6534 6432)
4(6432 6534 6536 6434)
4(6434 6536 6538 6436)
4(6436 6538 6540 6438)
4(6438 6540 6542 6440)
4(6440 6542 6544 6442)
4(6442 6544 6546 6444)
4(6444 6546 6548 6446)
4(6446 6548 6550 6448)
4(6448 6550 6552 6450)
4(6450 6552 6554 6452)
4(6452 6554 6556 6454)
4(6454 6556 6558 6456)
4(6456 6558 6560 6458)
4(6458 6560 6562 6460)
4(6460 6562 6564 6462)
4(6462 6564 6566 6464)
4(6464 6566 6568 6466)
4(6466 6568 6570 6468)
4(6468 6570 6572 6470)
4(6470 6572 6574 6472)
4(6472 6574 6576 6474)
4(6474 6576 6578 6476)
4(6476 6578 6580 6478)
4(6478 6580 6582 6480)
4(6480 6582 6584 6482)
4(6482 6584 6586 6484)
4(6484 6586 6588 6486)
4(6486 6588 6590 6488)
4(6488 6590 6592 6490)
4(6490 6592 6594 6492)
4(6492 6594 6596 6494)
4(6494 6596 6598 6496)
4(6496 6598 6600 6498)
4(6498 6600 6602 6500)
4(6500 6602 6604 6502)
4(6502 6604 6606 6504)
4(6504 6606 6608 6506)
4(6506 6608 6610 6508)
4(6508 6610 6612 6510)
4(6510 6612 6614 6512)
4(6512 6614 6616 6514)
4(6514 6616 6618 6516)
4(6516 6618 6620 6518)
4(6518 6620 6622 6520)
4(6520 6622 6624 6522)
4(6522 6624 6626 6524)
4(6524 6626 6628 6526)
4(6528 6630 6632 6530)
4(6530 6632 6634 6532)
4(6532 6634 6636 6534)
4(6534 6636 6638 6536)
4(6536 6638 6640 6538)
4(6538 6640 6642 6540)
4(6540 6642 6644 6542)
4(6542 6644 6646 6544)
4(6544 6646 6648 6546)
4(6546 6648 6650 6548)
4(6548 6650 6652 6550)
4(6550 6652 6654 6552)
4(6552 6654 6656 6554)
4(6554 6656 6658 6556)
4(6556 6658 6660 6558)
4(6558 6660 6662 6560)
4(6560 6662 6664 6562)
4(6562 6664 6666 6564)
4(6564 6666 6668 6566)
4(6566 6668 6670 6568)
4(6568 6670 6672 6570)
4(6570 6672 6674 6572)
4(6572 6674 6676 6574)
4(6574 6676 6678 6576)
4(6576 6678 6680 6578)
4(6578 6680 6682 6580)
4(6580 6682 6684 6582)
4(6582 6684 6686 6584)
4(6584 6686 6688 6586)
4(6586 6688 6690 6588)
4(6588 6690 6692 6590)
4(6590 6692 6694 6592)
4(6592 6694 6696 6594)
4(6594 6696 6698 6596)
4(6596 6698 6700 6598)
4(6598 6700 6702 6600)
4(6600 6702 6704 6602)
4(6602 6704 6706 6604)
4(6604 6706 6708 6606)
4(6606 6708 6710 6608)
4(6608 6710 6712 6610)
4(6610 6712 6714 6612)
4(6612 6714 6716 6614)
4(6614 6716 6718 6616)
4(6616 6718 6720 6618)
4(6618 6720 6722 6620)
4(6620 6722 6724 6622)
4(6622 6724 6726 6624)
4(6624 6726 6728 6626)
4(6626 6728 6730 6628)
4(6630 6732 6734 6632)
4(6632 6734 6736 6634)
4(6634 6736 6738 6636)
4(6636 6738 6740 6638)
4(6638 6740 6742 6640)
4(6640 6742 6744 6642)
4(6642 6744 6746 6644)
4(6644 6746 6748 6646)
4(6646 6748 6750 6648)
4(6648 6750 6752 6650)
4(6650 6752 6754 6652)
4(6652 6754 6756 6654)
4(6654 6756 6758 6656)
4(6656 6758 6760 6658)
4(6658 6760 6762 6660)
4(6660 6762 6764 6662)
4(6662 6764 6766 6664)
4(6664 6766 6768 6666)
4(6666 6768 6770 6668)
4(6668 6770 6772 6670)
4(6670 6772 6774 6672)
4(6672 6774 6776 6674)
4(6674 6776 6778 6676)
4(6676 6778 6780 6678)
4(6678 6780 6782 6680)
4(6680 6782 6784 6682)
4(6682 6784 6786 6684)
4(6684 6786 6788 6686)
4(6686 6788 6790 6688)
4(6688 6790 6792 6690)
4(6690 6792 6794 6692)
4(6692 6794 6796 6694)
4(6694 6796 6798 6696)
4(6696 6798 6800 6698)
4(6698 6800 6802 6700)
4(6700 6802 6804 6702)
4(6702 6804 6806 6704)
4(6704 6806 6808 6706)
4(6706 6808 6810 6708)
4(6708 6810 6812 6710)
4(6710 6812 6814 6712)
4(6712 6814 6816 6714)
4(6714 6816 6818 6716)
4(6716 6818 6820 6718)
4(6718 6820 6822 6720)
4(6720 6822 6824 6722)
4(6722 6824 6826 6724)
4(6724 6826 6828 6726)
4(6726 6828 6830 6728)
4(6728 6830 6832 6730)
4(6732 6834 6836 6734)
4(6734 6836 6838 6736)
4(6736 6838 6840 6738)
4(6738 6840 6842 6740)
4(6740 6842 6844 6742)
4(6742 6844 6846 6744)
4(6744 6846 6848 6746)
4(6746 6848 6850 6748)
4(6748 6850 6852 6750)
4(6750 6852 6854 6752)
4(6752 6854 6856 6754)
4(6754 6856 6858 6756)
4(6756 6858 6860 6758)
4(6758 6860 6862 6760)
4(6760 6862 6864 6762)
4(6762 6864 6866 6764)
4(6764 6866 6868 6766)
4(6766 6868 6870 6768)
4(6768 6870 6872 6770)
4(6770 6872 6874 6772)
4(6772 6874 6876 6774)
4(6774 6876 6878 6776)
4(6776 6878 6880 6778)
4(6778 6880 6882 6780)
4(6780 6882 6884 6782)
4(6782 6884 6886 6784)
4(6784 6886 6888 6786)
4(6786 6888 6890 6788)
4(6788 6890 6892 6790)
4(6790 6892 6894 6792)
4(6792 6894 6896 6794)
4(6794 6896 6898 6796)
4(6796 6898 6900 6798)
4(6798 6900 6902 6800)
4(6800 6902 6904 6802)
4(6802 6904 6906 6804)
4(6804 6906 6908 6806)
4(6806 6908 6910 6808)
4(6808 6910 6912 6810)
4(6810 6912 6914 6812)
4(6812 6914 6916 6814)
4(6814 6916 6918 6816)
4(6816 6918 6920 6818)
4(6818 6920 6922 6820)
4(6820 6922 6924 6822)
4(6822 6924 6926 6824)
4(6824 6926 6928 6826)
4(6826 6928 6930 6828)
4(6828 6930 6932 6830)
4(6830 6932 6934 6832)
4(6834 6936 6938 6836)
4(6836 6938 6940 6838)
4(6838 6940 6942 6840)
4(6840 6942 6944 6842)
4(6842 6944 6946 6844)
4(6844 6946 6948 6846)
4(6846 6948 6950 6848)
4(6848 6950 6952 6850)
4(6850 6952 6954 6852)
4(6852 6954 6956 6854)
4(6854 6956 6958 6856)
4(6856 6958 6960 6858)
4(6858 6960 6962 6860)
4(6860 6962 6964 6862)
4(6862 6964 6966 6864)
4(6864 6966 6968 6866)
4(6866 6968 6970 6868)
4(6868 6970 6972 6870)
4(6870 6972 6974 6872)
4(6872 6974 6976 6874)
4(6874 6976 6978 6876)
4(6876 6978 6980 6878)
4(6878 6980 6982 6880)
4(6880 6982 6984 6882)
4(6882 6984 6986 6884)
4(6884 6986 6988 6886)
4(6886 6988 6990 6888)
4(6888 6990 6992 6890)
4(6890 6992 6994 6892)
4(6892 6994 6996 6894)
4(6894 6996 6998 6896)
4(6896 6998 7000 6898)
4(6898 7000 7002 6900)
4(6900 7002 7004 6902)
4(6902 7004 7006 6904)
4(6904 7006 7008 6906)
4(6906 7008 7010 6908)
4(6908 7010 7012 6910)
4(6910 7012 7014 6912)
4(6912 7014 7016 6914)
4(6914 7016 7018 6916)
4(6916 7018 7020 6918)
4(6918 7020 7022 6920)
4(6920 7022 7024 6922)
4(6922 7024 7026 6924)
4(6924 7026 7028 6926)
4(6926 7028 7030 6928)
4(6928 7030 7032 6930)
4(6930 7032 7034 6932)
4(6932 7034 7036 6934)
4(6936 7038 7040 6938)
4(6938 7040 7042 6940)
4(6940 7042 7044 6942)
4(6942 7044 7046 6944)
4(6944 7046 7048 6946)
4(6946 7048 7050 6948)
4(6948 7050 7052 6950)
4(6950 7052 7054 6952)
4(6952 7054 7056 6954)
4(6954 7056 7058 6956)
4(6956 7058 7060 6958)
4(6958 7060 7062 6960)
4(6960 7062 7064 6962)
4(6962 7064 7066 6964)
4(6964 7066 7068 6966)
4(6966 7068 7070 6968)
4(6968 7070 7072 6970)
4(6970 7072 7074 6972)
4(6972 7074 7076 6974)
4(6974 7076 7078 6976)
4(6976 7078 7080 6978)
4(6978 7080 7082 6980)
4(6980 7082 7084 6982)
4(6982 7084 7086 6984)
4(6984 7086 7088 6986)
4(6986 7088 7090 6988)
4(6988 7090 7092 6990)
4(6990 7092 7094 6992)
4(6992 7094 7096 6994)
4(6994 7096 7098 6996)
4(6996 7098 7100 6998)
4(6998 7100 7102 7000)
4(7000 7102 7104 7002)
4(7002 7104 7106 7004)
4(7004 7106 7108 7006)
4(7006 7108 7110 7008)
4(7008 7110 7112 7010)
4(7010 7112 7114 7012)
4(7012 7114 7116 7014)
4(7014 7116 7118 7016)
4(7016 7118 7120 7018)
4(7018 7120 7122 7020)
4(7020 7122 7124 7022)
4(7022 7124 7126 7024)
4(7024 7126 7128 7026)
4(7026 7128 7130 7028)
4(7028 7130 7132 7030)
4(7030 7132 7134 7032)
4(7032 7134 7136 7034)
4(7034 7136 7138 7036)
4(7038 7140 7142 7040)
4(7040 7142 7144 7042)
4(7042 7144 7146 7044)
4(7044 7146 7148 7046)
4(7046 7148 7150 7048)
4(7048 7150 7152 7050)
4(7050 7152 7154 7052)
4(7052 7154 7156 7054)
4(7054 7156 7158 7056)
4(7056 7158 7160 7058)
4(7058 7160 7162 7060)
4(7060 7162 7164 7062)
4(7062 7164 7166 7064)
4(7064 7166 7168 7066)
4(7066 7168 7170 7068)
4(7068 7170 7172 7070)
4(7070 7172 7174 7072)
4(7072 7174 7176 7074)
4(7074 7176 7178 7076)
4(7076 7178 7180 7078)
4(7078 7180 7182 7080)
4(7080 7182 7184 7082)
4(7082 7184 7186 7084)
4(7084 7186 7188 7086)
4(7086 7188 7190 7088)
4(7088 7190 7192 7090)
4(7090 7192 7194 7092)
4(7092 7194 7196 7094)
4(7094 7196 7198 7096)
4(7096 7198 7200 7098)
4(7098 7200 7202 7100)
4(7100 7202 7204 7102)
4(7102 7204 7206 7104)
4(7104 7206 7208 7106)
4(7106 7208 7210 7108)
4(7108 7210 7212 7110)
4(7110 7212 7214 7112)
4(7112 7214 7216 7114)
4(7114 7216 7218 7116)
4(7116 7218 7220 7118)
4(7118 7220 7222 7120)
4(7120 7222 7224 7122)
4(7122 7224 7226 7124)
4(7124 7226 7228 7126)
4(7126 7228 7230 7128)
4(7128 7230 7232 7130)
4(7130 7232 7234 7132)
4(7132 7234 7236 7134)
4(7134 7236 7238 7136)
4(7136 7238 7240 7138)
4(7140 7242 7244 7142)
4(7142 7244 7246 7144)
4(7144 7246 7248 7146)
4(7146 7248 7250 7148)
4(7148 7250 7252 7150)
4(7150 7252 7254 7152)
4(7152 7254 7256 7154)
4(7154 7256 7258 7156)
4(7156 7258 7260 7158)
4(7158 7260 7262 7160)
4(7160 7262 7264 7162)
4(7162 7264 7266 7164)
4(7164 7266 7268 7166)
4(7166 7268 7270 7168)
4(7168 7270 7272 7170)
4(7170 7272 7274 7172)
4(7172 7274 7276 7174)
4(7174 7276 7278 7176)
4(7176 7278 7280 7178)
4(7178 7280 7282 7180)
4(7180 7282 7284 7182)
4(7182 7284 7286 7184)
4(7184 7286 7288 7186)
4(7186 7288 7290 7188)
4(7188 7290 7292 7190)
4(7190 7292 7294 7192)
4(7192 7294 7296 7194)
4(7194 7296 7298 7196)
4(7196 7298 7300 7198)
4(7198 7300 7302 7200)
4(7200 7302 7304 7202)
4(7202 7304 7306 7204)
4(7204 7306 7308 7206)
4(7206 7308 7310 7208)
4(7208 7310 7312 7210)
4(7210 7312 7314 7212)
4(7212 7314 7316 7214)
4(7214 7316 7318 7216)
4(7216 7318 7320 7218)
4(7218 7320 7322 7220)
4(7220 7322 7324 7222)
4(7222 7324 7326 7224)
4(7224 7326 7328 7226)
4(7226 7328 7330 7228)
4(7228 7330 7332 7230)
4(7230 7332 7334 7232)
4(7232 7334 7336 7234)
4(7234 7336 7338 7236)
4(7236 7338 7340 7238)
4(7238 7340 7342 7240)
4(7242 7344 7346 7244)
4(7244 7346 7348 7246)
4(7246 7348 7350 7248)
4(7248 7350 7352 7250)
4(7250 7352 7354 7252)
4(7252 7354 7356 7254)
4(7254 7356 7358 7256)
4(7256 7358 7360 7258)
4(7258 7360 7362 7260)
4(7260 7362 7364 7262)
4(7262 7364 7366 7264)
4(7264 7366 7368 7266)
4(7266 7368 7370 7268)
4(7268 7370 7372 7270)
4(7270 7372 7374 7272)
4(7272 7374 7376 7274)
4(7274 7376 7378 7276)
4(7276 7378 7380 7278)
4(7278 7380 7382 7280)
4(7280 7382 7384 7282)
4(7282 7384 7386 7284)
4(7284 7386 7388 7286)
4(7286 7388 7390 7288)
4(7288 7390 7392 7290)
4(7290 7392 7394 7292)
4(7292 7394 7396 7294)
4(7294 7396 7398 7296)
4(7296 7398 7400 7298)
4(7298 7400 7402 7300)
4(7300 7402 7404 7302)
4(7302 7404 7406 7304)
4(7304 7406 7408 7306)
4(7306 7408 7410 7308)
4(7308 7410 7412 7310)
4(7310 7412 7414 7312)
4(7312 7414 7416 7314)
4(7314 7416 7418 7316)
4(7316 7418 7420 7318)
4(7318 7420 7422 7320)
4(7320 7422 7424 7322)
4(7322 7424 7426 7324)
4(7324 7426 7428 7326)
4(7326 7428 7430 7328)
4(7328 7430 7432 7330)
4(7330 7432 7434 7332)
4(7332 7434 7436 7334)
4(7334 7436 7438 7336)
4(7336 7438 7440 7338)
4(7338 7440 7442 7340)
4(7340 7442 7444 7342)
4(7344 7446 7448 7346)
4(7346 7448 7450 7348)
4(7348 7450 7452 7350)
4(7350 7452 7454 7352)
4(7352 7454 7456 7354)
4(7354 7456 7458 7356)
4(7356 7458 7460 7358)
4(7358 7460 7462 7360)
4(7360 7462 7464 7362)
4(7362 7464 7466 7364)
4(7364 7466 7468 7366)
4(7366 7468 7470 7368)
4(7368 7470 7472 7370)
4(7370 7472 7474 7372)
4(7372 7474 7476 7374)
4(7374 7476 7478 7376)
4(7376 7478 7480 7378)
4(7378 7480 7482 7380)
4(7380 7482 7484 7382)
4(7382 7484 7486 7384)
4(7384 7486 7488 7386)
4(7386 7488 7490 7388)
4(7388 7490 7492 7390)
4(7390 7492 7494 7392)
4(7392 7494 7496 7394)
4(7394 7496 7498 7396)
4(7396 7498 7500 7398)
4(7398 7500 7502 7400)
4(7400 7502 7504 7402)
4(7402 7504 7506 7404)
4(7404 7506 7508 7406)
4(7406 7508 7510 7408)
4(7408 7510 7512 7410)
4(7410 7512 7514 7412)
4(7412 7514 7516 7414)
4(7414 7516 7518 7416)
4(7416 7518 7520 7418)
4(7418 7520 7522 7420)
4(7420 7522 7524 7422)
4(7422 7524 7526 7424)
4(7424 7526 7528 7426)
4(7426 7528 7530 7428)
4(7428 7530 7532 7430)
4(7430 7532 7534 7432)
4(7432 7534 7536 7434)
4(7434 7536 7538 7436)
4(7436 7538 7540 7438)
4(7438 7540 7542 7440)
4(7440 7542 7544 7442)
4(7442 7544 7546 7444)
4(7446 7548 7550 7448)
4(7448 7550 7552 7450)
4(7450 7552 7554 7452)
4(7452 7554 7556 7454)
4(7454 7556 7558 7456)
4(7456 7558 7560 7458)
4(7458 7560 7562 7460)
4(7460 7562 7564 7462)
4(7462 7564 7566 7464)
4(7464 7566 7568 7466)
4(7466 7568 7570 7468)
4(7468 7570 7572 7470)
4(7470 7572 7574 7472)
4(7472 7574 7576 7474)
4(7474 7576 7578 7476)
4(7476 7578 7580 7478)
4(7478 7580 7582 7480)
4(7480 7582 7584 7482)
4(7482 7584 7586 7484)
4(7484 7586 7588 7486)
4(7486 7588 7590 7488)
4(7488 7590 7592 7490)
4(7490 7592 7594 7492)
4(7492 7594 7596 7494)
4(7494 7596 7598 7496)
4(7496 7598 7600 7498)
4(7498 7600 7602 7500)
4(7500 7602 7604 7502)
4(7502 7604 7606 7504)
4(7504 7606 7608 7506)
4(7506 7608 7610 7508)
4(7508 7610 7612 7510)
4(7510 7612 7614 7512)
4(7512 7614 7616 7514)
4(7514 7616 7618 7516)
4(7516 7618 7620 7518)
4(7518 7620 7622 7520)
4(7520 7622 7624 7522)
4(7522 7624 7626 7524)
4(7524 7626 7628 7526)
4(7526 7628 7630 7528)
4(7528 7630 7632 7530)
4(7530 7632 7634 7532)
4(7532 7634 7636 7534)
4(7534 7636 7638 7536)
4(7536 7638 7640 7538)
4(7538 7640 7642 7540)
4(7540 7642 7644 7542)
4(7542 7644 7646 7544)
4(7544 7646 7648 7546)
4(7548 7650 7652 7550)
4(7550 7652 7654 7552)
4(7552 7654 7656 7554)
4(7554 7656 7658 7556)
4(7556 7658 7660 7558)
4(7558 7660 7662 7560)
4(7560 7662 7664 7562)
4(7562 7664 7666 7564)
4(7564 7666 7668 7566)
4(7566 7668 7670 7568)
4(7568 7670 7672 7570)
4(7570 7672 7674 7572)
4(7572 7674 7676 7574)
4(7574 7676 7678 7576)
4(7576 7678 7680 7578)
4(7578 7680 7682 7580)
4(7580 7682 7684 7582)
4(7582 7684 7686 7584)
4(7584 7686 7688 7586)
4(7586 7688 7690 7588)
4(7588 7690 7692 7590)
4(7590 7692 7694 7592)
4(7592 7694 7696 7594)
4(7594 7696 7698 7596)
4(7596 7698 7700 7598)
4(7598 7700 7702 7600)
4(7600 7702 7704 7602)
4(7602 7704 7706 7604)
4(7604 7706 7708 7606)
4(7606 7708 7710 7608)
4(7608 7710 7712 7610)
4(7610 7712 7714 7612)
4(7612 7714 7716 7614)
4(7614 7716 7718 7616)
4(7616 7718 7720 7618)
4(7618 7720 7722 7620)
4(7620 7722 7724 7622)
4(7622 7724 7726 7624)
4(7624 7726 7728 7626)
4(7626 7728 7730 7628)
4(7628 7730 7732 7630)
4(7630 7732 7734 7632)
4(7632 7734 7736 7634)
4(7634 7736 7738 7636)
4(7636 7738 7740 7638)
4(7638 7740 7742 7640)
4(7640 7742 7744 7642)
4(7642 7744 7746 7644)
4(7644 7746 7748 7646)
4(7646 7748 7750 7648)
4(7650 7752 7754 7652)
4(7652 7754 7756 7654)
4(7654 7756 7758 7656)
4(7656 7758 7760 7658)
4(7658 7760 7762 7660)
4(7660 7762 7764 7662)
4(7662 7764 7766 7664)
4(7664 7766 7768 7666)
4(7666 7768 7770 7668)
4(7668 7770 7772 7670)
4(7670 7772 7774 7672)
4(7672 7774 7776 7674)
4(7674 7776 7778 7676)
4(7676 7778 7780 7678)
4(7678 7780 7782 7680)
4(7680 7782 7784 7682)
4(7682 7784 7786 7684)
4(7684 7786 7788 7686)
4(7686 7788 7790 7688)
4(7688 7790 7792 7690)
4(7690 7792 7794 7692)
4(7692 7794 7796 7694)
4(7694 7796 7798 7696)
4(7696 7798 7800 7698)
4(7698 7800 7802 7700)
4(7700 7802 7804 7702)
4(7702 7804 7806 7704)
4(7704 7806 7808 7706)
4(7706 7808 7810 7708)
4(7708 7810 7812 7710)
4(7710 7812 7814 7712)
4(7712 7814 7816 7714)
4(7714 7816 7818 7716)
4(7716 7818 7820 7718)
4(7718 7820 7822 7720)
4(7720 7822 7824 7722)
4(7722 7824 7826 7724)
4(7724 7826 7828 7726)
4(7726 7828 7830 7728)
4(7728 7830 7832 7730)
4(7730 7832 7834 7732)
4(7732 7834 7836 7734)
4(7734 7836 7838 7736)
4(7736 7838 7840 7738)
4(7738 7840 7842 7740)
4(7740 7842 7844 7742)
4(7742 7844 7846 7744)
4(7744 7846 7848 7746)
4(7746 7848 7850 7748)
4(7748 7850 7852 7750)
4(7752 7854 7856 7754)
4(7754 7856 7858 7756)
4(7756 7858 7860 7758)
4(7758 7860 7862 7760)
4(7760 7862 7864 7762)
4(7762 7864 7866 7764)
4(7764 7866 7868 7766)
4(7766 7868 7870 7768)
4(7768 7870 7872 7770)
4(7770 7872 7874 7772)
4(7772 7874 7876 7774)
4(7774 7876 7878 7776)
4(7776 7878 7880 7778)
4(7778 7880 7882 7780)
4(7780 7882 7884 7782)
4(7782 7884 7886 7784)
4(7784 7886 7888 7786)
4(7786 7888 7890 7788)
4(7788 7890 7892 7790)
4(7790 7892 7894 7792)
4(7792 7894 7896 7794)
4(7794 7896 7898 7796)
4(7796 7898 7900 7798)
4(7798 7900 7902 7800)
4(7800 7902 7904 7802)
4(7802 7904 7906 7804)
4(7804 7906 7908 7806)
4(7806 7908 7910 7808)
4(7808 7910 7912 7810)
4(7810 7912 7914 7812)
4(7812 7914 7916 7814)
4(7814 7916 7918 7816)
4(7816 7918 7920 7818)
4(7818 7920 7922 7820)
4(7820 7922 7924 7822)
4(7822 7924 7926 7824)
4(7824 7926 7928 7826)
4(7826 7928 7930 7828)
4(7828 7930 7932 7830)
4(7830 7932 7934 7832)
4(7832 7934 7936 7834)
4(7834 7936 7938 7836)
4(7836 7938 7940 7838)
4(7838 7940 7942 7840)
4(7840 7942 7944 7842)
4(7842 7944 7946 7844)
4(7844 7946 7948 7846)
4(7846 7948 7950 7848)
4(7848 7950 7952 7850)
4(7850 7952 7954 7852)
4(7854 7956 7958 7856)
4(7856 7958 7960 7858)
4(7858 7960 7962 7860)
4(7860 7962 7964 7862)
4(7862 7964 7966 7864)
4(7864 7966 7968 7866)
4(7866 7968 7970 7868)
4(7868 7970 7972 7870)
4(7870 7972 7974 7872)
4(7872 7974 7976 7874)
4(7874 7976 7978 7876)
4(7876 7978 7980 7878)
4(7878 7980 7982 7880)
4(7880 7982 7984 7882)
4(7882 7984 7986 7884)
4(7884 7986 7988 7886)
4(7886 7988 7990 7888)
4(7888 7990 7992 7890)
4(7890 7992 7994 7892)
4(7892 7994 7996 7894)
4(7894 7996 7998 7896)
4(7896 7998 8000 7898)
4(7898 8000 8002 7900)
4(7900 8002 8004 7902)
4(7902 8004 8006 7904)
4(7904 8006 8008 7906)
4(7906 8008 8010 7908)
4(7908 8010 8012 7910)
4(7910 8012 8014 7912)
4(7912 8014 8016 7914)
4(7914 8016 8018 7916)
4(7916 8018 8020 7918)
4(7918 8020 8022 7920)
4(7920 8022 8024 7922)
4(7922 8024 8026 7924)
4(7924 8026 8028 7926)
4(7926 8028 8030 7928)
4(7928 8030 8032 7930)
4(7930 8032 8034 7932)
4(7932 8034 8036 7934)
4(7934 8036 8038 7936)
4(7936 8038 8040 7938)
4(7938 8040 8042 7940)
4(7940 8042 8044 7942)
4(7942 8044 8046 7944)
4(7944 8046 8048 7946)
4(7946 8048 8050 7948)
4(7948 8050 8052 7950)
4(7950 8052 8054 7952)
4(7952 8054 8056 7954)
4(7956 8058 8060 7958)
4(7958 8060 8062 7960)
4(7960 8062 8064 7962)
4(7962 8064 8066 7964)
4(7964 8066 8068 7966)
4(7966 8068 8070 7968)
4(7968 8070 8072 7970)
4(7970 8072 8074 7972)
4(7972 8074 8076 7974)
4(7974 8076 8078 7976)
4(7976 8078 8080 7978)
4(7978 8080 8082 7980)
4(7980 8082 8084 7982)
4(7982 8084 8086 7984)
4(7984 8086 8088 7986)
4(7986 8088 8090 7988)
4(7988 8090 8092 7990)
4(7990 8092 8094 7992)
4(7992 8094 8096 7994)
4(7994 8096 8098 7996)
4(7996 8098 8100 7998)
4(7998 8100 8102 8000)
4(8000 8102 8104 8002)
4(8002 8104 8106 8004)
4(8004 8106 8108 8006)
4(8006 8108 8110 8008)
4(8008 8110 8112 8010)
4(8010 8112 8114 8012)
4(8012 8114 8116 8014)
4(8014 8116 8118 8016)
4(8016 8118 8120 8018)
4(8018 8120 8122 8020)
4(8020 8122 8124 8022)
4(8022 8124 8126 8024)
4(8024 8126 8128 8026)
4(8026 8128 8130 8028)
4(8028 8130 8132 8030)
4(8030 8132 8134 8032)
4(8032 8134 8136 8034)
4(8034 8136 8138 8036)
4(8036 8138 8140 8038)
4(8038 8140 8142 8040)
4(8040 8142 8144 8042)
4(8042 8144 8146 8044)
4(8044 8146 8148 8046)
4(8046 8148 8150 8048)
4(8048 8150 8152 8050)
4(8050 8152 8154 8052)
4(8052 8154 8156 8054)
4(8054 8156 8158 8056)
4(8058 8160 8162 8060)
4(8060 8162 8164 8062)
4(8062 8164 8166 8064)
4(8064 8166 8168 8066)
4(8066 8168 8170 8068)
4(8068 8170 8172 8070)
4(8070 8172 8174 8072)
4(8072 8174 8176 8074)
4(8074 8176 8178 8076)
4(8076 8178 8180 8078)
4(8078 8180 8182 8080)
4(8080 8182 8184 8082)
4(8082 8184 8186 8084)
4(8084 8186 8188 8086)
4(8086 8188 8190 8088)
4(8088 8190 8192 8090)
4(8090 8192 8194 8092)
4(8092 8194 8196 8094)
4(8094 8196 8198 8096)
4(8096 8198 8200 8098)
4(8098 8200 8202 8100)
4(8100 8202 8204 8102)
4(8102 8204 8206 8104)
4(8104 8206 8208 8106)
4(8106 8208 8210 8108)
4(8108 8210 8212 8110)
4(8110 8212 8214 8112)
4(8112 8214 8216 8114)
4(8114 8216 8218 8116)
4(8116 8218 8220 8118)
4(8118 8220 8222 8120)
4(8120 8222 8224 8122)
4(8122 8224 8226 8124)
4(8124 8226 8228 8126)
4(8126 8228 8230 8128)
4(8128 8230 8232 8130)
4(8130 8232 8234 8132)
4(8132 8234 8236 8134)
4(8134 8236 8238 8136)
4(8136 8238 8240 8138)
4(8138 8240 8242 8140)
4(8140 8242 8244 8142)
4(8142 8244 8246 8144)
4(8144 8246 8248 8146)
4(8146 8248 8250 8148)
4(8148 8250 8252 8150)
4(8150 8252 8254 8152)
4(8152 8254 8256 8154)
4(8154 8256 8258 8156)
4(8156 8258 8260 8158)
4(8160 8262 8264 8162)
4(8162 8264 8266 8164)
4(8164 8266 8268 8166)
4(8166 8268 8270 8168)
4(8168 8270 8272 8170)
4(8170 8272 8274 8172)
4(8172 8274 8276 8174)
4(8174 8276 8278 8176)
4(8176 8278 8280 8178)
4(8178 8280 8282 8180)
4(8180 8282 8284 8182)
4(8182 8284 8286 8184)
4(8184 8286 8288 8186)
4(8186 8288 8290 8188)
4(8188 8290 8292 8190)
4(8190 8292 8294 8192)
4(8192 8294 8296 8194)
4(8194 8296 8298 8196)
4(8196 8298 8300 8198)
4(8198 8300 8302 8200)
4(8200 8302 8304 8202)
4(8202 8304 8306 8204)
4(8204 8306 8308 8206)
4(8206 8308 8310 8208)
4(8208 8310 8312 8210)
4(8210 8312 8314 8212)
4(8212 8314 8316 8214)
4(8214 8316 8318 8216)
4(8216 8318 8320 8218)
4(8218 8320 8322 8220)
4(8220 8322 8324 8222)
4(8222 8324 8326 8224)
4(8224 8326 8328 8226)
4(8226 8328 8330 8228)
4(8228 8330 8332 8230)
4(8230 8332 8334 8232)
4(8232 8334 8336 8234)
4(8234 8336 8338 8236)
4(8236 8338 8340 8238)
4(8238 8340 8342 8240)
4(8240 8342 8344 8242)
4(8242 8344 8346 8244)
4(8244 8346 8348 8246)
4(8246 8348 8350 8248)
4(8248 8350 8352 8250)
4(8250 8352 8354 8252)
4(8252 8354 8356 8254)
4(8254 8356 8358 8256)
4(8256 8358 8360 8258)
4(8258 8360 8362 8260)
4(8262 8364 8366 8264)
4(8264 8366 8368 8266)
4(8266 8368 8370 8268)
4(8268 8370 8372 8270)
4(8270 8372 8374 8272)
4(8272 8374 8376 8274)
4(8274 8376 8378 8276)
4(8276 8378 8380 8278)
4(8278 8380 8382 8280)
4(8280 8382 8384 8282)
4(8282 8384 8386 8284)
4(8284 8386 8388 8286)
4(8286 8388 8390 8288)
4(8288 8390 8392 8290)
4(8290 8392 8394 8292)
4(8292 8394 8396 8294)
4(8294 8396 8398 8296)
4(8296 8398 8400 8298)
4(8298 8400 8402 8300)
4(8300 8402 8404 8302)
4(8302 8404 8406 8304)
4(8304 8406 8408 8306)
4(8306 8408 8410 8308)
4(8308 8410 8412 8310)
4(8310 8412 8414 8312)
4(8312 8414 8416 8314)
4(8314 8416 8418 8316)
4(8316 8418 8420 8318)
4(8318 8420 8422 8320)
4(8320 8422 8424 8322)
4(8322 8424 8426 8324)
4(8324 8426 8428 8326)
4(8326 8428 8430 8328)
4(8328 8430 8432 8330)
4(8330 8432 8434 8332)
4(8332 8434 8436 8334)
4(8334 8436 8438 8336)
4(8336 8438 8440 8338)
4(8338 8440 8442 8340)
4(8340 8442 8444 8342)
4(8342 8444 8446 8344)
4(8344 8446 8448 8346)
4(8346 8448 8450 8348)
4(8348 8450 8452 8350)
4(8350 8452 8454 8352)
4(8352 8454 8456 8354)
4(8354 8456 8458 8356)
4(8356 8458 8460 8358)
4(8358 8460 8462 8360)
4(8360 8462 8464 8362)
4(8364 8466 8468 8366)
4(8366 8468 8470 8368)
4(8368 8470 8472 8370)
4(8370 8472 8474 8372)
4(8372 8474 8476 8374)
4(8374 8476 8478 8376)
4(8376 8478 8480 8378)
4(8378 8480 8482 8380)
4(8380 8482 8484 8382)
4(8382 8484 8486 8384)
4(8384 8486 8488 8386)
4(8386 8488 8490 8388)
4(8388 8490 8492 8390)
4(8390 8492 8494 8392)
4(8392 8494 8496 8394)
4(8394 8496 8498 8396)
4(8396 8498 8500 8398)
4(8398 8500 8502 8400)
4(8400 8502 8504 8402)
4(8402 8504 8506 8404)
4(8404 8506 8508 8406)
4(8406 8508 8510 8408)
4(8408 8510 8512 8410)
4(8410 8512 8514 8412)
4(8412 8514 8516 8414)
4(8414 8516 8518 8416)
4(8416 8518 8520 8418)
4(8418 8520 8522 8420)
4(8420 8522 8524 8422)
4(8422 8524 8526 8424)
4(8424 8526 8528 8426)
4(8426 8528 8530 8428)
4(8428 8530 8532 8430)
4(8430 8532 8534 8432)
4(8432 8534 8536 8434)
4(8434 8536 8538 8436)
4(8436 8538 8540 8438)
4(8438 8540 8542 8440)
4(8440 8542 8544 8442)
4(8442 8544 8546 8444)
4(8444 8546 8548 8446)
4(8446 8548 8550 8448)
4(8448 8550 8552 8450)
4(8450 8552 8554 8452)
4(8452 8554 8556 8454)
4(8454 8556 8558 8456)
4(8456 8558 8560 8458)
4(8458 8560 8562 8460)
4(8460 8562 8564 8462)
4(8462 8564 8566 8464)
4(8466 8568 8570 8468)
4(8468 8570 8572 8470)
4(8470 8572 8574 8472)
4(8472 8574 8576 8474)
4(8474 8576 8578 8476)
4(8476 8578 8580 8478)
4(8478 8580 8582 8480)
4(8480 8582 8584 8482)
4(8482 8584 8586 8484)
4(8484 8586 8588 8486)
4(8486 8588 8590 8488)
4(8488 8590 8592 8490)
4(8490 8592 8594 8492)
4(8492 8594 8596 8494)
4(8494 8596 8598 8496)
4(8496 8598 8600 8498)
4(8498 8600 8602 8500)
4(8500 8602 8604 8502)
4(8502 8604 8606 8504)
4(8504 8606 8608 8506)
4(8506 8608 8610 8508)
4(8508 8610 8612 8510)
4(8510 8612 8614 8512)
4(8512 8614 8616 8514)
4(8514 8616 8618 8516)
4(8516 8618 8620 8518)
4(8518 8620 8622 8520)
4(8520 8622 8624 8522)
4(8522 8624 8626 8524)
4(8524 8626 8628 8526)
4(8526 8628 8630 8528)
4(8528 8630 8632 8530)
4(8530 8632 8634 8532)
4(8532 8634 8636 8534)
4(8534 8636 8638 8536)
4(8536 8638 8640 8538)
4(8538 8640 8642 8540)
4(8540 8642 8644 8542)
4(8542 8644 8646 8544)
4(8544 8646 8648 8546)
4(8546 8648 8650 8548)
4(8548 8650 8652 8550)
4(8550 8652 8654 8552)
4(8552 8654 8656 8554)
4(8554 8656 8658 8556)
4(8556 8658 8660 8558)
4(8558 8660 8662 8560)
4(8560 8662 8664 8562)
4(8562 8664 8666 8564)
4(8564 8666 8668 8566)
4(8568 8670 8672 8570)
4(8570 8672 8674 8572)
4(8572 8674 8676 8574)
4(8574 8676 8678 8576)
4(8576 8678 8680 8578)
4(8578 8680 8682 8580)
4(8580 8682 8684 8582)
4(8582 8684 8686 8584)
4(8584 8686 8688 8586)
4(8586 8688 8690 8588)
4(8588 8690 8692 8590)
4(8590 8692 8694 8592)
4(8592 8694 8696 8594)
4(8594 8696 8698 8596)
4(8596 8698 8700 8598)
4(8598 8700 8702 8600)
4(8600 8702 8704 8602)
4(8602 8704 8706 8604)
4(8604 8706 8708 8606)
4(8606 8708 8710 8608)
4(8608 8710 8712 8610)
4(8610 8712 8714 8612)
4(8612 8714 8716 8614)
4(8614 8716 8718 8616)
4(8616 8718 8720 8618)
4(8618 8720 8722 8620)
4(8620 8722 8724 8622)
4(8622 8724 8726 8624)
4(8624 8726 8728 8626)
4(8626 8728 8730 8628)
4(8628 8730 8732 8630)
4(8630 8732 8734 8632)
4(8632 8734 8736 8634)
4(8634 8736 8738 8636)
4(8636 8738 8740 8638)
4(8638 8740 8742 8640)
4(8640 8742 8744 8642)
4(8642 8744 8746 8644)
4(8644 8746 8748 8646)
4(8646 8748 8750 8648)
4(8648 8750 8752 8650)
4(8650 8752 8754 8652)
4(8652 8754 8756 8654)
4(8654 8756 8758 8656)
4(8656 8758 8760 8658)
4(8658 8760 8762 8660)
4(8660 8762 8764 8662)
4(8662 8764 8766 8664)
4(8664 8766 8768 8666)
4(8666 8768 8770 8668)
4(8670 8772 8774 8672)
4(8672 8774 8776 8674)
4(8674 8776 8778 8676)
4(8676 8778 8780 8678)
4(8678 8780 8782 8680)
4(8680 8782 8784 8682)
4(8682 8784 8786 8684)
4(8684 8786 8788 8686)
4(8686 8788 8790 8688)
4(8688 8790 8792 8690)
4(8690 8792 8794 8692)
4(8692 8794 8796 8694)
4(8694 8796 8798 8696)
4(8696 8798 8800 8698)
4(8698 8800 8802 8700)
4(8700 8802 8804 8702)
4(8702 8804 8806 8704)
4(8704 8806 8808 8706)
4(8706 8808 8810 8708)
4(8708 8810 8812 8710)
4(8710 8812 8814 8712)
4(8712 8814 8816 8714)
4(8714 8816 8818 8716)
4(8716 8818 8820 8718)
4(8718 8820 8822 8720)
4(8720 8822 8824 8722)
4(8722 8824 8826 8724)
4(8724 8826 8828 8726)
4(8726 8828 8830 8728)
4(8728 8830 8832 8730)
4(8730 8832 8834 8732)
4(8732 8834 8836 8734)
4(8734 8836 8838 8736)
4(8736 8838 8840 8738)
4(8738 8840 8842 8740)
4(8740 8842 8844 8742)
4(8742 8844 8846 8744)
4(8744 8846 8848 8746)
4(8746 8848 8850 8748)
4(8748 8850 8852 8750)
4(8750 8852 8854 8752)
4(8752 8854 8856 8754)
4(8754 8856 8858 8756)
4(8756 8858 8860 8758)
4(8758 8860 8862 8760)
4(8760 8862 8864 8762)
4(8762 8864 8866 8764)
4(8764 8866 8868 8766)
4(8766 8868 8870 8768)
4(8768 8870 8872 8770)
4(8772 8874 8876 8774)
4(8774 8876 8878 8776)
4(8776 8878 8880 8778)
4(8778 8880 8882 8780)
4(8780 8882 8884 8782)
4(8782 8884 8886 8784)
4(8784 8886 8888 8786)
4(8786 8888 8890 8788)
4(8788 8890 8892 8790)
4(8790 8892 8894 8792)
4(8792 8894 8896 8794)
4(8794 8896 8898 8796)
4(8796 8898 8900 8798)
4(8798 8900 8902 8800)
4(8800 8902 8904 8802)
4(8802 8904 8906 8804)
4(8804 8906 8908 8806)
4(8806 8908 8910 8808)
4(8808 8910 8912 8810)
4(8810 8912 8914 8812)
4(8812 8914 8916 8814)
4(8814 8916 8918 8816)
4(8816 8918 8920 8818)
4(8818 8920 8922 8820)
4(8820 8922 8924 8822)
4(8822 8924 8926 8824)
4(8824 8926 8928 8826)
4(8826 8928 8930 8828)
4(8828 8930 8932 8830)
4(8830 8932 8934 8832)
4(8832 8934 8936 8834)
4(8834 8936 8938 8836)
4(8836 8938 8940 8838)
4(8838 8940 8942 8840)
4(8840 8942 8944 8842)
4(8842 8944 8946 8844)
4(8844 8946 8948 8846)
4(8846 8948 8950 8848)
4(8848 8950 8952 8850)
4(8850 8952 8954 8852)
4(8852 8954 8956 8854)
4(8854 8956 8958 8856)
4(8856 8958 8960 8858)
4(8858 8960 8962 8860)
4(8860 8962 8964 8862)
4(8862 8964 8966 8864)
4(8864 8966 8968 8866)
4(8866 8968 8970 8868)
4(8868 8970 8972 8870)
4(8870 8972 8974 8872)
4(8874 8976 8978 8876)
4(8876 8978 8980 8878)
4(8878 8980 8982 8880)
4(8880 8982 8984 8882)
4(8882 8984 8986 8884)
4(8884 8986 8988 8886)
4(8886 8988 8990 8888)
4(8888 8990 8992 8890)
4(8890 8992 8994 8892)
4(8892 8994 8996 8894)
4(8894 8996 8998 8896)
4(8896 8998 9000 8898)
4(8898 9000 9002 8900)
4(8900 9002 9004 8902)
4(8902 9004 9006 8904)
4(8904 9006 9008 8906)
4(8906 9008 9010 8908)
4(8908 9010 9012 8910)
4(8910 9012 9014 8912)
4(8912 9014 9016 8914)
4(8914 9016 9018 8916)
4(8916 9018 9020 8918)
4(8918 9020 9022 8920)
4(8920 9022 9024 8922)
4(8922 9024 9026 8924)
4(8924 9026 9028 8926)
4(8926 9028 9030 8928)
4(8928 9030 9032 8930)
4(8930 9032 9034 8932)
4(8932 9034 9036 8934)
4(8934 9036 9038 8936)
4(8936 9038 9040 8938)
4(8938 9040 9042 8940)
4(8940 9042 9044 8942)
4(8942 9044 9046 8944)
4(8944 9046 9048 8946)
4(8946 9048 9050 8948)
4(8948 9050 9052 8950)
4(8950 9052 9054 8952)
4(8952 9054 9056 8954)
4(8954 9056 9058 8956)
4(8956 9058 9060 8958)
4(8958 9060 9062 8960)
4(8960 9062 9064 8962)
4(8962 9064 9066 8964)
4(8964 9066 9068 8966)
4(8966 9068 9070 8968)
4(8968 9070 9072 8970)
4(8970 9072 9074 8972)
4(8972 9074 9076 8974)
4(8976 9078 9080 8978)
4(8978 9080 9082 8980)
4(8980 9082 9084 8982)
4(8982 9084 9086 8984)
4(8984 9086 9088 8986)
4(8986 9088 9090 8988)
4(8988 9090 9092 8990)
4(8990 9092 9094 8992)
4(8992 9094 9096 8994)
4(8994 9096 9098 8996)
4(8996 9098 9100 8998)
4(8998 9100 9102 9000)
4(9000 9102 9104 9002)
4(9002 9104 9106 9004)
4(9004 9106 9108 9006)
4(9006 9108 9110 9008)
4(9008 9110 9112 9010)
4(9010 9112 9114 9012)
4(9012 9114 9116 9014)
4(9014 9116 9118 9016)
4(9016 9118 9120 9018)
4(9018 9120 9122 9020)
4(9020 9122 9124 9022)
4(9022 9124 9126 9024)
4(9024 9126 9128 9026)
4(9026 9128 9130 9028)
4(9028 9130 9132 9030)
4(9030 9132 9134 9032)
4(9032 9134 9136 9034)
4(9034 9136 9138 9036)
4(9036 9138 9140 9038)
4(9038 9140 9142 9040)
4(9040 9142 9144 9042)
4(9042 9144 9146 9044)
4(9044 9146 9148 9046)
4(9046 9148 9150 9048)
4(9048 9150 9152 9050)
4(9050 9152 9154 9052)
4(9052 9154 9156 9054)
4(9054 9156 9158 9056)
4(9056 9158 9160 9058)
4(9058 9160 9162 9060)
4(9060 9162 9164 9062)
4(9062 9164 9166 9064)
4(9064 9166 9168 9066)
4(9066 9168 9170 9068)
4(9068 9170 9172 9070)
4(9070 9172 9174 9072)
4(9072 9174 9176 9074)
4(9074 9176 9178 9076)
4(9078 9180 9182 9080)
4(9080 9182 9184 9082)
4(9082 9184 9186 9084)
4(9084 9186 9188 9086)
4(9086 9188 9190 9088)
4(9088 9190 9192 9090)
4(9090 9192 9194 9092)
4(9092 9194 9196 9094)
4(9094 9196 9198 9096)
4(9096 9198 9200 9098)
4(9098 9200 9202 9100)
4(9100 9202 9204 9102)
4(9102 9204 9206 9104)
4(9104 9206 9208 9106)
4(9106 9208 9210 9108)
4(9108 9210 9212 9110)
4(9110 9212 9214 9112)
4(9112 9214 9216 9114)
4(9114 9216 9218 9116)
4(9116 9218 9220 9118)
4(9118 9220 9222 9120)
4(9120 9222 9224 9122)
4(9122 9224 9226 9124)
4(9124 9226 9228 9126)
4(9126 9228 9230 9128)
4(9128 9230 9232 9130)
4(9130 9232 9234 9132)
4(9132 9234 9236 9134)
4(9134 9236 9238 9136)
4(9136 9238 9240 9138)
4(9138 9240 9242 9140)
4(9140 9242 9244 9142)
4(9142 9244 9246 9144)
4(9144 9246 9248 9146)
4(9146 9248 9250 9148)
4(9148 9250 9252 9150)
4(9150 9252 9254 9152)
4(9152 9254 9256 9154)
4(9154 9256 9258 9156)
4(9156 9258 9260 9158)
4(9158 9260 9262 9160)
4(9160 9262 9264 9162)
4(9162 9264 9266 9164)
4(9164 9266 9268 9166)
4(9166 9268 9270 9168)
4(9168 9270 9272 9170)
4(9170 9272 9274 9172)
4(9172 9274 9276 9174)
4(9174 9276 9278 9176)
4(9176 9278 9280 9178)
4(9180 9282 9284 9182)
4(9182 9284 9286 9184)
4(9184 9286 9288 9186)
4(9186 9288 9290 9188)
4(9188 9290 9292 9190)
4(9190 9292 9294 9192)
4(9192 9294 9296 9194)
4(9194 9296 9298 9196)
4(9196 9298 9300 9198)
4(9198 9300 9302 9200)
4(9200 9302 9304 9202)
4(9202 9304 9306 9204)
4(9204 9306 9308 9206)
4(9206 9308 9310 9208)
4(9208 9310 9312 9210)
4(9210 9312 9314 9212)
4(9212 9314 9316 9214)
4(9214 9316 9318 9216)
4(9216 9318 9320 9218)
4(9218 9320 9322 9220)
4(9220 9322 9324 9222)
4(9222 9324 9326 9224)
4(9224 9326 9328 9226)
4(9226 9328 9330 9228)
4(9228 9330 9332 9230)
4(9230 9332 9334 9232)
4(9232 9334 9336 9234)
4(9234 9336 9338 9236)
4(9236 9338 9340 9238)
4(9238 9340 9342 9240)
4(9240 9342 9344 9242)
4(9242 9344 9346 9244)
4(9244 9346 9348 9246)
4(9246 9348 9350 9248)
4(9248 9350 9352 9250)
4(9250 9352 9354 9252)
4(9252 9354 9356 9254)
4(9254 9356 9358 9256)
4(9256 9358 9360 9258)
4(9258 9360 9362 9260)
4(9260 9362 9364 9262)
4(9262 9364 9366 9264)
4(9264 9366 9368 9266)
4(9266 9368 9370 9268)
4(9268 9370 9372 9270)
4(9270 9372 9374 9272)
4(9272 9374 9376 9274)
4(9274 9376 9378 9276)
4(9276 9378 9380 9278)
4(9278 9380 9382 9280)
4(9282 9384 9386 9284)
4(9284 9386 9388 9286)
4(9286 9388 9390 9288)
4(9288 9390 9392 9290)
4(9290 9392 9394 9292)
4(9292 9394 9396 9294)
4(9294 9396 9398 9296)
4(9296 9398 9400 9298)
4(9298 9400 9402 9300)
4(9300 9402 9404 9302)
4(9302 9404 9406 9304)
4(9304 9406 9408 9306)
4(9306 9408 9410 9308)
4(9308 9410 9412 9310)
4(9310 9412 9414 9312)
4(9312 9414 9416 9314)
4(9314 9416 9418 9316)
4(9316 9418 9420 9318)
4(9318 9420 9422 9320)
4(9320 9422 9424 9322)
4(9322 9424 9426 9324)
4(9324 9426 9428 9326)
4(9326 9428 9430 9328)
4(9328 9430 9432 9330)
4(9330 9432 9434 9332)
4(9332 9434 9436 9334)
4(9334 9436 9438 9336)
4(9336 9438 9440 9338)
4(9338 9440 9442 9340)
4(9340 9442 9444 9342)
4(9342 9444 9446 9344)
4(9344 9446 9448 9346)
4(9346 9448 9450 9348)
4(9348 9450 9452 9350)
4(9350 9452 9454 9352)
4(9352 9454 9456 9354)
4(9354 9456 9458 9356)
4(9356 9458 9460 9358)
4(9358 9460 9462 9360)
4(9360 9462 9464 9362)
4(9362 9464 9466 9364)
4(9364 9466 9468 9366)
4(9366 9468 9470 9368)
4(9368 9470 9472 9370)
4(9370 9472 9474 9372)
4(9372 9474 9476 9374)
4(9374 9476 9478 9376)
4(9376 9478 9480 9378)
4(9378 9480 9482 9380)
4(9380 9482 9484 9382)
4(9384 9486 9488 9386)
4(9386 9488 9490 9388)
4(9388 9490 9492 9390)
4(9390 9492 9494 9392)
4(9392 9494 9496 9394)
4(9394 9496 9498 9396)
4(9396 9498 9500 9398)
4(9398 9500 9502 9400)
4(9400 9502 9504 9402)
4(9402 9504 9506 9404)
4(9404 9506 9508 9406)
4(9406 9508 9510 9408)
4(9408 9510 9512 9410)
4(9410 9512 9514 9412)
4(9412 9514 9516 9414)
4(9414 9516 9518 9416)
4(9416 9518 9520 9418)
4(9418 9520 9522 9420)
4(9420 9522 9524 9422)
4(9422 9524 9526 9424)
4(9424 9526 9528 9426)
4(9426 9528 9530 9428)
4(9428 9530 9532 9430)
4(9430 9532 9534 9432)
4(9432 9534 9536 9434)
4(9434 9536 9538 9436)
4(9436 9538 9540 9438)
4(9438 9540 9542 9440)
4(9440 9542 9544 9442)
4(9442 9544 9546 9444)
4(9444 9546 9548 9446)
4(9446 9548 9550 9448)
4(9448 9550 9552 9450)
4(9450 9552 9554 9452)
4(9452 9554 9556 9454)
4(9454 9556 9558 9456)
4(9456 9558 9560 9458)
4(9458 9560 9562 9460)
4(9460 9562 9564 9462)
4(9462 9564 9566 9464)
4(9464 9566 9568 9466)
4(9466 9568 9570 9468)
4(9468 9570 9572 9470)
4(9470 9572 9574 9472)
4(9472 9574 9576 9474)
4(9474 9576 9578 9476)
4(9476 9578 9580 9478)
4(9478 9580 9582 9480)
4(9480 9582 9584 9482)
4(9482 9584 9586 9484)
4(9486 9588 9590 9488)
4(9488 9590 9592 9490)
4(9490 9592 9594 9492)
4(9492 9594 9596 9494)
4(9494 9596 9598 9496)
4(9496 9598 9600 9498)
4(9498 9600 9602 9500)
4(9500 9602 9604 9502)
4(9502 9604 9606 9504)
4(9504 9606 9608 9506)
4(9506 9608 9610 9508)
4(9508 9610 9612 9510)
4(9510 9612 9614 9512)
4(9512 9614 9616 9514)
4(9514 9616 9618 9516)
4(9516 9618 9620 9518)
4(9518 9620 9622 9520)
4(9520 9622 9624 9522)
4(9522 9624 9626 9524)
4(9524 9626 9628 9526)
4(9526 9628 9630 9528)
4(9528 9630 9632 9530)
4(9530 9632 9634 9532)
4(9532 9634 9636 9534)
4(9534 9636 9638 9536)
4(9536 9638 9640 9538)
4(9538 9640 9642 9540)
4(9540 9642 9644 9542)
4(9542 9644 9646 9544)
4(9544 9646 9648 9546)
4(9546 9648 9650 9548)
4(9548 9650 9652 9550)
4(9550 9652 9654 9552)
4(9552 9654 9656 9554)
4(9554 9656 9658 9556)
4(9556 9658 9660 9558)
4(9558 9660 9662 9560)
4(9560 9662 9664 9562)
4(9562 9664 9666 9564)
4(9564 9666 9668 9566)
4(9566 9668 9670 9568)
4(9568 9670 9672 9570)
4(9570 9672 9674 9572)
4(9572 9674 9676 9574)
4(9574 9676 9678 9576)
4(9576 9678 9680 9578)
4(9578 9680 9682 9580)
4(9580 9682 9684 9582)
4(9582 9684 9686 9584)
4(9584 9686 9688 9586)
4(9588 9690 9692 9590)
4(9590 9692 9694 9592)
4(9592 9694 9696 9594)
4(9594 9696 9698 9596)
4(9596 9698 9700 9598)
4(9598 9700 9702 9600)
4(9600 9702 9704 9602)
4(9602 9704 9706 9604)
4(9604 9706 9708 9606)
4(9606 9708 9710 9608)
4(9608 9710 9712 9610)
4(9610 9712 9714 9612)
4(9612 9714 9716 9614)
4(9614 9716 9718 9616)
4(9616 9718 9720 9618)
4(9618 9720 9722 9620)
4(9620 9722 9724 9622)
4(9622 9724 9726 9624)
4(9624 9726 9728 9626)
4(9626 9728 9730 9628)
4(9628 9730 9732 9630)
4(9630 9732 9734 9632)
4(9632 9734 9736 9634)
4(9634 9736 9738 9636)
4(9636 9738 9740 9638)
4(9638 9740 9742 9640)
4(9640 9742 9744 9642)
4(9642 9744 9746 9644)
4(9644 9746 9748 9646)
4(9646 9748 9750 9648)
4(9648 9750 9752 9650)
4(9650 9752 9754 9652)
4(9652 9754 9756 9654)
4(9654 9756 9758 9656)
4(9656 9758 9760 9658)
4(9658 9760 9762 9660)
4(9660 9762 9764 9662)
4(9662 9764 9766 9664)
4(9664 9766 9768 9666)
4(9666 9768 9770 9668)
4(9668 9770 9772 9670)
4(9670 9772 9774 9672)
4(9672 9774 9776 9674)
4(9674 9776 9778 9676)
4(9676 9778 9780 9678)
4(9678 9780 9782 9680)
4(9680 9782 9784 9682)
4(9682 9784 9786 9684)
4(9684 9786 9788 9686)
4(9686 9788 9790 9688)
4(9690 9792 9794 9692)
4(9692 9794 9796 9694)
4(9694 9796 9798 9696)
4(9696 9798 9800 9698)
4(9698 9800 9802 9700)
4(9700 9802 9804 9702)
4(9702 9804 9806 9704)
4(9704 9806 9808 9706)
4(9706 9808 9810 9708)
4(9708 9810 9812 9710)
4(9710 9812 9814 9712)
4(9712 9814 9816 9714)
4(9714 9816 9818 9716)
4(9716 9818 9820 9718)
4(9718 9820 9822 9720)
4(9720 9822 9824 9722)
4(9722 9824 9826 9724)
4(9724 9826 9828 9726)
4(9726 9828 9830 9728)
4(9728 9830 9832 9730)
4(9730 9832 9834 9732)
4(9732 9834 9836 9734)
4(9734 9836 9838 9736)
4(9736 9838 9840 9738)
4(9738 9840 9842 9740)
4(9740 9842 9844 9742)
4(9742 9844 9846 9744)
4(9744 9846 9848 9746)
4(9746 9848 9850 9748)
4(9748 9850 9852 9750)
4(9750 9852 9854 9752)
4(9752 9854 9856 9754)
4(9754 9856 9858 9756)
4(9756 9858 9860 9758)
4(9758 9860 9862 9760)
4(9760 9862 9864 9762)
4(9762 9864 9866 9764)
4(9764 9866 9868 9766)
4(9766 9868 9870 9768)
4(9768 9870 9872 9770)
4(9770 9872 9874 9772)
4(9772 9874 9876 9774)
4(9774 9876 9878 9776)
4(9776 9878 9880 9778)
4(9778 9880 9882 9780)
4(9780 9882 9884 9782)
4(9782 9884 9886 9784)
4(9784 9886 9888 9786)
4(9786 9888 9890 9788)
4(9788 9890 9892 9790)
4(9792 9894 9896 9794)
4(9794 9896 9898 9796)
4(9796 9898 9900 9798)
4(9798 9900 9902 9800)
4(9800 9902 9904 9802)
4(9802 9904 9906 9804)
4(9804 9906 9908 9806)
4(9806 9908 9910 9808)
4(9808 9910 9912 9810)
4(9810 9912 9914 9812)
4(9812 9914 9916 9814)
4(9814 9916 9918 9816)
4(9816 9918 9920 9818)
4(9818 9920 9922 9820)
4(9820 9922 9924 9822)
4(9822 9924 9926 9824)
4(9824 9926 9928 9826)
4(9826 9928 9930 9828)
4(9828 9930 9932 9830)
4(9830 9932 9934 9832)
4(9832 9934 9936 9834)
4(9834 9936 9938 9836)
4(9836 9938 9940 9838)
4(9838 9940 9942 9840)
4(9840 9942 9944 9842)
4(9842 9944 9946 9844)
4(9844 9946 9948 9846)
4(9846 9948 9950 9848)
4(9848 9950 9952 9850)
4(9850 9952 9954 9852)
4(9852 9954 9956 9854)
4(9854 9956 9958 9856)
4(9856 9958 9960 9858)
4(9858 9960 9962 9860)
4(9860 9962 9964 9862)
4(9862 9964 9966 9864)
4(9864 9966 9968 9866)
4(9866 9968 9970 9868)
4(9868 9970 9972 9870)
4(9870 9972 9974 9872)
4(9872 9974 9976 9874)
4(9874 9976 9978 9876)
4(9876 9978 9980 9878)
4(9878 9980 9982 9880)
4(9880 9982 9984 9882)
4(9882 9984 9986 9884)
4(9884 9986 9988 9886)
4(9886 9988 9990 9888)
4(9888 9990 9992 9890)
4(9890 9992 9994 9892)
4(9894 9996 9998 9896)
4(9896 9998 10000 9898)
4(9898 10000 10002 9900)
4(9900 10002 10004 9902)
4(9902 10004 10006 9904)
4(9904 10006 10008 9906)
4(9906 10008 10010 9908)
4(9908 10010 10012 9910)
4(9910 10012 10014 9912)
4(9912 10014 10016 9914)
4(9914 10016 10018 9916)
4(9916 10018 10020 9918)
4(9918 10020 10022 9920)
4(9920 10022 10024 9922)
4(9922 10024 10026 9924)
4(9924 10026 10028 9926)
4(9926 10028 10030 9928)
4(9928 10030 10032 9930)
4(9930 10032 10034 9932)
4(9932 10034 10036 9934)
4(9934 10036 10038 9936)
4(9936 10038 10040 9938)
4(9938 10040 10042 9940)
4(9940 10042 10044 9942)
4(9942 10044 10046 9944)
4(9944 10046 10048 9946)
4(9946 10048 10050 9948)
4(9948 10050 10052 9950)
4(9950 10052 10054 9952)
4(9952 10054 10056 9954)
4(9954 10056 10058 9956)
4(9956 10058 10060 9958)
4(9958 10060 10062 9960)
4(9960 10062 10064 9962)
4(9962 10064 10066 9964)
4(9964 10066 10068 9966)
4(9966 10068 10070 9968)
4(9968 10070 10072 9970)
4(9970 10072 10074 9972)
4(9972 10074 10076 9974)
4(9974 10076 10078 9976)
4(9976 10078 10080 9978)
4(9978 10080 10082 9980)
4(9980 10082 10084 9982)
4(9982 10084 10086 9984)
4(9984 10086 10088 9986)
4(9986 10088 10090 9988)
4(9988 10090 10092 9990)
4(9990 10092 10094 9992)
4(9992 10094 10096 9994)
4(9996 10098 10100 9998)
4(9998 10100 10102 10000)
4(10000 10102 10104 10002)
4(10002 10104 10106 10004)
4(10004 10106 10108 10006)
4(10006 10108 10110 10008)
4(10008 10110 10112 10010)
4(10010 10112 10114 10012)
4(10012 10114 10116 10014)
4(10014 10116 10118 10016)
4(10016 10118 10120 10018)
4(10018 10120 10122 10020)
4(10020 10122 10124 10022)
4(10022 10124 10126 10024)
4(10024 10126 10128 10026)
4(10026 10128 10130 10028)
4(10028 10130 10132 10030)
4(10030 10132 10134 10032)
4(10032 10134 10136 10034)
4(10034 10136 10138 10036)
4(10036 10138 10140 10038)
4(10038 10140 10142 10040)
4(10040 10142 10144 10042)
4(10042 10144 10146 10044)
4(10044 10146 10148 10046)
4(10046 10148 10150 10048)
4(10048 10150 10152 10050)
4(10050 10152 10154 10052)
4(10052 10154 10156 10054)
4(10054 10156 10158 10056)
4(10056 10158 10160 10058)
4(10058 10160 10162 10060)
4(10060 10162 10164 10062)
4(10062 10164 10166 10064)
4(10064 10166 10168 10066)
4(10066 10168 10170 10068)
4(10068 10170 10172 10070)
4(10070 10172 10174 10072)
4(10072 10174 10176 10074)
4(10074 10176 10178 10076)
4(10076 10178 10180 10078)
4(10078 10180 10182 10080)
4(10080 10182 10184 10082)
4(10082 10184 10186 10084)
4(10084 10186 10188 10086)
4(10086 10188 10190 10088)
4(10088 10190 10192 10090)
4(10090 10192 10194 10092)
4(10092 10194 10196 10094)
4(10094 10196 10198 10096)
4(10098 10200 10202 10100)
4(10100 10202 10204 10102)
4(10102 10204 10206 10104)
4(10104 10206 10208 10106)
4(10106 10208 10210 10108)
4(10108 10210 10212 10110)
4(10110 10212 10214 10112)
4(10112 10214 10216 10114)
4(10114 10216 10218 10116)
4(10116 10218 10220 10118)
4(10118 10220 10222 10120)
4(10120 10222 10224 10122)
4(10122 10224 10226 10124)
4(10124 10226 10228 10126)
4(10126 10228 10230 10128)
4(10128 10230 10232 10130)
4(10130 10232 10234 10132)
4(10132 10234 10236 10134)
4(10134 10236 10238 10136)
4(10136 10238 10240 10138)
4(10138 10240 10242 10140)
4(10140 10242 10244 10142)
4(10142 10244 10246 10144)
4(10144 10246 10248 10146)
4(10146 10248 10250 10148)
4(10148 10250 10252 10150)
4(10150 10252 10254 10152)
4(10152 10254 10256 10154)
4(10154 10256 10258 10156)
4(10156 10258 10260 10158)
4(10158 10260 10262 10160)
4(10160 10262 10264 10162)
4(10162 10264 10266 10164)
4(10164 10266 10268 10166)
4(10166 10268 10270 10168)
4(10168 10270 10272 10170)
4(10170 10272 10274 10172)
4(10172 10274 10276 10174)
4(10174 10276 10278 10176)
4(10176 10278 10280 10178)
4(10178 10280 10282 10180)
4(10180 10282 10284 10182)
4(10182 10284 10286 10184)
4(10184 10286 10288 10186)
4(10186 10288 10290 10188)
4(10188 10290 10292 10190)
4(10190 10292 10294 10192)
4(10192 10294 10296 10194)
4(10194 10296 10298 10196)
4(10196 10298 10300 10198)
4(10200 10302 10304 10202)
4(10202 10304 10306 10204)
4(10204 10306 10308 10206)
4(10206 10308 10310 10208)
4(10208 10310 10312 10210)
4(10210 10312 10314 10212)
4(10212 10314 10316 10214)
4(10214 10316 10318 10216)
4(10216 10318 10320 10218)
4(10218 10320 10322 10220)
4(10220 10322 10324 10222)
4(10222 10324 10326 10224)
4(10224 10326 10328 10226)
4(10226 10328 10330 10228)
4(10228 10330 10332 10230)
4(10230 10332 10334 10232)
4(10232 10334 10336 10234)
4(10234 10336 10338 10236)
4(10236 10338 10340 10238)
4(10238 10340 10342 10240)
4(10240 10342 10344 10242)
4(10242 10344 10346 10244)
4(10244 10346 10348 10246)
4(10246 10348 10350 10248)
4(10248 10350 10352 10250)
4(10250 10352 10354 10252)
4(10252 10354 10356 10254)
4(10254 10356 10358 10256)
4(10256 10358 10360 10258)
4(10258 10360 10362 10260)
4(10260 10362 10364 10262)
4(10262 10364 10366 10264)
4(10264 10366 10368 10266)
4(10266 10368 10370 10268)
4(10268 10370 10372 10270)
4(10270 10372 10374 10272)
4(10272 10374 10376 10274)
4(10274 10376 10378 10276)
4(10276 10378 10380 10278)
4(10278 10380 10382 10280)
4(10280 10382 10384 10282)
4(10282 10384 10386 10284)
4(10284 10386 10388 10286)
4(10286 10388 10390 10288)
4(10288 10390 10392 10290)
4(10290 10392 10394 10292)
4(10292 10394 10396 10294)
4(10294 10396 10398 10296)
4(10296 10398 10400 10298)
4(10298 10400 10402 10300)
4(10302 10404 10406 10304)
4(10304 10406 10408 10306)
4(10306 10408 10410 10308)
4(10308 10410 10412 10310)
4(10310 10412 10414 10312)
4(10312 10414 10416 10314)
4(10314 10416 10418 10316)
4(10316 10418 10420 10318)
4(10318 10420 10422 10320)
4(10320 10422 10424 10322)
4(10322 10424 10426 10324)
4(10324 10426 10428 10326)
4(10326 10428 10430 10328)
4(10328 10430 10432 10330)
4(10330 10432 10434 10332)
4(10332 10434 10436 10334)
4(10334 10436 10438 10336)
4(10336 10438 10440 10338)
4(10338 10440 10442 10340)
4(10340 10442 10444 10342)
4(10342 10444 10446 10344)
4(10344 10446 10448 10346)
4(10346 10448 10450 10348)
4(10348 10450 10452 10350)
4(10350 10452 10454 10352)
4(10352 10454 10456 10354)
4(10354 10456 10458 10356)
4(10356 10458 10460 10358)
4(10358 10460 10462 10360)
4(10360 10462 10464 10362)
4(10362 10464 10466 10364)
4(10364 10466 10468 10366)
4(10366 10468 10470 10368)
4(10368 10470 10472 10370)
4(10370 10472 10474 10372)
4(10372 10474 10476 10374)
4(10374 10476 10478 10376)
4(10376 10478 10480 10378)
4(10378 10480 10482 10380)
4(10380 10482 10484 10382)
4(10382 10484 10486 10384)
4(10384 10486 10488 10386)
4(10386 10488 10490 10388)
4(10388 10490 10492 10390)
4(10390 10492 10494 10392)
4(10392 10494 10496 10394)
4(10394 10496 10498 10396)
4(10396 10498 10500 10398)
4(10398 10500 10502 10400)
4(10400 10502 10504 10402)
4(10404 10506 10508 10406)
4(10406 10508 10510 10408)
4(10408 10510 10512 10410)
4(10410 10512 10514 10412)
4(10412 10514 10516 10414)
4(10414 10516 10518 10416)
4(10416 10518 10520 10418)
4(10418 10520 10522 10420)
4(10420 10522 10524 10422)
4(10422 10524 10526 10424)
4(10424 10526 10528 10426)
4(10426 10528 10530 10428)
4(10428 10530 10532 10430)
4(10430 10532 10534 10432)
4(10432 10534 10536 10434)
4(10434 10536 10538 10436)
4(10436 10538 10540 10438)
4(10438 10540 10542 10440)
4(10440 10542 10544 10442)
4(10442 10544 10546 10444)
4(10444 10546 10548 10446)
4(10446 10548 10550 10448)
4(10448 10550 10552 10450)
4(10450 10552 10554 10452)
4(10452 10554 10556 10454)
4(10454 10556 10558 10456)
4(10456 10558 10560 10458)
4(10458 10560 10562 10460)
4(10460 10562 10564 10462)
4(10462 10564 10566 10464)
4(10464 10566 10568 10466)
4(10466 10568 10570 10468)
4(10468 10570 10572 10470)
4(10470 10572 10574 10472)
4(10472 10574 10576 10474)
4(10474 10576 10578 10476)
4(10476 10578 10580 10478)
4(10478 10580 10582 10480)
4(10480 10582 10584 10482)
4(10482 10584 10586 10484)
4(10484 10586 10588 10486)
4(10486 10588 10590 10488)
4(10488 10590 10592 10490)
4(10490 10592 10594 10492)
4(10492 10594 10596 10494)
4(10494 10596 10598 10496)
4(10496 10598 10600 10498)
4(10498 10600 10602 10500)
4(10500 10602 10604 10502)
4(10502 10604 10606 10504)
4(10506 10608 10610 10508)
4(10508 10610 10612 10510)
4(10510 10612 10614 10512)
4(10512 10614 10616 10514)
4(10514 10616 10618 10516)
4(10516 10618 10620 10518)
4(10518 10620 10622 10520)
4(10520 10622 10624 10522)
4(10522 10624 10626 10524)
4(10524 10626 10628 10526)
4(10526 10628 10630 10528)
4(10528 10630 10632 10530)
4(10530 10632 10634 10532)
4(10532 10634 10636 10534)
4(10534 10636 10638 10536)
4(10536 10638 10640 10538)
4(10538 10640 10642 10540)
4(10540 10642 10644 10542)
4(10542 10644 10646 10544)
4(10544 10646 10648 10546)
4(10546 10648 10650 10548)
4(10548 10650 10652 10550)
4(10550 10652 10654 10552)
4(10552 10654 10656 10554)
4(10554 10656 10658 10556)
4(10556 10658 10660 10558)
4(10558 10660 10662 10560)
4(10560 10662 10664 10562)
4(10562 10664 10666 10564)
4(10564 10666 10668 10566)
4(10566 10668 10670 10568)
4(10568 10670 10672 10570)
4(10570 10672 10674 10572)
4(10572 10674 10676 10574)
4(10574 10676 10678 10576)
4(10576 10678 10680 10578)
4(10578 10680 10682 10580)
4(10580 10682 10684 10582)
4(10582 10684 10686 10584)
4(10584 10686 10688 10586)
4(10586 10688 10690 10588)
4(10588 10690 10692 10590)
4(10590 10692 10694 10592)
4(10592 10694 10696 10594)
4(10594 10696 10698 10596)
4(10596 10698 10700 10598)
4(10598 10700 10702 10600)
4(10600 10702 10704 10602)
4(10602 10704 10706 10604)
4(10604 10706 10708 10606)
4(10608 10710 10712 10610)
4(10610 10712 10714 10612)
4(10612 10714 10716 10614)
4(10614 10716 10718 10616)
4(10616 10718 10720 10618)
4(10618 10720 10722 10620)
4(10620 10722 10724 10622)
4(10622 10724 10726 10624)
4(10624 10726 10728 10626)
4(10626 10728 10730 10628)
4(10628 10730 10732 10630)
4(10630 10732 10734 10632)
4(10632 10734 10736 10634)
4(10634 10736 10738 10636)
4(10636 10738 10740 10638)
4(10638 10740 10742 10640)
4(10640 10742 10744 10642)
4(10642 10744 10746 10644)
4(10644 10746 10748 10646)
4(10646 10748 10750 10648)
4(10648 10750 10752 10650)
4(10650 10752 10754 10652)
4(10652 10754 10756 10654)
4(10654 10756 10758 10656)
4(10656 10758 10760 10658)
4(10658 10760 10762 10660)
4(10660 10762 10764 10662)
4(10662 10764 10766 10664)
4(10664 10766 10768 10666)
4(10666 10768 10770 10668)
4(10668 10770 10772 10670)
4(10670 10772 10774 10672)
4(10672 10774 10776 10674)
4(10674 10776 10778 10676)
4(10676 10778 10780 10678)
4(10678 10780 10782 10680)
4(10680 10782 10784 10682)
4(10682 10784 10786 10684)
4(10684 10786 10788 10686)
4(10686 10788 10790 10688)
4(10688 10790 10792 10690)
4(10690 10792 10794 10692)
4(10692 10794 10796 10694)
4(10694 10796 10798 10696)
4(10696 10798 10800 10698)
4(10698 10800 10802 10700)
4(10700 10802 10804 10702)
4(10702 10804 10806 10704)
4(10704 10806 10808 10706)
4(10706 10808 10810 10708)
4(10710 10812 10814 10712)
4(10712 10814 10816 10714)
4(10714 10816 10818 10716)
4(10716 10818 10820 10718)
4(10718 10820 10822 10720)
4(10720 10822 10824 10722)
4(10722 10824 10826 10724)
4(10724 10826 10828 10726)
4(10726 10828 10830 10728)
4(10728 10830 10832 10730)
4(10730 10832 10834 10732)
4(10732 10834 10836 10734)
4(10734 10836 10838 10736)
4(10736 10838 10840 10738)
4(10738 10840 10842 10740)
4(10740 10842 10844 10742)
4(10742 10844 10846 10744)
4(10744 10846 10848 10746)
4(10746 10848 10850 10748)
4(10748 10850 10852 10750)
4(10750 10852 10854 10752)
4(10752 10854 10856 10754)
4(10754 10856 10858 10756)
4(10756 10858 10860 10758)
4(10758 10860 10862 10760)
4(10760 10862 10864 10762)
4(10762 10864 10866 10764)
4(10764 10866 10868 10766)
4(10766 10868 10870 10768)
4(10768 10870 10872 10770)
4(10770 10872 10874 10772)
4(10772 10874 10876 10774)
4(10774 10876 10878 10776)
4(10776 10878 10880 10778)
4(10778 10880 10882 10780)
4(10780 10882 10884 10782)
4(10782 10884 10886 10784)
4(10784 10886 10888 10786)
4(10786 10888 10890 10788)
4(10788 10890 10892 10790)
4(10790 10892 10894 10792)
4(10792 10894 10896 10794)
4(10794 10896 10898 10796)
4(10796 10898 10900 10798)
4(10798 10900 10902 10800)
4(10800 10902 10904 10802)
4(10802 10904 10906 10804)
4(10804 10906 10908 10806)
4(10806 10908 10910 10808)
4(10808 10910 10912 10810)
4(10812 10914 10916 10814)
4(10814 10916 10918 10816)
4(10816 10918 10920 10818)
4(10818 10920 10922 10820)
4(10820 10922 10924 10822)
4(10822 10924 10926 10824)
4(10824 10926 10928 10826)
4(10826 10928 10930 10828)
4(10828 10930 10932 10830)
4(10830 10932 10934 10832)
4(10832 10934 10936 10834)
4(10834 10936 10938 10836)
4(10836 10938 10940 10838)
4(10838 10940 10942 10840)
4(10840 10942 10944 10842)
4(10842 10944 10946 10844)
4(10844 10946 10948 10846)
4(10846 10948 10950 10848)
4(10848 10950 10952 10850)
4(10850 10952 10954 10852)
4(10852 10954 10956 10854)
4(10854 10956 10958 10856)
4(10856 10958 10960 10858)
4(10858 10960 10962 10860)
4(10860 10962 10964 10862)
4(10862 10964 10966 10864)
4(10864 10966 10968 10866)
4(10866 10968 10970 10868)
4(10868 10970 10972 10870)
4(10870 10972 10974 10872)
4(10872 10974 10976 10874)
4(10874 10976 10978 10876)
4(10876 10978 10980 10878)
4(10878 10980 10982 10880)
4(10880 10982 10984 10882)
4(10882 10984 10986 10884)
4(10884 10986 10988 10886)
4(10886 10988 10990 10888)
4(10888 10990 10992 10890)
4(10890 10992 10994 10892)
4(10892 10994 10996 10894)
4(10894 10996 10998 10896)
4(10896 10998 11000 10898)
4(10898 11000 11002 10900)
4(10900 11002 11004 10902)
4(10902 11004 11006 10904)
4(10904 11006 11008 10906)
4(10906 11008 11010 10908)
4(10908 11010 11012 10910)
4(10910 11012 11014 10912)
4(10914 11016 11018 10916)
4(10916 11018 11020 10918)
4(10918 11020 11022 10920)
4(10920 11022 11024 10922)
4(10922 11024 11026 10924)
4(10924 11026 11028 10926)
4(10926 11028 11030 10928)
4(10928 11030 11032 10930)
4(10930 11032 11034 10932)
4(10932 11034 11036 10934)
4(10934 11036 11038 10936)
4(10936 11038 11040 10938)
4(10938 11040 11042 10940)
4(10940 11042 11044 10942)
4(10942 11044 11046 10944)
4(10944 11046 11048 10946)
4(10946 11048 11050 10948)
4(10948 11050 11052 10950)
4(10950 11052 11054 10952)
4(10952 11054 11056 10954)
4(10954 11056 11058 10956)
4(10956 11058 11060 10958)
4(10958 11060 11062 10960)
4(10960 11062 11064 10962)
4(10962 11064 11066 10964)
4(10964 11066 11068 10966)
4(10966 11068 11070 10968)
4(10968 11070 11072 10970)
4(10970 11072 11074 10972)
4(10972 11074 11076 10974)
4(10974 11076 11078 10976)
4(10976 11078 11080 10978)
4(10978 11080 11082 10980)
4(10980 11082 11084 10982)
4(10982 11084 11086 10984)
4(10984 11086 11088 10986)
4(10986 11088 11090 10988)
4(10988 11090 11092 10990)
4(10990 11092 11094 10992)
4(10992 11094 11096 10994)
4(10994 11096 11098 10996)
4(10996 11098 11100 10998)
4(10998 11100 11102 11000)
4(11000 11102 11104 11002)
4(11002 11104 11106 11004)
4(11004 11106 11108 11006)
4(11006 11108 11110 11008)
4(11008 11110 11112 11010)
4(11010 11112 11114 11012)
4(11012 11114 11116 11014)
4(11016 11118 11120 11018)
4(11018 11120 11122 11020)
4(11020 11122 11124 11022)
4(11022 11124 11126 11024)
4(11024 11126 11128 11026)
4(11026 11128 11130 11028)
4(11028 11130 11132 11030)
4(11030 11132 11134 11032)
4(11032 11134 11136 11034)
4(11034 11136 11138 11036)
4(11036 11138 11140 11038)
4(11038 11140 11142 11040)
4(11040 11142 11144 11042)
4(11042 11144 11146 11044)
4(11044 11146 11148 11046)
4(11046 11148 11150 11048)
4(11048 11150 11152 11050)
4(11050 11152 11154 11052)
4(11052 11154 11156 11054)
4(11054 11156 11158 11056)
4(11056 11158 11160 11058)
4(11058 11160 11162 11060)
4(11060 11162 11164 11062)
4(11062 11164 11166 11064)
4(11064 11166 11168 11066)
4(11066 11168 11170 11068)
4(11068 11170 11172 11070)
4(11070 11172 11174 11072)
4(11072 11174 11176 11074)
4(11074 11176 11178 11076)
4(11076 11178 11180 11078)
4(11078 11180 11182 11080)
4(11080 11182 11184 11082)
4(11082 11184 11186 11084)
4(11084 11186 11188 11086)
4(11086 11188 11190 11088)
4(11088 11190 11192 11090)
4(11090 11192 11194 11092)
4(11092 11194 11196 11094)
4(11094 11196 11198 11096)
4(11096 11198 11200 11098)
4(11098 11200 11202 11100)
4(11100 11202 11204 11102)
4(11102 11204 11206 11104)
4(11104 11206 11208 11106)
4(11106 11208 11210 11108)
4(11108 11210 11212 11110)
4(11110 11212 11214 11112)
4(11112 11214 11216 11114)
4(11114 11216 11218 11116)
4(11118 11220 11222 11120)
4(11120 11222 11224 11122)
4(11122 11224 11226 11124)
4(11124 11226 11228 11126)
4(11126 11228 11230 11128)
4(11128 11230 11232 11130)
4(11130 11232 11234 11132)
4(11132 11234 11236 11134)
4(11134 11236 11238 11136)
4(11136 11238 11240 11138)
4(11138 11240 11242 11140)
4(11140 11242 11244 11142)
4(11142 11244 11246 11144)
4(11144 11246 11248 11146)
4(11146 11248 11250 11148)
4(11148 11250 11252 11150)
4(11150 11252 11254 11152)
4(11152 11254 11256 11154)
4(11154 11256 11258 11156)
4(11156 11258 11260 11158)
4(11158 11260 11262 11160)
4(11160 11262 11264 11162)
4(11162 11264 11266 11164)
4(11164 11266 11268 11166)
4(11166 11268 11270 11168)
4(11168 11270 11272 11170)
4(11170 11272 11274 11172)
4(11172 11274 11276 11174)
4(11174 11276 11278 11176)
4(11176 11278 11280 11178)
4(11178 11280 11282 11180)
4(11180 11282 11284 11182)
4(11182 11284 11286 11184)
4(11184 11286 11288 11186)
4(11186 11288 11290 11188)
4(11188 11290 11292 11190)
4(11190 11292 11294 11192)
4(11192 11294 11296 11194)
4(11194 11296 11298 11196)
4(11196 11298 11300 11198)
4(11198 11300 11302 11200)
4(11200 11302 11304 11202)
4(11202 11304 11306 11204)
4(11204 11306 11308 11206)
4(11206 11308 11310 11208)
4(11208 11310 11312 11210)
4(11210 11312 11314 11212)
4(11212 11314 11316 11214)
4(11214 11316 11318 11216)
4(11216 11318 11320 11218)
4(11220 11322 11324 11222)
4(11222 11324 11326 11224)
4(11224 11326 11328 11226)
4(11226 11328 11330 11228)
4(11228 11330 11332 11230)
4(11230 11332 11334 11232)
4(11232 11334 11336 11234)
4(11234 11336 11338 11236)
4(11236 11338 11340 11238)
4(11238 11340 11342 11240)
4(11240 11342 11344 11242)
4(11242 11344 11346 11244)
4(11244 11346 11348 11246)
4(11246 11348 11350 11248)
4(11248 11350 11352 11250)
4(11250 11352 11354 11252)
4(11252 11354 11356 11254)
4(11254 11356 11358 11256)
4(11256 11358 11360 11258)
4(11258 11360 11362 11260)
4(11260 11362 11364 11262)
4(11262 11364 11366 11264)
4(11264 11366 11368 11266)
4(11266 11368 11370 11268)
4(11268 11370 11372 11270)
4(11270 11372 11374 11272)
4(11272 11374 11376 11274)
4(11274 11376 11378 11276)
4(11276 11378 11380 11278)
4(11278 11380 11382 11280)
4(11280 11382 11384 11282)
4(11282 11384 11386 11284)
4(11284 11386 11388 11286)
4(11286 11388 11390 11288)
4(11288 11390 11392 11290)
4(11290 11392 11394 11292)
4(11292 11394 11396 11294)
4(11294 11396 11398 11296)
4(11296 11398 11400 11298)
4(11298 11400 11402 11300)
4(11300 11402 11404 11302)
4(11302 11404 11406 11304)
4(11304 11406 11408 11306)
4(11306 11408 11410 11308)
4(11308 11410 11412 11310)
4(11310 11412 11414 11312)
4(11312 11414 11416 11314)
4(11314 11416 11418 11316)
4(11316 11418 11420 11318)
4(11318 11420 11422 11320)
4(11322 11424 11426 11324)
4(11324 11426 11428 11326)
4(11326 11428 11430 11328)
4(11328 11430 11432 11330)
4(11330 11432 11434 11332)
4(11332 11434 11436 11334)
4(11334 11436 11438 11336)
4(11336 11438 11440 11338)
4(11338 11440 11442 11340)
4(11340 11442 11444 11342)
4(11342 11444 11446 11344)
4(11344 11446 11448 11346)
4(11346 11448 11450 11348)
4(11348 11450 11452 11350)
4(11350 11452 11454 11352)
4(11352 11454 11456 11354)
4(11354 11456 11458 11356)
4(11356 11458 11460 11358)
4(11358 11460 11462 11360)
4(11360 11462 11464 11362)
4(11362 11464 11466 11364)
4(11364 11466 11468 11366)
4(11366 11468 11470 11368)
4(11368 11470 11472 11370)
4(11370 11472 11474 11372)
4(11372 11474 11476 11374)
4(11374 11476 11478 11376)
4(11376 11478 11480 11378)
4(11378 11480 11482 11380)
4(11380 11482 11484 11382)
4(11382 11484 11486 11384)
4(11384 11486 11488 11386)
4(11386 11488 11490 11388)
4(11388 11490 11492 11390)
4(11390 11492 11494 11392)
4(11392 11494 11496 11394)
4(11394 11496 11498 11396)
4(11396 11498 11500 11398)
4(11398 11500 11502 11400)
4(11400 11502 11504 11402)
4(11402 11504 11506 11404)
4(11404 11506 11508 11406)
4(11406 11508 11510 11408)
4(11408 11510 11512 11410)
4(11410 11512 11514 11412)
4(11412 11514 11516 11414)
4(11414 11516 11518 11416)
4(11416 11518 11520 11418)
4(11418 11520 11522 11420)
4(11420 11522 11524 11422)
4(11424 11526 11528 11426)
4(11426 11528 11530 11428)
4(11428 11530 11532 11430)
4(11430 11532 11534 11432)
4(11432 11534 11536 11434)
4(11434 11536 11538 11436)
4(11436 11538 11540 11438)
4(11438 11540 11542 11440)
4(11440 11542 11544 11442)
4(11442 11544 11546 11444)
4(11444 11546 11548 11446)
4(11446 11548 11550 11448)
4(11448 11550 11552 11450)
4(11450 11552 11554 11452)
4(11452 11554 11556 11454)
4(11454 11556 11558 11456)
4(11456 11558 11560 11458)
4(11458 11560 11562 11460)
4(11460 11562 11564 11462)
4(11462 11564 11566 11464)
4(11464 11566 11568 11466)
4(11466 11568 11570 11468)
4(11468 11570 11572 11470)
4(11470 11572 11574 11472)
4(11472 11574 11576 11474)
4(11474 11576 11578 11476)
4(11476 11578 11580 11478)
4(11478 11580 11582 11480)
4(11480 11582 11584 11482)
4(11482 11584 11586 11484)
4(11484 11586 11588 11486)
4(11486 11588 11590 11488)
4(11488 11590 11592 11490)
4(11490 11592 11594 11492)
4(11492 11594 11596 11494)
4(11494 11596 11598 11496)
4(11496 11598 11600 11498)
4(11498 11600 11602 11500)
4(11500 11602 11604 11502)
4(11502 11604 11606 11504)
4(11504 11606 11608 11506)
4(11506 11608 11610 11508)
4(11508 11610 11612 11510)
4(11510 11612 11614 11512)
4(11512 11614 11616 11514)
4(11514 11616 11618 11516)
4(11516 11618 11620 11518)
4(11518 11620 11622 11520)
4(11520 11622 11624 11522)
4(11522 11624 11626 11524)
4(11526 11628 11630 11528)
4(11528 11630 11632 11530)
4(11530 11632 11634 11532)
4(11532 11634 11636 11534)
4(11534 11636 11638 11536)
4(11536 11638 11640 11538)
4(11538 11640 11642 11540)
4(11540 11642 11644 11542)
4(11542 11644 11646 11544)
4(11544 11646 11648 11546)
4(11546 11648 11650 11548)
4(11548 11650 11652 11550)
4(11550 11652 11654 11552)
4(11552 11654 11656 11554)
4(11554 11656 11658 11556)
4(11556 11658 11660 11558)
4(11558 11660 11662 11560)
4(11560 11662 11664 11562)
4(11562 11664 11666 11564)
4(11564 11666 11668 11566)
4(11566 11668 11670 11568)
4(11568 11670 11672 11570)
4(11570 11672 11674 11572)
4(11572 11674 11676 11574)
4(11574 11676 11678 11576)
4(11576 11678 11680 11578)
4(11578 11680 11682 11580)
4(11580 11682 11684 11582)
4(11582 11684 11686 11584)
4(11584 11686 11688 11586)
4(11586 11688 11690 11588)
4(11588 11690 11692 11590)
4(11590 11692 11694 11592)
4(11592 11694 11696 11594)
4(11594 11696 11698 11596)
4(11596 11698 11700 11598)
4(11598 11700 11702 11600)
4(11600 11702 11704 11602)
4(11602 11704 11706 11604)
4(11604 11706 11708 11606)
4(11606 11708 11710 11608)
4(11608 11710 11712 11610)
4(11610 11712 11714 11612)
4(11612 11714 11716 11614)
4(11614 11716 11718 11616)
4(11616 11718 11720 11618)
4(11618 11720 11722 11620)
4(11620 11722 11724 11622)
4(11622 11724 11726 11624)
4(11624 11726 11728 11626)
4(11628 11730 11732 11630)
4(11630 11732 11734 11632)
4(11632 11734 11736 11634)
4(11634 11736 11738 11636)
4(11636 11738 11740 11638)
4(11638 11740 11742 11640)
4(11640 11742 11744 11642)
4(11642 11744 11746 11644)
4(11644 11746 11748 11646)
4(11646 11748 11750 11648)
4(11648 11750 11752 11650)
4(11650 11752 11754 11652)
4(11652 11754 11756 11654)
4(11654 11756 11758 11656)
4(11656 11758 11760 11658)
4(11658 11760 11762 11660)
4(11660 11762 11764 11662)
4(11662 11764 11766 11664)
4(11664 11766 11768 11666)
4(11666 11768 11770 11668)
4(11668 11770 11772 11670)
4(11670 11772 11774 11672)
4(11672 11774 11776 11674)
4(11674 11776 11778 11676)
4(11676 11778 11780 11678)
4(11678 11780 11782 11680)
4(11680 11782 11784 11682)
4(11682 11784 11786 11684)
4(11684 11786 11788 11686)
4(11686 11788 11790 11688)
4(11688 11790 11792 11690)
4(11690 11792 11794 11692)
4(11692 11794 11796 11694)
4(11694 11796 11798 11696)
4(11696 11798 11800 11698)
4(11698 11800 11802 11700)
4(11700 11802 11804 11702)
4(11702 11804 11806 11704)
4(11704 11806 11808 11706)
4(11706 11808 11810 11708)
4(11708 11810 11812 11710)
4(11710 11812 11814 11712)
4(11712 11814 11816 11714)
4(11714 11816 11818 11716)
4(11716 11818 11820 11718)
4(11718 11820 11822 11720)
4(11720 11822 11824 11722)
4(11722 11824 11826 11724)
4(11724 11826 11828 11726)
4(11726 11828 11830 11728)
4(11730 11832 11834 11732)
4(11732 11834 11836 11734)
4(11734 11836 11838 11736)
4(11736 11838 11840 11738)
4(11738 11840 11842 11740)
4(11740 11842 11844 11742)
4(11742 11844 11846 11744)
4(11744 11846 11848 11746)
4(11746 11848 11850 11748)
4(11748 11850 11852 11750)
4(11750 11852 11854 11752)
4(11752 11854 11856 11754)
4(11754 11856 11858 11756)
4(11756 11858 11860 11758)
4(11758 11860 11862 11760)
4(11760 11862 11864 11762)
4(11762 11864 11866 11764)
4(11764 11866 11868 11766)
4(11766 11868 11870 11768)
4(11768 11870 11872 11770)
4(11770 11872 11874 11772)
4(11772 11874 11876 11774)
4(11774 11876 11878 11776)
4(11776 11878 11880 11778)
4(11778 11880 11882 11780)
4(11780 11882 11884 11782)
4(11782 11884 11886 11784)
4(11784 11886 11888 11786)
4(11786 11888 11890 11788)
4(11788 11890 11892 11790)
4(11790 11892 11894 11792)
4(11792 11894 11896 11794)
4(11794 11896 11898 11796)
4(11796 11898 11900 11798)
4(11798 11900 11902 11800)
4(11800 11902 11904 11802)
4(11802 11904 11906 11804)
4(11804 11906 11908 11806)
4(11806 11908 11910 11808)
4(11808 11910 11912 11810)
4(11810 11912 11914 11812)
4(11812 11914 11916 11814)
4(11814 11916 11918 11816)
4(11816 11918 11920 11818)
4(11818 11920 11922 11820)
4(11820 11922 11924 11822)
4(11822 11924 11926 11824)
4(11824 11926 11928 11826)
4(11826 11928 11930 11828)
4(11828 11930 11932 11830)
4(11832 11934 11936 11834)
4(11834 11936 11938 11836)
4(11836 11938 11940 11838)
4(11838 11940 11942 11840)
4(11840 11942 11944 11842)
4(11842 11944 11946 11844)
4(11844 11946 11948 11846)
4(11846 11948 11950 11848)
4(11848 11950 11952 11850)
4(11850 11952 11954 11852)
4(11852 11954 11956 11854)
4(11854 11956 11958 11856)
4(11856 11958 11960 11858)
4(11858 11960 11962 11860)
4(11860 11962 11964 11862)
4(11862 11964 11966 11864)
4(11864 11966 11968 11866)
4(11866 11968 11970 11868)
4(11868 11970 11972 11870)
4(11870 11972 11974 11872)
4(11872 11974 11976 11874)
4(11874 11976 11978 11876)
4(11876 11978 11980 11878)
4(11878 11980 11982 11880)
4(11880 11982 11984 11882)
4(11882 11984 11986 11884)
4(11884 11986 11988 11886)
4(11886 11988 11990 11888)
4(11888 11990 11992 11890)
4(11890 11992 11994 11892)
4(11892 11994 11996 11894)
4(11894 11996 11998 11896)
4(11896 11998 12000 11898)
4(11898 12000 12002 11900)
4(11900 12002 12004 11902)
4(11902 12004 12006 11904)
4(11904 12006 12008 11906)
4(11906 12008 12010 11908)
4(11908 12010 12012 11910)
4(11910 12012 12014 11912)
4(11912 12014 12016 11914)
4(11914 12016 12018 11916)
4(11916 12018 12020 11918)
4(11918 12020 12022 11920)
4(11920 12022 12024 11922)
4(11922 12024 12026 11924)
4(11924 12026 12028 11926)
4(11926 12028 12030 11928)
4(11928 12030 12032 11930)
4(11930 12032 12034 11932)
4(11934 12036 12038 11936)
4(11936 12038 12040 11938)
4(11938 12040 12042 11940)
4(11940 12042 12044 11942)
4(11942 12044 12046 11944)
4(11944 12046 12048 11946)
4(11946 12048 12050 11948)
4(11948 12050 12052 11950)
4(11950 12052 12054 11952)
4(11952 12054 12056 11954)
4(11954 12056 12058 11956)
4(11956 12058 12060 11958)
4(11958 12060 12062 11960)
4(11960 12062 12064 11962)
4(11962 12064 12066 11964)
4(11964 12066 12068 11966)
4(11966 12068 12070 11968)
4(11968 12070 12072 11970)
4(11970 12072 12074 11972)
4(11972 12074 12076 11974)
4(11974 12076 12078 11976)
4(11976 12078 12080 11978)
4(11978 12080 12082 11980)
4(11980 12082 12084 11982)
4(11982 12084 12086 11984)
4(11984 12086 12088 11986)
4(11986 12088 12090 11988)
4(11988 12090 12092 11990)
4(11990 12092 12094 11992)
4(11992 12094 12096 11994)
4(11994 12096 12098 11996)
4(11996 12098 12100 11998)
4(11998 12100 12102 12000)
4(12000 12102 12104 12002)
4(12002 12104 12106 12004)
4(12004 12106 12108 12006)
4(12006 12108 12110 12008)
4(12008 12110 12112 12010)
4(12010 12112 12114 12012)
4(12012 12114 12116 12014)
4(12014 12116 12118 12016)
4(12016 12118 12120 12018)
4(12018 12120 12122 12020)
4(12020 12122 12124 12022)
4(12022 12124 12126 12024)
4(12024 12126 12128 12026)
4(12026 12128 12130 12028)
4(12028 12130 12132 12030)
4(12030 12132 12134 12032)
4(12032 12134 12136 12034)
4(12036 12138 12140 12038)
4(12038 12140 12142 12040)
4(12040 12142 12144 12042)
4(12042 12144 12146 12044)
4(12044 12146 12148 12046)
4(12046 12148 12150 12048)
4(12048 12150 12152 12050)
4(12050 12152 12154 12052)
4(12052 12154 12156 12054)
4(12054 12156 12158 12056)
4(12056 12158 12160 12058)
4(12058 12160 12162 12060)
4(12060 12162 12164 12062)
4(12062 12164 12166 12064)
4(12064 12166 12168 12066)
4(12066 12168 12170 12068)
4(12068 12170 12172 12070)
4(12070 12172 12174 12072)
4(12072 12174 12176 12074)
4(12074 12176 12178 12076)
4(12076 12178 12180 12078)
4(12078 12180 12182 12080)
4(12080 12182 12184 12082)
4(12082 12184 12186 12084)
4(12084 12186 12188 12086)
4(12086 12188 12190 12088)
4(12088 12190 12192 12090)
4(12090 12192 12194 12092)
4(12092 12194 12196 12094)
4(12094 12196 12198 12096)
4(12096 12198 12200 12098)
4(12098 12200 12202 12100)
4(12100 12202 12204 12102)
4(12102 12204 12206 12104)
4(12104 12206 12208 12106)
4(12106 12208 12210 12108)
4(12108 12210 12212 12110)
4(12110 12212 12214 12112)
4(12112 12214 12216 12114)
4(12114 12216 12218 12116)
4(12116 12218 12220 12118)
4(12118 12220 12222 12120)
4(12120 12222 12224 12122)
4(12122 12224 12226 12124)
4(12124 12226 12228 12126)
4(12126 12228 12230 12128)
4(12128 12230 12232 12130)
4(12130 12232 12234 12132)
4(12132 12234 12236 12134)
4(12134 12236 12238 12136)
4(12138 12240 12242 12140)
4(12140 12242 12244 12142)
4(12142 12244 12246 12144)
4(12144 12246 12248 12146)
4(12146 12248 12250 12148)
4(12148 12250 12252 12150)
4(12150 12252 12254 12152)
4(12152 12254 12256 12154)
4(12154 12256 12258 12156)
4(12156 12258 12260 12158)
4(12158 12260 12262 12160)
4(12160 12262 12264 12162)
4(12162 12264 12266 12164)
4(12164 12266 12268 12166)
4(12166 12268 12270 12168)
4(12168 12270 12272 12170)
4(12170 12272 12274 12172)
4(12172 12274 12276 12174)
4(12174 12276 12278 12176)
4(12176 12278 12280 12178)
4(12178 12280 12282 12180)
4(12180 12282 12284 12182)
4(12182 12284 12286 12184)
4(12184 12286 12288 12186)
4(12186 12288 12290 12188)
4(12188 12290 12292 12190)
4(12190 12292 12294 12192)
4(12192 12294 12296 12194)
4(12194 12296 12298 12196)
4(12196 12298 12300 12198)
4(12198 12300 12302 12200)
4(12200 12302 12304 12202)
4(12202 12304 12306 12204)
4(12204 12306 12308 12206)
4(12206 12308 12310 12208)
4(12208 12310 12312 12210)
4(12210 12312 12314 12212)
4(12212 12314 12316 12214)
4(12214 12316 12318 12216)
4(12216 12318 12320 12218)
4(12218 12320 12322 12220)
4(12220 12322 12324 12222)
4(12222 12324 12326 12224)
4(12224 12326 12328 12226)
4(12226 12328 12330 12228)
4(12228 12330 12332 12230)
4(12230 12332 12334 12232)
4(12232 12334 12336 12234)
4(12234 12336 12338 12236)
4(12236 12338 12340 12238)
4(12240 12342 12344 12242)
4(12242 12344 12346 12244)
4(12244 12346 12348 12246)
4(12246 12348 12350 12248)
4(12248 12350 12352 12250)
4(12250 12352 12354 12252)
4(12252 12354 12356 12254)
4(12254 12356 12358 12256)
4(12256 12358 12360 12258)
4(12258 12360 12362 12260)
4(12260 12362 12364 12262)
4(12262 12364 12366 12264)
4(12264 12366 12368 12266)
4(12266 12368 12370 12268)
4(12268 12370 12372 12270)
4(12270 12372 12374 12272)
4(12272 12374 12376 12274)
4(12274 12376 12378 12276)
4(12276 12378 12380 12278)
4(12278 12380 12382 12280)
4(12280 12382 12384 12282)
4(12282 12384 12386 12284)
4(12284 12386 12388 12286)
4(12286 12388 12390 12288)
4(12288 12390 12392 12290)
4(12290 12392 12394 12292)
4(12292 12394 12396 12294)
4(12294 12396 12398 12296)
4(12296 12398 12400 12298)
4(12298 12400 12402 12300)
4(12300 12402 12404 12302)
4(12302 12404 12406 12304)
4(12304 12406 12408 12306)
4(12306 12408 12410 12308)
4(12308 12410 12412 12310)
4(12310 12412 12414 12312)
4(12312 12414 12416 12314)
4(12314 12416 12418 12316)
4(12316 12418 12420 12318)
4(12318 12420 12422 12320)
4(12320 12422 12424 12322)
4(12322 12424 12426 12324)
4(12324 12426 12428 12326)
4(12326 12428 12430 12328)
4(12328 12430 12432 12330)
4(12330 12432 12434 12332)
4(12332 12434 12436 12334)
4(12334 12436 12438 12336)
4(12336 12438 12440 12338)
4(12338 12440 12442 12340)
4(12342 12444 12446 12344)
4(12344 12446 12448 12346)
4(12346 12448 12450 12348)
4(12348 12450 12452 12350)
4(12350 12452 12454 12352)
4(12352 12454 12456 12354)
4(12354 12456 12458 12356)
4(12356 12458 12460 12358)
4(12358 12460 12462 12360)
4(12360 12462 12464 12362)
4(12362 12464 12466 12364)
4(12364 12466 12468 12366)
4(12366 12468 12470 12368)
4(12368 12470 12472 12370)
4(12370 12472 12474 12372)
4(12372 12474 12476 12374)
4(12374 12476 12478 12376)
4(12376 12478 12480 12378)
4(12378 12480 12482 12380)
4(12380 12482 12484 12382)
4(12382 12484 12486 12384)
4(12384 12486 12488 12386)
4(12386 12488 12490 12388)
4(12388 12490 12492 12390)
4(12390 12492 12494 12392)
4(12392 12494 12496 12394)
4(12394 12496 12498 12396)
4(12396 12498 12500 12398)
4(12398 12500 12502 12400)
4(12400 12502 12504 12402)
4(12402 12504 12506 12404)
4(12404 12506 12508 12406)
4(12406 12508 12510 12408)
4(12408 12510 12512 12410)
4(12410 12512 12514 12412)
4(12412 12514 12516 12414)
4(12414 12516 12518 12416)
4(12416 12518 12520 12418)
4(12418 12520 12522 12420)
4(12420 12522 12524 12422)
4(12422 12524 12526 12424)
4(12424 12526 12528 12426)
4(12426 12528 12530 12428)
4(12428 12530 12532 12430)
4(12430 12532 12534 12432)
4(12432 12534 12536 12434)
4(12434 12536 12538 12436)
4(12436 12538 12540 12438)
4(12438 12540 12542 12440)
4(12440 12542 12544 12442)
4(12444 12546 12548 12446)
4(12446 12548 12550 12448)
4(12448 12550 12552 12450)
4(12450 12552 12554 12452)
4(12452 12554 12556 12454)
4(12454 12556 12558 12456)
4(12456 12558 12560 12458)
4(12458 12560 12562 12460)
4(12460 12562 12564 12462)
4(12462 12564 12566 12464)
4(12464 12566 12568 12466)
4(12466 12568 12570 12468)
4(12468 12570 12572 12470)
4(12470 12572 12574 12472)
4(12472 12574 12576 12474)
4(12474 12576 12578 12476)
4(12476 12578 12580 12478)
4(12478 12580 12582 12480)
4(12480 12582 12584 12482)
4(12482 12584 12586 12484)
4(12484 12586 12588 12486)
4(12486 12588 12590 12488)
4(12488 12590 12592 12490)
4(12490 12592 12594 12492)
4(12492 12594 12596 12494)
4(12494 12596 12598 12496)
4(12496 12598 12600 12498)
4(12498 12600 12602 12500)
4(12500 12602 12604 12502)
4(12502 12604 12606 12504)
4(12504 12606 12608 12506)
4(12506 12608 12610 12508)
4(12508 12610 12612 12510)
4(12510 12612 12614 12512)
4(12512 12614 12616 12514)
4(12514 12616 12618 12516)
4(12516 12618 12620 12518)
4(12518 12620 12622 12520)
4(12520 12622 12624 12522)
4(12522 12624 12626 12524)
4(12524 12626 12628 12526)
4(12526 12628 12630 12528)
4(12528 12630 12632 12530)
4(12530 12632 12634 12532)
4(12532 12634 12636 12534)
4(12534 12636 12638 12536)
4(12536 12638 12640 12538)
4(12538 12640 12642 12540)
4(12540 12642 12644 12542)
4(12542 12644 12646 12544)
4(12546 12648 12650 12548)
4(12548 12650 12652 12550)
4(12550 12652 12654 12552)
4(12552 12654 12656 12554)
4(12554 12656 12658 12556)
4(12556 12658 12660 12558)
4(12558 12660 12662 12560)
4(12560 12662 12664 12562)
4(12562 12664 12666 12564)
4(12564 12666 12668 12566)
4(12566 12668 12670 12568)
4(12568 12670 12672 12570)
4(12570 12672 12674 12572)
4(12572 12674 12676 12574)
4(12574 12676 12678 12576)
4(12576 12678 12680 12578)
4(12578 12680 12682 12580)
4(12580 12682 12684 12582)
4(12582 12684 12686 12584)
4(12584 12686 12688 12586)
4(12586 12688 12690 12588)
4(12588 12690 12692 12590)
4(12590 12692 12694 12592)
4(12592 12694 12696 12594)
4(12594 12696 12698 12596)
4(12596 12698 12700 12598)
4(12598 12700 12702 12600)
4(12600 12702 12704 12602)
4(12602 12704 12706 12604)
4(12604 12706 12708 12606)
4(12606 12708 12710 12608)
4(12608 12710 12712 12610)
4(12610 12712 12714 12612)
4(12612 12714 12716 12614)
4(12614 12716 12718 12616)
4(12616 12718 12720 12618)
4(12618 12720 12722 12620)
4(12620 12722 12724 12622)
4(12622 12724 12726 12624)
4(12624 12726 12728 12626)
4(12626 12728 12730 12628)
4(12628 12730 12732 12630)
4(12630 12732 12734 12632)
4(12632 12734 12736 12634)
4(12634 12736 12738 12636)
4(12636 12738 12740 12638)
4(12638 12740 12742 12640)
4(12640 12742 12744 12642)
4(12642 12744 12746 12644)
4(12644 12746 12748 12646)
4(12648 12750 12752 12650)
4(12650 12752 12754 12652)
4(12652 12754 12756 12654)
4(12654 12756 12758 12656)
4(12656 12758 12760 12658)
4(12658 12760 12762 12660)
4(12660 12762 12764 12662)
4(12662 12764 12766 12664)
4(12664 12766 12768 12666)
4(12666 12768 12770 12668)
4(12668 12770 12772 12670)
4(12670 12772 12774 12672)
4(12672 12774 12776 12674)
4(12674 12776 12778 12676)
4(12676 12778 12780 12678)
4(12678 12780 12782 12680)
4(12680 12782 12784 12682)
4(12682 12784 12786 12684)
4(12684 12786 12788 12686)
4(12686 12788 12790 12688)
4(12688 12790 12792 12690)
4(12690 12792 12794 12692)
4(12692 12794 12796 12694)
4(12694 12796 12798 12696)
4(12696 12798 12800 12698)
4(12698 12800 12802 12700)
4(12700 12802 12804 12702)
4(12702 12804 12806 12704)
4(12704 12806 12808 12706)
4(12706 12808 12810 12708)
4(12708 12810 12812 12710)
4(12710 12812 12814 12712)
4(12712 12814 12816 12714)
4(12714 12816 12818 12716)
4(12716 12818 12820 12718)
4(12718 12820 12822 12720)
4(12720 12822 12824 12722)
4(12722 12824 12826 12724)
4(12724 12826 12828 12726)
4(12726 12828 12830 12728)
4(12728 12830 12832 12730)
4(12730 12832 12834 12732)
4(12732 12834 12836 12734)
4(12734 12836 12838 12736)
4(12736 12838 12840 12738)
4(12738 12840 12842 12740)
4(12740 12842 12844 12742)
4(12742 12844 12846 12744)
4(12744 12846 12848 12746)
4(12746 12848 12850 12748)
4(12750 12852 12854 12752)
4(12752 12854 12856 12754)
4(12754 12856 12858 12756)
4(12756 12858 12860 12758)
4(12758 12860 12862 12760)
4(12760 12862 12864 12762)
4(12762 12864 12866 12764)
4(12764 12866 12868 12766)
4(12766 12868 12870 12768)
4(12768 12870 12872 12770)
4(12770 12872 12874 12772)
4(12772 12874 12876 12774)
4(12774 12876 12878 12776)
4(12776 12878 12880 12778)
4(12778 12880 12882 12780)
4(12780 12882 12884 12782)
4(12782 12884 12886 12784)
4(12784 12886 12888 12786)
4(12786 12888 12890 12788)
4(12788 12890 12892 12790)
4(12790 12892 12894 12792)
4(12792 12894 12896 12794)
4(12794 12896 12898 12796)
4(12796 12898 12900 12798)
4(12798 12900 12902 12800)
4(12800 12902 12904 12802)
4(12802 12904 12906 12804)
4(12804 12906 12908 12806)
4(12806 12908 12910 12808)
4(12808 12910 12912 12810)
4(12810 12912 12914 12812)
4(12812 12914 12916 12814)
4(12814 12916 12918 12816)
4(12816 12918 12920 12818)
4(12818 12920 12922 12820)
4(12820 12922 12924 12822)
4(12822 12924 12926 12824)
4(12824 12926 12928 12826)
4(12826 12928 12930 12828)
4(12828 12930 12932 12830)
4(12830 12932 12934 12832)
4(12832 12934 12936 12834)
4(12834 12936 12938 12836)
4(12836 12938 12940 12838)
4(12838 12940 12942 12840)
4(12840 12942 12944 12842)
4(12842 12944 12946 12844)
4(12844 12946 12948 12846)
4(12846 12948 12950 12848)
4(12848 12950 12952 12850)
4(12852 12954 12956 12854)
4(12854 12956 12958 12856)
4(12856 12958 12960 12858)
4(12858 12960 12962 12860)
4(12860 12962 12964 12862)
4(12862 12964 12966 12864)
4(12864 12966 12968 12866)
4(12866 12968 12970 12868)
4(12868 12970 12972 12870)
4(12870 12972 12974 12872)
4(12872 12974 12976 12874)
4(12874 12976 12978 12876)
4(12876 12978 12980 12878)
4(12878 12980 12982 12880)
4(12880 12982 12984 12882)
4(12882 12984 12986 12884)
4(12884 12986 12988 12886)
4(12886 12988 12990 12888)
4(12888 12990 12992 12890)
4(12890 12992 12994 12892)
4(12892 12994 12996 12894)
4(12894 12996 12998 12896)
4(12896 12998 13000 12898)
4(12898 13000 13002 12900)
4(12900 13002 13004 12902)
4(12902 13004 13006 12904)
4(12904 13006 13008 12906)
4(12906 13008 13010 12908)
4(12908 13010 13012 12910)
4(12910 13012 13014 12912)
4(12912 13014 13016 12914)
4(12914 13016 13018 12916)
4(12916 13018 13020 12918)
4(12918 13020 13022 12920)
4(12920 13022 13024 12922)
4(12922 13024 13026 12924)
4(12924 13026 13028 12926)
4(12926 13028 13030 12928)
4(12928 13030 13032 12930)
4(12930 13032 13034 12932)
4(12932 13034 13036 12934)
4(12934 13036 13038 12936)
4(12936 13038 13040 12938)
4(12938 13040 13042 12940)
4(12940 13042 13044 12942)
4(12942 13044 13046 12944)
4(12944 13046 13048 12946)
4(12946 13048 13050 12948)
4(12948 13050 13052 12950)
4(12950 13052 13054 12952)
4(12954 13056 13058 12956)
4(12956 13058 13060 12958)
4(12958 13060 13062 12960)
4(12960 13062 13064 12962)
4(12962 13064 13066 12964)
4(12964 13066 13068 12966)
4(12966 13068 13070 12968)
4(12968 13070 13072 12970)
4(12970 13072 13074 12972)
4(12972 13074 13076 12974)
4(12974 13076 13078 12976)
4(12976 13078 13080 12978)
4(12978 13080 13082 12980)
4(12980 13082 13084 12982)
4(12982 13084 13086 12984)
4(12984 13086 13088 12986)
4(12986 13088 13090 12988)
4(12988 13090 13092 12990)
4(12990 13092 13094 12992)
4(12992 13094 13096 12994)
4(12994 13096 13098 12996)
4(12996 13098 13100 12998)
4(12998 13100 13102 13000)
4(13000 13102 13104 13002)
4(13002 13104 13106 13004)
4(13004 13106 13108 13006)
4(13006 13108 13110 13008)
4(13008 13110 13112 13010)
4(13010 13112 13114 13012)
4(13012 13114 13116 13014)
4(13014 13116 13118 13016)
4(13016 13118 13120 13018)
4(13018 13120 13122 13020)
4(13020 13122 13124 13022)
4(13022 13124 13126 13024)
4(13024 13126 13128 13026)
4(13026 13128 13130 13028)
4(13028 13130 13132 13030)
4(13030 13132 13134 13032)
4(13032 13134 13136 13034)
4(13034 13136 13138 13036)
4(13036 13138 13140 13038)
4(13038 13140 13142 13040)
4(13040 13142 13144 13042)
4(13042 13144 13146 13044)
4(13044 13146 13148 13046)
4(13046 13148 13150 13048)
4(13048 13150 13152 13050)
4(13050 13152 13154 13052)
4(13052 13154 13156 13054)
4(13056 13158 13160 13058)
4(13058 13160 13162 13060)
4(13060 13162 13164 13062)
4(13062 13164 13166 13064)
4(13064 13166 13168 13066)
4(13066 13168 13170 13068)
4(13068 13170 13172 13070)
4(13070 13172 13174 13072)
4(13072 13174 13176 13074)
4(13074 13176 13178 13076)
4(13076 13178 13180 13078)
4(13078 13180 13182 13080)
4(13080 13182 13184 13082)
4(13082 13184 13186 13084)
4(13084 13186 13188 13086)
4(13086 13188 13190 13088)
4(13088 13190 13192 13090)
4(13090 13192 13194 13092)
4(13092 13194 13196 13094)
4(13094 13196 13198 13096)
4(13096 13198 13200 13098)
4(13098 13200 13202 13100)
4(13100 13202 13204 13102)
4(13102 13204 13206 13104)
4(13104 13206 13208 13106)
4(13106 13208 13210 13108)
4(13108 13210 13212 13110)
4(13110 13212 13214 13112)
4(13112 13214 13216 13114)
4(13114 13216 13218 13116)
4(13116 13218 13220 13118)
4(13118 13220 13222 13120)
4(13120 13222 13224 13122)
4(13122 13224 13226 13124)
4(13124 13226 13228 13126)
4(13126 13228 13230 13128)
4(13128 13230 13232 13130)
4(13130 13232 13234 13132)
4(13132 13234 13236 13134)
4(13134 13236 13238 13136)
4(13136 13238 13240 13138)
4(13138 13240 13242 13140)
4(13140 13242 13244 13142)
4(13142 13244 13246 13144)
4(13144 13246 13248 13146)
4(13146 13248 13250 13148)
4(13148 13250 13252 13150)
4(13150 13252 13254 13152)
4(13152 13254 13256 13154)
4(13154 13256 13258 13156)
4(13158 13260 13262 13160)
4(13160 13262 13264 13162)
4(13162 13264 13266 13164)
4(13164 13266 13268 13166)
4(13166 13268 13270 13168)
4(13168 13270 13272 13170)
4(13170 13272 13274 13172)
4(13172 13274 13276 13174)
4(13174 13276 13278 13176)
4(13176 13278 13280 13178)
4(13178 13280 13282 13180)
4(13180 13282 13284 13182)
4(13182 13284 13286 13184)
4(13184 13286 13288 13186)
4(13186 13288 13290 13188)
4(13188 13290 13292 13190)
4(13190 13292 13294 13192)
4(13192 13294 13296 13194)
4(13194 13296 13298 13196)
4(13196 13298 13300 13198)
4(13198 13300 13302 13200)
4(13200 13302 13304 13202)
4(13202 13304 13306 13204)
4(13204 13306 13308 13206)
4(13206 13308 13310 13208)
4(13208 13310 13312 13210)
4(13210 13312 13314 13212)
4(13212 13314 13316 13214)
4(13214 13316 13318 13216)
4(13216 13318 13320 13218)
4(13218 13320 13322 13220)
4(13220 13322 13324 13222)
4(13222 13324 13326 13224)
4(13224 13326 13328 13226)
4(13226 13328 13330 13228)
4(13228 13330 13332 13230)
4(13230 13332 13334 13232)
4(13232 13334 13336 13234)
4(13234 13336 13338 13236)
4(13236 13338 13340 13238)
4(13238 13340 13342 13240)
4(13240 13342 13344 13242)
4(13242 13344 13346 13244)
4(13244 13346 13348 13246)
4(13246 13348 13350 13248)
4(13248 13350 13352 13250)
4(13250 13352 13354 13252)
4(13252 13354 13356 13254)
4(13254 13356 13358 13256)
4(13256 13358 13360 13258)
4(13260 13362 13364 13262)
4(13262 13364 13366 13264)
4(13264 13366 13368 13266)
4(13266 13368 13370 13268)
4(13268 13370 13372 13270)
4(13270 13372 13374 13272)
4(13272 13374 13376 13274)
4(13274 13376 13378 13276)
4(13276 13378 13380 13278)
4(13278 13380 13382 13280)
4(13280 13382 13384 13282)
4(13282 13384 13386 13284)
4(13284 13386 13388 13286)
4(13286 13388 13390 13288)
4(13288 13390 13392 13290)
4(13290 13392 13394 13292)
4(13292 13394 13396 13294)
4(13294 13396 13398 13296)
4(13296 13398 13400 13298)
4(13298 13400 13402 13300)
4(13300 13402 13404 13302)
4(13302 13404 13406 13304)
4(13304 13406 13408 13306)
4(13306 13408 13410 13308)
4(13308 13410 13412 13310)
4(13310 13412 13414 13312)
4(13312 13414 13416 13314)
4(13314 13416 13418 13316)
4(13316 13418 13420 13318)
4(13318 13420 13422 13320)
4(13320 13422 13424 13322)
4(13322 13424 13426 13324)
4(13324 13426 13428 13326)
4(13326 13428 13430 13328)
4(13328 13430 13432 13330)
4(13330 13432 13434 13332)
4(13332 13434 13436 13334)
4(13334 13436 13438 13336)
4(13336 13438 13440 13338)
4(13338 13440 13442 13340)
4(13340 13442 13444 13342)
4(13342 13444 13446 13344)
4(13344 13446 13448 13346)
4(13346 13448 13450 13348)
4(13348 13450 13452 13350)
4(13350 13452 13454 13352)
4(13352 13454 13456 13354)
4(13354 13456 13458 13356)
4(13356 13458 13460 13358)
4(13358 13460 13462 13360)
4(13362 13464 13466 13364)
4(13364 13466 13468 13366)
4(13366 13468 13470 13368)
4(13368 13470 13472 13370)
4(13370 13472 13474 13372)
4(13372 13474 13476 13374)
4(13374 13476 13478 13376)
4(13376 13478 13480 13378)
4(13378 13480 13482 13380)
4(13380 13482 13484 13382)
4(13382 13484 13486 13384)
4(13384 13486 13488 13386)
4(13386 13488 13490 13388)
4(13388 13490 13492 13390)
4(13390 13492 13494 13392)
4(13392 13494 13496 13394)
4(13394 13496 13498 13396)
4(13396 13498 13500 13398)
4(13398 13500 13502 13400)
4(13400 13502 13504 13402)
4(13402 13504 13506 13404)
4(13404 13506 13508 13406)
4(13406 13508 13510 13408)
4(13408 13510 13512 13410)
4(13410 13512 13514 13412)
4(13412 13514 13516 13414)
4(13414 13516 13518 13416)
4(13416 13518 13520 13418)
4(13418 13520 13522 13420)
4(13420 13522 13524 13422)
4(13422 13524 13526 13424)
4(13424 13526 13528 13426)
4(13426 13528 13530 13428)
4(13428 13530 13532 13430)
4(13430 13532 13534 13432)
4(13432 13534 13536 13434)
4(13434 13536 13538 13436)
4(13436 13538 13540 13438)
4(13438 13540 13542 13440)
4(13440 13542 13544 13442)
4(13442 13544 13546 13444)
4(13444 13546 13548 13446)
4(13446 13548 13550 13448)
4(13448 13550 13552 13450)
4(13450 13552 13554 13452)
4(13452 13554 13556 13454)
4(13454 13556 13558 13456)
4(13456 13558 13560 13458)
4(13458 13560 13562 13460)
4(13460 13562 13564 13462)
4(13464 13566 13568 13466)
4(13466 13568 13570 13468)
4(13468 13570 13572 13470)
4(13470 13572 13574 13472)
4(13472 13574 13576 13474)
4(13474 13576 13578 13476)
4(13476 13578 13580 13478)
4(13478 13580 13582 13480)
4(13480 13582 13584 13482)
4(13482 13584 13586 13484)
4(13484 13586 13588 13486)
4(13486 13588 13590 13488)
4(13488 13590 13592 13490)
4(13490 13592 13594 13492)
4(13492 13594 13596 13494)
4(13494 13596 13598 13496)
4(13496 13598 13600 13498)
4(13498 13600 13602 13500)
4(13500 13602 13604 13502)
4(13502 13604 13606 13504)
4(13504 13606 13608 13506)
4(13506 13608 13610 13508)
4(13508 13610 13612 13510)
4(13510 13612 13614 13512)
4(13512 13614 13616 13514)
4(13514 13616 13618 13516)
4(13516 13618 13620 13518)
4(13518 13620 13622 13520)
4(13520 13622 13624 13522)
4(13522 13624 13626 13524)
4(13524 13626 13628 13526)
4(13526 13628 13630 13528)
4(13528 13630 13632 13530)
4(13530 13632 13634 13532)
4(13532 13634 13636 13534)
4(13534 13636 13638 13536)
4(13536 13638 13640 13538)
4(13538 13640 13642 13540)
4(13540 13642 13644 13542)
4(13542 13644 13646 13544)
4(13544 13646 13648 13546)
4(13546 13648 13650 13548)
4(13548 13650 13652 13550)
4(13550 13652 13654 13552)
4(13552 13654 13656 13554)
4(13554 13656 13658 13556)
4(13556 13658 13660 13558)
4(13558 13660 13662 13560)
4(13560 13662 13664 13562)
4(13562 13664 13666 13564)
4(13566 13668 13670 13568)
4(13568 13670 13672 13570)
4(13570 13672 13674 13572)
4(13572 13674 13676 13574)
4(13574 13676 13678 13576)
4(13576 13678 13680 13578)
4(13578 13680 13682 13580)
4(13580 13682 13684 13582)
4(13582 13684 13686 13584)
4(13584 13686 13688 13586)
4(13586 13688 13690 13588)
4(13588 13690 13692 13590)
4(13590 13692 13694 13592)
4(13592 13694 13696 13594)
4(13594 13696 13698 13596)
4(13596 13698 13700 13598)
4(13598 13700 13702 13600)
4(13600 13702 13704 13602)
4(13602 13704 13706 13604)
4(13604 13706 13708 13606)
4(13606 13708 13710 13608)
4(13608 13710 13712 13610)
4(13610 13712 13714 13612)
4(13612 13714 13716 13614)
4(13614 13716 13718 13616)
4(13616 13718 13720 13618)
4(13618 13720 13722 13620)
4(13620 13722 13724 13622)
4(13622 13724 13726 13624)
4(13624 13726 13728 13626)
4(13626 13728 13730 13628)
4(13628 13730 13732 13630)
4(13630 13732 13734 13632)
4(13632 13734 13736 13634)
4(13634 13736 13738 13636)
4(13636 13738 13740 13638)
4(13638 13740 13742 13640)
4(13640 13742 13744 13642)
4(13642 13744 13746 13644)
4(13644 13746 13748 13646)
4(13646 13748 13750 13648)
4(13648 13750 13752 13650)
4(13650 13752 13754 13652)
4(13652 13754 13756 13654)
4(13654 13756 13758 13656)
4(13656 13758 13760 13658)
4(13658 13760 13762 13660)
4(13660 13762 13764 13662)
4(13662 13764 13766 13664)
4(13664 13766 13768 13666)
4(13668 13770 13772 13670)
4(13670 13772 13774 13672)
4(13672 13774 13776 13674)
4(13674 13776 13778 13676)
4(13676 13778 13780 13678)
4(13678 13780 13782 13680)
4(13680 13782 13784 13682)
4(13682 13784 13786 13684)
4(13684 13786 13788 13686)
4(13686 13788 13790 13688)
4(13688 13790 13792 13690)
4(13690 13792 13794 13692)
4(13692 13794 13796 13694)
4(13694 13796 13798 13696)
4(13696 13798 13800 13698)
4(13698 13800 13802 13700)
4(13700 13802 13804 13702)
4(13702 13804 13806 13704)
4(13704 13806 13808 13706)
4(13706 13808 13810 13708)
4(13708 13810 13812 13710)
4(13710 13812 13814 13712)
4(13712 13814 13816 13714)
4(13714 13816 13818 13716)
4(13716 13818 13820 13718)
4(13718 13820 13822 13720)
4(13720 13822 13824 13722)
4(13722 13824 13826 13724)
4(13724 13826 13828 13726)
4(13726 13828 13830 13728)
4(13728 13830 13832 13730)
4(13730 13832 13834 13732)
4(13732 13834 13836 13734)
4(13734 13836 13838 13736)
4(13736 13838 13840 13738)
4(13738 13840 13842 13740)
4(13740 13842 13844 13742)
4(13742 13844 13846 13744)
4(13744 13846 13848 13746)
4(13746 13848 13850 13748)
4(13748 13850 13852 13750)
4(13750 13852 13854 13752)
4(13752 13854 13856 13754)
4(13754 13856 13858 13756)
4(13756 13858 13860 13758)
4(13758 13860 13862 13760)
4(13760 13862 13864 13762)
4(13762 13864 13866 13764)
4(13764 13866 13868 13766)
4(13766 13868 13870 13768)
4(13770 13872 13874 13772)
4(13772 13874 13876 13774)
4(13774 13876 13878 13776)
4(13776 13878 13880 13778)
4(13778 13880 13882 13780)
4(13780 13882 13884 13782)
4(13782 13884 13886 13784)
4(13784 13886 13888 13786)
4(13786 13888 13890 13788)
4(13788 13890 13892 13790)
4(13790 13892 13894 13792)
4(13792 13894 13896 13794)
4(13794 13896 13898 13796)
4(13796 13898 13900 13798)
4(13798 13900 13902 13800)
4(13800 13902 13904 13802)
4(13802 13904 13906 13804)
4(13804 13906 13908 13806)
4(13806 13908 13910 13808)
4(13808 13910 13912 13810)
4(13810 13912 13914 13812)
4(13812 13914 13916 13814)
4(13814 13916 13918 13816)
4(13816 13918 13920 13818)
4(13818 13920 13922 13820)
4(13820 13922 13924 13822)
4(13822 13924 13926 13824)
4(13824 13926 13928 13826)
4(13826 13928 13930 13828)
4(13828 13930 13932 13830)
4(13830 13932 13934 13832)
4(13832 13934 13936 13834)
4(13834 13936 13938 13836)
4(13836 13938 13940 13838)
4(13838 13940 13942 13840)
4(13840 13942 13944 13842)
4(13842 13944 13946 13844)
4(13844 13946 13948 13846)
4(13846 13948 13950 13848)
4(13848 13950 13952 13850)
4(13850 13952 13954 13852)
4(13852 13954 13956 13854)
4(13854 13956 13958 13856)
4(13856 13958 13960 13858)
4(13858 13960 13962 13860)
4(13860 13962 13964 13862)
4(13862 13964 13966 13864)
4(13864 13966 13968 13866)
4(13866 13968 13970 13868)
4(13868 13970 13972 13870)
4(13872 13974 13976 13874)
4(13874 13976 13978 13876)
4(13876 13978 13980 13878)
4(13878 13980 13982 13880)
4(13880 13982 13984 13882)
4(13882 13984 13986 13884)
4(13884 13986 13988 13886)
4(13886 13988 13990 13888)
4(13888 13990 13992 13890)
4(13890 13992 13994 13892)
4(13892 13994 13996 13894)
4(13894 13996 13998 13896)
4(13896 13998 14000 13898)
4(13898 14000 14002 13900)
4(13900 14002 14004 13902)
4(13902 14004 14006 13904)
4(13904 14006 14008 13906)
4(13906 14008 14010 13908)
4(13908 14010 14012 13910)
4(13910 14012 14014 13912)
4(13912 14014 14016 13914)
4(13914 14016 14018 13916)
4(13916 14018 14020 13918)
4(13918 14020 14022 13920)
4(13920 14022 14024 13922)
4(13922 14024 14026 13924)
4(13924 14026 14028 13926)
4(13926 14028 14030 13928)
4(13928 14030 14032 13930)
4(13930 14032 14034 13932)
4(13932 14034 14036 13934)
4(13934 14036 14038 13936)
4(13936 14038 14040 13938)
4(13938 14040 14042 13940)
4(13940 14042 14044 13942)
4(13942 14044 14046 13944)
4(13944 14046 14048 13946)
4(13946 14048 14050 13948)
4(13948 14050 14052 13950)
4(13950 14052 14054 13952)
4(13952 14054 14056 13954)
4(13954 14056 14058 13956)
4(13956 14058 14060 13958)
4(13958 14060 14062 13960)
4(13960 14062 14064 13962)
4(13962 14064 14066 13964)
4(13964 14066 14068 13966)
4(13966 14068 14070 13968)
4(13968 14070 14072 13970)
4(13970 14072 14074 13972)
4(13974 14076 14078 13976)
4(13976 14078 14080 13978)
4(13978 14080 14082 13980)
4(13980 14082 14084 13982)
4(13982 14084 14086 13984)
4(13984 14086 14088 13986)
4(13986 14088 14090 13988)
4(13988 14090 14092 13990)
4(13990 14092 14094 13992)
4(13992 14094 14096 13994)
4(13994 14096 14098 13996)
4(13996 14098 14100 13998)
4(13998 14100 14102 14000)
4(14000 14102 14104 14002)
4(14002 14104 14106 14004)
4(14004 14106 14108 14006)
4(14006 14108 14110 14008)
4(14008 14110 14112 14010)
4(14010 14112 14114 14012)
4(14012 14114 14116 14014)
4(14014 14116 14118 14016)
4(14016 14118 14120 14018)
4(14018 14120 14122 14020)
4(14020 14122 14124 14022)
4(14022 14124 14126 14024)
4(14024 14126 14128 14026)
4(14026 14128 14130 14028)
4(14028 14130 14132 14030)
4(14030 14132 14134 14032)
4(14032 14134 14136 14034)
4(14034 14136 14138 14036)
4(14036 14138 14140 14038)
4(14038 14140 14142 14040)
4(14040 14142 14144 14042)
4(14042 14144 14146 14044)
4(14044 14146 14148 14046)
4(14046 14148 14150 14048)
4(14048 14150 14152 14050)
4(14050 14152 14154 14052)
4(14052 14154 14156 14054)
4(14054 14156 14158 14056)
4(14056 14158 14160 14058)
4(14058 14160 14162 14060)
4(14060 14162 14164 14062)
4(14062 14164 14166 14064)
4(14064 14166 14168 14066)
4(14066 14168 14170 14068)
4(14068 14170 14172 14070)
4(14070 14172 14174 14072)
4(14072 14174 14176 14074)
4(14076 14178 14180 14078)
4(14078 14180 14182 14080)
4(14080 14182 14184 14082)
4(14082 14184 14186 14084)
4(14084 14186 14188 14086)
4(14086 14188 14190 14088)
4(14088 14190 14192 14090)
4(14090 14192 14194 14092)
4(14092 14194 14196 14094)
4(14094 14196 14198 14096)
4(14096 14198 14200 14098)
4(14098 14200 14202 14100)
4(14100 14202 14204 14102)
4(14102 14204 14206 14104)
4(14104 14206 14208 14106)
4(14106 14208 14210 14108)
4(14108 14210 14212 14110)
4(14110 14212 14214 14112)
4(14112 14214 14216 14114)
4(14114 14216 14218 14116)
4(14116 14218 14220 14118)
4(14118 14220 14222 14120)
4(14120 14222 14224 14122)
4(14122 14224 14226 14124)
4(14124 14226 14228 14126)
4(14126 14228 14230 14128)
4(14128 14230 14232 14130)
4(14130 14232 14234 14132)
4(14132 14234 14236 14134)
4(14134 14236 14238 14136)
4(14136 14238 14240 14138)
4(14138 14240 14242 14140)
4(14140 14242 14244 14142)
4(14142 14244 14246 14144)
4(14144 14246 14248 14146)
4(14146 14248 14250 14148)
4(14148 14250 14252 14150)
4(14150 14252 14254 14152)
4(14152 14254 14256 14154)
4(14154 14256 14258 14156)
4(14156 14258 14260 14158)
4(14158 14260 14262 14160)
4(14160 14262 14264 14162)
4(14162 14264 14266 14164)
4(14164 14266 14268 14166)
4(14166 14268 14270 14168)
4(14168 14270 14272 14170)
4(14170 14272 14274 14172)
4(14172 14274 14276 14174)
4(14174 14276 14278 14176)
4(14178 14280 14282 14180)
4(14180 14282 14284 14182)
4(14182 14284 14286 14184)
4(14184 14286 14288 14186)
4(14186 14288 14290 14188)
4(14188 14290 14292 14190)
4(14190 14292 14294 14192)
4(14192 14294 14296 14194)
4(14194 14296 14298 14196)
4(14196 14298 14300 14198)
4(14198 14300 14302 14200)
4(14200 14302 14304 14202)
4(14202 14304 14306 14204)
4(14204 14306 14308 14206)
4(14206 14308 14310 14208)
4(14208 14310 14312 14210)
4(14210 14312 14314 14212)
4(14212 14314 14316 14214)
4(14214 14316 14318 14216)
4(14216 14318 14320 14218)
4(14218 14320 14322 14220)
4(14220 14322 14324 14222)
4(14222 14324 14326 14224)
4(14224 14326 14328 14226)
4(14226 14328 14330 14228)
4(14228 14330 14332 14230)
4(14230 14332 14334 14232)
4(14232 14334 14336 14234)
4(14234 14336 14338 14236)
4(14236 14338 14340 14238)
4(14238 14340 14342 14240)
4(14240 14342 14344 14242)
4(14242 14344 14346 14244)
4(14244 14346 14348 14246)
4(14246 14348 14350 14248)
4(14248 14350 14352 14250)
4(14250 14352 14354 14252)
4(14252 14354 14356 14254)
4(14254 14356 14358 14256)
4(14256 14358 14360 14258)
4(14258 14360 14362 14260)
4(14260 14362 14364 14262)
4(14262 14364 14366 14264)
4(14264 14366 14368 14266)
4(14266 14368 14370 14268)
4(14268 14370 14372 14270)
4(14270 14372 14374 14272)
4(14272 14374 14376 14274)
4(14274 14376 14378 14276)
4(14276 14378 14380 14278)
4(14280 14382 14384 14282)
4(14282 14384 14386 14284)
4(14284 14386 14388 14286)
4(14286 14388 14390 14288)
4(14288 14390 14392 14290)
4(14290 14392 14394 14292)
4(14292 14394 14396 14294)
4(14294 14396 14398 14296)
4(14296 14398 14400 14298)
4(14298 14400 14402 14300)
4(14300 14402 14404 14302)
4(14302 14404 14406 14304)
4(14304 14406 14408 14306)
4(14306 14408 14410 14308)
4(14308 14410 14412 14310)
4(14310 14412 14414 14312)
4(14312 14414 14416 14314)
4(14314 14416 14418 14316)
4(14316 14418 14420 14318)
4(14318 14420 14422 14320)
4(14320 14422 14424 14322)
4(14322 14424 14426 14324)
4(14324 14426 14428 14326)
4(14326 14428 14430 14328)
4(14328 14430 14432 14330)
4(14330 14432 14434 14332)
4(14332 14434 14436 14334)
4(14334 14436 14438 14336)
4(14336 14438 14440 14338)
4(14338 14440 14442 14340)
4(14340 14442 14444 14342)
4(14342 14444 14446 14344)
4(14344 14446 14448 14346)
4(14346 14448 14450 14348)
4(14348 14450 14452 14350)
4(14350 14452 14454 14352)
4(14352 14454 14456 14354)
4(14354 14456 14458 14356)
4(14356 14458 14460 14358)
4(14358 14460 14462 14360)
4(14360 14462 14464 14362)
4(14362 14464 14466 14364)
4(14364 14466 14468 14366)
4(14366 14468 14470 14368)
4(14368 14470 14472 14370)
4(14370 14472 14474 14372)
4(14372 14474 14476 14374)
4(14374 14476 14478 14376)
4(14376 14478 14480 14378)
4(14378 14480 14482 14380)
4(14382 14484 14486 14384)
4(14384 14486 14488 14386)
4(14386 14488 14490 14388)
4(14388 14490 14492 14390)
4(14390 14492 14494 14392)
4(14392 14494 14496 14394)
4(14394 14496 14498 14396)
4(14396 14498 14500 14398)
4(14398 14500 14502 14400)
4(14400 14502 14504 14402)
4(14402 14504 14506 14404)
4(14404 14506 14508 14406)
4(14406 14508 14510 14408)
4(14408 14510 14512 14410)
4(14410 14512 14514 14412)
4(14412 14514 14516 14414)
4(14414 14516 14518 14416)
4(14416 14518 14520 14418)
4(14418 14520 14522 14420)
4(14420 14522 14524 14422)
4(14422 14524 14526 14424)
4(14424 14526 14528 14426)
4(14426 14528 14530 14428)
4(14428 14530 14532 14430)
4(14430 14532 14534 14432)
4(14432 14534 14536 14434)
4(14434 14536 14538 14436)
4(14436 14538 14540 14438)
4(14438 14540 14542 14440)
4(14440 14542 14544 14442)
4(14442 14544 14546 14444)
4(14444 14546 14548 14446)
4(14446 14548 14550 14448)
4(14448 14550 14552 14450)
4(14450 14552 14554 14452)
4(14452 14554 14556 14454)
4(14454 14556 14558 14456)
4(14456 14558 14560 14458)
4(14458 14560 14562 14460)
4(14460 14562 14564 14462)
4(14462 14564 14566 14464)
4(14464 14566 14568 14466)
4(14466 14568 14570 14468)
4(14468 14570 14572 14470)
4(14470 14572 14574 14472)
4(14472 14574 14576 14474)
4(14474 14576 14578 14476)
4(14476 14578 14580 14478)
4(14478 14580 14582 14480)
4(14480 14582 14584 14482)
4(14484 14586 14588 14486)
4(14486 14588 14590 14488)
4(14488 14590 14592 14490)
4(14490 14592 14594 14492)
4(14492 14594 14596 14494)
4(14494 14596 14598 14496)
4(14496 14598 14600 14498)
4(14498 14600 14602 14500)
4(14500 14602 14604 14502)
4(14502 14604 14606 14504)
4(14504 14606 14608 14506)
4(14506 14608 14610 14508)
4(14508 14610 14612 14510)
4(14510 14612 14614 14512)
4(14512 14614 14616 14514)
4(14514 14616 14618 14516)
4(14516 14618 14620 14518)
4(14518 14620 14622 14520)
4(14520 14622 14624 14522)
4(14522 14624 14626 14524)
4(14524 14626 14628 14526)
4(14526 14628 14630 14528)
4(14528 14630 14632 14530)
4(14530 14632 14634 14532)
4(14532 14634 14636 14534)
4(14534 14636 14638 14536)
4(14536 14638 14640 14538)
4(14538 14640 14642 14540)
4(14540 14642 14644 14542)
4(14542 14644 14646 14544)
4(14544 14646 14648 14546)
4(14546 14648 14650 14548)
4(14548 14650 14652 14550)
4(14550 14652 14654 14552)
4(14552 14654 14656 14554)
4(14554 14656 14658 14556)
4(14556 14658 14660 14558)
4(14558 14660 14662 14560)
4(14560 14662 14664 14562)
4(14562 14664 14666 14564)
4(14564 14666 14668 14566)
4(14566 14668 14670 14568)
4(14568 14670 14672 14570)
4(14570 14672 14674 14572)
4(14572 14674 14676 14574)
4(14574 14676 14678 14576)
4(14576 14678 14680 14578)
4(14578 14680 14682 14580)
4(14580 14682 14684 14582)
4(14582 14684 14686 14584)
4(14586 14688 14690 14588)
4(14588 14690 14692 14590)
4(14590 14692 14694 14592)
4(14592 14694 14696 14594)
4(14594 14696 14698 14596)
4(14596 14698 14700 14598)
4(14598 14700 14702 14600)
4(14600 14702 14704 14602)
4(14602 14704 14706 14604)
4(14604 14706 14708 14606)
4(14606 14708 14710 14608)
4(14608 14710 14712 14610)
4(14610 14712 14714 14612)
4(14612 14714 14716 14614)
4(14614 14716 14718 14616)
4(14616 14718 14720 14618)
4(14618 14720 14722 14620)
4(14620 14722 14724 14622)
4(14622 14724 14726 14624)
4(14624 14726 14728 14626)
4(14626 14728 14730 14628)
4(14628 14730 14732 14630)
4(14630 14732 14734 14632)
4(14632 14734 14736 14634)
4(14634 14736 14738 14636)
4(14636 14738 14740 14638)
4(14638 14740 14742 14640)
4(14640 14742 14744 14642)
4(14642 14744 14746 14644)
4(14644 14746 14748 14646)
4(14646 14748 14750 14648)
4(14648 14750 14752 14650)
4(14650 14752 14754 14652)
4(14652 14754 14756 14654)
4(14654 14756 14758 14656)
4(14656 14758 14760 14658)
4(14658 14760 14762 14660)
4(14660 14762 14764 14662)
4(14662 14764 14766 14664)
4(14664 14766 14768 14666)
4(14666 14768 14770 14668)
4(14668 14770 14772 14670)
4(14670 14772 14774 14672)
4(14672 14774 14776 14674)
4(14674 14776 14778 14676)
4(14676 14778 14780 14678)
4(14678 14780 14782 14680)
4(14680 14782 14784 14682)
4(14682 14784 14786 14684)
4(14684 14786 14788 14686)
4(14688 14790 14792 14690)
4(14690 14792 14794 14692)
4(14692 14794 14796 14694)
4(14694 14796 14798 14696)
4(14696 14798 14800 14698)
4(14698 14800 14802 14700)
4(14700 14802 14804 14702)
4(14702 14804 14806 14704)
4(14704 14806 14808 14706)
4(14706 14808 14810 14708)
4(14708 14810 14812 14710)
4(14710 14812 14814 14712)
4(14712 14814 14816 14714)
4(14714 14816 14818 14716)
4(14716 14818 14820 14718)
4(14718 14820 14822 14720)
4(14720 14822 14824 14722)
4(14722 14824 14826 14724)
4(14724 14826 14828 14726)
4(14726 14828 14830 14728)
4(14728 14830 14832 14730)
4(14730 14832 14834 14732)
4(14732 14834 14836 14734)
4(14734 14836 14838 14736)
4(14736 14838 14840 14738)
4(14738 14840 14842 14740)
4(14740 14842 14844 14742)
4(14742 14844 14846 14744)
4(14744 14846 14848 14746)
4(14746 14848 14850 14748)
4(14748 14850 14852 14750)
4(14750 14852 14854 14752)
4(14752 14854 14856 14754)
4(14754 14856 14858 14756)
4(14756 14858 14860 14758)
4(14758 14860 14862 14760)
4(14760 14862 14864 14762)
4(14762 14864 14866 14764)
4(14764 14866 14868 14766)
4(14766 14868 14870 14768)
4(14768 14870 14872 14770)
4(14770 14872 14874 14772)
4(14772 14874 14876 14774)
4(14774 14876 14878 14776)
4(14776 14878 14880 14778)
4(14778 14880 14882 14780)
4(14780 14882 14884 14782)
4(14782 14884 14886 14784)
4(14784 14886 14888 14786)
4(14786 14888 14890 14788)
4(14790 14892 14894 14792)
4(14792 14894 14896 14794)
4(14794 14896 14898 14796)
4(14796 14898 14900 14798)
4(14798 14900 14902 14800)
4(14800 14902 14904 14802)
4(14802 14904 14906 14804)
4(14804 14906 14908 14806)
4(14806 14908 14910 14808)
4(14808 14910 14912 14810)
4(14810 14912 14914 14812)
4(14812 14914 14916 14814)
4(14814 14916 14918 14816)
4(14816 14918 14920 14818)
4(14818 14920 14922 14820)
4(14820 14922 14924 14822)
4(14822 14924 14926 14824)
4(14824 14926 14928 14826)
4(14826 14928 14930 14828)
4(14828 14930 14932 14830)
4(14830 14932 14934 14832)
4(14832 14934 14936 14834)
4(14834 14936 14938 14836)
4(14836 14938 14940 14838)
4(14838 14940 14942 14840)
4(14840 14942 14944 14842)
4(14842 14944 14946 14844)
4(14844 14946 14948 14846)
4(14846 14948 14950 14848)
4(14848 14950 14952 14850)
4(14850 14952 14954 14852)
4(14852 14954 14956 14854)
4(14854 14956 14958 14856)
4(14856 14958 14960 14858)
4(14858 14960 14962 14860)
4(14860 14962 14964 14862)
4(14862 14964 14966 14864)
4(14864 14966 14968 14866)
4(14866 14968 14970 14868)
4(14868 14970 14972 14870)
4(14870 14972 14974 14872)
4(14872 14974 14976 14874)
4(14874 14976 14978 14876)
4(14876 14978 14980 14878)
4(14878 14980 14982 14880)
4(14880 14982 14984 14882)
4(14882 14984 14986 14884)
4(14884 14986 14988 14886)
4(14886 14988 14990 14888)
4(14888 14990 14992 14890)
4(14892 14994 14996 14894)
4(14894 14996 14998 14896)
4(14896 14998 15000 14898)
4(14898 15000 15002 14900)
4(14900 15002 15004 14902)
4(14902 15004 15006 14904)
4(14904 15006 15008 14906)
4(14906 15008 15010 14908)
4(14908 15010 15012 14910)
4(14910 15012 15014 14912)
4(14912 15014 15016 14914)
4(14914 15016 15018 14916)
4(14916 15018 15020 14918)
4(14918 15020 15022 14920)
4(14920 15022 15024 14922)
4(14922 15024 15026 14924)
4(14924 15026 15028 14926)
4(14926 15028 15030 14928)
4(14928 15030 15032 14930)
4(14930 15032 15034 14932)
4(14932 15034 15036 14934)
4(14934 15036 15038 14936)
4(14936 15038 15040 14938)
4(14938 15040 15042 14940)
4(14940 15042 15044 14942)
4(14942 15044 15046 14944)
4(14944 15046 15048 14946)
4(14946 15048 15050 14948)
4(14948 15050 15052 14950)
4(14950 15052 15054 14952)
4(14952 15054 15056 14954)
4(14954 15056 15058 14956)
4(14956 15058 15060 14958)
4(14958 15060 15062 14960)
4(14960 15062 15064 14962)
4(14962 15064 15066 14964)
4(14964 15066 15068 14966)
4(14966 15068 15070 14968)
4(14968 15070 15072 14970)
4(14970 15072 15074 14972)
4(14972 15074 15076 14974)
4(14974 15076 15078 14976)
4(14976 15078 15080 14978)
4(14978 15080 15082 14980)
4(14980 15082 15084 14982)
4(14982 15084 15086 14984)
4(14984 15086 15088 14986)
4(14986 15088 15090 14988)
4(14988 15090 15092 14990)
4(14990 15092 15094 14992)
4(14994 15096 15098 14996)
4(14996 15098 15100 14998)
4(14998 15100 15102 15000)
4(15000 15102 15104 15002)
4(15002 15104 15106 15004)
4(15004 15106 15108 15006)
4(15006 15108 15110 15008)
4(15008 15110 15112 15010)
4(15010 15112 15114 15012)
4(15012 15114 15116 15014)
4(15014 15116 15118 15016)
4(15016 15118 15120 15018)
4(15018 15120 15122 15020)
4(15020 15122 15124 15022)
4(15022 15124 15126 15024)
4(15024 15126 15128 15026)
4(15026 15128 15130 15028)
4(15028 15130 15132 15030)
4(15030 15132 15134 15032)
4(15032 15134 15136 15034)
4(15034 15136 15138 15036)
4(15036 15138 15140 15038)
4(15038 15140 15142 15040)
4(15040 15142 15144 15042)
4(15042 15144 15146 15044)
4(15044 15146 15148 15046)
4(15046 15148 15150 15048)
4(15048 15150 15152 15050)
4(15050 15152 15154 15052)
4(15052 15154 15156 15054)
4(15054 15156 15158 15056)
4(15056 15158 15160 15058)
4(15058 15160 15162 15060)
4(15060 15162 15164 15062)
4(15062 15164 15166 15064)
4(15064 15166 15168 15066)
4(15066 15168 15170 15068)
4(15068 15170 15172 15070)
4(15070 15172 15174 15072)
4(15072 15174 15176 15074)
4(15074 15176 15178 15076)
4(15076 15178 15180 15078)
4(15078 15180 15182 15080)
4(15080 15182 15184 15082)
4(15082 15184 15186 15084)
4(15084 15186 15188 15086)
4(15086 15188 15190 15088)
4(15088 15190 15192 15090)
4(15090 15192 15194 15092)
4(15092 15194 15196 15094)
4(15096 15198 15200 15098)
4(15098 15200 15202 15100)
4(15100 15202 15204 15102)
4(15102 15204 15206 15104)
4(15104 15206 15208 15106)
4(15106 15208 15210 15108)
4(15108 15210 15212 15110)
4(15110 15212 15214 15112)
4(15112 15214 15216 15114)
4(15114 15216 15218 15116)
4(15116 15218 15220 15118)
4(15118 15220 15222 15120)
4(15120 15222 15224 15122)
4(15122 15224 15226 15124)
4(15124 15226 15228 15126)
4(15126 15228 15230 15128)
4(15128 15230 15232 15130)
4(15130 15232 15234 15132)
4(15132 15234 15236 15134)
4(15134 15236 15238 15136)
4(15136 15238 15240 15138)
4(15138 15240 15242 15140)
4(15140 15242 15244 15142)
4(15142 15244 15246 15144)
4(15144 15246 15248 15146)
4(15146 15248 15250 15148)
4(15148 15250 15252 15150)
4(15150 15252 15254 15152)
4(15152 15254 15256 15154)
4(15154 15256 15258 15156)
4(15156 15258 15260 15158)
4(15158 15260 15262 15160)
4(15160 15262 15264 15162)
4(15162 15264 15266 15164)
4(15164 15266 15268 15166)
4(15166 15268 15270 15168)
4(15168 15270 15272 15170)
4(15170 15272 15274 15172)
4(15172 15274 15276 15174)
4(15174 15276 15278 15176)
4(15176 15278 15280 15178)
4(15178 15280 15282 15180)
4(15180 15282 15284 15182)
4(15182 15284 15286 15184)
4(15184 15286 15288 15186)
4(15186 15288 15290 15188)
4(15188 15290 15292 15190)
4(15190 15292 15294 15192)
4(15192 15294 15296 15194)
4(15194 15296 15298 15196)
4(15198 15300 15302 15200)
4(15200 15302 15304 15202)
4(15202 15304 15306 15204)
4(15204 15306 15308 15206)
4(15206 15308 15310 15208)
4(15208 15310 15312 15210)
4(15210 15312 15314 15212)
4(15212 15314 15316 15214)
4(15214 15316 15318 15216)
4(15216 15318 15320 15218)
4(15218 15320 15322 15220)
4(15220 15322 15324 15222)
4(15222 15324 15326 15224)
4(15224 15326 15328 15226)
4(15226 15328 15330 15228)
4(15228 15330 15332 15230)
4(15230 15332 15334 15232)
4(15232 15334 15336 15234)
4(15234 15336 15338 15236)
4(15236 15338 15340 15238)
4(15238 15340 15342 15240)
4(15240 15342 15344 15242)
4(15242 15344 15346 15244)
4(15244 15346 15348 15246)
4(15246 15348 15350 15248)
4(15248 15350 15352 15250)
4(15250 15352 15354 15252)
4(15252 15354 15356 15254)
4(15254 15356 15358 15256)
4(15256 15358 15360 15258)
4(15258 15360 15362 15260)
4(15260 15362 15364 15262)
4(15262 15364 15366 15264)
4(15264 15366 15368 15266)
4(15266 15368 15370 15268)
4(15268 15370 15372 15270)
4(15270 15372 15374 15272)
4(15272 15374 15376 15274)
4(15274 15376 15378 15276)
4(15276 15378 15380 15278)
4(15278 15380 15382 15280)
4(15280 15382 15384 15282)
4(15282 15384 15386 15284)
4(15284 15386 15388 15286)
4(15286 15388 15390 15288)
4(15288 15390 15392 15290)
4(15290 15392 15394 15292)
4(15292 15394 15396 15294)
4(15294 15396 15398 15296)
4(15296 15398 15400 15298)
4(15300 15301 15303 15302)
4(15302 15303 15305 15304)
4(15304 15305 15307 15306)
4(15306 15307 15309 15308)
4(15308 15309 15311 15310)
4(15310 15311 15313 15312)
4(15312 15313 15315 15314)
4(15314 15315 15317 15316)
4(15316 15317 15319 15318)
4(15318 15319 15321 15320)
4(15320 15321 15323 15322)
4(15322 15323 15325 15324)
4(15324 15325 15327 15326)
4(15326 15327 15329 15328)
4(15328 15329 15331 15330)
4(15330 15331 15333 15332)
4(15332 15333 15335 15334)
4(15334 15335 15337 15336)
4(15336 15337 15339 15338)
4(15338 15339 15341 15340)
4(15340 15341 15343 15342)
4(15342 15343 15345 15344)
4(15344 15345 15347 15346)
4(15346 15347 15349 15348)
4(15348 15349 15351 15350)
4(15350 15351 15353 15352)
4(15352 15353 15355 15354)
4(15354 15355 15357 15356)
4(15356 15357 15359 15358)
4(15358 15359 15361 15360)
4(15360 15361 15363 15362)
4(15362 15363 15365 15364)
4(15364 15365 15367 15366)
4(15366 15367 15369 15368)
4(15368 15369 15371 15370)
4(15370 15371 15373 15372)
4(15372 15373 15375 15374)
4(15374 15375 15377 15376)
4(15376 15377 15379 15378)
4(15378 15379 15381 15380)
4(15380 15381 15383 15382)
4(15382 15383 15385 15384)
4(15384 15385 15387 15386)
4(15386 15387 15389 15388)
4(15388 15389 15391 15390)
4(15390 15391 15393 15392)
4(15392 15393 15395 15394)
4(15394 15395 15397 15396)
4(15396 15397 15399 15398)
4(15398 15399 15401 15400)
4(0 2 3 1)
4(2 4 5 3)
4(4 6 7 5)
4(6 8 9 7)
4(8 10 11 9)
4(10 12 13 11)
4(12 14 15 13)
4(14 16 17 15)
4(16 18 19 17)
4(18 20 21 19)
4(20 22 23 21)
4(22 24 25 23)
4(24 26 27 25)
4(26 28 29 27)
4(28 30 31 29)
4(30 32 33 31)
4(32 34 35 33)
4(34 36 37 35)
4(36 38 39 37)
4(38 40 41 39)
4(40 42 43 41)
4(42 44 45 43)
4(44 46 47 45)
4(46 48 49 47)
4(48 50 51 49)
4(50 52 53 51)
4(52 54 55 53)
4(54 56 57 55)
4(56 58 59 57)
4(58 60 61 59)
4(60 62 63 61)
4(62 64 65 63)
4(64 66 67 65)
4(66 68 69 67)
4(68 70 71 69)
4(70 72 73 71)
4(72 74 75 73)
4(74 76 77 75)
4(76 78 79 77)
4(78 80 81 79)
4(80 82 83 81)
4(82 84 85 83)
4(84 86 87 85)
4(86 88 89 87)
4(88 90 91 89)
4(90 92 93 91)
4(92 94 95 93)
4(94 96 97 95)
4(96 98 99 97)
4(98 100 101 99)
)


// ************************************************************************* //
